date,camea-BC_VK-HR,camea-BC_VK-UP,camea-VR-VY,camea-VR-ST,camea-BC_HY-WI,camea-BC_HY-NP,camea-RN-KA,camea-RN-JO,camea-BC_NM-CE,camea-BC_NM-KV,camea-BC_EU-OT,camea-KJ-HO,camea-KJ-HR,camea-BC_DS-KJ,camea-BC_DS-VL,camea-BC_CL-PV,camea-BC_CL-LI,camea-BC_VF-AR,camea-BC_VF-UE,camea-BC_SN-ND,camea-BC_SN-KM,camea-PN-VY,camea-PN-BR,ecoCounter-103047647,ecoCounter-104047647,camea-BC_KA-KM,camea-BC_KA-ML,camea-PM-JA,camea-PM-MH,camea-TL-HO,camea-TL-TR,camea-BC_AL-ST,camea-BC_AL-PL,camea-BC_JG-PN,camea-BC_JG-PC,camea-SU-KA,camea-SU-KR,camea-BC_PT-ZO,camea-BC_PT-VO,camea-BC_CB-CH,camea-LO_CB-TU,camea-BC_KO-LE,camea-BC_KO-PR,camea-BC_BS-BM,camea-BC_BS-ZL,camea-BC_AT-ST,camea-BC_AT-LA,camea-BC_HZ-CE,camea-BC_HZ-HL,camea-BC_PP-RO,camea-LO_PP-JP,camea-BC_MB-PR,camea-BC_MB-VI,camea-BC_ZA-KL,camea-BC_ZA-BO,camea-BC_VK-MO,camea-BC_VK-KO,camea-ST-BA,camea-ST-RA,camea-BC_KR-RA,camea-BC_KR-ZB,All
2020-01-01,65.0,0.0,9.0,19.0,225.0,0.0,77.0,83.0,101.0,0.0,0.0,0.0,0.0,2.0,94.0,186.0,157.0,69.0,97.0,252.0,219.0,0.0,0.0,0.0,0.0,45.0,77.0,12.0,37.0,46.0,64.0,0.0,36.0,7.0,35.0,92.0,95.0,93.0,150.0,45.0,51.0,45.0,41.0,131.0,184.0,6.0,0.0,86.0,78.0,15.0,14.0,80.0,72.0,199.0,159.0,193.0,239.0,115.0,176.0,56.0,63.0,4492.0
2020-01-02,71.0,0.0,104.0,114.0,193.0,0.0,70.0,92.0,199.0,0.0,0.0,0.0,0.0,4.0,229.0,116.0,82.0,32.0,33.0,266.0,287.0,0.0,0.0,0.0,0.0,74.0,78.0,22.0,42.0,32.0,67.0,8.0,88.0,19.0,26.0,59.0,58.0,0.0,0.0,45.0,30.0,11.0,11.0,0.0,0.0,94.0,0.0,53.0,40.0,18.0,5.0,35.0,26.0,51.0,27.0,39.0,63.0,32.0,54.0,21.0,22.0,3142.0
2020-01-03,84.0,27.0,108.0,119.0,219.0,0.0,111.0,130.0,177.0,7.0,0.0,132.0,235.0,1.0,229.0,106.0,79.0,49.0,64.0,273.0,283.0,0.0,0.0,0.0,0.0,63.0,70.0,24.0,28.0,40.0,64.0,8.0,97.0,21.0,44.0,54.0,58.0,21.0,47.0,37.0,32.0,23.0,20.0,50.0,83.0,69.0,0.0,62.0,49.0,16.0,4.0,49.0,29.0,53.0,24.0,47.0,74.0,36.0,56.0,34.0,33.0,3952.0
2020-01-04,69.0,0.0,60.0,82.0,207.0,0.0,58.0,70.0,68.0,4.0,0.0,150.0,208.0,3.0,148.0,110.0,110.0,40.0,43.0,225.0,274.0,0.0,0.0,0.0,0.0,40.0,49.0,9.0,13.0,19.0,36.0,1.0,50.0,5.0,20.0,40.0,36.0,30.0,52.0,37.0,33.0,14.0,11.0,48.0,101.0,6.0,0.0,35.0,44.0,17.0,11.0,44.0,35.0,82.0,64.0,89.0,78.0,67.0,119.0,32.0,40.0,3336.0
2020-01-05,93.0,0.0,69.0,76.0,183.0,0.0,80.0,86.0,79.0,2.0,0.0,132.0,203.0,0.0,140.0,181.0,137.0,77.0,90.0,214.0,248.0,0.0,0.0,0.0,0.0,60.0,59.0,14.0,21.0,45.0,31.0,0.0,59.0,14.0,58.0,110.0,91.0,85.0,114.0,58.0,39.0,35.0,41.0,123.0,152.0,18.0,0.0,81.0,72.0,29.0,16.0,76.0,57.0,205.0,139.0,195.0,191.0,138.0,173.0,70.0,59.0,4818.0
2020-01-06,103.0,1.0,141.0,155.0,200.0,0.0,123.0,147.0,387.0,8.0,0.0,217.0,336.0,5.0,291.0,123.0,130.0,54.0,77.0,256.0,316.0,0.0,0.0,0.0,0.0,83.0,109.0,44.0,36.0,54.0,78.0,15.0,95.0,12.0,59.0,81.0,71.0,21.0,44.0,60.0,49.0,26.0,29.0,91.0,98.0,128.0,0.0,63.0,52.0,28.0,10.0,59.0,42.0,48.0,32.0,38.0,75.0,34.0,41.0,14.0,12.0,4901.0
2020-01-07,89.0,0.0,142.0,147.0,191.0,0.0,148.0,163.0,387.0,5.0,0.0,228.0,373.0,4.0,280.0,204.0,140.0,69.0,78.0,295.0,303.0,0.0,0.0,0.0,0.0,84.0,109.0,33.0,41.0,61.0,95.0,16.0,104.0,15.0,63.0,74.0,70.0,26.0,66.0,52.0,33.0,27.0,27.0,91.0,115.0,124.0,0.0,56.0,73.0,25.0,7.0,58.0,43.0,70.0,30.0,32.0,66.0,51.0,65.0,0.0,0.0,5148.0
2020-01-08,94.0,0.0,141.0,153.0,190.0,0.0,122.0,129.0,485.0,2.0,0.0,252.0,378.0,1.0,280.0,150.0,114.0,49.0,51.0,268.0,309.0,0.0,0.0,0.0,0.0,79.0,107.0,52.0,55.0,68.0,110.0,17.0,130.0,16.0,57.0,60.0,61.0,24.0,35.0,53.0,37.0,29.0,24.0,72.0,96.0,143.0,0.0,57.0,53.0,18.0,6.0,48.0,33.0,42.0,24.0,33.0,41.0,25.0,30.0,0.0,0.0,4903.0
2020-01-09,87.0,9.0,155.0,158.0,209.0,0.0,96.0,107.0,542.0,2.0,0.0,243.0,412.0,0.0,264.0,97.0,80.0,28.0,55.0,291.0,329.0,0.0,0.0,0.0,0.0,46.0,74.0,30.0,108.0,42.0,74.0,9.0,117.0,10.0,29.0,36.0,32.0,9.0,34.0,29.0,28.0,12.0,15.0,49.0,67.0,136.0,0.0,31.0,29.0,17.0,4.0,37.0,21.0,42.0,27.0,24.0,28.0,27.0,42.0,0.0,0.0,4479.0
2020-01-10,90.0,0.0,132.0,154.0,209.0,0.0,184.0,209.0,300.0,3.0,0.0,267.0,553.0,3.0,329.0,237.0,179.0,39.0,82.0,294.0,346.0,6.0,110.0,0.0,0.0,85.0,128.0,14.0,27.0,69.0,104.0,10.0,117.0,22.0,60.0,104.0,96.0,54.0,130.0,70.0,44.0,36.0,36.0,162.0,203.0,131.0,0.0,106.0,111.0,30.0,19.0,66.0,48.0,136.0,91.0,108.0,185.0,116.0,135.0,0.0,0.0,6579.0
2020-01-11,78.0,0.0,69.0,95.0,216.0,0.0,83.0,85.0,68.0,1.0,0.0,151.0,311.0,3.0,180.0,167.0,156.0,90.0,91.0,245.0,284.0,14.0,158.0,0.0,0.0,65.0,61.0,13.0,20.0,54.0,50.0,9.0,51.0,28.0,32.0,88.0,84.0,73.0,110.0,64.0,42.0,25.0,25.0,94.0,132.0,9.0,0.0,76.0,63.0,22.0,22.0,53.0,59.0,185.0,109.0,131.0,162.0,91.0,140.0,0.0,0.0,4787.0
2020-01-12,106.0,0.0,69.0,80.0,180.0,0.0,70.0,87.0,74.0,2.0,0.0,116.0,212.0,6.0,145.0,218.0,205.0,80.0,87.0,203.0,241.0,7.0,196.0,0.0,0.0,62.0,83.0,17.0,35.0,58.0,49.0,0.0,60.0,12.0,52.0,124.0,124.0,100.0,134.0,70.0,48.0,34.0,27.0,153.0,199.0,23.0,0.0,111.0,106.0,24.0,29.0,90.0,59.0,248.0,171.0,205.0,244.0,165.0,195.0,0.0,0.0,5495.0
2020-01-13,79.0,0.0,156.0,152.0,170.0,0.0,157.0,194.0,605.0,5.0,0.0,210.0,556.0,1.0,295.0,161.0,139.0,79.0,108.0,293.0,303.0,28.0,360.0,0.0,0.0,86.0,111.0,59.0,44.0,52.0,82.0,10.0,83.0,21.0,52.0,69.0,79.0,34.0,48.0,63.0,40.0,24.0,25.0,113.0,121.0,136.0,0.0,98.0,74.0,28.0,8.0,66.0,39.0,55.0,43.0,61.0,100.0,59.0,66.0,0.0,0.0,6100.0
2020-01-14,111.0,1.0,134.0,153.0,195.0,0.0,167.0,202.0,698.0,9.0,0.0,255.0,507.0,5.0,299.0,197.0,158.0,74.0,95.0,300.0,318.0,33.0,372.0,0.0,0.0,135.0,121.0,54.0,57.0,60.0,75.0,14.0,113.0,8.0,70.0,100.0,103.0,64.0,87.0,53.0,39.0,21.0,33.0,127.0,161.0,140.0,0.0,93.0,104.0,24.0,9.0,69.0,46.0,114.0,73.0,87.0,140.0,72.0,91.0,0.0,0.0,6840.0
2020-01-15,107.0,0.0,135.0,159.0,202.0,0.0,176.0,184.0,673.0,1.0,0.0,291.0,495.0,3.0,331.0,195.0,176.0,71.0,88.0,299.0,332.0,20.0,374.0,0.0,0.0,119.0,115.0,45.0,46.0,69.0,99.0,17.0,100.0,21.0,73.0,87.0,85.0,63.0,85.0,76.0,57.0,25.0,30.0,129.0,171.0,139.0,0.0,102.0,93.0,29.0,12.0,77.0,44.0,122.0,86.0,93.0,123.0,71.0,125.0,0.0,0.0,6940.0
2020-01-16,88.0,0.0,140.0,159.0,200.0,0.0,152.0,194.0,630.0,4.0,0.0,339.0,512.0,6.0,337.0,169.0,165.0,61.0,81.0,293.0,325.0,26.0,364.0,0.0,0.0,81.0,101.0,71.0,58.0,63.0,87.0,18.0,109.0,4.0,63.0,99.0,90.0,45.0,56.0,78.0,52.0,36.0,31.0,125.0,168.0,155.0,0.0,106.0,92.0,34.0,13.0,68.0,46.0,81.0,58.0,69.0,122.0,68.0,93.0,0.0,0.0,6685.0
2020-01-17,68.0,1.0,134.0,150.0,207.0,0.0,121.0,141.0,561.0,1.0,0.0,313.0,490.0,0.0,303.0,183.0,130.0,71.0,78.0,308.0,341.0,12.0,333.0,0.0,0.0,82.0,86.0,37.0,29.0,49.0,84.0,25.0,97.0,9.0,58.0,71.0,83.0,59.0,76.0,56.0,37.0,24.0,34.0,132.0,143.0,142.0,0.0,106.0,83.0,21.0,12.0,64.0,41.0,109.0,76.0,69.0,119.0,58.0,102.0,0.0,0.0,6219.0
2020-01-18,84.0,0.0,85.0,89.0,232.0,0.0,45.0,46.0,69.0,0.0,0.0,147.0,302.0,2.0,162.0,90.0,98.0,20.0,29.0,250.0,290.0,6.0,127.0,0.0,0.0,34.0,53.0,15.0,18.0,14.0,17.0,5.0,53.0,7.0,22.0,19.0,31.0,22.0,24.0,26.0,11.0,5.0,8.0,35.0,44.0,15.0,0.0,22.0,17.0,12.0,6.0,42.0,19.0,71.0,57.0,50.0,45.0,28.0,52.0,0.0,0.0,3072.0
2020-01-19,84.0,0.0,72.0,81.0,171.0,0.0,41.0,51.0,68.0,2.0,0.0,128.0,243.0,1.0,151.0,139.0,142.0,46.0,59.0,208.0,234.0,3.0,126.0,0.0,0.0,50.0,46.0,7.0,19.0,19.0,18.0,1.0,77.0,16.0,31.0,64.0,58.0,61.0,87.0,54.0,23.0,24.0,14.0,63.0,104.0,14.0,0.0,47.0,58.0,13.0,11.0,51.0,40.0,136.0,104.0,101.0,101.0,69.0,120.0,0.0,0.0,3751.0
2020-01-20,77.0,0.0,118.0,140.0,174.0,0.0,148.0,193.0,379.0,8.0,0.0,0.0,4.0,1.0,275.0,125.0,110.0,69.0,87.0,254.0,296.0,12.0,251.0,0.0,0.0,97.0,105.0,46.0,55.0,38.0,73.0,15.0,92.0,4.0,58.0,67.0,66.0,23.0,55.0,58.0,40.0,21.0,26.0,101.0,126.0,120.0,0.0,84.0,81.0,24.0,3.0,27.0,38.0,52.0,33.0,53.0,80.0,45.0,48.0,0.0,0.0,4575.0
2020-01-21,116.0,20.0,141.0,159.0,191.0,0.0,134.0,161.0,583.0,4.0,0.0,1.0,2.0,3.0,298.0,186.0,140.0,52.0,66.0,272.0,331.0,16.0,333.0,0.0,0.0,111.0,108.0,38.0,35.0,60.0,58.0,14.0,105.0,18.0,66.0,71.0,71.0,32.0,31.0,56.0,39.0,27.0,26.0,57.0,110.0,149.0,0.0,65.0,52.0,20.0,13.0,55.0,42.0,51.0,37.0,35.0,59.0,35.0,62.0,0.0,0.0,5017.0
2020-01-22,113.0,1.0,130.0,158.0,355.0,1.0,114.0,134.0,570.0,6.0,0.0,2.0,0.0,1.0,322.0,154.0,129.0,76.0,80.0,302.0,341.0,25.0,327.0,0.0,0.0,109.0,109.0,50.0,33.0,42.0,65.0,18.0,91.0,11.0,50.0,57.0,67.0,28.0,50.0,47.0,34.0,29.0,19.0,81.0,113.0,143.0,0.0,59.0,75.0,28.0,14.0,66.0,44.0,50.0,39.0,53.0,63.0,38.0,60.0,0.0,0.0,5176.0
2020-01-23,119.0,0.0,137.0,154.0,2623.0,136.0,147.0,164.0,401.0,8.0,0.0,0.0,7.0,4.0,333.0,147.0,119.0,60.0,76.0,308.0,341.0,14.0,314.0,0.0,0.0,88.0,102.0,41.0,42.0,49.0,63.0,12.0,110.0,11.0,41.0,66.0,59.0,36.0,48.0,42.0,47.0,25.0,27.0,114.0,130.0,61.0,0.0,89.0,66.0,258.0,164.0,66.0,56.0,83.0,51.0,58.0,84.0,61.0,76.0,0.0,0.0,7938.0
2020-01-24,74.0,43.0,136.0,155.0,87.0,134.0,106.0,137.0,90.0,70.0,0.0,212.0,41.0,4.0,313.0,120.0,86.0,55.0,72.0,308.0,362.0,13.0,258.0,0.0,0.0,100.0,99.0,33.0,41.0,53.0,56.0,18.0,109.0,12.0,43.0,59.0,58.0,23.0,38.0,48.0,30.0,21.0,25.0,82.0,100.0,0.0,0.0,65.0,61.0,153.0,95.0,48.0,29.0,48.0,25.0,38.0,57.0,42.0,49.0,0.0,0.0,4634.0
2020-01-25,70.0,75.0,151.0,172.0,127.0,180.0,54.0,62.0,31.0,43.0,0.0,126.0,19.0,6.0,154.0,124.0,116.0,41.0,50.0,192.0,228.0,46.0,131.0,0.0,0.0,35.0,64.0,9.0,21.0,17.0,28.0,8.0,128.0,11.0,26.0,43.0,46.0,46.0,69.0,34.0,20.0,20.0,24.0,52.0,88.0,0.0,0.0,33.0,30.0,57.0,26.0,48.0,45.0,94.0,51.0,77.0,95.0,50.0,88.0,0.0,0.0,3681.0
2020-01-26,86.0,81.0,1230.0,1327.0,84.0,105.0,63.0,63.0,33.0,35.0,0.0,55.0,34.0,32.0,22.0,129.0,109.0,39.0,52.0,13.0,36.0,70.0,60.0,0.0,0.0,42.0,52.0,7.0,16.0,11.0,18.0,22.0,55.0,8.0,34.0,62.0,51.0,68.0,75.0,50.0,32.0,11.0,18.0,75.0,73.0,0.0,0.0,44.0,43.0,50.0,31.0,36.0,40.0,97.0,75.0,86.0,111.0,68.0,106.0,0.0,0.0,5325.0
2020-01-27,90.0,103.0,125.0,24.0,65.0,76.0,141.0,167.0,109.0,94.0,0.0,126.0,91.0,62.0,94.0,187.0,127.0,60.0,78.0,58.0,91.0,177.0,128.0,0.0,0.0,73.0,97.0,45.0,34.0,62.0,85.0,35.0,80.0,17.0,52.0,84.0,69.0,39.0,47.0,54.0,38.0,25.0,33.0,94.0,133.0,0.0,0.0,83.0,65.0,73.0,46.0,51.0,41.0,77.0,44.0,73.0,70.0,50.0,92.0,0.0,0.0,4234.0
2020-01-28,100.0,85.0,152.0,28.0,52.0,72.0,120.0,133.0,95.0,76.0,0.0,135.0,103.0,75.0,75.0,124.0,119.0,53.0,61.0,47.0,82.0,201.0,136.0,0.0,0.0,80.0,73.0,39.0,36.0,62.0,84.0,58.0,57.0,16.0,52.0,43.0,45.0,18.0,31.0,39.0,20.0,14.0,13.0,70.0,77.0,27.0,23.0,46.0,47.0,64.0,42.0,39.0,23.0,55.0,37.0,35.0,61.0,36.0,39.0,0.0,0.0,3625.0
2020-01-29,120.0,121.0,106.0,30.0,102.0,135.0,138.0,152.0,110.0,86.0,0.0,146.0,91.0,89.0,93.0,152.0,120.0,59.0,64.0,58.0,66.0,217.0,145.0,0.0,0.0,86.0,116.0,50.0,44.0,46.0,79.0,9.0,104.0,18.0,58.0,72.0,59.0,21.0,40.0,66.0,42.0,20.0,20.0,110.0,110.0,16.0,47.0,70.0,71.0,79.0,42.0,58.0,30.0,51.0,33.0,41.0,71.0,43.0,62.0,0.0,0.0,4284.0
2020-01-30,121.0,141.0,79.0,18.0,65.0,89.0,145.0,183.0,116.0,84.0,0.0,149.0,130.0,75.0,99.0,179.0,133.0,74.0,72.0,55.0,109.0,241.0,163.0,0.0,0.0,83.0,102.0,38.0,50.0,49.0,65.0,22.0,90.0,22.0,61.0,68.0,60.0,44.0,56.0,57.0,44.0,37.0,38.0,95.0,131.0,17.0,53.0,79.0,75.0,79.0,47.0,52.0,35.0,72.0,48.0,49.0,68.0,46.0,88.0,0.0,0.0,4540.0
2020-01-31,82.0,99.0,140.0,24.0,53.0,96.0,154.0,155.0,96.0,88.0,0.0,111.0,104.0,66.0,78.0,181.0,153.0,59.0,73.0,60.0,90.0,249.0,171.0,0.0,0.0,76.0,113.0,46.0,29.0,71.0,81.0,26.0,70.0,11.0,49.0,66.0,71.0,59.0,78.0,52.0,36.0,31.0,30.0,131.0,156.0,23.0,31.0,81.0,77.0,72.0,51.0,59.0,38.0,99.0,52.0,65.0,95.0,77.0,96.0,0.0,0.0,4580.0
2020-02-01,110.0,148.0,82.0,33.0,60.0,90.0,121.0,141.0,44.0,82.0,0.0,102.0,106.0,69.0,56.0,309.0,267.0,134.0,177.0,29.0,78.0,177.0,128.0,246.0,208.0,48.0,83.0,28.0,26.0,101.0,108.0,19.0,33.0,5.0,60.0,157.0,156.0,226.0,224.0,95.0,64.0,57.0,58.0,210.0,267.0,35.0,56.0,146.0,162.0,124.0,130.0,90.0,73.0,344.0,245.0,325.0,398.0,268.0,322.0,0.0,0.0,7740.0
2020-02-02,86.0,103.0,83.0,18.0,35.0,77.0,50.0,72.0,26.0,39.0,0.0,59.0,71.0,29.0,30.0,191.0,151.0,26.0,102.0,21.0,54.0,111.0,92.0,126.0,117.0,51.0,68.0,11.0,24.0,43.0,58.0,7.0,21.0,17.0,44.0,74.0,71.0,102.0,93.0,36.0,51.0,28.0,19.0,143.0,176.0,0.0,0.0,116.0,80.0,49.0,53.0,56.0,46.0,173.0,127.0,165.0,200.0,136.0,207.0,0.0,0.0,4314.0
2020-02-03,132.0,121.0,123.0,31.0,55.0,141.0,162.0,179.0,122.0,90.0,0.0,164.0,122.0,73.0,103.0,190.0,133.0,54.0,100.0,45.0,84.0,239.0,137.0,168.0,194.0,86.0,94.0,41.0,45.0,75.0,93.0,18.0,85.0,8.0,58.0,69.0,75.0,70.0,61.0,61.0,44.0,29.0,34.0,104.0,130.0,6.0,40.0,71.0,75.0,75.0,48.0,57.0,52.0,75.0,51.0,55.0,88.0,56.0,59.0,0.0,0.0,5050.0
2020-02-04,89.0,95.0,110.0,22.0,84.0,111.0,76.0,79.0,62.0,50.0,0.0,96.0,64.0,42.0,59.0,99.0,86.0,19.0,29.0,36.0,168.0,101.0,82.0,62.0,69.0,55.0,73.0,30.0,28.0,50.0,82.0,31.0,41.0,5.0,28.0,16.0,17.0,8.0,29.0,18.0,16.0,13.0,11.0,26.0,36.0,8.0,34.0,24.0,29.0,47.0,26.0,33.0,14.0,35.0,16.0,32.0,28.0,21.0,31.0,0.0,0.0,2781.0
2020-02-05,108.0,119.0,107.0,22.0,33.0,147.0,128.0,152.0,89.0,92.0,0.0,149.0,114.0,93.0,79.0,149.0,104.0,56.0,71.0,70.0,50.0,128.0,86.0,128.0,121.0,86.0,113.0,52.0,47.0,46.0,65.0,34.0,80.0,12.0,45.0,45.0,52.0,29.0,44.0,53.0,34.0,9.0,19.0,64.0,84.0,10.0,51.0,60.0,49.0,60.0,35.0,58.0,35.0,47.0,24.0,47.0,44.0,30.0,52.0,0.0,0.0,4010.0
2020-02-06,109.0,115.0,126.0,37.0,0.0,118.0,122.0,160.0,103.0,86.0,0.0,176.0,150.0,88.0,100.0,156.0,106.0,62.0,66.0,65.0,79.0,204.0,135.0,194.0,171.0,92.0,120.0,45.0,46.0,56.0,94.0,33.0,83.0,7.0,69.0,73.0,75.0,20.0,47.0,46.0,47.0,24.0,20.0,94.0,121.0,17.0,44.0,77.0,73.0,63.0,45.0,64.0,52.0,54.0,36.0,62.0,83.0,45.0,74.0,0.0,0.0,4729.0
2020-02-07,106.0,102.0,105.0,31.0,0.0,127.0,171.0,160.0,103.0,94.0,0.0,174.0,129.0,84.0,97.0,174.0,136.0,55.0,95.0,63.0,89.0,210.0,133.0,173.0,170.0,124.0,130.0,46.0,40.0,36.0,72.0,34.0,77.0,14.0,54.0,73.0,83.0,39.0,76.0,44.0,36.0,25.0,30.0,104.0,145.0,6.0,39.0,84.0,80.0,88.0,53.0,63.0,34.0,78.0,38.0,50.0,88.0,64.0,70.0,0.0,0.0,4898.0
2020-02-08,133.0,135.0,117.0,31.0,0.0,106.0,98.0,127.0,55.0,33.0,0.0,107.0,91.0,57.0,119.0,219.0,188.0,121.0,138.0,40.0,98.0,137.0,107.0,211.0,202.0,68.0,52.0,36.0,32.0,55.0,77.0,11.0,24.0,5.0,43.0,151.0,129.0,144.0,177.0,1.0,0.0,35.0,40.0,154.0,221.0,0.0,0.0,135.0,105.0,95.0,102.0,71.0,64.0,274.0,179.0,236.0,337.0,209.0,293.0,0.0,0.0,6225.0
2020-02-09,125.0,139.0,130.0,27.0,0.0,99.0,112.0,123.0,64.0,58.0,0.0,99.0,119.0,67.0,831.0,349.0,310.0,47.0,110.0,30.0,72.0,194.0,114.0,272.0,268.0,47.0,90.0,19.0,25.0,77.0,77.0,14.0,19.0,10.0,21.0,155.0,166.0,243.0,226.0,0.0,0.0,40.0,46.0,226.0,325.0,0.0,0.0,173.0,163.0,150.0,145.0,96.0,74.0,358.0,308.0,321.0,418.0,286.0,364.0,0.0,0.0,8441.0
2020-02-10,118.0,68.0,136.0,5.0,0.0,67.0,54.0,66.0,69.0,65.0,0.0,67.0,41.0,37.0,92.0,54.0,46.0,25.0,27.0,20.0,58.0,81.0,63.0,40.0,45.0,37.0,62.0,44.0,40.0,59.0,78.0,23.0,56.0,12.0,1.0,17.0,20.0,7.0,18.0,0.0,0.0,12.0,12.0,18.0,27.0,6.0,20.0,20.0,21.0,56.0,24.0,20.0,19.0,21.0,12.0,36.0,32.0,6.0,8.0,0.0,0.0,2188.0
2020-02-11,137.0,101.0,104.0,26.0,0.0,132.0,114.0,136.0,79.0,70.0,0.0,108.0,99.0,72.0,13.0,122.0,87.0,36.0,49.0,59.0,56.0,151.0,103.0,141.0,140.0,85.0,104.0,40.0,39.0,74.0,85.0,24.0,64.0,11.0,5.0,36.0,29.0,11.0,24.0,0.0,0.0,21.0,14.0,53.0,53.0,8.0,19.0,38.0,34.0,29.0,20.0,49.0,34.0,58.0,33.0,55.0,45.0,35.0,32.0,0.0,0.0,3396.0
2020-02-12,122.0,124.0,129.0,29.0,0.0,115.0,118.0,153.0,90.0,81.0,0.0,165.0,100.0,94.0,15.0,161.0,125.0,52.0,58.0,69.0,41.0,171.0,95.0,114.0,106.0,71.0,99.0,44.0,46.0,52.0,71.0,23.0,74.0,14.0,0.0,40.0,34.0,24.0,35.0,0.0,0.0,18.0,19.0,49.0,71.0,8.0,18.0,33.0,33.0,64.0,31.0,47.0,31.0,51.0,29.0,29.0,31.0,15.0,30.0,1.0,0.0,3562.0
2020-02-13,108.0,127.0,96.0,31.0,0.0,123.0,134.0,152.0,116.0,83.0,0.0,132.0,125.0,75.0,18.0,176.0,124.0,66.0,79.0,105.0,57.0,210.0,171.0,174.0,178.0,90.0,102.0,42.0,42.0,67.0,115.0,32.0,75.0,23.0,5.0,65.0,75.0,57.0,74.0,8.0,6.0,19.0,26.0,104.0,135.0,13.0,26.0,71.0,62.0,60.0,45.0,66.0,48.0,71.0,54.0,58.0,88.0,57.0,75.0,12.0,5.0,4633.0
2020-02-14,88.0,90.0,111.0,37.0,0.0,144.0,127.0,148.0,83.0,73.0,0.0,183.0,141.0,72.0,21.0,141.0,119.0,49.0,58.0,72.0,48.0,187.0,120.0,160.0,154.0,91.0,90.0,33.0,45.0,59.0,72.0,33.0,77.0,43.0,7.0,68.0,55.0,42.0,56.0,0.0,0.0,18.0,24.0,86.0,109.0,4.0,22.0,67.0,53.0,69.0,38.0,53.0,29.0,59.0,47.0,61.0,69.0,39.0,56.0,15.0,37.0,4152.0
2020-02-15,88.0,104.0,75.0,28.0,0.0,103.0,121.0,118.0,37.0,30.0,0.0,136.0,101.0,40.0,6.0,240.0,204.0,72.0,119.0,44.0,69.0,128.0,105.0,195.0,172.0,70.0,76.0,18.0,18.0,67.0,85.0,13.0,36.0,14.0,3.0,129.0,116.0,141.0,147.0,0.0,0.0,53.0,37.0,154.0,193.0,0.0,0.0,104.0,91.0,118.0,88.0,82.0,69.0,254.0,176.0,222.0,274.0,158.0,235.0,27.0,58.0,5661.0
2020-02-16,106.0,123.0,87.0,26.0,0.0,100.0,107.0,139.0,62.0,67.0,0.0,112.0,125.0,54.0,6.0,306.0,255.0,79.0,131.0,39.0,57.0,197.0,135.0,219.0,216.0,72.0,59.0,17.0,31.0,66.0,77.0,13.0,40.0,16.0,11.0,151.0,136.0,196.0,184.0,0.0,0.0,43.0,44.0,185.0,250.0,0.0,0.0,151.0,151.0,116.0,96.0,76.0,57.0,290.0,205.0,289.0,369.0,230.0,308.0,53.0,79.0,6809.0
2020-02-17,105.0,136.0,103.0,37.0,0.0,131.0,194.0,206.0,109.0,95.0,0.0,159.0,150.0,100.0,18.0,228.0,183.0,43.0,111.0,59.0,68.0,257.0,144.0,202.0,185.0,106.0,124.0,48.0,73.0,56.0,81.0,29.0,87.0,26.0,5.0,104.0,103.0,55.0,86.0,0.0,0.0,31.0,44.0,133.0,154.0,7.0,11.0,108.0,87.0,94.0,63.0,55.0,39.0,89.0,55.0,86.0,108.0,66.0,78.0,16.0,35.0,5365.0
2020-02-18,119.0,119.0,111.0,51.0,0.0,165.0,220.0,233.0,113.0,115.0,0.0,198.0,150.0,105.0,21.0,263.0,196.0,113.0,115.0,73.0,103.0,247.0,148.0,232.0,220.0,101.0,147.0,61.0,43.0,67.0,72.0,21.0,89.0,20.0,9.0,102.0,94.0,65.0,93.0,0.0,0.0,41.0,37.0,132.0,181.0,7.0,11.0,109.0,108.0,101.0,82.0,82.0,59.0,126.0,77.0,111.0,148.0,79.0,110.0,13.0,46.0,6074.0
2020-02-19,118.0,94.0,89.0,34.0,0.0,103.0,131.0,147.0,62.0,39.0,0.0,160.0,125.0,71.0,12.0,159.0,137.0,53.0,64.0,68.0,95.0,219.0,141.0,145.0,129.0,104.0,104.0,45.0,35.0,73.0,81.0,23.0,80.0,15.0,4.0,49.0,50.0,46.0,46.0,2.0,3.0,24.0,22.0,77.0,93.0,6.0,22.0,55.0,44.0,89.0,39.0,55.0,43.0,63.0,40.0,43.0,42.0,28.0,40.0,7.0,38.0,4025.0
2020-02-20,121.0,156.0,103.0,40.0,43.0,91.0,149.0,166.0,106.0,95.0,0.0,142.0,175.0,84.0,25.0,203.0,156.0,83.0,94.0,57.0,95.0,249.0,123.0,166.0,161.0,111.0,146.0,42.0,52.0,81.0,62.0,22.0,79.0,11.0,7.0,69.0,69.0,47.0,77.0,6.0,16.0,36.0,32.0,107.0,145.0,6.0,12.0,84.0,73.0,81.0,62.0,70.0,49.0,91.0,58.0,72.0,82.0,53.0,87.0,0.0,0.0,4980.0
2020-02-21,96.0,78.0,76.0,32.0,70.0,111.0,90.0,114.0,46.0,41.0,0.0,112.0,240.0,50.0,7.0,101.0,96.0,44.0,66.0,60.0,79.0,126.0,74.0,122.0,106.0,80.0,124.0,51.0,30.0,55.0,88.0,19.0,56.0,31.0,3.0,40.0,50.0,21.0,40.0,35.0,27.0,24.0,16.0,0.0,0.0,3.0,16.0,54.0,47.0,58.0,39.0,36.0,31.0,64.0,50.0,51.0,66.0,46.0,67.0,18.0,23.0,3496.0
2020-02-22,103.0,94.0,123.0,6.0,48.0,87.0,118.0,114.0,47.0,60.0,0.0,137.0,143.0,51.0,9.0,285.0,220.0,74.0,142.0,44.0,84.0,183.0,133.0,237.0,219.0,77.0,107.0,25.0,22.0,92.0,76.0,9.0,46.0,14.0,6.0,127.0,129.0,175.0,176.0,78.0,46.0,40.0,33.0,148.0,194.0,0.0,0.0,131.0,136.0,97.0,100.0,62.0,59.0,253.0,184.0,207.0,292.0,196.0,269.0,28.0,73.0,6468.0
2020-02-23,144.0,73.0,95.0,0.0,62.0,85.0,57.0,56.0,25.0,31.0,0.0,39.0,106.0,37.0,6.0,90.0,68.0,21.0,32.0,32.0,89.0,67.0,48.0,67.0,51.0,57.0,91.0,15.0,15.0,7.0,9.0,7.0,24.0,17.0,4.0,35.0,35.0,41.0,37.0,25.0,29.0,17.0,15.0,0.0,2.0,0.0,0.0,25.0,20.0,39.0,21.0,30.0,23.0,63.0,50.0,47.0,68.0,28.0,35.0,10.0,28.0,2350.0
2020-02-24,107.0,108.0,94.0,2.0,105.0,132.0,160.0,180.0,85.0,63.0,0.0,141.0,179.0,86.0,20.0,187.0,150.0,72.0,79.0,64.0,96.0,283.0,181.0,237.0,211.0,100.0,134.0,34.0,45.0,77.0,75.0,32.0,69.0,15.0,53.0,92.0,80.0,59.0,73.0,77.0,37.0,21.0,24.0,142.0,177.0,6.0,23.0,84.0,98.0,70.0,55.0,43.0,30.0,83.0,57.0,86.0,111.0,72.0,112.0,0.0,0.0,5368.0
2020-02-25,110.0,96.0,0.0,3.0,72.0,122.0,146.0,166.0,65.0,56.0,0.0,154.0,126.0,62.0,17.0,116.0,118.0,31.0,54.0,73.0,91.0,268.0,173.0,198.0,192.0,89.0,96.0,32.0,35.0,60.0,66.0,23.0,51.0,22.0,3.0,75.0,54.0,30.0,42.0,55.0,35.0,21.0,24.0,95.0,127.0,10.0,22.0,74.0,69.0,79.0,35.0,34.0,35.0,54.0,35.0,59.0,85.0,41.0,65.0,7.0,24.0,4272.0
2020-02-26,115.0,133.0,0.0,4.0,75.0,162.0,154.0,173.0,66.0,70.0,0.0,145.0,124.0,89.0,20.0,178.0,144.0,71.0,92.0,87.0,63.0,254.0,149.0,196.0,197.0,101.0,112.0,46.0,40.0,60.0,66.0,29.0,66.0,15.0,13.0,90.0,90.0,37.0,60.0,76.0,57.0,30.0,26.0,125.0,165.0,7.0,14.0,82.0,85.0,95.0,59.0,61.0,38.0,85.0,50.0,61.0,88.0,47.0,87.0,11.0,39.0,4974.0
2020-02-27,128.0,147.0,0.0,12.0,64.0,147.0,141.0,165.0,78.0,60.0,0.0,139.0,123.0,75.0,2.0,151.0,129.0,58.0,71.0,67.0,73.0,238.0,164.0,190.0,195.0,109.0,113.0,57.0,47.0,52.0,63.0,28.0,48.0,11.0,7.0,74.0,64.0,48.0,73.0,63.0,42.0,32.0,35.0,130.0,155.0,11.0,20.0,95.0,75.0,79.0,46.0,55.0,36.0,70.0,58.0,76.0,105.0,52.0,98.0,3.0,13.0,4760.0
2020-02-28,89.0,82.0,0.0,50.0,76.0,123.0,112.0,133.0,81.0,74.0,0.0,0.0,0.0,54.0,24.0,124.0,93.0,53.0,62.0,70.0,115.0,166.0,121.0,136.0,133.0,72.0,92.0,32.0,34.0,51.0,59.0,45.0,73.0,11.0,12.0,49.0,50.0,38.0,54.0,48.0,38.0,13.0,18.0,72.0,103.0,2.0,13.0,52.0,53.0,69.0,32.0,38.0,26.0,61.0,33.0,45.0,61.0,33.0,60.0,12.0,34.0,3559.0
2020-02-29,96.0,78.0,0.0,21.0,48.0,75.0,69.0,82.0,17.0,16.0,0.0,0.0,0.0,35.0,3.0,121.0,125.0,44.0,50.0,36.0,76.0,69.0,82.0,83.0,84.0,46.0,53.0,12.0,15.0,28.0,42.0,22.0,49.0,17.0,3.0,33.0,32.0,56.0,46.0,39.0,28.0,18.0,17.0,61.0,82.0,0.0,0.0,42.0,31.0,27.0,34.0,50.0,34.0,86.0,65.0,72.0,76.0,62.0,93.0,12.0,41.0,2734.0
2020-03-01,143.0,166.0,0.0,35.0,75.0,119.0,199.0,217.0,54.0,65.0,0.0,133.0,121.0,85.0,3.0,404.0,331.0,152.0,183.0,47.0,77.0,265.0,166.0,330.0,333.0,80.0,89.0,18.0,46.0,88.0,96.0,16.0,34.0,14.0,6.0,170.0,185.0,248.0,222.0,87.0,70.0,54.0,65.0,234.0,297.0,0.0,0.0,171.0,152.0,162.0,129.0,95.0,78.0,328.0,267.0,405.0,490.0,286.0,370.0,40.0,65.0,8860.0
2020-03-02,176.0,163.0,201.0,37.0,69.0,142.0,261.0,316.0,143.0,101.0,0.0,90.0,28.0,120.0,1.0,320.0,256.0,46.0,78.0,99.0,98.0,394.0,245.0,340.0,363.0,151.0,186.0,69.0,113.0,94.0,94.0,33.0,89.0,13.0,9.0,149.0,145.0,104.0,127.0,89.0,62.0,49.0,58.0,228.0,255.0,12.0,34.0,166.0,146.0,116.0,88.0,68.0,66.0,182.0,117.0,160.0,260.0,130.0,170.0,18.0,54.0,7991.0
2020-03-03,85.0,58.0,154.0,18.0,60.0,96.0,84.0,91.0,66.0,46.0,0.0,7.0,21.0,39.0,15.0,93.0,76.0,23.0,38.0,53.0,30.0,138.0,97.0,93.0,95.0,41.0,67.0,26.0,35.0,68.0,87.0,36.0,61.0,18.0,0.0,21.0,28.0,10.0,18.0,28.0,17.0,18.0,17.0,47.0,58.0,10.0,27.0,29.0,30.0,40.0,20.0,25.0,20.0,25.0,18.0,14.0,14.0,9.0,15.0,6.0,24.0,2603.0
2020-03-04,148.0,163.0,243.0,47.0,57.0,104.0,255.0,274.0,98.0,82.0,0.0,225.0,204.0,90.0,18.0,276.0,222.0,109.0,128.0,122.0,72.0,358.0,233.0,281.0,297.0,134.0,163.0,53.0,61.0,70.0,91.0,40.0,70.0,16.0,13.0,106.0,111.0,94.0,107.0,65.0,46.0,38.0,42.0,0.0,0.0,11.0,29.0,112.0,93.0,93.0,64.0,73.0,48.0,146.0,83.0,99.0,142.0,91.0,141.0,32.0,49.0,6732.0
2020-03-05,172.0,182.0,218.0,39.0,73.0,153.0,275.0,303.0,107.0,79.0,0.0,224.0,230.0,112.0,26.0,349.0,237.0,61.0,81.0,100.0,79.0,390.0,265.0,374.0,376.0,132.0,139.0,50.0,52.0,102.0,119.0,23.0,83.0,20.0,5.0,146.0,157.0,110.0,124.0,97.0,64.0,60.0,67.0,0.0,0.0,16.0,30.0,150.0,148.0,107.0,66.0,106.0,80.0,186.0,125.0,171.0,236.0,111.0,192.0,24.0,71.0,7874.0
2020-03-06,117.0,102.0,207.0,46.0,65.0,89.0,164.0,191.0,57.0,33.0,0.0,167.0,154.0,94.0,20.0,161.0,129.0,39.0,78.0,88.0,77.0,249.0,150.0,201.0,202.0,107.0,139.0,39.0,39.0,76.0,98.0,32.0,68.0,26.0,6.0,75.0,64.0,51.0,66.0,45.0,35.0,26.0,27.0,61.0,85.0,12.0,16.0,75.0,75.0,62.0,37.0,51.0,30.0,74.0,49.0,65.0,102.0,75.0,103.0,17.0,43.0,4931.0
2020-03-07,86.0,93.0,140.0,18.0,97.0,92.0,58.0,63.0,20.0,16.0,0.0,63.0,93.0,28.0,8.0,90.0,83.0,38.0,52.0,28.0,63.0,91.0,51.0,77.0,93.0,47.0,73.0,13.0,19.0,27.0,46.0,24.0,32.0,12.0,1.0,37.0,37.0,41.0,54.0,28.0,19.0,14.0,7.0,73.0,67.0,0.0,0.0,34.0,28.0,43.0,24.0,39.0,29.0,87.0,47.0,71.0,96.0,68.0,78.0,14.0,39.0,2909.0
2020-03-08,159.0,196.0,185.0,52.0,38.0,74.0,209.0,246.0,46.0,42.0,0.0,160.0,171.0,95.0,6.0,430.0,392.0,195.0,252.0,69.0,77.0,291.0,169.0,446.0,427.0,81.0,127.0,18.0,32.0,182.0,167.0,19.0,24.0,6.0,2.0,248.0,223.0,313.0,286.0,146.0,64.0,88.0,81.0,338.0,420.0,0.0,0.0,230.0,210.0,182.0,177.0,120.0,73.0,449.0,333.0,526.0,664.0,357.0,451.0,45.0,95.0,11204.0
2020-03-09,136.0,117.0,182.0,43.0,43.0,82.0,229.0,261.0,73.0,65.0,0.0,228.0,186.0,122.0,34.0,243.0,190.0,103.0,121.0,107.0,85.0,364.0,201.0,300.0,299.0,123.0,164.0,44.0,65.0,68.0,93.0,31.0,78.0,22.0,4.0,105.0,90.0,52.0,67.0,55.0,38.0,45.0,49.0,146.0,177.0,6.0,38.0,112.0,95.0,117.0,61.0,57.0,47.0,74.0,50.0,72.0,111.0,46.0,82.0,20.0,46.0,6364.0
2020-03-10,133.0,119.0,187.0,45.0,51.0,116.0,256.0,271.0,81.0,54.0,0.0,241.0,159.0,103.0,22.0,234.0,188.0,104.0,117.0,97.0,93.0,378.0,230.0,323.0,288.0,201.0,174.0,38.0,53.0,79.0,93.0,38.0,68.0,16.0,12.0,123.0,109.0,53.0,65.0,73.0,50.0,42.0,39.0,152.0,182.0,1.0,24.0,120.0,103.0,96.0,70.0,75.0,50.0,80.0,59.0,69.0,115.0,65.0,89.0,18.0,45.0,6629.0
2020-03-11,76.0,65.0,132.0,23.0,69.0,98.0,78.0,73.0,60.0,38.0,0.0,90.0,82.0,34.0,16.0,78.0,54.0,14.0,22.0,49.0,55.0,124.0,98.0,96.0,97.0,43.0,47.0,33.0,22.0,61.0,101.0,35.0,64.0,18.0,1.0,32.0,30.0,7.0,17.0,21.0,14.0,18.0,11.0,41.0,55.0,0.0,0.0,29.0,24.0,34.0,19.0,19.0,15.0,11.0,8.0,21.0,7.0,15.0,16.0,10.0,23.0,2543.0
2020-03-12,168.0,173.0,220.0,46.0,53.0,140.0,282.0,323.0,124.0,136.0,0.0,261.0,214.0,136.0,111.0,305.0,229.0,140.0,170.0,91.0,103.0,393.0,212.0,387.0,372.0,170.0,133.0,55.0,58.0,106.0,115.0,33.0,82.0,14.0,4.0,135.0,129.0,84.0,140.0,79.0,28.0,53.0,48.0,191.0,256.0,0.0,0.0,152.0,142.0,119.0,87.0,97.0,64.0,151.0,90.0,136.0,196.0,146.0,178.0,30.0,65.0,8355.0
2020-03-13,183.0,169.0,189.0,45.0,72.0,148.0,354.0,340.0,147.0,108.0,0.0,280.0,248.0,169.0,136.0,406.0,291.0,132.0,175.0,67.0,66.0,394.0,198.0,451.0,424.0,175.0,192.0,92.0,30.0,114.0,160.0,34.0,68.0,20.0,0.0,167.0,185.0,115.0,157.0,99.0,76.0,60.0,66.0,213.0,256.0,1.0,0.0,191.0,169.0,169.0,121.0,90.0,62.0,197.0,105.0,222.0,302.0,133.0,204.0,30.0,62.0,9529.0
2020-03-14,248.0,275.0,246.0,42.0,90.0,100.0,386.0,428.0,69.0,64.0,0.0,199.0,167.0,142.0,97.0,599.0,499.0,171.0,310.0,74.0,76.0,297.0,176.0,621.0,641.0,103.0,133.0,22.0,46.0,172.0,160.0,10.0,38.0,15.0,8.0,253.0,256.0,442.0,432.0,136.0,51.0,152.0,137.0,316.0,428.0,0.0,0.0,296.0,274.0,221.0,184.0,183.0,115.0,722.0,394.0,587.0,745.0,403.0,529.0,55.0,129.0,14164.0
2020-03-15,252.0,293.0,245.0,41.0,86.0,125.0,394.0,398.0,86.0,93.0,0.0,213.0,201.0,156.0,110.0,747.0,639.0,308.0,442.0,82.0,104.0,417.0,301.0,823.0,836.0,127.0,133.0,28.0,40.0,211.0,186.0,15.0,32.0,9.0,3.0,462.0,422.0,644.0,566.0,216.0,88.0,184.0,169.0,442.0,661.0,0.0,0.0,394.0,416.0,325.0,344.0,183.0,145.0,1074.0,786.0,889.0,1013.0,571.0,739.0,3.0,12.0,18924.0
2020-03-16,179.0,184.0,279.0,65.0,101.0,151.0,436.0,465.0,137.0,124.0,0.0,332.0,259.0,181.0,161.0,481.0,386.0,91.0,69.0,103.0,110.0,549.0,269.0,578.0,603.0,189.0,202.0,49.0,93.0,107.0,115.0,46.0,93.0,28.0,7.0,238.0,220.0,215.0,224.0,114.0,62.0,93.0,100.0,257.0,324.0,6.0,4.0,235.0,206.0,221.0,158.0,123.0,98.0,319.0,190.0,284.0,374.0,173.0,259.0,0.0,0.0,11719.0
2020-03-17,202.0,240.0,323.0,57.0,99.0,136.0,386.0,438.0,145.0,160.0,0.0,241.0,214.0,166.0,128.0,527.0,410.0,223.0,280.0,74.0,122.0,490.0,257.0,584.0,596.0,179.0,173.0,53.0,59.0,115.0,130.0,29.0,78.0,14.0,3.0,219.0,211.0,260.0,233.0,91.0,63.0,140.0,105.0,244.0,359.0,0.0,0.0,252.0,258.0,201.0,140.0,144.0,112.0,405.0,198.0,292.0,356.0,162.0,274.0,29.0,55.0,12134.0
2020-03-18,275.0,291.0,363.0,76.0,59.0,110.0,515.0,543.0,158.0,145.0,0.0,312.0,230.0,194.0,122.0,776.0,627.0,80.0,51.0,95.0,126.0,666.0,343.0,783.0,827.0,225.0,216.0,57.0,70.0,201.0,218.0,25.0,72.0,26.0,4.0,394.0,315.0,499.0,461.0,123.0,57.0,195.0,180.0,460.0,599.0,0.0,0.0,435.0,435.0,370.0,280.0,232.0,191.0,682.0,398.0,623.0,808.0,404.0,597.0,4.0,9.0,17632.0
2020-03-19,249.0,277.0,275.0,55.0,89.0,181.0,404.0,474.0,123.0,135.0,0.0,230.0,185.0,193.0,119.0,585.0,452.0,298.0,378.0,110.0,98.0,595.0,278.0,663.0,652.0,204.0,167.0,49.0,55.0,146.0,185.0,30.0,98.0,10.0,5.0,302.0,302.0,320.0,313.0,143.0,46.0,151.0,139.0,389.0,507.0,0.0,0.0,363.0,374.0,241.0,184.0,151.0,115.0,483.0,261.0,443.0,525.0,296.0,403.0,0.0,0.0,14498.0
2020-03-20,146.0,162.0,107.0,34.0,91.0,158.0,299.0,360.0,121.0,126.0,0.0,214.0,161.0,141.0,103.0,499.0,407.0,164.0,253.0,78.0,98.0,435.0,193.0,502.0,503.0,145.0,125.0,53.0,66.0,126.0,136.0,20.0,71.0,15.0,5.0,262.0,272.0,294.0,284.0,109.0,59.0,102.0,101.0,282.0,421.0,0.0,0.0,300.0,281.0,216.0,175.0,141.0,97.0,379.0,161.0,427.0,502.0,238.0,395.0,0.0,0.0,11615.0
2020-03-21,91.0,95.0,0.0,11.0,70.0,83.0,77.0,101.0,34.0,31.0,0.0,44.0,62.0,43.0,22.0,127.0,114.0,52.0,68.0,11.0,48.0,74.0,37.0,89.0,95.0,42.0,57.0,13.0,8.0,28.0,24.0,11.0,31.0,10.0,0.0,47.0,39.0,43.0,60.0,23.0,15.0,18.0,20.0,29.0,52.0,0.0,0.0,24.0,36.0,62.0,40.0,62.0,34.0,88.0,57.0,60.0,66.0,33.0,43.0,0.0,0.0,2654.0
2020-03-22,132.0,151.0,0.0,16.0,67.0,99.0,116.0,145.0,48.0,41.0,0.0,95.0,66.0,78.0,41.0,201.0,168.0,82.0,108.0,21.0,36.0,120.0,60.0,192.0,181.0,56.0,55.0,9.0,14.0,39.0,44.0,9.0,12.0,18.0,2.0,100.0,104.0,144.0,114.0,47.0,36.0,41.0,36.0,93.0,140.0,0.0,0.0,112.0,101.0,115.0,74.0,89.0,55.0,206.0,118.0,186.0,215.0,103.0,160.0,0.0,0.0,4911.0
2020-03-23,158.0,178.0,0.0,24.0,85.0,128.0,258.0,268.0,71.0,87.0,0.0,166.0,138.0,145.0,87.0,323.0,255.0,153.0,170.0,56.0,61.0,238.0,157.0,350.0,337.0,95.0,111.0,32.0,40.0,70.0,90.0,23.0,66.0,15.0,1.0,114.0,102.0,133.0,105.0,81.0,38.0,83.0,68.0,114.0,176.0,0.0,0.0,136.0,124.0,167.0,86.0,97.0,86.0,213.0,113.0,167.0,204.0,70.0,107.0,9.0,29.0,7058.0
2020-03-24,173.0,179.0,187.0,24.0,56.0,103.0,268.0,302.0,101.0,93.0,0.0,201.0,180.0,129.0,242.0,391.0,289.0,150.0,169.0,54.0,91.0,301.0,160.0,367.0,373.0,138.0,167.0,35.0,39.0,91.0,116.0,15.0,89.0,17.0,2.0,149.0,158.0,187.0,166.0,103.0,57.0,73.0,65.0,152.0,221.0,0.0,5.0,153.0,138.0,179.0,103.0,114.0,71.0,273.0,141.0,250.0,309.0,105.0,171.0,24.0,67.0,8726.0
2020-03-25,185.0,217.0,209.0,32.0,55.0,101.0,310.0,325.0,116.0,139.0,0.0,196.0,152.0,125.0,55.0,361.0,309.0,150.0,229.0,59.0,88.0,356.0,206.0,419.0,423.0,147.0,148.0,27.0,33.0,106.0,120.0,24.0,83.0,34.0,1.0,188.0,164.0,205.0,142.0,113.0,71.0,70.0,72.0,226.0,293.0,0.0,11.0,209.0,212.0,175.0,116.0,109.0,88.0,290.0,173.0,267.0,330.0,113.0,187.0,25.0,59.0,9448.0
2020-03-26,165.0,172.0,194.0,32.0,37.0,93.0,276.0,331.0,83.0,89.0,0.0,223.0,156.0,151.0,30.0,389.0,311.0,113.0,193.0,67.0,68.0,377.0,167.0,427.0,462.0,141.0,170.0,42.0,38.0,73.0,87.0,24.0,102.0,17.0,7.0,197.0,174.0,148.0,148.0,136.0,79.0,84.0,72.0,210.0,304.0,0.0,2.0,214.0,161.0,226.0,148.0,105.0,82.0,286.0,147.0,260.0,324.0,130.0,223.0,25.0,62.0,9254.0
2020-03-27,259.0,278.0,264.0,54.0,66.0,115.0,478.0,524.0,113.0,162.0,0.0,296.0,224.0,220.0,199.0,824.0,665.0,41.0,43.0,96.0,95.0,566.0,333.0,792.0,800.0,207.0,242.0,45.0,58.0,239.0,225.0,18.0,116.0,16.0,13.0,413.0,403.0,590.0,490.0,189.0,154.0,209.0,183.0,440.0,618.0,0.0,4.0,416.0,415.0,381.0,323.0,230.0,192.0,856.0,450.0,708.0,916.0,487.0,607.0,66.0,160.0,18586.0
2020-03-28,290.0,294.0,261.0,61.0,89.0,142.0,486.0,609.0,77.0,112.0,0.0,307.0,229.0,215.0,154.0,987.0,919.0,531.0,696.0,78.0,92.0,494.0,238.0,1060.0,1042.0,139.0,195.0,36.0,38.0,272.0,244.0,21.0,33.0,15.0,5.0,610.0,575.0,914.0,782.0,239.0,217.0,341.0,266.0,580.0,816.0,0.0,0.0,643.0,637.0,684.0,513.0,366.0,334.0,1245.0,699.0,1258.0,1467.0,893.0,1134.0,92.0,216.0,25982.0
2020-03-29,181.0,191.0,154.0,33.0,64.0,103.0,171.0,219.0,57.0,70.0,0.0,134.0,72.0,96.0,72.0,322.0,333.0,117.0,208.0,33.0,39.0,205.0,98.0,331.0,320.0,88.0,94.0,17.0,28.0,102.0,82.0,8.0,6.0,12.0,0.0,202.0,162.0,232.0,198.0,122.0,74.0,122.0,97.0,166.0,278.0,0.0,0.0,168.0,158.0,228.0,163.0,151.0,106.0,299.0,194.0,449.0,451.0,223.0,332.0,0.0,0.0,8635.0
2020-03-30,161.0,171.0,194.0,40.0,73.0,103.0,257.0,271.0,116.0,123.0,0.0,189.0,119.0,101.0,102.0,266.0,230.0,120.0,150.0,37.0,66.0,247.0,113.0,343.0,329.0,108.0,124.0,37.0,39.0,72.0,82.0,24.0,56.0,19.0,3.0,141.0,124.0,106.0,101.0,95.0,71.0,88.0,80.0,133.0,167.0,0.0,2.0,126.0,117.0,131.0,85.0,59.0,71.0,170.0,90.0,177.0,216.0,94.0,125.0,22.0,46.0,7122.0
2020-03-31,131.0,135.0,221.0,33.0,47.0,118.0,202.0,234.0,74.0,85.0,0.0,164.0,122.0,73.0,100.0,230.0,165.0,104.0,108.0,51.0,46.0,217.0,115.0,252.0,254.0,113.0,97.0,25.0,23.0,48.0,66.0,28.0,49.0,38.0,1.0,109.0,87.0,69.0,63.0,44.0,39.0,52.0,39.0,102.0,141.0,0.0,7.0,102.0,90.0,95.0,54.0,62.0,48.0,103.0,74.0,95.0,115.0,48.0,90.0,16.0,45.0,5558.0
2020-04-01,251.0,274.0,293.0,64.0,83.0,141.0,338.0,373.0,141.0,132.0,0.0,258.0,184.0,148.0,146.0,439.0,348.0,179.0,254.0,69.0,95.0,391.0,244.0,508.0,499.0,180.0,168.0,27.0,45.0,163.0,144.0,20.0,80.0,17.0,3.0,221.0,209.0,205.0,210.0,124.0,91.0,112.0,110.0,233.0,335.0,2.0,14.0,208.0,201.0,176.0,146.0,150.0,121.0,351.0,226.0,323.0,443.0,192.0,284.0,50.0,85.0,11521.0
2020-04-02,284.0,302.0,347.0,70.0,105.0,133.0,458.0,456.0,146.0,121.0,0.0,280.0,191.0,183.0,186.0,728.0,576.0,367.0,471.0,78.0,130.0,559.0,309.0,688.0,713.0,199.0,207.0,40.0,45.0,212.0,207.0,27.0,81.0,29.0,3.0,394.0,346.0,436.0,404.0,155.0,130.0,163.0,144.0,372.0,532.0,1.0,13.0,387.0,354.0,336.0,249.0,224.0,170.0,621.0,394.0,551.0,711.0,342.0,474.0,59.0,136.0,17029.0
2020-04-03,152.0,175.0,247.0,58.0,73.0,120.0,313.0,316.0,114.0,123.0,0.0,182.0,174.0,108.0,127.0,345.0,266.0,136.0,198.0,66.0,105.0,345.0,194.0,368.0,366.0,165.0,185.0,44.0,44.0,84.0,87.0,21.0,103.0,26.0,5.0,166.0,169.0,117.0,125.0,116.0,68.0,100.0,76.0,189.0,276.0,0.0,6.0,195.0,198.0,183.0,134.0,117.0,78.0,204.0,136.0,177.0,262.0,118.0,162.0,23.0,69.0,8899.0
2020-04-04,232.0,270.0,202.0,48.0,112.0,113.0,290.0,374.0,121.0,110.0,0.0,216.0,139.0,153.0,113.0,608.0,540.0,404.0,495.0,50.0,80.0,383.0,145.0,667.0,656.0,97.0,173.0,30.0,39.0,213.0,182.0,18.0,27.0,9.0,7.0,353.0,337.0,460.0,448.0,255.0,166.0,215.0,169.0,357.0,529.0,0.0,0.0,314.0,341.0,407.0,312.0,207.0,192.0,757.0,465.0,693.0,869.0,488.0,611.0,68.0,188.0,16517.0
2020-04-05,345.0,370.0,298.0,40.0,111.0,129.0,569.0,689.0,118.0,129.0,0.0,338.0,228.0,271.0,191.0,1087.0,997.0,686.0,896.0,71.0,112.0,582.0,394.0,1405.0,1339.0,210.0,238.0,39.0,49.0,418.0,373.0,20.0,23.0,17.0,1.0,676.0,642.0,1042.0,810.0,331.0,254.0,418.0,362.0,748.0,1035.0,0.0,0.0,729.0,737.0,747.0,772.0,413.0,394.0,1428.0,912.0,1458.0,1731.0,1115.0,1378.0,97.0,277.0,31289.0
2020-04-06,381.0,398.0,371.0,98.0,120.0,188.0,597.0,633.0,164.0,166.0,0.0,367.0,269.0,240.0,233.0,928.0,720.0,534.0,655.0,128.0,109.0,780.0,461.0,1045.0,1005.0,294.0,320.0,48.0,67.0,279.0,287.0,24.0,89.0,15.0,3.0,475.0,498.0,611.0,568.0,195.0,122.0,287.0,244.0,493.0,731.0,2.0,24.0,532.0,520.0,440.0,372.0,242.0,246.0,911.0,699.0,929.0,1189.0,537.0,691.0,75.0,179.0,23828.0
2020-04-07,475.0,513.0,409.0,102.0,115.0,166.0,730.0,799.0,191.0,194.0,0.0,501.0,329.0,285.0,237.0,1221.0,979.0,651.0,827.0,121.0,146.0,998.0,497.0,1334.0,1268.0,296.0,336.0,61.0,83.0,403.0,362.0,37.0,91.0,13.0,6.0,689.0,610.0,872.0,789.0,191.0,128.0,336.0,330.0,657.0,961.0,7.0,30.0,704.0,670.0,617.0,526.0,376.0,318.0,1290.0,633.0,1315.0,1591.0,692.0,1041.0,73.0,227.0,30449.0
2020-04-08,515.0,542.0,387.0,95.0,117.0,176.0,759.0,850.0,220.0,202.0,0.0,471.0,325.0,289.0,290.0,1192.0,954.0,318.0,547.0,148.0,163.0,929.0,525.0,1442.0,1366.0,327.0,390.0,62.0,77.0,344.0,342.0,39.0,104.0,23.0,14.0,649.0,626.0,863.0,771.0,180.0,132.0,315.0,327.0,662.0,937.0,6.0,33.0,717.0,649.0,637.0,475.0,362.0,312.0,1358.0,716.0,1254.0,1504.0,759.0,1094.0,89.0,252.0,30223.0
2020-04-09,436.0,465.0,321.0,95.0,117.0,191.0,658.0,776.0,200.0,205.0,0.0,404.0,292.0,279.0,270.0,1096.0,887.0,571.0,740.0,145.0,122.0,908.0,410.0,1240.0,1209.0,356.0,346.0,79.0,78.0,315.0,334.0,34.0,79.0,24.0,10.0,651.0,568.0,562.0,651.0,237.0,143.0,314.0,310.0,597.0,892.0,8.0,36.0,656.0,672.0,541.0,417.0,340.0,305.0,1156.0,537.0,1192.0,1373.0,709.0,981.0,79.0,234.0,27853.0
2020-04-10,443.0,472.0,315.0,72.0,119.0,176.0,652.0,718.0,139.0,146.0,0.0,373.0,247.0,285.0,241.0,1125.0,1030.0,788.0,956.0,98.0,137.0,745.0,330.0,1385.0,1396.0,224.0,316.0,50.0,50.0,377.0,375.0,29.0,33.0,11.0,14.0,751.0,676.0,984.0,810.0,384.0,246.0,432.0,384.0,665.0,945.0,0.0,0.0,813.0,808.0,804.0,619.0,465.0,413.0,1519.0,830.0,1615.0,2004.0,1121.0,1476.0,84.0,325.0,33040.0
2020-04-11,501.0,446.0,377.0,61.0,132.0,148.0,631.0,746.0,133.0,115.0,0.0,298.0,246.0,295.0,216.0,1197.0,1051.0,752.0,894.0,74.0,110.0,642.0,327.0,1393.0,1417.0,203.0,293.0,35.0,47.0,390.0,385.0,19.0,28.0,19.0,21.0,721.0,647.0,1227.0,959.0,328.0,205.0,500.0,418.0,712.0,940.0,0.0,0.0,800.0,806.0,777.0,633.0,445.0,384.0,1716.0,965.0,1711.0,2102.0,1205.0,1419.0,114.0,303.0,33679.0
2020-04-12,452.0,442.0,351.0,69.0,145.0,175.0,722.0,878.0,153.0,133.0,0.0,437.0,303.0,320.0,259.0,1262.0,1070.0,884.0,1061.0,87.0,128.0,740.0,403.0,1603.0,1565.0,225.0,293.0,40.0,54.0,390.0,359.0,21.0,25.0,6.0,9.0,791.0,714.0,1060.0,991.0,200.0,131.0,487.0,496.0,733.0,1051.0,0.0,0.0,817.0,910.0,816.0,772.0,461.0,397.0,1787.0,1140.0,1715.0,2082.0,1293.0,1449.0,109.0,305.0,35771.0
2020-04-13,209.0,216.0,195.0,33.0,112.0,111.0,230.0,292.0,83.0,118.0,0.0,160.0,128.0,123.0,88.0,382.0,362.0,257.0,313.0,27.0,53.0,260.0,121.0,496.0,397.0,123.0,128.0,32.0,39.0,139.0,163.0,8.0,13.0,33.0,5.0,227.0,226.0,322.0,261.0,179.0,108.0,139.0,118.0,216.0,312.0,0.0,0.0,255.0,261.0,258.0,182.0,152.0,109.0,376.0,182.0,585.0,606.0,329.0,393.0,33.0,95.0,11373.0
2020-04-14,185.0,215.0,231.0,56.0,106.0,168.0,307.0,378.0,126.0,126.0,0.0,230.0,176.0,130.0,131.0,362.0,284.0,134.0,161.0,64.0,86.0,340.0,153.0,454.0,428.0,157.0,147.0,44.0,45.0,75.0,98.0,23.0,99.0,39.0,1.0,186.0,164.0,127.0,125.0,126.0,85.0,104.0,80.0,201.0,231.0,13.0,40.0,183.0,182.0,184.0,120.0,113.0,90.0,176.0,88.0,248.0,272.0,137.0,188.0,15.0,59.0,9296.0
2020-04-15,432.0,476.0,346.0,132.0,116.0,165.0,594.0,701.0,202.0,198.0,0.0,353.0,302.0,240.0,225.0,867.0,670.0,494.0,593.0,122.0,115.0,176.0,103.0,921.0,927.0,240.0,259.0,51.0,68.0,242.0,223.0,27.0,100.0,16.0,0.0,422.0,393.0,518.0,502.0,220.0,150.0,251.0,199.0,415.0,655.0,10.0,50.0,452.0,455.0,331.0,283.0,280.0,190.0,760.0,422.0,704.0,941.0,424.0,578.0,81.0,168.0,20550.0
2020-04-16,578.0,606.0,443.0,197.0,213.0,131.0,908.0,1006.0,208.0,213.0,0.0,530.0,429.0,200.0,334.0,1412.0,1127.0,841.0,1054.0,142.0,211.0,0.0,0.0,1662.0,1584.0,376.0,455.0,71.0,78.0,409.0,402.0,44.0,106.0,19.0,9.0,812.0,757.0,828.0,906.0,154.0,146.0,394.0,385.0,773.0,1086.0,18.0,48.0,797.0,837.0,709.0,606.0,404.0,335.0,1562.0,818.0,1557.0,1879.0,953.0,1210.0,131.0,336.0,34439.0
2020-04-17,547.0,605.0,341.0,198.0,61.0,72.0,816.0,903.0,214.0,187.0,0.0,533.0,364.0,373.0,290.0,1278.0,1011.0,765.0,939.0,148.0,177.0,0.0,0.0,1523.0,1513.0,350.0,379.0,125.0,173.0,330.0,397.0,43.0,71.0,25.0,11.0,690.0,649.0,895.0,762.0,274.0,171.0,370.0,324.0,684.0,1018.0,1.0,21.0,744.0,798.0,365.0,325.0,390.0,294.0,1332.0,1134.0,1366.0,1678.0,812.0,1097.0,12.0,17.0,30985.0
2020-04-18,579.0,620.0,488.0,106.0,111.0,92.0,840.0,1007.0,137.0,172.0,0.0,465.0,384.0,394.0,324.0,1685.0,1497.0,1039.0,1346.0,172.0,166.0,0.0,0.0,1976.0,1896.0,236.0,329.0,41.0,60.0,573.0,471.0,19.0,53.0,21.0,15.0,1037.0,929.0,1539.0,1332.0,313.0,211.0,543.0,507.0,978.0,1374.0,0.0,0.0,1175.0,1141.0,1168.0,1055.0,534.0,444.0,2350.0,1961.0,2275.0,2773.0,1805.0,2114.0,0.0,0.0,44872.0
2020-04-19,380.0,420.0,193.0,59.0,176.0,88.0,444.0,542.0,113.0,113.0,0.0,229.0,137.0,204.0,209.0,825.0,721.0,526.0,619.0,60.0,130.0,0.0,0.0,948.0,919.0,144.0,221.0,25.0,42.0,251.0,232.0,22.0,21.0,15.0,11.0,444.0,360.0,702.0,584.0,260.0,153.0,252.0,279.0,464.0,602.0,0.0,0.0,483.0,489.0,573.0,448.0,276.0,240.0,961.0,936.0,1039.0,1189.0,606.0,739.0,0.0,0.0,21118.0
2020-04-20,427.0,462.0,405.0,108.0,130.0,91.0,675.0,771.0,205.0,218.0,0.0,496.0,344.0,272.0,259.0,902.0,751.0,524.0,692.0,133.0,130.0,84.0,0.0,1142.0,1114.0,289.0,299.0,66.0,72.0,239.0,217.0,39.0,107.0,14.0,5.0,433.0,421.0,588.0,502.0,331.0,231.0,310.0,274.0,487.0,634.0,4.0,13.0,535.0,500.0,461.0,381.0,288.0,223.0,852.0,695.0,881.0,1035.0,456.0,558.0,0.0,0.0,22775.0
2020-04-21,521.0,525.0,408.0,114.0,168.0,67.0,757.0,884.0,226.0,219.0,0.0,453.0,385.0,301.0,270.0,913.0,781.0,553.0,743.0,104.0,173.0,648.0,293.0,1349.0,1278.0,266.0,347.0,50.0,65.0,286.0,272.0,24.0,95.0,11.0,15.0,582.0,546.0,763.0,598.0,359.0,239.0,285.0,277.0,601.0,819.0,0.0,14.0,597.0,540.0,565.0,446.0,302.0,247.0,953.0,743.0,1101.0,1332.0,588.0,764.0,50.0,166.0,27041.0
2020-04-22,573.0,607.0,497.0,137.0,228.0,102.0,840.0,925.0,321.0,287.0,0.0,540.0,418.0,310.0,311.0,1169.0,1017.0,669.0,854.0,167.0,211.0,1112.0,635.0,1610.0,1496.0,326.0,445.0,60.0,92.0,400.0,364.0,40.0,96.0,9.0,3.0,746.0,672.0,565.0,431.0,382.0,274.0,363.0,364.0,746.0,974.0,0.0,0.0,768.0,681.0,647.0,500.0,389.0,328.0,1231.0,1056.0,1325.0,1557.0,768.0,1073.0,94.0,247.0,33052.0
2020-04-23,597.0,660.0,536.0,179.0,238.0,124.0,904.0,1115.0,278.0,266.0,0.0,545.0,451.0,336.0,333.0,1375.0,1148.0,814.0,938.0,174.0,214.0,1130.0,578.0,1722.0,1640.0,342.0,376.0,76.0,74.0,400.0,363.0,27.0,100.0,11.0,6.0,801.0,762.0,1080.0,896.0,323.0,252.0,377.0,372.0,815.0,1094.0,0.0,0.0,871.0,835.0,787.0,592.0,441.0,349.0,1456.0,1326.0,1546.0,1831.0,898.0,1105.0,100.0,251.0,37230.0
2020-04-24,205.0,218.0,244.0,113.0,88.0,89.0,534.0,652.0,207.0,223.0,0.0,421.0,380.0,327.0,346.0,508.0,361.0,460.0,581.0,83.0,122.0,734.0,297.0,1491.0,1442.0,206.0,201.0,63.0,77.0,213.0,236.0,27.0,92.0,24.0,22.0,695.0,572.0,363.0,330.0,325.0,205.0,348.0,303.0,602.0,683.0,0.0,0.0,561.0,511.0,455.0,441.0,154.0,122.0,472.0,412.0,673.0,797.0,500.0,829.0,39.0,101.0,21780.0
2020-04-25,338.0,346.0,295.0,200.0,200.0,114.0,529.0,598.0,104.0,125.0,0.0,386.0,224.0,239.0,194.0,854.0,730.0,572.0,621.0,103.0,105.0,506.0,243.0,1071.0,1043.0,209.0,245.0,18.0,42.0,294.0,245.0,15.0,42.0,10.0,39.0,457.0,425.0,394.0,379.0,257.0,210.0,245.0,192.0,439.0,729.0,0.0,0.0,526.0,515.0,518.0,456.0,210.0,191.0,958.0,791.0,1077.0,1223.0,669.0,986.0,62.0,149.0,22957.0
2020-04-26,486.0,529.0,329.0,211.0,248.0,97.0,769.0,934.0,160.0,122.0,0.0,439.0,311.0,320.0,250.0,1363.0,1253.0,972.0,1134.0,114.0,153.0,844.0,447.0,1787.0,1581.0,213.0,313.0,24.0,41.0,562.0,490.0,19.0,31.0,12.0,12.0,894.0,777.0,1438.0,1108.0,407.0,255.0,472.0,397.0,824.0,1155.0,0.0,0.0,849.0,936.0,909.0,838.0,454.0,437.0,1856.0,1709.0,1976.0,2150.0,1475.0,1570.0,121.0,328.0,39905.0
2020-04-27,553.0,568.0,448.0,431.0,199.0,105.0,923.0,1026.0,268.0,249.0,0.0,547.0,431.0,324.0,309.0,1225.0,1003.0,759.0,918.0,136.0,179.0,1141.0,572.0,1618.0,1508.0,337.0,373.0,58.0,73.0,338.0,333.0,53.0,136.0,10.0,10.0,737.0,728.0,916.0,767.0,238.0,184.0,386.0,363.0,697.0,999.0,0.0,0.0,706.0,683.0,325.0,340.0,378.0,316.0,1281.0,1247.0,1357.0,1503.0,734.0,949.0,78.0,248.0,33321.0
2020-04-28,579.0,617.0,576.0,487.0,205.0,114.0,889.0,994.0,276.0,242.0,0.0,579.0,458.0,364.0,348.0,1426.0,1097.0,846.0,1030.0,182.0,226.0,1375.0,693.0,1774.0,1611.0,413.0,448.0,81.0,94.0,342.0,312.0,37.0,100.0,24.0,18.0,760.0,715.0,1012.0,796.0,324.0,218.0,397.0,358.0,782.0,1119.0,0.0,0.0,831.0,867.0,678.0,556.0,404.0,295.0,1335.0,1351.0,1347.0,1493.0,820.0,1045.0,96.0,233.0,36689.0
2020-04-29,295.0,284.0,0.0,455.0,160.0,95.0,451.0,516.0,150.0,151.0,0.0,356.0,296.0,244.0,205.0,568.0,474.0,293.0,347.0,107.0,141.0,514.0,316.0,671.0,608.0,218.0,259.0,54.0,70.0,140.0,172.0,46.0,95.0,22.0,6.0,239.0,216.0,270.0,271.0,156.0,117.0,151.0,142.0,248.0,362.0,0.0,0.0,241.0,250.0,331.0,235.0,166.0,132.0,369.0,363.0,359.0,356.0,196.0,307.0,34.0,94.0,14384.0
2020-04-30,364.0,353.0,0.0,137.0,269.0,88.0,656.0,729.0,205.0,195.0,0.0,505.0,376.0,337.0,305.0,974.0,769.0,548.0,678.0,154.0,160.0,996.0,493.0,1080.0,1110.0,274.0,327.0,71.0,72.0,237.0,272.0,42.0,90.0,20.0,11.0,444.0,445.0,573.0,488.0,318.0,195.0,247.0,230.0,547.0,742.0,0.0,0.0,541.0,516.0,459.0,363.0,245.0,195.0,727.0,731.0,664.0,942.0,420.0,629.0,76.0,173.0,23807.0
2020-05-01,389.0,402.0,0.0,204.0,263.0,83.0,607.0,749.0,124.0,116.0,0.0,348.0,244.0,329.0,239.0,1008.0,912.0,683.0,819.0,86.0,132.0,780.0,402.0,1439.0,1424.0,171.0,231.0,34.0,53.0,392.0,342.0,22.0,57.0,19.0,1.0,669.0,605.0,948.0,794.0,375.0,221.0,292.0,288.0,635.0,816.0,0.0,0.0,673.0,609.0,415.0,351.0,309.0,236.0,1347.0,1293.0,1371.0,1664.0,911.0,1106.0,99.0,249.0,29380.0
2020-05-02,233.0,249.0,0.0,279.0,127.0,130.0,314.0,395.0,89.0,86.0,0.0,216.0,133.0,199.0,118.0,580.0,558.0,379.0,478.0,62.0,101.0,444.0,212.0,937.0,879.0,153.0,162.0,22.0,21.0,177.0,153.0,16.0,29.0,18.0,0.0,397.0,417.0,473.0,481.0,253.0,144.0,162.0,159.0,374.0,501.0,0.0,0.0,381.0,426.0,347.0,339.0,187.0,137.0,707.0,621.0,890.0,1027.0,617.0,619.0,55.0,137.0,17800.0
2020-05-03,376.0,401.0,0.0,230.0,118.0,128.0,394.0,486.0,124.0,125.0,0.0,245.0,211.0,201.0,184.0,869.0,763.0,481.0,605.0,79.0,93.0,519.0,283.0,963.0,879.0,147.0,204.0,14.0,26.0,301.0,315.0,18.0,17.0,9.0,0.0,449.0,358.0,753.0,649.0,253.0,198.0,241.0,240.0,532.0,616.0,0.0,0.0,539.0,539.0,462.0,395.0,264.0,188.0,960.0,957.0,948.0,1023.0,728.0,815.0,71.0,164.0,22150.0
2020-05-04,321.0,374.0,0.0,512.0,129.0,200.0,622.0,755.0,186.0,199.0,0.0,457.0,311.0,294.0,272.0,844.0,668.0,414.0,517.0,146.0,172.0,1029.0,458.0,1026.0,1001.0,303.0,365.0,59.0,75.0,186.0,234.0,44.0,0.0,28.0,1.0,419.0,428.0,383.0,325.0,203.0,161.0,240.0,209.0,500.0,627.0,0.0,0.0,453.0,482.0,341.0,275.0,235.0,153.0,505.0,494.0,647.0,791.0,369.0,463.0,72.0,146.0,21123.0
2020-05-05,335.0,375.0,249.0,570.0,161.0,209.0,637.0,774.0,195.0,162.0,0.0,481.0,330.0,254.0,270.0,696.0,599.0,376.0,496.0,141.0,195.0,815.0,464.0,979.0,906.0,309.0,333.0,51.0,77.0,155.0,144.0,49.0,0.0,20.0,19.0,393.0,371.0,356.0,316.0,192.0,151.0,187.0,174.0,486.0,557.0,36.0,38.0,454.0,387.0,328.0,249.0,200.0,139.0,487.0,411.0,495.0,625.0,290.0,395.0,43.0,79.0,19665.0
2020-05-06,341.0,408.0,368.0,311.0,114.0,169.0,696.0,802.0,234.0,190.0,0.0,528.0,382.0,284.0,68.0,850.0,735.0,438.0,622.0,147.0,185.0,857.0,410.0,1142.0,1095.0,358.0,354.0,63.0,71.0,205.0,233.0,48.0,70.0,38.0,25.0,494.0,468.0,502.0,455.0,246.0,185.0,261.0,229.0,531.0,676.0,167.0,238.0,508.0,461.0,456.0,322.0,238.0,177.0,613.0,565.0,633.0,823.0,385.0,521.0,57.0,141.0,23193.0
2020-05-07,508.0,528.0,485.0,751.0,159.0,208.0,782.0,949.0,244.0,217.0,0.0,539.0,433.0,391.0,332.0,1143.0,968.0,623.0,792.0,143.0,176.0,1093.0,490.0,1530.0,1467.0,355.0,417.0,62.0,53.0,357.0,357.0,33.0,116.0,27.0,14.0,692.0,618.0,760.0,685.0,180.0,192.0,318.0,265.0,757.0,966.0,187.0,269.0,815.0,758.0,573.0,440.0,347.0,272.0,1091.0,790.0,1122.0,1495.0,680.0,883.0,82.0,171.0,32150.0
2020-05-08,470.0,489.0,466.0,306.0,176.0,171.0,804.0,982.0,145.0,136.0,0.0,418.0,331.0,350.0,305.0,1532.0,1364.0,903.0,1076.0,125.0,184.0,875.0,435.0,1885.0,1945.0,249.0,301.0,36.0,51.0,575.0,490.0,24.0,55.0,16.0,12.0,906.0,764.0,1441.0,1324.0,137.0,149.0,440.0,360.0,872.0,1220.0,47.0,86.0,1031.0,1002.0,802.0,721.0,419.0,331.0,2079.0,1787.0,2006.0,2591.0,1581.0,1869.0,121.0,313.0,42081.0
2020-05-09,401.0,381.0,477.0,317.0,133.0,157.0,582.0,751.0,119.0,118.0,0.0,359.0,285.0,323.0,245.0,1178.0,1091.0,687.0,826.0,115.0,165.0,708.0,355.0,1702.0,1633.0,185.0,248.0,18.0,51.0,478.0,441.0,23.0,32.0,20.0,14.0,724.0,662.0,1256.0,1063.0,132.0,170.0,387.0,328.0,756.0,1138.0,20.0,62.0,843.0,827.0,680.0,463.0,353.0,307.0,1772.0,1707.0,1842.0,2147.0,1336.0,1720.0,81.0,332.0,35726.0
2020-05-10,304.0,305.0,307.0,121.0,108.0,134.0,369.0,415.0,123.0,104.0,0.0,240.0,175.0,167.0,137.0,738.0,680.0,451.0,564.0,62.0,103.0,516.0,312.0,1021.0,906.0,119.0,147.0,21.0,39.0,212.0,181.0,26.0,25.0,23.0,11.0,435.0,373.0,599.0,551.0,84.0,130.0,221.0,218.0,521.0,655.0,25.0,75.0,454.0,473.0,180.0,43.0,249.0,202.0,983.0,929.0,1005.0,1121.0,732.0,795.0,15.0,38.0,20272.0
2020-05-11,116.0,132.0,221.0,36.0,92.0,143.0,242.0,286.0,117.0,97.0,0.0,203.0,107.0,119.0,102.0,276.0,249.0,119.0,124.0,49.0,123.0,341.0,236.0,406.0,298.0,158.0,193.0,54.0,56.0,79.0,113.0,24.0,91.0,16.0,6.0,116.0,117.0,114.0,116.0,45.0,64.0,67.0,60.0,175.0,190.0,136.0,216.0,173.0,133.0,68.0,17.0,78.0,56.0,127.0,101.0,133.0,132.0,76.0,112.0,6.0,11.0,7663.0
2020-05-12,402.0,429.0,353.0,58.0,167.0,250.0,634.0,729.0,245.0,208.0,0.0,542.0,377.0,282.0,286.0,726.0,613.0,369.0,502.0,126.0,172.0,782.0,443.0,1024.0,978.0,293.0,320.0,41.0,65.0,199.0,190.0,33.0,98.0,30.0,6.0,358.0,350.0,921.0,882.0,221.0,171.0,216.0,205.0,441.0,570.0,170.0,241.0,388.0,389.0,337.0,231.0,227.0,170.0,564.0,500.0,606.0,776.0,305.0,459.0,57.0,131.0,21858.0
2020-05-13,310.0,330.0,415.0,56.0,142.0,208.0,681.0,746.0,200.0,206.0,0.0,435.0,328.0,284.0,245.0,799.0,654.0,381.0,490.0,143.0,198.0,878.0,440.0,1000.0,916.0,341.0,378.0,67.0,81.0,250.0,235.0,33.0,106.0,27.0,5.0,411.0,410.0,866.0,897.0,198.0,154.0,208.0,223.0,515.0,649.0,174.0,250.0,475.0,441.0,231.0,150.0,236.0,162.0,551.0,522.0,538.0,621.0,298.0,436.0,57.0,113.0,21794.0
2020-05-14,299.0,320.0,409.0,72.0,153.0,223.0,572.0,637.0,240.0,199.0,0.0,430.0,300.0,261.0,277.0,710.0,571.0,387.0,460.0,136.0,174.0,734.0,390.0,864.0,798.0,331.0,306.0,55.0,74.0,208.0,221.0,30.0,107.0,30.0,15.0,359.0,324.0,844.0,843.0,118.0,130.0,183.0,182.0,396.0,497.0,174.0,250.0,383.0,362.0,165.0,52.0,180.0,109.0,504.0,466.0,438.0,549.0,307.0,421.0,51.0,111.0,19391.0
2020-05-15,333.0,363.0,421.0,74.0,180.0,202.0,604.0,751.0,241.0,210.0,0.0,499.0,327.0,300.0,276.0,787.0,683.0,448.0,553.0,157.0,207.0,759.0,371.0,1004.0,989.0,353.0,310.0,59.0,72.0,192.0,232.0,28.0,146.0,32.0,9.0,474.0,407.0,972.0,965.0,176.0,172.0,217.0,183.0,521.0,690.0,147.0,218.0,523.0,509.0,291.0,211.0,218.0,172.0,625.0,541.0,630.0,830.0,388.0,574.0,62.0,105.0,22993.0
2020-05-16,14.0,11.0,21.0,0.0,8.0,9.0,756.0,901.0,156.0,143.0,0.0,246.0,215.0,356.0,272.0,25.0,10.0,425.0,992.0,5.0,2.0,199.0,13.0,1814.0,1670.0,7.0,12.0,35.0,72.0,462.0,531.0,1.0,11.0,1.0,0.0,895.0,813.0,2944.0,2981.0,168.0,197.0,449.0,375.0,1016.0,1303.0,0.0,0.0,1001.0,968.0,458.0,429.0,2.0,11.0,15.0,10.0,1745.0,2152.0,1472.0,1842.0,3.0,1.0,30645.0
2020-05-17,0.0,0.0,0.0,0.0,0.0,0.0,807.0,927.0,141.0,113.0,0.0,305.0,245.0,369.0,319.0,0.0,0.0,868.0,1050.0,0.0,0.0,200.0,0.0,2016.0,1768.0,0.0,0.0,21.0,52.0,520.0,530.0,0.0,0.0,0.0,0.0,935.0,863.0,2879.0,3093.0,219.0,286.0,471.0,508.0,971.0,1288.0,0.0,0.0,985.0,1002.0,754.0,862.0,0.0,0.0,0.0,0.0,2171.0,2590.0,1642.0,1781.0,0.0,0.0,33551.0
2020-05-18,608.0,618.0,420.0,105.0,178.0,237.0,1032.0,1183.0,268.0,230.0,0.0,654.0,435.0,379.0,360.0,1253.0,1034.0,813.0,1019.0,208.0,279.0,1394.0,686.0,1838.0,1750.0,437.0,501.0,74.0,112.0,349.0,368.0,33.0,96.0,25.0,15.0,778.0,689.0,1855.0,1992.0,90.0,68.0,400.0,349.0,831.0,1051.0,161.0,224.0,801.0,783.0,596.0,474.0,326.0,291.0,1177.0,1133.0,1162.0,1540.0,683.0,956.0,105.0,188.0,37694.0
2020-05-19,607.0,647.0,408.0,102.0,190.0,284.0,1143.0,1334.0,349.0,322.0,0.0,693.0,512.0,461.0,407.0,1591.0,1186.0,825.0,1021.0,247.0,289.0,1676.0,835.0,1994.0,1872.0,516.0,572.0,88.0,113.0,419.0,423.0,46.0,64.0,17.0,12.0,876.0,828.0,1814.0,1965.0,164.0,197.0,364.0,344.0,923.0,1152.0,181.0,269.0,909.0,852.0,650.0,390.0,400.0,318.0,1282.0,909.0,1179.0,1602.0,742.0,1035.0,89.0,172.0,40871.0
2020-05-20,511.0,572.0,419.0,95.0,139.0,247.0,1010.0,1163.0,339.0,331.0,0.0,592.0,426.0,394.0,357.0,1167.0,929.0,664.0,821.0,195.0,265.0,1284.0,695.0,1566.0,1464.0,497.0,513.0,85.0,91.0,321.0,304.0,52.0,73.0,21.0,1.0,667.0,605.0,1296.0,1404.0,188.0,176.0,310.0,294.0,754.0,982.0,187.0,256.0,709.0,680.0,305.0,129.0,345.0,246.0,851.0,757.0,826.0,1072.0,522.0,737.0,92.0,164.0,32157.0
2020-05-21,619.0,589.0,483.0,103.0,203.0,276.0,1089.0,1270.0,349.0,319.0,0.0,720.0,494.0,474.0,413.0,1392.0,1144.0,783.0,993.0,220.0,232.0,1465.0,764.0,1837.0,1754.0,473.0,605.0,79.0,105.0,370.0,409.0,39.0,53.0,15.0,0.0,778.0,723.0,1759.0,1946.0,166.0,187.0,380.0,388.0,890.0,1140.0,196.0,272.0,852.0,787.0,257.0,75.0,422.0,362.0,1178.0,1028.0,1216.0,1574.0,754.0,1036.0,102.0,234.0,38835.0
2020-05-22,464.0,478.0,357.0,111.0,125.0,232.0,831.0,974.0,256.0,230.0,0.0,490.0,353.0,335.0,329.0,1248.0,937.0,678.0,797.0,189.0,225.0,1343.0,690.0,1457.0,1476.0,415.0,450.0,62.0,84.0,323.0,339.0,38.0,67.0,15.0,11.0,733.0,663.0,1588.0,1377.0,51.0,27.0,305.0,254.0,794.0,1028.0,146.0,234.0,766.0,698.0,262.0,44.0,275.0,259.0,1092.0,1000.0,989.0,1392.0,633.0,943.0,108.0,213.0,32283.0
2020-05-23,116.0,122.0,137.0,20.0,78.0,83.0,135.0,153.0,44.0,37.0,0.0,95.0,69.0,65.0,59.0,195.0,173.0,107.0,158.0,30.0,66.0,169.0,111.0,237.0,243.0,49.0,65.0,12.0,22.0,75.0,81.0,16.0,16.0,6.0,1.0,67.0,61.0,302.0,296.0,21.0,38.0,36.0,30.0,90.0,129.0,25.0,49.0,75.0,83.0,61.0,7.0,65.0,43.0,185.0,165.0,140.0,176.0,108.0,133.0,26.0,31.0,5487.0
2020-05-24,327.0,282.0,228.0,67.0,178.0,157.0,515.0,608.0,144.0,107.0,0.0,282.0,143.0,225.0,173.0,912.0,852.0,483.0,638.0,96.0,96.0,609.0,337.0,1169.0,1105.0,140.0,218.0,19.0,38.0,292.0,305.0,14.0,8.0,13.0,15.0,535.0,500.0,1641.0,1683.0,108.0,150.0,254.0,248.0,621.0,833.0,50.0,85.0,608.0,620.0,223.0,45.0,265.0,212.0,1152.0,958.0,1175.0,1303.0,127.0,489.0,85.0,165.0,24930.0
2020-05-25,204.0,248.0,281.0,52.0,122.0,185.0,515.0,598.0,202.0,172.0,0.0,362.0,233.0,221.0,192.0,464.0,408.0,285.0,331.0,118.0,142.0,519.0,292.0,616.0,629.0,266.0,264.0,41.0,74.0,132.0,118.0,27.0,35.0,27.0,8.0,236.0,217.0,377.0,356.0,78.0,73.0,127.0,128.0,293.0,335.0,174.0,276.0,238.0,242.0,157.0,73.0,141.0,87.0,183.0,149.0,171.0,232.0,121.0,198.0,19.0,47.0,13111.0
2020-05-26,489.0,437.0,367.0,91.0,154.0,256.0,918.0,1029.0,251.0,251.0,0.0,684.0,423.0,397.0,353.0,1057.0,840.0,590.0,740.0,189.0,219.0,1079.0,573.0,1421.0,1256.0,435.0,408.0,61.0,84.0,273.0,265.0,35.0,104.0,33.0,13.0,559.0,510.0,1208.0,1244.0,125.0,121.0,277.0,262.0,606.0,812.0,178.0,264.0,602.0,526.0,599.0,401.0,286.0,222.0,686.0,523.0,820.0,939.0,415.0,559.0,53.0,101.0,28673.0
2020-05-27,574.0,610.0,494.0,148.0,191.0,317.0,1216.0,1366.0,340.0,328.0,0.0,818.0,552.0,502.0,426.0,1560.0,1254.0,855.0,1085.0,229.0,208.0,1557.0,805.0,1930.0,1812.0,526.0,581.0,90.0,91.0,395.0,407.0,35.0,69.0,19.0,6.0,886.0,818.0,2007.0,2136.0,101.0,114.0,377.0,374.0,1000.0,1281.0,168.0,227.0,911.0,872.0,818.0,618.0,403.0,342.0,1379.0,1122.0,1343.0,1611.0,819.0,1043.0,100.0,201.0,42467.0
2020-05-28,227.0,235.0,319.0,37.0,117.0,197.0,397.0,481.0,190.0,191.0,0.0,346.0,232.0,206.0,215.0,453.0,372.0,258.0,310.0,120.0,137.0,527.0,263.0,567.0,539.0,197.0,273.0,35.0,45.0,123.0,156.0,28.0,88.0,21.0,5.0,222.0,214.0,391.0,387.0,83.0,309.0,125.0,122.0,224.0,298.0,176.0,250.0,174.0,200.0,222.0,141.0,138.0,107.0,210.0,182.0,297.0,349.0,142.0,236.0,28.0,47.0,13181.0
2020-05-29,458.0,369.0,489.0,58.0,195.0,282.0,818.0,1057.0,260.0,222.0,0.0,557.0,391.0,349.0,310.0,1120.0,992.0,653.0,843.0,176.0,227.0,1073.0,522.0,1361.0,1309.0,351.0,410.0,63.0,70.0,272.0,277.0,35.0,98.0,22.0,24.0,564.0,557.0,1531.0,1621.0,93.0,120.0,324.0,310.0,656.0,889.0,151.0,238.0,717.0,620.0,616.0,406.0,301.0,276.0,872.0,613.0,997.0,1266.0,587.0,747.0,59.0,100.0,30944.0
2020-05-30,384.0,331.0,433.0,37.0,184.0,230.0,688.0,844.0,103.0,106.0,0.0,362.0,248.0,294.0,241.0,1135.0,1032.0,656.0,847.0,134.0,137.0,680.0,383.0,1491.0,1403.0,209.0,274.0,31.0,48.0,363.0,429.0,18.0,37.0,18.0,10.0,668.0,643.0,2230.0,2190.0,181.0,211.0,329.0,310.0,679.0,983.0,73.0,104.0,774.0,710.0,737.0,637.0,356.0,270.0,1458.0,947.0,1565.0,1743.0,1087.0,1437.0,82.0,144.0,34368.0
2020-05-31,225.0,203.0,233.0,32.0,59.0,149.0,219.0,241.0,78.0,71.0,0.0,136.0,106.0,99.0,99.0,348.0,295.0,206.0,262.0,37.0,57.0,302.0,137.0,420.0,375.0,135.0,108.0,11.0,17.0,116.0,114.0,10.0,20.0,22.0,3.0,156.0,136.0,468.0,535.0,41.0,107.0,95.0,80.0,153.0,223.0,45.0,67.0,183.0,189.0,170.0,129.0,120.0,93.0,353.0,307.0,328.0,332.0,227.0,231.0,41.0,87.0,9841.0
2020-06-01,602.0,531.0,663.0,85.0,173.0,341.0,1082.0,1271.0,354.0,341.0,0.0,688.0,467.0,446.0,401.0,1360.0,1123.0,838.0,1037.0,224.0,237.0,1451.0,701.0,1740.0,1656.0,480.0,503.0,93.0,111.0,342.0,350.0,50.0,103.0,26.0,15.0,704.0,629.0,1886.0,1927.0,732.0,2389.0,367.0,323.0,767.0,1087.0,185.0,278.0,786.0,728.0,695.0,548.0,349.0,275.0,1159.0,842.0,1166.0,1413.0,663.0,938.0,54.0,92.0,40867.0
2020-06-02,398.0,393.0,567.0,112.0,167.0,277.0,1026.0,1164.0,283.0,255.0,0.0,697.0,451.0,446.0,357.0,1210.0,954.0,609.0,789.0,216.0,172.0,1458.0,732.0,1665.0,1471.0,470.0,501.0,69.0,115.0,294.0,310.0,40.0,115.0,10.0,10.0,708.0,657.0,1289.0,1346.0,216.0,451.0,263.0,269.0,815.0,992.0,180.0,272.0,800.0,678.0,613.0,464.0,310.0,227.0,771.0,643.0,833.0,972.0,497.0,761.0,63.0,149.0,33042.0
2020-06-03,468.0,486.0,566.0,119.0,163.0,273.0,996.0,1155.0,238.0,250.0,0.0,693.0,436.0,423.0,313.0,1281.0,962.0,709.0,910.0,245.0,177.0,1340.0,836.0,1515.0,1452.0,454.0,528.0,73.0,87.0,292.0,263.0,35.0,74.0,8.0,5.0,717.0,593.0,1418.0,1278.0,1138.0,3071.0,340.0,325.0,684.0,881.0,189.0,270.0,698.0,604.0,552.0,429.0,308.0,257.0,868.0,791.0,798.0,952.0,459.0,713.0,82.0,134.0,36374.0
2020-06-04,345.0,341.0,455.0,68.0,131.0,208.0,739.0,810.0,246.0,223.0,0.0,521.0,311.0,290.0,245.0,796.0,604.0,418.0,507.0,165.0,189.0,1011.0,600.0,993.0,920.0,354.0,348.0,50.0,71.0,224.0,243.0,53.0,76.0,27.0,11.0,436.0,377.0,702.0,741.0,127.0,1815.0,207.0,169.0,450.0,569.0,187.0,267.0,444.0,395.0,349.0,253.0,233.0,184.0,411.0,396.0,470.0,578.0,272.0,394.0,52.0,134.0,23205.0
2020-06-05,242.0,248.0,362.0,56.0,123.0,172.0,520.0,581.0,216.0,176.0,0.0,325.0,252.0,249.0,211.0,496.0,410.0,308.0,391.0,126.0,154.0,726.0,422.0,704.0,703.0,282.0,289.0,33.0,58.0,125.0,124.0,56.0,79.0,24.0,2.0,296.0,276.0,589.0,546.0,168.0,873.0,150.0,109.0,292.0,449.0,158.0,240.0,304.0,280.0,222.0,201.0,133.0,116.0,348.0,325.0,337.0,451.0,210.0,396.0,43.0,103.0,16860.0
2020-06-06,214.0,280.0,307.0,50.0,89.0,119.0,382.0,462.0,86.0,116.0,0.0,216.0,110.0,193.0,102.0,666.0,555.0,389.0,430.0,96.0,92.0,484.0,250.0,743.0,777.0,142.0,166.0,20.0,25.0,254.0,206.0,18.0,35.0,14.0,1.0,424.0,373.0,1062.0,978.0,233.0,1635.0,182.0,187.0,422.0,618.0,38.0,71.0,443.0,431.0,380.0,280.0,186.0,178.0,754.0,603.0,660.0,824.0,518.0,677.0,76.0,163.0,20485.0
2020-06-07,251.0,297.0,258.0,35.0,85.0,160.0,347.0,410.0,112.0,90.0,0.0,195.0,139.0,148.0,142.0,616.0,600.0,392.0,529.0,57.0,85.0,412.0,259.0,717.0,643.0,115.0,140.0,9.0,19.0,184.0,192.0,19.0,25.0,10.0,0.0,340.0,280.0,1079.0,1162.0,1389.0,8127.0,210.0,178.0,328.0,458.0,58.0,79.0,331.0,282.0,348.0,310.0,217.0,194.0,742.0,656.0,808.0,821.0,419.0,524.0,36.0,98.0,27166.0
2020-06-08,432.0,412.0,449.0,100.0,125.0,266.0,861.0,968.0,252.0,289.0,0.0,499.0,422.0,351.0,316.0,1064.0,776.0,596.0,671.0,177.0,198.0,1206.0,803.0,1175.0,1122.0,372.0,430.0,67.0,85.0,182.0,200.0,34.0,96.0,16.0,3.0,488.0,447.0,1060.0,1143.0,783.0,7237.0,231.0,234.0,580.0,721.0,170.0,255.0,544.0,528.0,489.0,334.0,243.0,188.0,634.0,601.0,582.0,718.0,371.0,530.0,51.0,120.0,34297.0
2020-06-09,460.0,381.0,483.0,100.0,165.0,246.0,914.0,1121.0,326.0,253.0,0.0,580.0,424.0,396.0,332.0,1184.0,943.0,633.0,752.0,193.0,173.0,1312.0,1132.0,1349.0,1268.0,422.0,480.0,62.0,82.0,231.0,284.0,45.0,115.0,17.0,10.0,585.0,550.0,1325.0,1396.0,461.0,18856.0,297.0,280.0,705.0,895.0,186.0,276.0,706.0,608.0,577.0,403.0,283.0,232.0,758.0,689.0,765.0,942.0,414.0,534.0,69.0,139.0,49799.0
2020-06-10,175.0,168.0,335.0,47.0,88.0,196.0,370.0,460.0,170.0,151.0,0.0,282.0,186.0,173.0,164.0,373.0,294.0,199.0,181.0,122.0,127.0,524.0,422.0,443.0,393.0,205.0,204.0,38.0,50.0,113.0,117.0,45.0,90.0,14.0,3.0,131.0,136.0,277.0,303.0,131.0,180.0,116.0,76.0,185.0,236.0,182.0,299.0,165.0,147.0,194.0,137.0,108.0,69.0,123.0,124.0,111.0,118.0,73.0,96.0,22.0,40.0,10701.0
2020-06-11,377.0,384.0,418.0,81.0,136.0,228.0,732.0,798.0,271.0,263.0,0.0,564.0,348.0,359.0,271.0,962.0,737.0,500.0,643.0,157.0,179.0,1072.0,934.0,999.0,1010.0,253.0,349.0,45.0,70.0,405.0,369.0,46.0,94.0,24.0,6.0,458.0,408.0,1191.0,1172.0,95.0,2257.0,253.0,237.0,511.0,773.0,191.0,305.0,492.0,455.0,370.0,328.0,278.0,214.0,748.0,688.0,653.0,874.0,403.0,671.0,56.0,181.0,28346.0
2020-06-12,382.0,352.0,404.0,81.0,114.0,267.0,988.0,1151.0,207.0,156.0,0.0,602.0,419.0,474.0,361.0,1197.0,896.0,688.0,847.0,148.0,124.0,1364.0,1021.0,1580.0,1571.0,324.0,457.0,72.0,91.0,327.0,337.0,34.0,49.0,12.0,0.0,690.0,679.0,1836.0,1867.0,165.0,965.0,357.0,323.0,731.0,1117.0,153.0,231.0,792.0,710.0,561.0,480.0,273.0,221.0,1096.0,942.0,1135.0,1546.0,673.0,1010.0,72.0,179.0,35901.0
2020-06-13,301.0,264.0,362.0,53.0,148.0,211.0,545.0,636.0,145.0,98.0,0.0,318.0,183.0,246.0,151.0,1010.0,829.0,544.0,626.0,93.0,126.0,899.0,798.0,1228.0,1208.0,167.0,227.0,11.0,15.0,259.0,304.0,24.0,62.0,29.0,22.0,544.0,584.0,1782.0,1710.0,262.0,5846.0,314.0,254.0,587.0,809.0,38.0,106.0,646.0,564.0,563.0,503.0,280.0,282.0,1160.0,1056.0,1166.0,1467.0,917.0,1201.0,75.0,147.0,35005.0
2020-06-14,157.0,106.0,232.0,24.0,89.0,135.0,155.0,157.0,50.0,38.0,0.0,109.0,84.0,65.0,38.0,220.0,198.0,143.0,152.0,25.0,109.0,270.0,205.0,292.0,254.0,66.0,105.0,5.0,9.0,58.0,60.0,14.0,25.0,7.0,0.0,93.0,76.0,281.0,274.0,186.0,5262.0,54.0,59.0,143.0,180.0,26.0,72.0,102.0,120.0,98.0,75.0,74.0,59.0,164.0,160.0,199.0,232.0,196.0,190.0,34.0,63.0,12128.0
2020-06-15,530.0,540.0,526.0,112.0,181.0,294.0,941.0,1152.0,204.0,174.0,0.0,603.0,473.0,361.0,340.0,1229.0,1028.0,719.0,866.0,139.0,157.0,1362.0,1095.0,1438.0,1398.0,424.0,453.0,69.0,74.0,336.0,301.0,45.0,112.0,14.0,11.0,561.0,512.0,1604.0,1680.0,84.0,85.0,306.0,283.0,627.0,888.0,172.0,308.0,692.0,623.0,504.0,417.0,346.0,298.0,943.0,847.0,930.0,1204.0,540.0,744.0,63.0,131.0,33093.0
2020-06-16,593.0,541.0,573.0,143.0,184.0,376.0,1259.0,1398.0,325.0,258.0,0.0,795.0,546.0,493.0,453.0,1470.0,1219.0,864.0,1033.0,210.0,222.0,1787.0,1499.0,1898.0,1643.0,532.0,589.0,67.0,106.0,407.0,430.0,69.0,110.0,16.0,26.0,831.0,745.0,2001.0,2070.0,130.0,82.0,373.0,392.0,898.0,1253.0,193.0,324.0,931.0,825.0,761.0,583.0,432.0,334.0,1246.0,1106.0,1224.0,1587.0,713.0,1020.0,88.0,163.0,42439.0
2020-06-17,466.0,480.0,591.0,138.0,107.0,287.0,1049.0,1180.0,209.0,188.0,0.0,778.0,458.0,435.0,387.0,1272.0,1033.0,752.0,897.0,184.0,155.0,1484.0,1365.0,1730.0,1490.0,464.0,573.0,66.0,112.0,326.0,317.0,46.0,133.0,18.0,8.0,786.0,711.0,1639.0,1694.0,117.0,90.0,340.0,295.0,807.0,1106.0,195.0,310.0,764.0,703.0,636.0,460.0,375.0,290.0,1009.0,965.0,981.0,1231.0,562.0,828.0,91.0,201.0,36364.0
2020-06-18,231.0,230.0,418.0,64.0,69.0,158.0,509.0,626.0,122.0,112.0,0.0,412.0,278.0,284.0,270.0,434.0,375.0,289.0,322.0,141.0,73.0,661.0,528.0,604.0,550.0,262.0,256.0,62.0,67.0,125.0,141.0,41.0,95.0,16.0,3.0,234.0,195.0,443.0,466.0,68.0,66.0,133.0,111.0,241.0,316.0,167.0,313.0,229.0,197.0,265.0,161.0,185.0,133.0,245.0,241.0,164.0,256.0,136.0,204.0,37.0,56.0,14090.0
2020-06-19,235.0,199.0,365.0,38.0,68.0,160.0,429.0,484.0,108.0,92.0,0.0,342.0,206.0,209.0,153.0,405.0,316.0,195.0,279.0,104.0,69.0,624.0,519.0,576.0,549.0,212.0,264.0,48.0,39.0,104.0,111.0,29.0,105.0,24.0,7.0,185.0,199.0,417.0,348.0,26.0,18.0,90.0,76.0,300.0,404.0,161.0,254.0,243.0,242.0,199.0,145.0,96.0,77.0,194.0,176.0,283.0,391.0,191.0,273.0,40.0,52.0,12747.0
2020-06-20,107.0,87.0,231.0,11.0,92.0,102.0,82.0,123.0,30.0,20.0,0.0,95.0,45.0,60.0,44.0,133.0,115.0,67.0,71.0,25.0,40.0,136.0,120.0,125.0,140.0,57.0,89.0,8.0,13.0,21.0,23.0,17.0,23.0,5.0,2.0,33.0,36.0,171.0,134.0,8.0,9.0,44.0,29.0,50.0,88.0,16.0,80.0,36.0,37.0,79.0,51.0,43.0,46.0,112.0,109.0,62.0,76.0,55.0,75.0,0.0,1.0,3839.0
2020-06-21,315.0,270.0,298.0,53.0,147.0,178.0,471.0,515.0,118.0,155.0,0.0,304.0,130.0,225.0,140.0,895.0,773.0,442.0,568.0,97.0,97.0,645.0,490.0,899.0,829.0,201.0,236.0,27.0,30.0,235.0,263.0,24.0,44.0,13.0,4.0,400.0,381.0,1478.0,1443.0,25.0,21.0,204.0,212.0,466.0,704.0,63.0,93.0,474.0,464.0,409.0,443.0,302.0,237.0,882.0,810.0,803.0,941.0,672.0,929.0,0.0,0.0,22987.0
2020-06-22,530.0,485.0,552.0,131.0,184.0,299.0,1110.0,1244.0,246.0,193.0,0.0,686.0,516.0,444.0,1122.0,1410.0,1144.0,734.0,942.0,200.0,226.0,1477.0,1070.0,1627.0,1548.0,443.0,518.0,55.0,70.0,247.0,251.0,48.0,119.0,25.0,19.0,691.0,624.0,1760.0,1838.0,114.0,50.0,335.0,333.0,792.0,1089.0,170.0,300.0,802.0,730.0,699.0,473.0,410.0,280.0,1035.0,806.0,1071.0,1402.0,655.0,904.0,0.0,0.0,37278.0
2020-06-23,541.0,511.0,529.0,126.0,209.0,310.0,1265.0,1482.0,308.0,241.0,0.0,727.0,517.0,419.0,403.0,1435.0,1239.0,836.0,1065.0,227.0,209.0,1641.0,1363.0,1869.0,1784.0,487.0,572.0,48.0,61.0,307.0,306.0,55.0,112.0,15.0,16.0,860.0,754.0,1985.0,2088.0,110.0,76.0,385.0,372.0,955.0,1264.0,191.0,323.0,960.0,827.0,771.0,548.0,437.0,323.0,1153.0,987.0,1245.0,1668.0,822.0,1153.0,0.0,0.0,41492.0
2020-06-24,316.0,333.0,407.0,126.0,147.0,270.0,849.0,982.0,262.0,216.0,0.0,629.0,379.0,320.0,347.0,863.0,702.0,499.0,626.0,207.0,139.0,1116.0,965.0,1167.0,1075.0,408.0,456.0,0.0,0.0,145.0,152.0,48.0,116.0,15.0,14.0,512.0,504.0,861.0,883.0,155.0,164.0,213.0,207.0,600.0,806.0,185.0,319.0,515.0,466.0,463.0,306.0,285.0,186.0,489.0,452.0,553.0,765.0,427.0,567.0,25.0,62.0,25266.0
2020-06-25,401.0,360.0,531.0,82.0,166.0,311.0,934.0,1099.0,206.0,161.0,0.0,696.0,424.0,400.0,359.0,1098.0,872.0,562.0,750.0,192.0,100.0,1325.0,1323.0,1446.0,1402.0,396.0,440.0,0.0,0.0,232.0,253.0,58.0,91.0,25.0,2.0,677.0,579.0,1413.0,1417.0,221.0,210.0,300.0,282.0,621.0,974.0,185.0,306.0,691.0,583.0,561.0,465.0,360.0,277.0,869.0,792.0,773.0,1115.0,456.0,732.0,76.0,151.0,31783.0
2020-06-26,338.0,313.0,477.0,64.0,157.0,261.0,711.0,824.0,228.0,172.0,0.0,450.0,353.0,315.0,280.0,823.0,666.0,428.0,532.0,161.0,74.0,1001.0,902.0,1090.0,1073.0,323.0,372.0,0.0,0.0,191.0,190.0,42.0,107.0,12.0,15.0,424.0,411.0,1054.0,1125.0,173.0,181.0,200.0,161.0,467.0,739.0,161.0,255.0,490.0,453.0,456.0,340.0,211.0,181.0,686.0,649.0,603.0,915.0,411.0,678.0,49.0,111.0,24529.0
2020-06-27,312.0,300.0,318.0,62.0,190.0,191.0,548.0,682.0,81.0,73.0,0.0,273.0,241.0,247.0,191.0,992.0,862.0,549.0,672.0,107.0,99.0,866.0,722.0,1257.0,1306.0,156.0,217.0,0.0,0.0,199.0,225.0,17.0,50.0,12.0,7.0,557.0,514.0,1778.0,1771.0,229.0,201.0,242.0,252.0,642.0,979.0,39.0,111.0,652.0,645.0,657.0,529.0,301.0,237.0,1256.0,1073.0,1178.0,1605.0,1000.0,1372.0,77.0,210.0,30131.0
2020-06-28,351.0,335.0,351.0,77.0,192.0,253.0,525.0,603.0,59.0,48.0,0.0,273.0,191.0,247.0,171.0,997.0,862.0,455.0,612.0,98.0,72.0,882.0,648.0,1265.0,1141.0,165.0,212.0,0.0,0.0,215.0,242.0,29.0,25.0,5.0,15.0,438.0,400.0,1675.0,1844.0,189.0,161.0,242.0,250.0,479.0,774.0,36.0,95.0,564.0,499.0,652.0,513.0,312.0,263.0,1125.0,992.0,1232.0,1456.0,855.0,1143.0,66.0,182.0,28053.0
2020-06-29,280.0,264.0,371.0,79.0,74.0,196.0,454.0,515.0,97.0,86.0,0.0,311.0,214.0,212.0,225.0,514.0,428.0,258.0,344.0,101.0,84.0,631.0,518.0,652.0,614.0,168.0,219.0,0.0,0.0,152.0,166.0,33.0,95.0,22.0,3.0,227.0,189.0,679.0,756.0,113.0,110.0,98.0,109.0,265.0,399.0,159.0,268.0,259.0,230.0,260.0,172.0,146.0,117.0,456.0,401.0,420.0,567.0,218.0,375.0,36.0,58.0,15467.0
2020-06-30,478.0,432.0,536.0,157.0,190.0,280.0,1100.0,1296.0,278.0,234.0,0.0,723.0,485.0,432.0,375.0,1190.0,995.0,739.0,893.0,244.0,170.0,1496.0,1241.0,1664.0,1557.0,458.0,509.0,0.0,0.0,179.0,192.0,30.0,119.0,21.0,23.0,784.0,662.0,1659.0,1766.0,266.0,275.0,270.0,262.0,882.0,1254.0,173.0,310.0,838.0,740.0,708.0,500.0,372.0,266.0,1026.0,862.0,995.0,1371.0,662.0,1037.0,66.0,139.0,36861.0
2020-07-01,447.0,476.0,573.0,134.0,205.0,291.0,1081.0,1224.0,273.0,220.0,0.0,729.0,477.0,483.0,406.0,1287.0,1027.0,687.0,912.0,236.0,126.0,1611.0,1318.0,1765.0,1619.0,486.0,532.0,171.0,175.0,259.0,279.0,47.0,118.0,18.0,1.0,796.0,716.0,1710.0,1812.0,238.0,232.0,367.0,328.0,880.0,1200.0,167.0,287.0,846.0,727.0,678.0,504.0,342.0,255.0,1091.0,953.0,984.0,1448.0,713.0,1052.0,88.0,181.0,38288.0
2020-07-02,278.0,316.0,427.0,89.0,170.0,248.0,652.0,777.0,178.0,143.0,0.0,458.0,337.0,312.0,303.0,713.0,553.0,358.0,459.0,157.0,69.0,1010.0,975.0,967.0,912.0,319.0,349.0,130.0,144.0,98.0,106.0,53.0,75.0,20.0,4.0,376.0,316.0,766.0,769.0,117.0,148.0,156.0,146.0,474.0,624.0,149.0,255.0,426.0,346.0,364.0,259.0,243.0,134.0,430.0,385.0,382.0,587.0,305.0,447.0,50.0,100.0,20913.0
2020-07-03,307.0,325.0,454.0,90.0,176.0,202.0,747.0,843.0,156.0,119.0,0.0,451.0,341.0,316.0,301.0,858.0,703.0,473.0,550.0,137.0,87.0,1038.0,805.0,1082.0,1095.0,307.0,387.0,144.0,151.0,188.0,217.0,52.0,108.0,30.0,12.0,398.0,364.0,1175.0,1176.0,135.0,165.0,222.0,200.0,542.0,732.0,133.0,229.0,470.0,438.0,433.0,283.0,245.0,207.0,741.0,643.0,609.0,937.0,476.0,634.0,62.0,118.0,25019.0
2020-07-04,271.0,237.0,345.0,75.0,209.0,184.0,532.0,664.0,169.0,119.0,0.0,340.0,236.0,249.0,162.0,795.0,765.0,427.0,591.0,92.0,84.0,735.0,607.0,1176.0,1195.0,173.0,244.0,80.0,94.0,222.0,236.0,19.0,46.0,10.0,18.0,447.0,423.0,1683.0,1786.0,143.0,149.0,187.0,189.0,531.0,805.0,19.0,75.0,571.0,529.0,513.0,456.0,255.0,232.0,1183.0,941.0,1056.0,1358.0,905.0,1244.0,51.0,170.0,27302.0
2020-07-05,283.0,239.0,228.0,37.0,146.0,150.0,478.0,579.0,114.0,136.0,0.0,288.0,141.0,231.0,198.0,791.0,695.0,407.0,559.0,78.0,63.0,670.0,502.0,1049.0,1042.0,109.0,180.0,57.0,74.0,190.0,183.0,17.0,35.0,16.0,11.0,438.0,357.0,1455.0,1492.0,133.0,135.0,202.0,169.0,439.0,662.0,11.0,61.0,443.0,432.0,489.0,359.0,260.0,233.0,914.0,693.0,1008.0,1201.0,793.0,1016.0,62.0,131.0,23564.0
2020-07-06,335.0,265.0,254.0,65.0,115.0,209.0,473.0,558.0,104.0,134.0,0.0,247.0,173.0,259.0,213.0,746.0,727.0,394.0,470.0,84.0,82.0,593.0,407.0,1010.0,942.0,182.0,205.0,71.0,64.0,259.0,287.0,20.0,46.0,16.0,14.0,448.0,338.0,1397.0,1518.0,115.0,143.0,209.0,231.0,540.0,732.0,18.0,96.0,539.0,465.0,430.0,333.0,232.0,207.0,860.0,666.0,1092.0,1207.0,609.0,791.0,43.0,112.0,23394.0
2020-07-07,384.0,375.0,370.0,111.0,117.0,242.0,789.0,932.0,259.0,243.0,0.0,532.0,359.0,367.0,335.0,839.0,679.0,498.0,660.0,167.0,119.0,1113.0,825.0,1244.0,1216.0,306.0,351.0,130.0,126.0,266.0,251.0,29.0,96.0,18.0,22.0,495.0,463.0,1135.0,1104.0,148.0,180.0,223.0,225.0,599.0,877.0,138.0,221.0,575.0,496.0,440.0,324.0,227.0,200.0,664.0,621.0,698.0,904.0,458.0,638.0,38.0,103.0,26564.0
2020-07-08,182.0,198.0,0.0,0.0,117.0,157.0,436.0,540.0,220.0,194.0,0.0,288.0,223.0,189.0,167.0,403.0,323.0,226.0,233.0,134.0,90.0,653.0,562.0,661.0,556.0,210.0,245.0,105.0,95.0,149.0,177.0,43.0,101.0,27.0,4.0,237.0,193.0,383.0,391.0,87.0,67.0,72.0,83.0,281.0,393.0,141.0,255.0,265.0,197.0,191.0,126.0,134.0,82.0,220.0,185.0,213.0,254.0,157.0,237.0,45.0,58.0,12855.0
2020-07-09,380.0,386.0,377.0,100.0,129.0,207.0,782.0,829.0,277.0,235.0,0.0,507.0,331.0,348.0,298.0,905.0,659.0,397.0,549.0,155.0,62.0,1080.0,921.0,1061.0,1037.0,250.0,339.0,132.0,105.0,203.0,179.0,34.0,76.0,20.0,8.0,420.0,400.0,1060.0,1072.0,122.0,138.0,202.0,166.0,443.0,732.0,504.0,1403.0,398.0,396.0,427.0,315.0,221.0,153.0,670.0,594.0,587.0,870.0,327.0,558.0,46.0,123.0,25705.0
2020-07-10,267.0,262.0,364.0,97.0,181.0,247.0,779.0,835.0,278.0,237.0,0.0,480.0,313.0,328.0,277.0,857.0,704.0,424.0,583.0,147.0,107.0,1173.0,835.0,1191.0,1181.0,312.0,374.0,146.0,154.0,264.0,252.0,49.0,104.0,26.0,23.0,498.0,433.0,1207.0,1293.0,166.0,189.0,175.0,170.0,545.0,772.0,0.0,0.0,547.0,487.0,543.0,354.0,276.0,161.0,733.0,545.0,657.0,955.0,469.0,780.0,62.0,115.0,25983.0
2020-07-11,203.0,196.0,233.0,35.0,145.0,183.0,338.0,407.0,54.0,74.0,0.0,241.0,181.0,164.0,138.0,459.0,410.0,226.0,277.0,60.0,70.0,431.0,387.0,578.0,524.0,68.0,144.0,44.0,44.0,156.0,173.0,25.0,38.0,18.0,1.0,233.0,209.0,826.0,866.0,96.0,109.0,121.0,105.0,219.0,374.0,0.0,0.0,229.0,222.0,249.0,204.0,166.0,141.0,598.0,531.0,451.0,570.0,341.0,470.0,29.0,112.0,14196.0
2020-07-12,432.0,378.0,335.0,70.0,172.0,230.0,667.0,786.0,137.0,150.0,0.0,390.0,209.0,316.0,249.0,1250.0,1113.0,676.0,910.0,153.0,94.0,926.0,682.0,1513.0,1505.0,183.0,245.0,91.0,93.0,351.0,401.0,26.0,28.0,14.0,7.0,735.0,581.0,2346.0,2471.0,237.0,222.0,321.0,314.0,710.0,1077.0,0.0,0.0,726.0,726.0,953.0,633.0,389.0,272.0,1643.0,1323.0,1603.0,1942.0,1181.0,1461.0,88.0,227.0,36963.0
2020-07-13,435.0,423.0,424.0,94.0,194.0,262.0,954.0,1099.0,224.0,179.0,0.0,572.0,416.0,372.0,346.0,1164.0,892.0,599.0,760.0,164.0,122.0,1256.0,1100.0,1476.0,1410.0,404.0,478.0,158.0,296.0,345.0,358.0,76.0,95.0,26.0,24.0,600.0,595.0,1457.0,1501.0,203.0,243.0,268.0,269.0,703.0,962.0,0.0,0.0,670.0,566.0,610.0,382.0,329.0,284.0,1002.0,852.0,931.0,1268.0,574.0,766.0,4.0,6.0,32242.0
2020-07-14,540.0,530.0,466.0,131.0,199.0,306.0,1125.0,1308.0,212.0,177.0,0.0,737.0,555.0,462.0,394.0,1419.0,1066.0,713.0,924.0,171.0,138.0,1507.0,1375.0,1764.0,1651.0,444.0,522.0,171.0,225.0,389.0,393.0,82.0,97.0,12.0,8.0,726.0,704.0,1843.0,1626.0,200.0,204.0,323.0,353.0,878.0,1290.0,0.0,0.0,831.0,718.0,789.0,562.0,441.0,310.0,1181.0,1078.0,1144.0,1598.0,757.0,1192.0,60.0,185.0,39206.0
2020-07-15,311.0,345.0,351.0,118.0,142.0,256.0,782.0,937.0,195.0,164.0,0.0,552.0,318.0,384.0,300.0,817.0,663.0,425.0,577.0,198.0,88.0,1083.0,942.0,1076.0,1015.0,343.0,393.0,149.0,161.0,288.0,266.0,73.0,113.0,21.0,18.0,461.0,448.0,918.0,967.0,135.0,156.0,154.0,145.0,557.0,756.0,0.0,0.0,449.0,419.0,450.0,322.0,294.0,175.0,571.0,575.0,518.0,743.0,381.0,545.0,55.0,109.0,24167.0
2020-07-16,226.0,222.0,325.0,50.0,116.0,178.0,507.0,605.0,116.0,101.0,0.0,363.0,234.0,216.0,228.0,482.0,345.0,222.0,298.0,133.0,62.0,706.0,685.0,695.0,619.0,256.0,241.0,105.0,125.0,151.0,183.0,53.0,125.0,38.0,26.0,213.0,241.0,554.0,523.0,76.0,82.0,89.0,75.0,366.0,437.0,0.0,0.0,313.0,244.0,358.0,200.0,164.0,101.0,340.0,302.0,232.0,337.0,185.0,232.0,37.0,73.0,14811.0
2020-07-17,259.0,265.0,289.0,89.0,154.0,206.0,601.0,643.0,147.0,111.0,0.0,342.0,316.0,260.0,267.0,685.0,514.0,336.0,442.0,128.0,90.0,699.0,676.0,884.0,819.0,245.0,305.0,118.0,145.0,197.0,213.0,53.0,80.0,22.0,5.0,368.0,385.0,905.0,831.0,140.0,137.0,137.0,130.0,467.0,679.0,69.0,56.0,417.0,368.0,446.0,287.0,222.0,139.0,533.0,455.0,468.0,587.0,357.0,564.0,42.0,93.0,19887.0
2020-07-18,86.0,71.0,66.0,13.0,67.0,75.0,286.0,336.0,84.0,94.0,0.0,161.0,161.0,227.0,156.0,143.0,220.0,283.0,384.0,28.0,24.0,132.0,131.0,825.0,832.0,30.0,43.0,79.0,81.0,178.0,134.0,7.0,21.0,12.0,0.0,353.0,311.0,397.0,727.0,132.0,129.0,165.0,155.0,296.0,385.0,35.0,31.0,262.0,280.0,243.0,252.0,82.0,46.0,158.0,251.0,446.0,347.0,512.0,632.0,19.0,57.0,12173.0
2020-07-19,407.0,376.0,235.0,40.0,164.0,201.0,527.0,571.0,99.0,108.0,0.0,219.0,200.0,231.0,173.0,1045.0,816.0,528.0,614.0,113.0,60.0,639.0,569.0,1170.0,1132.0,125.0,227.0,75.0,100.0,329.0,320.0,25.0,24.0,13.0,7.0,432.0,442.0,1747.0,1718.0,206.0,188.0,223.0,232.0,538.0,863.0,68.0,67.0,537.0,529.0,586.0,507.0,315.0,206.0,1279.0,1238.0,1217.0,1448.0,933.0,1089.0,72.0,222.0,28384.0
2020-07-20,375.0,382.0,430.0,142.0,141.0,248.0,907.0,1043.0,138.0,134.0,0.0,488.0,394.0,354.0,326.0,1145.0,843.0,592.0,765.0,178.0,139.0,981.0,832.0,1399.0,1274.0,365.0,422.0,163.0,183.0,252.0,299.0,53.0,171.0,11.0,15.0,558.0,538.0,1350.0,1352.0,196.0,186.0,249.0,246.0,692.0,960.0,118.0,91.0,592.0,542.0,576.0,380.0,303.0,219.0,835.0,719.0,729.0,1087.0,617.0,806.0,65.0,127.0,29717.0
2020-07-21,432.0,389.0,587.0,146.0,168.0,249.0,1032.0,1141.0,173.0,132.0,0.0,585.0,425.0,399.0,390.0,1129.0,904.0,535.0,781.0,177.0,86.0,1096.0,957.0,1505.0,1372.0,382.0,425.0,191.0,205.0,324.0,328.0,56.0,132.0,20.0,28.0,571.0,542.0,1446.0,1503.0,195.0,204.0,270.0,247.0,733.0,1033.0,1.0,12.0,614.0,539.0,595.0,403.0,325.0,234.0,920.0,803.0,815.0,1108.0,600.0,890.0,64.0,152.0,31700.0
2020-07-22,433.0,467.0,551.0,159.0,204.0,291.0,1062.0,1182.0,182.0,145.0,0.0,656.0,471.0,394.0,369.0,1199.0,948.0,677.0,856.0,185.0,116.0,1115.0,1098.0,1677.0,1507.0,384.0,493.0,165.0,180.0,306.0,338.0,52.0,122.0,37.0,27.0,736.0,715.0,1622.0,1729.0,197.0,230.0,301.0,253.0,930.0,1239.0,186.0,191.0,735.0,699.0,672.0,497.0,389.0,272.0,1142.0,1119.0,987.0,1347.0,795.0,1051.0,76.0,237.0,36395.0
2020-07-23,352.0,354.0,612.0,180.0,168.0,299.0,964.0,1076.0,215.0,183.0,0.0,636.0,443.0,363.0,338.0,1134.0,869.0,556.0,722.0,166.0,163.0,1083.0,973.0,1423.0,1354.0,398.0,444.0,170.0,213.0,298.0,272.0,60.0,149.0,41.0,24.0,639.0,585.0,1545.0,1556.0,164.0,162.0,257.0,268.0,708.0,1043.0,161.0,184.0,614.0,560.0,607.0,377.0,341.0,250.0,1046.0,937.0,792.0,1088.0,677.0,956.0,85.0,191.0,32488.0
2020-07-24,311.0,386.0,530.0,141.0,163.0,247.0,864.0,903.0,150.0,116.0,0.0,498.0,370.0,316.0,274.0,868.0,679.0,406.0,562.0,183.0,135.0,851.0,728.0,1132.0,1084.0,286.0,357.0,129.0,161.0,301.0,258.0,67.0,159.0,28.0,11.0,471.0,471.0,1227.0,1201.0,171.0,183.0,204.0,201.0,601.0,856.0,163.0,190.0,526.0,462.0,449.0,344.0,284.0,190.0,788.0,745.0,612.0,872.0,544.0,828.0,65.0,147.0,26449.0
2020-07-25,303.0,270.0,375.0,73.0,184.0,172.0,607.0,649.0,72.0,50.0,0.0,375.0,245.0,266.0,217.0,990.0,698.0,451.0,585.0,120.0,71.0,611.0,581.0,1164.0,1183.0,134.0,259.0,63.0,88.0,258.0,236.0,32.0,31.0,18.0,16.0,390.0,444.0,1565.0,1680.0,150.0,175.0,240.0,233.0,543.0,873.0,67.0,97.0,556.0,513.0,613.0,397.0,290.0,235.0,1188.0,1057.0,941.0,1297.0,949.0,1290.0,85.0,222.0,27537.0
2020-07-26,261.0,239.0,53.0,63.0,170.0,173.0,385.0,397.0,92.0,83.0,0.0,236.0,182.0,178.0,130.0,584.0,543.0,372.0,479.0,72.0,58.0,337.0,253.0,720.0,701.0,112.0,148.0,65.0,59.0,190.0,223.0,22.0,25.0,29.0,8.0,290.0,273.0,1180.0,1268.0,127.0,115.0,197.0,188.0,375.0,526.0,105.0,72.0,299.0,288.0,385.0,233.0,228.0,144.0,742.0,742.0,620.0,759.0,548.0,718.0,51.0,137.0,18252.0
2020-07-27,510.0,509.0,361.0,133.0,168.0,300.0,1004.0,1110.0,225.0,249.0,0.0,561.0,463.0,329.0,325.0,1246.0,880.0,604.0,770.0,180.0,116.0,1056.0,750.0,1389.0,1340.0,388.0,453.0,188.0,186.0,344.0,371.0,38.0,143.0,28.0,19.0,0.0,1.0,1553.0,1585.0,196.0,215.0,264.0,233.0,772.0,1095.0,164.0,177.0,657.0,602.0,587.0,445.0,318.0,256.0,1037.0,932.0,812.0,1127.0,693.0,984.0,87.0,196.0,31724.0
2020-07-28,407.0,444.0,269.0,133.0,145.0,232.0,969.0,1102.0,178.0,218.0,0.0,617.0,428.0,380.0,292.0,1113.0,829.0,514.0,637.0,195.0,127.0,1373.0,1074.0,1463.0,1425.0,407.0,468.0,147.0,194.0,305.0,315.0,57.0,92.0,16.0,14.0,528.0,501.0,0.0,0.0,162.0,193.0,200.0,200.0,798.0,1072.0,125.0,153.0,646.0,573.0,585.0,374.0,321.0,227.0,765.0,665.0,672.0,985.0,599.0,811.0,84.0,133.0,27951.0
2020-07-29,544.0,569.0,529.0,134.0,163.0,310.0,1042.0,1112.0,216.0,172.0,0.0,627.0,435.0,416.0,310.0,1191.0,957.0,596.0,747.0,199.0,149.0,971.0,838.0,1608.0,1455.0,433.0,469.0,163.0,193.0,347.0,323.0,50.0,145.0,25.0,24.0,602.0,580.0,0.0,0.0,203.0,214.0,257.0,275.0,808.0,1161.0,121.0,182.0,682.0,644.0,362.0,265.0,420.0,264.0,1005.0,953.0,772.0,1080.0,671.0,950.0,106.0,229.0,30268.0
2020-07-30,391.0,432.0,563.0,124.0,147.0,284.0,887.0,1028.0,190.0,152.0,0.0,556.0,389.0,366.0,343.0,1087.0,814.0,545.0,676.0,153.0,129.0,7.0,4.0,1439.0,1354.0,345.0,468.0,147.0,154.0,296.0,302.0,56.0,186.0,34.0,12.0,536.0,565.0,0.0,0.0,186.0,187.0,286.0,252.0,717.0,999.0,141.0,161.0,658.0,586.0,269.0,133.0,368.0,258.0,900.0,827.0,694.0,1107.0,688.0,904.0,99.0,195.0,25776.0
2020-07-31,355.0,349.0,573.0,97.0,191.0,269.0,754.0,843.0,202.0,209.0,0.0,473.0,340.0,296.0,266.0,869.0,742.0,402.0,551.0,173.0,100.0,64.0,23.0,1135.0,1112.0,293.0,372.0,140.0,157.0,304.0,296.0,52.0,170.0,27.0,35.0,414.0,439.0,0.0,0.0,160.0,177.0,233.0,204.0,621.0,875.0,144.0,128.0,546.0,469.0,191.0,50.0,293.0,203.0,806.0,675.0,378.0,941.0,572.0,786.0,112.0,150.0,21801.0
2020-08-01,321.0,286.0,344.0,66.0,183.0,147.0,482.0,520.0,92.0,82.0,0.0,298.0,222.0,259.0,191.0,888.0,666.0,404.0,478.0,102.0,76.0,124.0,43.0,943.0,920.0,127.0,215.0,75.0,81.0,281.0,286.0,32.0,55.0,17.0,4.0,367.0,367.0,0.0,0.0,123.0,141.0,215.0,199.0,507.0,755.0,63.0,87.0,455.0,459.0,202.0,33.0,260.0,211.0,997.0,830.0,595.0,1090.0,789.0,1033.0,98.0,198.0,19384.0
2020-08-02,239.0,215.0,309.0,32.0,105.0,95.0,310.0,344.0,64.0,60.0,0.0,225.0,170.0,186.0,134.0,684.0,541.0,305.0,375.0,74.0,29.0,63.0,21.0,601.0,584.0,93.0,196.0,42.0,63.0,164.0,182.0,20.0,39.0,14.0,5.0,267.0,260.0,0.0,0.0,98.0,88.0,146.0,129.0,360.0,496.0,43.0,73.0,343.0,295.0,159.0,21.0,184.0,161.0,779.0,739.0,547.0,725.0,523.0,607.0,68.0,128.0,13822.0
2020-08-03,142.0,118.0,393.0,42.0,70.0,70.0,204.0,209.0,70.0,65.0,0.0,156.0,117.0,82.0,100.0,186.0,142.0,105.0,117.0,84.0,31.0,144.0,74.0,209.0,221.0,100.0,146.0,66.0,49.0,139.0,152.0,42.0,148.0,38.0,3.0,51.0,60.0,0.0,0.0,0.0,0.0,40.0,38.0,80.0,115.0,101.0,119.0,56.0,60.0,58.0,9.0,71.0,42.0,110.0,95.0,64.0,61.0,69.0,72.0,12.0,27.0,5444.0
2020-08-04,229.0,242.0,468.0,65.0,80.0,102.0,301.0,338.0,97.0,105.0,0.0,275.0,192.0,166.0,163.0,213.0,171.0,132.0,179.0,98.0,60.0,230.0,178.0,348.0,368.0,131.0,149.0,61.0,81.0,154.0,159.0,42.0,146.0,42.0,9.0,86.0,114.0,0.0,0.0,0.0,0.0,64.0,60.0,191.0,200.0,109.0,131.0,154.0,118.0,87.0,19.0,90.0,59.0,186.0,169.0,121.0,182.0,107.0,170.0,27.0,45.0,8263.0
2020-08-05,548.0,574.0,605.0,156.0,145.0,176.0,942.0,1043.0,155.0,173.0,0.0,657.0,474.0,422.0,350.0,1293.0,888.0,645.0,831.0,174.0,145.0,239.0,28.0,1519.0,1416.0,359.0,436.0,152.0,162.0,328.0,340.0,78.0,123.0,30.0,18.0,690.0,648.0,0.0,0.0,0.0,0.0,276.0,257.0,895.0,1264.0,76.0,81.0,723.0,680.0,272.0,45.0,410.0,287.0,1241.0,1110.0,932.0,1198.0,751.0,922.0,106.0,220.0,28708.0
2020-08-06,462.0,515.0,570.0,134.0,142.0,166.0,972.0,1099.0,178.0,158.0,0.0,649.0,454.0,421.0,343.0,1033.0,742.0,594.0,758.0,198.0,177.0,242.0,0.0,1509.0,1367.0,391.0,456.0,103.0,80.0,292.0,316.0,49.0,133.0,27.0,0.0,622.0,596.0,0.0,0.0,0.0,0.0,240.0,222.0,740.0,1102.0,0.0,0.0,695.0,542.0,243.0,47.0,344.0,245.0,1044.0,962.0,855.0,1142.0,678.0,914.0,88.0,201.0,26252.0
2020-08-07,313.0,364.0,567.0,89.0,156.0,184.0,732.0,815.0,116.0,105.0,0.0,492.0,350.0,345.0,261.0,892.0,615.0,496.0,608.0,130.0,112.0,173.0,0.0,1114.0,1043.0,283.0,372.0,109.0,134.0,235.0,248.0,44.0,184.0,34.0,6.0,443.0,438.0,0.0,0.0,0.0,0.0,195.0,210.0,547.0,809.0,68.0,22.0,512.0,427.0,209.0,21.0,234.0,193.0,788.0,696.0,570.0,848.0,500.0,766.0,65.0,143.0,20425.0
2020-08-08,263.0,258.0,395.0,40.0,171.0,174.0,449.0,552.0,78.0,81.0,0.0,360.0,228.0,254.0,161.0,727.0,563.0,312.0,415.0,120.0,95.0,134.0,0.0,964.0,877.0,162.0,189.0,77.0,73.0,194.0,199.0,28.0,45.0,22.0,20.0,427.0,386.0,0.0,0.0,0.0,0.0,162.0,173.0,449.0,794.0,128.0,39.0,453.0,459.0,215.0,34.0,211.0,146.0,892.0,809.0,729.0,930.0,779.0,1003.0,111.0,187.0,18196.0
2020-08-09,369.0,295.0,372.0,38.0,131.0,167.0,456.0,545.0,73.0,67.0,0.0,298.0,131.0,285.0,166.0,871.0,619.0,356.0,415.0,92.0,70.0,155.0,0.0,1003.0,949.0,147.0,238.0,60.0,67.0,192.0,202.0,17.0,38.0,29.0,5.0,409.0,333.0,0.0,0.0,0.0,0.0,193.0,163.0,499.0,764.0,122.0,60.0,407.0,390.0,206.0,35.0,238.0,168.0,944.0,876.0,850.0,1035.0,729.0,831.0,119.0,202.0,18491.0
2020-08-10,184.0,224.0,403.0,60.0,76.0,87.0,541.0,620.0,119.0,96.0,0.0,336.0,280.0,250.0,169.0,427.0,365.0,322.0,373.0,113.0,63.0,140.0,0.0,827.0,662.0,195.0,213.0,75.0,64.0,171.0,180.0,36.0,117.0,18.0,9.0,303.0,317.0,0.0,0.0,42.0,73.0,105.0,115.0,516.0,566.0,245.0,56.0,385.0,279.0,86.0,20.0,158.0,96.0,301.0,289.0,298.0,390.0,287.0,280.0,58.0,70.0,13150.0
2020-08-11,408.0,407.0,593.0,109.0,106.0,135.0,781.0,941.0,182.0,169.0,0.0,533.0,366.0,364.0,344.0,939.0,706.0,457.0,632.0,178.0,87.0,224.0,0.0,1187.0,1166.0,301.0,369.0,138.0,128.0,221.0,293.0,38.0,90.0,12.0,11.0,554.0,490.0,0.0,0.0,157.0,151.0,188.0,189.0,630.0,1027.0,235.0,111.0,525.0,511.0,216.0,50.0,260.0,202.0,688.0,628.0,636.0,849.0,509.0,798.0,89.0,145.0,22453.0
2020-08-12,475.0,464.0,600.0,96.0,131.0,181.0,946.0,1028.0,199.0,204.0,0.0,577.0,443.0,367.0,299.0,1180.0,851.0,515.0,660.0,186.0,117.0,525.0,630.0,1425.0,1308.0,336.0,442.0,138.0,158.0,303.0,293.0,40.0,180.0,13.0,14.0,601.0,595.0,1251.0,1316.0,206.0,225.0,195.0,205.0,785.0,1205.0,347.0,127.0,627.0,576.0,210.0,46.0,284.0,215.0,939.0,864.0,809.0,1141.0,645.0,955.0,111.0,243.0,30047.0
2020-08-13,413.0,404.0,567.0,102.0,146.0,186.0,849.0,949.0,193.0,171.0,0.0,632.0,484.0,390.0,340.0,1010.0,706.0,449.0,592.0,160.0,123.0,941.0,1405.0,1351.0,1225.0,320.0,443.0,137.0,143.0,303.0,302.0,52.0,126.0,10.0,20.0,551.0,500.0,1236.0,1113.0,151.0,162.0,236.0,216.0,660.0,967.0,265.0,112.0,568.0,539.0,220.0,47.0,295.0,228.0,791.0,708.0,698.0,959.0,565.0,838.0,30.0,28.0,28327.0
2020-08-14,249.0,227.0,426.0,83.0,95.0,154.0,535.0,561.0,132.0,132.0,0.0,370.0,215.0,218.0,167.0,593.0,454.0,279.0,358.0,119.0,86.0,526.0,777.0,709.0,650.0,210.0,241.0,92.0,90.0,194.0,165.0,30.0,162.0,15.0,82.0,267.0,284.0,676.0,697.0,82.0,113.0,129.0,114.0,351.0,538.0,216.0,69.0,315.0,286.0,127.0,32.0,189.0,129.0,454.0,409.0,358.0,434.0,303.0,405.0,0.0,0.0,16373.0
2020-08-15,294.0,295.0,369.0,69.0,83.0,108.0,480.0,491.0,86.0,84.0,0.0,292.0,180.0,186.0,136.0,678.0,528.0,299.0,405.0,79.0,68.0,504.0,678.0,785.0,748.0,136.0,213.0,49.0,83.0,203.0,204.0,23.0,64.0,28.0,25.0,278.0,262.0,1099.0,1101.0,127.0,113.0,167.0,141.0,343.0,576.0,122.0,52.0,318.0,320.0,145.0,30.0,182.0,148.0,747.0,710.0,638.0,805.0,487.0,710.0,22.0,55.0,18651.0
2020-08-16,362.0,366.0,408.0,64.0,155.0,189.0,612.0,639.0,133.0,121.0,0.0,371.0,235.0,304.0,210.0,1126.0,925.0,485.0,651.0,95.0,77.0,794.0,1169.0,1189.0,1155.0,158.0,250.0,64.0,82.0,343.0,332.0,26.0,47.0,11.0,19.0,532.0,497.0,1848.0,2043.0,187.0,175.0,237.0,237.0,640.0,986.0,163.0,81.0,626.0,563.0,341.0,37.0,331.0,236.0,1323.0,1233.0,1226.0,1509.0,992.0,1250.0,108.0,230.0,30798.0
2020-08-17,359.0,344.0,566.0,105.0,154.0,158.0,737.0,870.0,244.0,208.0,0.0,446.0,333.0,333.0,290.0,874.0,719.0,472.0,599.0,147.0,69.0,407.0,658.0,1184.0,1057.0,367.0,401.0,136.0,169.0,267.0,296.0,110.0,177.0,9.0,16.0,535.0,524.0,973.0,972.0,161.0,158.0,215.0,179.0,684.0,960.0,295.0,103.0,559.0,493.0,179.0,43.0,295.0,203.0,632.0,603.0,619.0,756.0,433.0,659.0,86.0,134.0,24734.0
2020-08-18,310.0,347.0,565.0,90.0,78.0,133.0,522.0,626.0,113.0,130.0,0.0,384.0,271.0,250.0,212.0,474.0,404.0,231.0,342.0,125.0,75.0,462.0,629.0,718.0,689.0,239.0,309.0,114.0,114.0,212.0,248.0,174.0,172.0,12.0,29.0,261.0,270.0,611.0,525.0,97.0,112.0,122.0,99.0,387.0,564.0,222.0,69.0,274.0,270.0,127.0,34.0,174.0,140.0,339.0,329.0,354.0,412.0,249.0,326.0,57.0,104.0,16331.0
2020-08-19,486.0,473.0,724.0,178.0,37.0,187.0,916.0,1063.0,222.0,187.0,0.0,711.0,470.0,405.0,350.0,1240.0,772.0,615.0,731.0,192.0,123.0,770.0,1276.0,1390.0,1284.0,177.0,263.0,129.0,202.0,376.0,371.0,97.0,129.0,6.0,10.0,669.0,612.0,1460.0,1444.0,188.0,166.0,251.0,223.0,824.0,1243.0,183.0,105.0,697.0,629.0,239.0,36.0,271.0,198.0,1011.0,1032.0,941.0,1231.0,636.0,925.0,108.0,162.0,32046.0
2020-08-20,412.0,306.0,553.0,120.0,0.0,191.0,823.0,930.0,189.0,156.0,0.0,486.0,459.0,387.0,341.0,948.0,568.0,506.0,669.0,137.0,72.0,638.0,867.0,1374.0,1316.0,124.0,282.0,125.0,140.0,287.0,319.0,94.0,99.0,0.0,180.0,635.0,583.0,1404.0,1304.0,195.0,186.0,233.0,217.0,756.0,1129.0,214.0,98.0,611.0,569.0,164.0,40.0,237.0,171.0,744.0,731.0,811.0,1138.0,626.0,812.0,78.0,166.0,27950.0
2020-08-21,145.0,179.0,647.0,117.0,0.0,234.0,714.0,805.0,133.0,141.0,0.0,548.0,391.0,315.0,259.0,887.0,610.0,387.0,503.0,210.0,126.0,461.0,578.0,1019.0,959.0,167.0,400.0,113.0,182.0,338.0,260.0,60.0,160.0,7.0,261.0,439.0,424.0,890.0,923.0,135.0,133.0,205.0,155.0,551.0,761.0,219.0,85.0,467.0,418.0,220.0,34.0,194.0,153.0,723.0,709.0,514.0,785.0,474.0,703.0,181.0,136.0,22947.0
2020-08-22,0.0,0.0,474.0,101.0,0.0,164.0,308.0,381.0,52.0,38.0,0.0,281.0,185.0,190.0,128.0,528.0,425.0,269.0,311.0,102.0,91.0,83.0,0.0,556.0,592.0,87.0,168.0,38.0,47.0,149.0,196.0,20.0,64.0,61.0,120.0,257.0,210.0,892.0,869.0,81.0,88.0,137.0,100.0,271.0,472.0,88.0,21.0,273.0,270.0,116.0,14.0,132.0,107.0,691.0,538.0,472.0,556.0,379.0,521.0,146.0,91.0,14001.0
2020-08-23,0.0,0.0,628.0,203.0,0.0,217.0,553.0,568.0,74.0,79.0,0.0,308.0,246.0,225.0,195.0,1087.0,832.0,490.0,606.0,140.0,78.0,124.0,0.0,1084.0,995.0,94.0,218.0,76.0,86.0,311.0,320.0,18.0,34.0,30.0,205.0,526.0,463.0,1706.0,1814.0,173.0,187.0,252.0,247.0,597.0,930.0,139.0,52.0,549.0,522.0,261.0,44.0,262.0,218.0,1344.0,1196.0,1167.0,1328.0,849.0,1119.0,287.0,221.0,26577.0
2020-08-24,0.0,0.0,943.0,166.0,0.0,264.0,906.0,929.0,210.0,155.0,0.0,702.0,416.0,346.0,311.0,977.0,643.0,517.0,645.0,199.0,100.0,209.0,0.0,1225.0,1158.0,220.0,353.0,139.0,161.0,297.0,299.0,83.0,142.0,20.0,287.0,521.0,464.0,1242.0,1197.0,178.0,198.0,225.0,192.0,627.0,943.0,290.0,110.0,501.0,444.0,198.0,72.0,291.0,195.0,971.0,843.0,713.0,947.0,454.0,690.0,201.0,156.0,25885.0
2020-08-25,0.0,0.0,1008.0,149.0,0.0,279.0,993.0,1155.0,186.0,158.0,0.0,721.0,450.0,453.0,368.0,1081.0,743.0,623.0,752.0,248.0,116.0,255.0,0.0,1450.0,1382.0,252.0,419.0,193.0,180.0,338.0,321.0,60.0,142.0,27.0,356.0,691.0,650.0,1465.0,1439.0,192.0,238.0,279.0,269.0,779.0,1219.0,375.0,147.0,718.0,587.0,299.0,43.0,406.0,266.0,1161.0,1121.0,871.0,1204.0,666.0,899.0,221.0,145.0,31208.0
2020-08-26,0.0,0.0,719.0,200.0,0.0,284.0,851.0,896.0,244.0,222.0,0.0,687.0,409.0,377.0,325.0,812.0,602.0,465.0,578.0,263.0,56.0,204.0,0.0,1153.0,1078.0,230.0,366.0,156.0,177.0,264.0,277.0,67.0,96.0,36.0,249.0,470.0,464.0,840.0,836.0,159.0,162.0,193.0,197.0,616.0,845.0,196.0,96.0,495.0,432.0,225.0,38.0,268.0,155.0,580.0,465.0,476.0,649.0,410.0,509.0,159.0,138.0,22416.0
2020-08-27,0.0,0.0,858.0,201.0,0.0,263.0,757.0,871.0,195.0,175.0,0.0,313.0,47.0,296.0,285.0,742.0,500.0,438.0,591.0,262.0,77.0,196.0,0.0,1084.0,983.0,221.0,327.0,129.0,135.0,226.0,212.0,78.0,102.0,30.0,223.0,489.0,469.0,965.0,1011.0,161.0,184.0,186.0,173.0,643.0,938.0,196.0,117.0,534.0,448.0,189.0,41.0,309.0,182.0,697.0,685.0,596.0,727.0,415.0,639.0,171.0,155.0,22137.0
2020-08-28,0.0,0.0,525.0,161.0,0.0,194.0,678.0,814.0,147.0,101.0,0.0,536.0,390.0,281.0,265.0,941.0,756.0,464.0,569.0,202.0,83.0,167.0,0.0,1018.0,953.0,171.0,272.0,82.0,455.0,326.0,317.0,47.0,178.0,22.0,273.0,501.0,472.0,1145.0,1185.0,159.0,142.0,182.0,175.0,622.0,816.0,233.0,85.0,500.0,438.0,204.0,33.0,241.0,183.0,913.0,887.0,671.0,936.0,516.0,702.0,207.0,142.0,23678.0
2020-08-29,0.0,0.0,0.0,179.0,0.0,100.0,298.0,343.0,91.0,94.0,0.0,186.0,116.0,130.0,73.0,485.0,386.0,185.0,244.0,79.0,46.0,65.0,0.0,435.0,432.0,46.0,121.0,44.0,50.0,135.0,134.0,24.0,65.0,14.0,142.0,138.0,158.0,725.0,677.0,77.0,68.0,74.0,86.0,220.0,320.0,94.0,28.0,179.0,179.0,136.0,22.0,141.0,96.0,597.0,572.0,311.0,414.0,260.0,364.0,116.0,84.0,10878.0
2020-08-30,55.0,11.0,0.0,337.0,0.0,91.0,201.0,238.0,36.0,57.0,0.0,191.0,97.0,93.0,91.0,369.0,315.0,157.0,177.0,51.0,18.0,67.0,12.0,319.0,316.0,69.0,137.0,25.0,42.0,112.0,110.0,21.0,17.0,18.0,91.0,122.0,122.0,472.0,441.0,57.0,57.0,80.0,58.0,199.0,238.0,92.0,31.0,118.0,122.0,88.0,23.0,101.0,83.0,366.0,417.0,238.0,263.0,221.0,244.0,109.0,78.0,8381.0
2020-08-31,192.0,79.0,0.0,203.0,131.0,197.0,513.0,542.0,183.0,175.0,0.0,422.0,249.0,208.0,183.0,592.0,444.0,328.0,380.0,159.0,71.0,114.0,0.0,656.0,590.0,133.0,230.0,105.0,123.0,199.0,187.0,43.0,104.0,12.0,211.0,249.0,238.0,598.0,588.0,111.0,134.0,133.0,119.0,348.0,527.0,240.0,62.0,278.0,254.0,132.0,24.0,173.0,112.0,379.0,345.0,319.0,417.0,270.0,418.0,48.0,24.0,14498.0
2020-09-01,164.0,70.0,0.0,210.0,103.0,217.0,582.0,687.0,229.0,203.0,0.0,485.0,321.0,257.0,283.0,683.0,531.0,318.0,369.0,180.0,107.0,165.0,1072.0,786.0,750.0,183.0,306.0,125.0,121.0,143.0,173.0,46.0,103.0,3884.0,199.0,307.0,272.0,542.0,486.0,101.0,112.0,107.0,99.0,429.0,573.0,277.0,113.0,344.0,283.0,158.0,38.0,187.0,121.0,437.0,337.0,279.0,411.0,238.0,358.0,72.0,84.0,20820.0
2020-09-02,442.0,134.0,0.0,225.0,144.0,316.0,862.0,964.0,263.0,210.0,0.0,660.0,459.0,335.0,311.0,1114.0,818.0,527.0,630.0,232.0,76.0,225.0,46.0,1126.0,1071.0,232.0,430.0,179.0,194.0,249.0,245.0,52.0,111.0,4094.0,305.0,525.0,519.0,784.0,833.0,195.0,174.0,229.0,212.0,722.0,997.0,335.0,139.0,578.0,495.0,240.0,54.0,346.0,188.0,792.0,830.0,586.0,787.0,483.0,625.0,192.0,165.0,29306.0
2020-09-03,391.0,152.0,0.0,239.0,192.0,283.0,915.0,1037.0,298.0,228.0,0.0,700.0,444.0,350.0,359.0,1111.0,910.0,564.0,652.0,271.0,114.0,240.0,752.0,1285.0,1248.0,256.0,411.0,161.0,210.0,253.0,279.0,53.0,82.0,3851.0,312.0,574.0,543.0,682.0,798.0,178.0,180.0,230.0,229.0,766.0,1123.0,267.0,138.0,630.0,585.0,235.0,48.0,344.0,193.0,891.0,915.0,731.0,917.0,519.0,761.0,210.0,197.0,31487.0
2020-09-04,346.0,110.0,0.0,334.0,154.0,271.0,798.0,892.0,218.0,184.0,0.0,623.0,353.0,361.0,308.0,1047.0,816.0,460.0,595.0,216.0,141.0,210.0,1301.0,1106.0,1058.0,194.0,341.0,145.0,162.0,234.0,249.0,44.0,113.0,932.0,260.0,503.0,460.0,768.0,698.0,179.0,204.0,208.0,181.0,656.0,888.0,257.0,92.0,525.0,463.0,253.0,33.0,261.0,193.0,891.0,809.0,610.0,860.0,466.0,727.0,191.0,157.0,26109.0
2020-09-05,246.0,59.0,0.0,405.0,204.0,239.0,535.0,614.0,87.0,109.0,0.0,411.0,202.0,226.0,203.0,1060.0,846.0,459.0,594.0,150.0,115.0,159.0,2377.0,1099.0,1064.0,102.0,213.0,62.0,78.0,326.0,368.0,17.0,49.0,0.0,195.0,512.0,547.0,1461.0,1280.0,152.0,157.0,260.0,267.0,629.0,1070.0,224.0,63.0,609.0,566.0,246.0,50.0,306.0,250.0,1332.0,1220.0,1135.0,1321.0,932.0,1232.0,361.0,327.0,29382.0
2020-09-06,284.0,95.0,0.0,430.0,307.0,253.0,620.0,641.0,94.0,82.0,0.0,410.0,193.0,232.0,205.0,1166.0,1013.0,599.0,739.0,172.0,132.0,80.0,2489.0,1152.0,1071.0,96.0,177.0,93.0,82.0,357.0,366.0,36.0,32.0,0.0,220.0,599.0,506.0,1519.0,1366.0,206.0,227.0,278.0,246.0,630.0,1017.0,139.0,60.0,602.0,593.0,272.0,48.0,313.0,264.0,1434.0,1341.0,1306.0,1522.0,1002.0,1184.0,318.0,304.0,31214.0
2020-09-07,395.0,136.0,0.0,328.0,410.0,292.0,861.0,1006.0,300.0,211.0,0.0,651.0,401.0,327.0,319.0,1122.0,857.0,489.0,629.0,269.0,120.0,616.0,1439.0,1114.0,1061.0,304.0,352.0,167.0,168.0,268.0,250.0,69.0,107.0,0.0,296.0,513.0,462.0,467.0,604.0,181.0,193.0,231.0,204.0,630.0,865.0,292.0,116.0,507.0,441.0,245.0,63.0,272.0,188.0,777.0,779.0,278.0,342.0,385.0,574.0,166.0,179.0,25288.0
2020-09-08,442.0,150.0,0.0,326.0,432.0,299.0,1025.0,1125.0,292.0,211.0,0.0,769.0,476.0,418.0,356.0,1216.0,990.0,656.0,789.0,253.0,136.0,428.0,542.0,1384.0,1260.0,383.0,415.0,139.0,145.0,292.0,330.0,57.0,136.0,0.0,315.0,601.0,558.0,449.0,607.0,210.0,191.0,257.0,275.0,725.0,1104.0,325.0,130.0,616.0,579.0,299.0,53.0,390.0,222.0,985.0,969.0,782.0,1076.0,535.0,782.0,217.0,194.0,29318.0
2020-09-09,432.0,230.0,0.0,309.0,372.0,339.0,1093.0,1203.0,279.0,204.0,0.0,840.0,452.0,435.0,400.0,1394.0,1128.0,722.0,869.0,267.0,96.0,630.0,261.0,1549.0,1476.0,354.0,444.0,199.0,221.0,352.0,330.0,53.0,147.0,0.0,367.0,506.0,552.0,522.0,731.0,262.0,232.0,287.0,276.0,855.0,1293.0,452.0,154.0,734.0,718.0,307.0,59.0,408.0,265.0,1204.0,1254.0,875.0,1175.0,591.0,1011.0,235.0,259.0,32664.0
2020-09-10,349.0,215.0,610.0,259.0,368.0,279.0,747.0,839.0,200.0,214.0,0.0,645.0,337.0,339.0,277.0,898.0,662.0,416.0,514.0,243.0,68.0,175.0,0.0,1008.0,977.0,253.0,391.0,169.0,181.0,205.0,215.0,56.0,113.0,0.0,233.0,0.0,0.0,121.0,244.0,163.0,166.0,185.0,184.0,522.0,658.0,291.0,106.0,456.0,415.0,205.0,36.0,256.0,164.0,565.0,556.0,417.0,577.0,333.0,425.0,189.0,136.0,19825.0
2020-09-11,296.0,199.0,929.0,428.0,409.0,255.0,685.0,834.0,159.0,147.0,0.0,552.0,334.0,307.0,280.0,972.0,712.0,478.0,567.0,216.0,112.0,543.0,595.0,1014.0,961.0,233.0,315.0,152.0,160.0,196.0,214.0,51.0,123.0,0.0,277.0,0.0,0.0,141.0,231.0,160.0,146.0,210.0,192.0,493.0,663.0,249.0,106.0,476.0,353.0,254.0,38.0,322.0,185.0,709.0,695.0,545.0,720.0,388.0,679.0,168.0,174.0,22002.0
2020-09-12,270.0,135.0,929.0,576.0,345.0,247.0,580.0,696.0,87.0,79.0,0.0,401.0,187.0,290.0,215.0,1204.0,969.0,541.0,682.0,153.0,129.0,1060.0,1510.0,1248.0,1175.0,169.0,252.0,79.0,110.0,374.0,380.0,32.0,48.0,0.0,149.0,0.0,0.0,157.0,146.0,215.0,194.0,322.0,271.0,655.0,895.0,181.0,44.0,676.0,616.0,325.0,55.0,346.0,292.0,1649.0,1586.0,1225.0,1562.0,980.0,1296.0,352.0,332.0,29673.0
2020-09-13,3.0,0.0,7.0,7.0,1.0,1.0,694.0,759.0,131.0,97.0,0.0,227.0,172.0,293.0,194.0,0.0,0.0,653.0,877.0,2.0,1.0,163.0,1.0,1374.0,1283.0,2.0,0.0,73.0,64.0,470.0,458.0,0.0,0.0,0.0,1.0,0.0,0.0,117.0,127.0,220.0,246.0,313.0,328.0,736.0,921.0,0.0,0.0,720.0,706.0,2.0,2.0,0.0,0.0,0.0,0.0,1397.0,1625.0,1096.0,1304.0,0.0,0.0,17868.0
2020-09-14,341.0,173.0,678.0,336.0,342.0,267.0,1018.0,1111.0,187.0,140.0,0.0,754.0,459.0,393.0,343.0,1095.0,761.0,595.0,720.0,161.0,85.0,1032.0,1419.0,1377.0,1297.0,207.0,341.0,189.0,229.0,282.0,289.0,65.0,106.0,0.0,254.0,552.0,509.0,122.0,300.0,198.0,200.0,245.0,238.0,685.0,814.0,161.0,162.0,634.0,528.0,214.0,56.0,250.0,228.0,868.0,779.0,764.0,993.0,466.0,722.0,203.0,200.0,28137.0
2020-09-15,539.0,355.0,1000.0,786.0,430.0,311.0,1035.0,1178.0,210.0,203.0,0.0,762.0,454.0,431.0,363.0,1382.0,1038.0,666.0,830.0,239.0,103.0,1414.0,2359.0,1631.0,1565.0,319.0,430.0,219.0,214.0,309.0,332.0,51.0,108.0,152.0,296.0,620.0,581.0,127.0,312.0,229.0,227.0,266.0,286.0,786.0,1046.0,276.0,200.0,765.0,696.0,283.0,45.0,365.0,243.0,998.0,1033.0,821.0,1172.0,600.0,911.0,261.0,216.0,35079.0
2020-09-16,627.0,357.0,1281.0,329.0,482.0,322.0,1036.0,1153.0,188.0,157.0,0.0,745.0,433.0,399.0,369.0,1448.0,1018.0,614.0,808.0,276.0,124.0,1329.0,2190.0,1587.0,1430.0,265.0,363.0,174.0,196.0,306.0,275.0,51.0,127.0,211.0,322.0,608.0,601.0,134.0,261.0,209.0,213.0,308.0,295.0,773.0,881.0,290.0,191.0,719.0,627.0,321.0,63.0,370.0,257.0,1045.0,924.0,814.0,1100.0,613.0,800.0,0.0,0.0,33409.0
2020-09-17,546.0,334.0,1572.0,322.0,398.0,268.0,778.0,910.0,179.0,183.0,0.0,612.0,372.0,338.0,376.0,895.0,668.0,423.0,530.0,207.0,111.0,1017.0,1569.0,1018.0,966.0,306.0,353.0,163.0,180.0,240.0,205.0,60.0,105.0,169.0,224.0,434.0,354.0,77.0,152.0,142.0,182.0,187.0,160.0,509.0,668.0,216.0,143.0,485.0,435.0,241.0,41.0,266.0,162.0,612.0,503.0,511.0,703.0,375.0,515.0,138.0,125.0,24933.0
2020-09-18,456.0,285.0,775.0,704.0,390.0,277.0,628.0,771.0,209.0,181.0,0.0,547.0,349.0,325.0,299.0,863.0,703.0,426.0,523.0,221.0,130.0,960.0,1516.0,1000.0,957.0,235.0,318.0,155.0,155.0,285.0,250.0,56.0,116.0,143.0,237.0,418.0,398.0,75.0,148.0,164.0,172.0,0.0,0.0,456.0,659.0,73.0,29.0,459.0,399.0,219.0,54.0,241.0,161.0,714.0,699.0,550.0,789.0,372.0,624.0,183.0,176.0,23677.0
2020-09-19,412.0,278.0,774.0,580.0,358.0,167.0,447.0,523.0,103.0,76.0,0.0,409.0,173.0,309.0,207.0,955.0,840.0,452.0,659.0,161.0,91.0,1005.0,1440.0,1085.0,1101.0,125.0,171.0,94.0,103.0,304.0,338.0,22.0,38.0,138.0,182.0,444.0,442.0,34.0,89.0,142.0,175.0,0.0,0.0,510.0,740.0,0.0,0.0,536.0,484.0,303.0,39.0,314.0,256.0,1160.0,1128.0,1005.0,1245.0,842.0,1066.0,266.0,271.0,25611.0
2020-09-20,575.0,302.0,739.0,362.0,256.0,188.0,544.0,658.0,53.0,62.0,0.0,452.0,243.0,284.0,220.0,1221.0,1066.0,569.0,735.0,164.0,75.0,238.0,549.0,1333.0,1283.0,159.0,221.0,74.0,93.0,457.0,450.0,30.0,47.0,138.0,232.0,533.0,582.0,37.0,61.0,232.0,210.0,0.0,0.0,651.0,886.0,83.0,66.0,719.0,685.0,323.0,47.0,366.0,319.0,1624.0,1609.0,1378.0,1666.0,1041.0,1286.0,354.0,396.0,29226.0
2020-09-21,566.0,379.0,1000.0,352.0,325.0,286.0,834.0,961.0,202.0,166.0,0.0,651.0,367.0,316.0,307.0,1158.0,871.0,558.0,654.0,218.0,104.0,1013.0,1447.0,1274.0,1217.0,327.0,377.0,137.0,106.0,278.0,291.0,43.0,130.0,203.0,264.0,482.0,446.0,79.0,177.0,190.0,187.0,0.0,0.0,564.0,749.0,229.0,177.0,537.0,488.0,240.0,71.0,332.0,222.0,868.0,857.0,643.0,883.0,464.0,677.0,199.0,196.0,27339.0
2020-09-22,686.0,422.0,1029.0,650.0,426.0,314.0,977.0,1107.0,223.0,176.0,0.0,731.0,445.0,407.0,366.0,1489.0,1098.0,637.0,813.0,310.0,75.0,1295.0,2183.0,1518.0,1378.0,120.0,129.0,182.0,223.0,327.0,344.0,60.0,119.0,255.0,300.0,593.0,576.0,125.0,238.0,217.0,246.0,0.0,0.0,772.0,984.0,290.0,227.0,687.0,621.0,303.0,81.0,397.0,247.0,1220.0,1203.0,999.0,1331.0,652.0,938.0,257.0,240.0,34258.0
2020-09-23,496.0,299.0,1317.0,769.0,465.0,281.0,770.0,879.0,219.0,178.0,0.0,698.0,387.0,347.0,287.0,963.0,671.0,432.0,530.0,253.0,78.0,928.0,1503.0,998.0,972.0,198.0,244.0,167.0,203.0,248.0,287.0,87.0,111.0,157.0,195.0,366.0,356.0,84.0,149.0,163.0,166.0,0.0,0.0,464.0,592.0,220.0,229.0,408.0,375.0,247.0,56.0,304.0,187.0,641.0,670.0,435.0,662.0,328.0,468.0,199.0,163.0,24549.0
2020-09-24,596.0,379.0,1090.0,537.0,348.0,302.0,852.0,961.0,221.0,230.0,0.0,659.0,360.0,376.0,350.0,1142.0,899.0,479.0,631.0,228.0,136.0,1153.0,1758.0,1183.0,1156.0,382.0,365.0,164.0,168.0,313.0,330.0,74.0,106.0,199.0,281.0,493.0,436.0,81.0,178.0,183.0,181.0,0.0,0.0,650.0,788.0,228.0,154.0,571.0,532.0,228.0,52.0,340.0,216.0,899.0,861.0,646.0,924.0,522.0,726.0,152.0,177.0,28626.0
2020-09-25,157.0,73.0,604.0,1311.0,355.0,95.0,153.0,167.0,82.0,71.0,0.0,155.0,114.0,98.0,125.0,177.0,127.0,64.0,72.0,78.0,58.0,219.0,365.0,177.0,187.0,94.0,94.0,47.0,51.0,95.0,98.0,25.0,138.0,33.0,59.0,57.0,49.0,18.0,24.0,21.0,27.0,0.0,0.0,87.0,112.0,71.0,86.0,83.0,74.0,72.0,6.0,47.0,32.0,73.0,62.0,29.0,56.0,47.0,57.0,41.0,39.0,7088.0
2020-09-26,101.0,35.0,626.0,997.0,72.0,25.0,12.0,31.0,20.0,18.0,0.0,34.0,28.0,18.0,18.0,32.0,36.0,10.0,15.0,18.0,100.0,115.0,111.0,35.0,30.0,14.0,20.0,3.0,4.0,12.0,14.0,21.0,56.0,13.0,15.0,9.0,7.0,10.0,11.0,12.0,7.0,0.0,0.0,20.0,16.0,17.0,21.0,6.0,10.0,28.0,4.0,20.0,15.0,34.0,34.0,7.0,8.0,13.0,26.0,14.0,13.0,3071.0
2020-09-27,322.0,130.0,608.0,486.0,153.0,111.0,205.0,241.0,74.0,78.0,0.0,190.0,120.0,124.0,82.0,488.0,391.0,208.0,275.0,62.0,27.0,383.0,653.0,436.0,350.0,100.0,91.0,0.0,0.0,150.0,129.0,18.0,28.0,66.0,98.0,174.0,184.0,25.0,42.0,67.0,64.0,0.0,0.0,299.0,366.0,97.0,50.0,205.0,217.0,120.0,16.0,148.0,107.0,518.0,575.0,368.0,422.0,262.0,402.0,116.0,132.0,11853.0
2020-09-28,200.0,50.0,1087.0,857.0,154.0,59.0,93.0,97.0,45.0,68.0,0.0,97.0,36.0,59.0,34.0,133.0,115.0,46.0,59.0,33.0,27.0,165.0,281.0,139.0,133.0,60.0,60.0,0.0,0.0,40.0,40.0,11.0,45.0,25.0,36.0,39.0,38.0,12.0,8.0,26.0,29.0,0.0,0.0,64.0,90.0,29.0,26.0,40.0,54.0,73.0,6.0,61.0,42.0,125.0,134.0,68.0,62.0,36.0,64.0,31.0,36.0,5577.0
2020-09-29,261.0,95.0,893.0,1714.0,358.0,119.0,265.0,328.0,133.0,132.0,0.0,323.0,153.0,141.0,150.0,315.0,231.0,131.0,170.0,109.0,71.0,343.0,610.0,326.0,340.0,130.0,147.0,0.0,0.0,101.0,131.0,62.0,107.0,63.0,96.0,107.0,93.0,39.0,81.0,47.0,51.0,0.0,0.0,166.0,202.0,226.0,131.0,136.0,130.0,128.0,16.0,105.0,63.0,137.0,163.0,72.0,117.0,83.0,112.0,104.0,83.0,11140.0
2020-09-30,551.0,268.0,1547.0,1483.0,419.0,244.0,620.0,669.0,240.0,207.0,0.0,536.0,340.0,268.0,273.0,887.0,625.0,426.0,494.0,199.0,78.0,778.0,1351.0,860.0,771.0,296.0,334.0,0.0,0.0,242.0,238.0,76.0,146.0,145.0,213.0,343.0,332.0,63.0,154.0,135.0,143.0,0.0,0.0,500.0,648.0,219.0,170.0,404.0,363.0,243.0,24.0,235.0,146.0,591.0,610.0,411.0,559.0,333.0,520.0,181.0,202.0,23353.0
2020-10-01,517.0,317.0,976.0,1034.0,491.0,268.0,742.0,864.0,203.0,188.0,0.0,609.0,399.0,300.0,266.0,1032.0,780.0,455.0,542.0,264.0,90.0,20.0,25.0,907.0,851.0,286.0,338.0,0.0,0.0,300.0,282.0,71.0,93.0,159.0,229.0,418.0,379.0,80.0,168.0,158.0,152.0,0.0,0.0,568.0,759.0,292.0,168.0,493.0,451.0,247.0,47.0,270.0,202.0,724.0,669.0,564.0,772.0,451.0,632.0,164.0,165.0,22891.0
2020-10-02,418.0,224.0,993.0,1096.0,470.0,237.0,599.0,670.0,219.0,192.0,0.0,465.0,295.0,274.0,295.0,814.0,579.0,391.0,477.0,176.0,97.0,575.0,810.0,855.0,774.0,251.0,300.0,0.0,0.0,197.0,226.0,54.0,108.0,154.0,191.0,386.0,363.0,85.0,109.0,165.0,176.0,0.0,0.0,506.0,639.0,151.0,133.0,369.0,344.0,179.0,42.0,249.0,148.0,603.0,553.0,396.0,574.0,332.0,529.0,177.0,156.0,20840.0
2020-10-03,428.0,240.0,638.0,643.0,296.0,162.0,566.0,631.0,99.0,105.0,0.0,435.0,173.0,259.0,166.0,1339.0,1096.0,605.0,749.0,186.0,120.0,1055.0,1539.0,1236.0,1195.0,224.0,246.0,0.0,0.0,444.0,517.0,26.0,60.0,137.0,201.0,632.0,550.0,47.0,94.0,218.0,203.0,0.0,0.0,652.0,909.0,132.0,72.0,700.0,585.0,354.0,60.0,324.0,253.0,1780.0,1579.0,1196.0,1489.0,1063.0,1415.0,356.0,208.0,30687.0
2020-10-04,553.0,267.0,748.0,607.0,290.0,188.0,508.0,649.0,61.0,75.0,0.0,391.0,217.0,225.0,193.0,1057.0,889.0,524.0,623.0,92.0,97.0,890.0,1332.0,1017.0,952.0,173.0,203.0,0.0,0.0,444.0,496.0,20.0,25.0,127.0,165.0,455.0,393.0,24.0,78.0,188.0,184.0,0.0,0.0,527.0,786.0,118.0,84.0,480.0,504.0,267.0,52.0,303.0,260.0,1284.0,1098.0,1013.0,1209.0,824.0,1045.0,274.0,210.0,25758.0
2020-10-05,324.0,169.0,1053.0,1017.0,331.0,152.0,432.0,486.0,146.0,107.0,0.0,409.0,219.0,212.0,198.0,439.0,332.0,269.0,300.0,196.0,92.0,536.0,893.0,541.0,516.0,176.0,204.0,0.0,0.0,120.0,143.0,49.0,103.0,78.0,138.0,174.0,168.0,75.0,97.0,81.0,105.0,0.0,0.0,216.0,276.0,132.0,91.0,196.0,149.0,106.0,24.0,144.0,84.0,173.0,223.0,115.0,160.0,110.0,152.0,51.0,83.0,13565.0
2020-10-06,188.0,119.0,660.0,672.0,219.0,149.0,514.0,578.0,177.0,136.0,0.0,362.0,241.0,246.0,202.0,280.0,257.0,277.0,365.0,141.0,68.0,382.0,623.0,621.0,625.0,146.0,153.0,29.0,26.0,169.0,168.0,35.0,92.0,79.0,63.0,275.0,247.0,400.0,362.0,92.0,114.0,0.0,0.0,337.0,463.0,113.0,55.0,296.0,266.0,106.0,17.0,101.0,46.0,117.0,134.0,205.0,308.0,193.0,298.0,89.0,47.0,13743.0
2020-10-07,408.0,214.0,801.0,805.0,177.0,219.0,553.0,599.0,176.0,142.0,0.0,491.0,292.0,262.0,244.0,518.0,426.0,317.0,379.0,202.0,74.0,823.0,885.0,755.0,705.0,225.0,278.0,24.0,1.0,185.0,193.0,22.0,26.0,120.0,190.0,292.0,298.0,565.0,565.0,132.0,132.0,0.0,0.0,360.0,512.0,139.0,110.0,320.0,308.0,153.0,24.0,148.0,112.0,333.0,327.0,298.0,396.0,246.0,422.0,135.0,114.0,18172.0
2020-10-08,412.0,230.0,1029.0,1109.0,227.0,132.0,669.0,665.0,177.0,128.0,0.0,528.0,304.0,277.0,239.0,727.0,572.0,370.0,450.0,216.0,86.0,1004.0,1060.0,810.0,802.0,263.0,313.0,8.0,3.0,202.0,252.0,73.0,29.0,138.0,194.0,380.0,332.0,682.0,698.0,133.0,146.0,0.0,0.0,418.0,564.0,200.0,138.0,382.0,338.0,166.0,32.0,215.0,136.0,472.0,424.0,360.0,536.0,314.0,425.0,158.0,146.0,21493.0
2020-10-09,450.0,228.0,1282.0,1032.0,275.0,163.0,516.0,619.0,143.0,147.0,0.0,440.0,231.0,273.0,237.0,829.0,629.0,403.0,524.0,190.0,89.0,961.0,1027.0,826.0,813.0,278.0,312.0,0.0,0.0,236.0,255.0,154.0,57.0,146.0,199.0,362.0,339.0,897.0,902.0,118.0,137.0,0.0,0.0,400.0,613.0,150.0,120.0,368.0,362.0,212.0,29.0,260.0,154.0,631.0,601.0,458.0,613.0,375.0,582.0,165.0,158.0,22970.0
2020-10-10,174.0,53.0,1273.0,282.0,107.0,55.0,76.0,87.0,38.0,49.0,0.0,106.0,57.0,48.0,47.0,130.0,97.0,49.0,52.0,43.0,11.0,171.0,195.0,117.0,117.0,55.0,55.0,2.0,3.0,22.0,28.0,54.0,14.0,22.0,66.0,52.0,36.0,128.0,99.0,25.0,34.0,0.0,0.0,73.0,88.0,33.0,28.0,54.0,41.0,47.0,6.0,42.0,22.0,82.0,77.0,51.0,80.0,59.0,82.0,63.0,43.0,5100.0
2020-10-11,432.0,173.0,756.0,286.0,136.0,130.0,282.0,339.0,76.0,78.0,0.0,231.0,122.0,151.0,79.0,642.0,591.0,328.0,394.0,89.0,26.0,606.0,653.0,501.0,497.0,104.0,131.0,11.0,9.0,184.0,193.0,84.0,36.0,95.0,8.0,242.0,228.0,916.0,1018.0,97.0,79.0,0.0,0.0,338.0,449.0,98.0,61.0,244.0,265.0,181.0,13.0,205.0,146.0,692.0,743.0,550.0,601.0,448.0,554.0,170.0,156.0,16947.0
2020-10-12,196.0,111.0,618.0,305.0,212.0,190.0,506.0,566.0,227.0,180.0,0.0,364.0,251.0,206.0,224.0,715.0,523.0,287.0,356.0,82.0,129.0,861.0,942.0,672.0,646.0,216.0,253.0,19.0,8.0,172.0,158.0,162.0,60.0,113.0,168.0,322.0,279.0,646.0,680.0,112.0,115.0,0.0,0.0,390.0,456.0,186.0,109.0,326.0,297.0,163.0,53.0,197.0,118.0,450.0,456.0,312.0,433.0,273.0,381.0,123.0,112.0,17687.0
2020-10-13,0.0,0.0,767.0,387.0,213.0,200.0,344.0,399.0,117.0,82.0,0.0,240.0,244.0,165.0,171.0,398.0,346.0,186.0,199.0,83.0,333.0,644.0,636.0,475.0,419.0,168.0,206.0,3.0,0.0,103.0,129.0,134.0,44.0,71.0,118.0,173.0,144.0,317.0,336.0,72.0,105.0,0.0,0.0,214.0,273.0,114.0,79.0,181.0,153.0,143.0,30.0,140.0,89.0,205.0,213.0,148.0,219.0,143.0,185.0,85.0,95.0,11880.0
2020-10-14,0.0,0.0,365.0,193.0,566.0,46.0,55.0,73.0,48.0,40.0,0.0,55.0,65.0,37.0,42.0,60.0,58.0,12.0,20.0,24.0,296.0,108.0,204.0,53.0,56.0,32.0,43.0,0.0,0.0,50.0,66.0,112.0,21.0,9.0,54.0,17.0,17.0,21.0,27.0,12.0,18.0,0.0,0.0,12.0,21.0,46.0,95.0,14.0,12.0,33.0,8.0,25.0,15.0,11.0,20.0,8.0,11.0,3.0,11.0,17.0,22.0,3359.0
2020-10-15,0.0,0.0,437.0,193.0,187.0,129.0,290.0,307.0,131.0,126.0,0.0,175.0,195.0,152.0,147.0,430.0,343.0,173.0,213.0,73.0,256.0,557.0,557.0,390.0,350.0,163.0,200.0,2.0,1.0,150.0,155.0,102.0,30.0,57.0,110.0,146.0,118.0,378.0,375.0,48.0,60.0,0.0,0.0,202.0,242.0,95.0,97.0,179.0,158.0,98.0,23.0,119.0,81.0,250.0,270.0,134.0,186.0,146.0,209.0,87.0,95.0,10577.0
2020-10-16,102.0,47.0,410.0,435.0,174.0,121.0,214.0,253.0,68.0,50.0,0.0,118.0,142.0,100.0,107.0,273.0,206.0,112.0,128.0,93.0,209.0,356.0,415.0,256.0,243.0,110.0,135.0,0.0,0.0,117.0,113.0,100.0,30.0,53.0,82.0,86.0,84.0,234.0,215.0,47.0,49.0,10.0,5.0,113.0,146.0,67.0,37.0,94.0,108.0,80.0,18.0,90.0,59.0,150.0,137.0,109.0,136.0,86.0,127.0,44.0,64.0,7767.0
2020-10-17,139.0,100.0,415.0,341.0,109.0,79.0,201.0,217.0,47.0,41.0,0.0,125.0,91.0,96.0,82.0,332.0,296.0,175.0,217.0,73.0,152.0,397.0,429.0,306.0,301.0,73.0,129.0,2.0,1.0,151.0,155.0,50.0,19.0,48.0,79.0,128.0,122.0,516.0,537.0,57.0,58.0,34.0,15.0,184.0,231.0,7.0,4.0,153.0,137.0,91.0,10.0,98.0,107.0,92.0,59.0,219.0,263.0,244.0,285.0,132.0,119.0,9370.0
2020-10-18,140.0,153.0,486.0,292.0,153.0,107.0,297.0,361.0,145.0,133.0,0.0,139.0,155.0,156.0,84.0,611.0,536.0,304.0,420.0,94.0,173.0,656.0,634.0,511.0,502.0,111.0,139.0,0.0,0.0,219.0,242.0,65.0,20.0,96.0,133.0,318.0,278.0,1043.0,1072.0,121.0,120.0,2.0,0.0,388.0,576.0,11.0,12.0,291.0,340.0,198.0,20.0,141.0,128.0,699.0,670.0,505.0,677.0,485.0,669.0,136.0,145.0,17312.0
2020-10-19,147.0,188.0,580.0,311.0,188.0,160.0,387.0,471.0,194.0,122.0,0.0,201.0,247.0,162.0,179.0,354.0,320.0,273.0,306.0,119.0,256.0,727.0,715.0,566.0,492.0,189.0,214.0,16.0,35.0,146.0,150.0,106.0,48.0,94.0,156.0,242.0,222.0,406.0,435.0,91.0,95.0,11.0,1825.0,309.0,374.0,9.0,4.0,256.0,221.0,111.0,32.0,138.0,145.0,274.0,229.0,233.0,340.0,231.0,298.0,72.0,70.0,15492.0
2020-10-20,172.0,214.0,666.0,398.0,164.0,199.0,467.0,545.0,175.0,127.0,0.0,299.0,230.0,184.0,193.0,558.0,514.0,365.0,432.0,142.0,382.0,890.0,924.0,712.0,643.0,220.0,260.0,134.0,114.0,233.0,246.0,124.0,45.0,131.0,164.0,331.0,310.0,750.0,820.0,117.0,136.0,96.0,465.0,401.0,532.0,96.0,95.0,338.0,294.0,173.0,23.0,132.0,157.0,504.0,459.0,436.0,610.0,358.0,481.0,127.0,105.0,19612.0
2020-10-21,178.0,220.0,1020.0,352.0,190.0,193.0,572.0,612.0,124.0,123.0,0.0,336.0,314.0,240.0,243.0,599.0,563.0,399.0,493.0,165.0,314.0,954.0,966.0,808.0,734.0,242.0,277.0,123.0,116.0,220.0,250.0,155.0,55.0,144.0,190.0,369.0,335.0,868.0,853.0,125.0,142.0,87.0,941.0,410.0,550.0,100.0,125.0,359.0,331.0,203.0,49.0,177.0,192.0,536.0,459.0,470.0,630.0,348.0,501.0,99.0,105.0,21848.0
2020-10-22,220.0,298.0,1347.0,375.0,233.0,223.0,597.0,688.0,148.0,145.0,0.0,282.0,276.0,253.0,203.0,855.0,802.0,485.0,625.0,172.0,308.0,1140.0,1262.0,1021.0,995.0,247.0,277.0,125.0,121.0,267.0,324.0,130.0,67.0,180.0,243.0,589.0,523.0,1255.0,1439.0,190.0,156.0,121.0,89.0,597.0,865.0,170.0,134.0,538.0,517.0,238.0,47.0,243.0,241.0,927.0,802.0,782.0,991.0,585.0,804.0,177.0,154.0,28108.0
2020-10-23,81.0,101.0,1312.0,552.0,174.0,123.0,227.0,252.0,71.0,58.0,0.0,155.0,146.0,120.0,103.0,264.0,213.0,172.0,226.0,99.0,166.0,427.0,474.0,302.0,309.0,128.0,131.0,84.0,72.0,361.0,353.0,98.0,29.0,62.0,107.0,116.0,110.0,398.0,384.0,41.0,63.0,44.0,35.0,168.0,230.0,76.0,63.0,150.0,108.0,82.0,27.0,79.0,71.0,218.0,190.0,166.0,222.0,154.0,209.0,73.0,46.0,11075.0
2020-10-24,198.0,250.0,1458.0,370.0,169.0,140.0,598.0,650.0,75.0,69.0,0.0,264.0,219.0,287.0,201.0,1227.0,1078.0,606.0,742.0,123.0,179.0,1199.0,1276.0,1109.0,1120.0,172.0,237.0,66.0,79.0,1757.0,1660.0,73.0,36.0,192.0,224.0,526.0,527.0,2252.0,2480.0,220.0,212.0,129.0,155.0,632.0,948.0,142.0,72.0,550.0,592.0,385.0,44.0,283.0,361.0,1570.0,1350.0,1060.0,1372.0,893.0,1230.0,247.0,187.0,36522.0
2020-10-25,186.0,252.0,1130.0,395.0,153.0,154.0,616.0,653.0,94.0,79.0,0.0,341.0,194.0,314.0,197.0,1513.0,1222.0,676.0,873.0,132.0,204.0,1383.0,1408.0,1349.0,1252.0,223.0,290.0,82.0,69.0,1789.0,1591.0,89.0,49.0,191.0,221.0,695.0,625.0,2610.0,2733.0,210.0,187.0,243.0,209.0,814.0,1186.0,139.0,68.0,689.0,727.0,422.0,53.0,370.0,387.0,1834.0,1554.0,1381.0,1723.0,1187.0,1527.0,275.0,216.0,41428.0
2020-10-26,156.0,181.0,1635.0,469.0,615.0,152.0,407.0,458.0,124.0,109.0,0.0,238.0,239.0,178.0,164.0,417.0,363.0,231.0,271.0,114.0,234.0,691.0,746.0,553.0,558.0,183.0,195.0,106.0,98.0,547.0,515.0,126.0,43.0,84.0,146.0,250.0,240.0,606.0,585.0,74.0,108.0,65.0,50.0,297.0,370.0,121.0,85.0,225.0,202.0,111.0,22.0,116.0,110.0,372.0,286.0,266.0,376.0,202.0,273.0,89.0,63.0,16910.0
2020-10-27,123.0,147.0,1202.0,486.0,377.0,153.0,359.0,402.0,146.0,102.0,0.0,236.0,186.0,171.0,157.0,381.0,313.0,186.0,238.0,111.0,231.0,608.0,622.0,458.0,411.0,166.0,178.0,85.0,82.0,442.0,420.0,112.0,38.0,78.0,122.0,180.0,149.0,475.0,489.0,79.0,75.0,38.0,589.0,239.0,308.0,100.0,103.0,184.0,165.0,104.0,21.0,103.0,92.0,311.0,269.0,184.0,274.0,157.0,255.0,69.0,59.0,14600.0
2020-10-28,82.0,132.0,1009.0,292.0,146.0,104.0,271.0,306.0,50.0,50.0,0.0,159.0,128.0,136.0,100.0,481.0,415.0,237.0,301.0,96.0,141.0,613.0,599.0,491.0,466.0,117.0,127.0,53.0,59.0,487.0,505.0,63.0,26.0,71.0,126.0,264.0,268.0,722.0,742.0,95.0,95.0,38.0,3347.0,246.0,470.0,54.0,45.0,255.0,270.0,136.0,19.0,88.0,101.0,476.0,438.0,420.0,453.0,296.0,447.0,116.0,96.0,18436.0
2020-10-29,83.0,80.0,1044.0,525.0,172.0,92.0,223.0,234.0,75.0,80.0,0.0,160.0,139.0,105.0,94.0,254.0,189.0,132.0,150.0,62.0,195.0,459.0,448.0,312.0,294.0,118.0,119.0,73.0,75.0,291.0,259.0,72.0,33.0,51.0,84.0,107.0,94.0,250.0,232.0,56.0,54.0,15.0,1825.0,150.0,169.0,61.0,74.0,113.0,99.0,99.0,14.0,46.0,60.0,135.0,124.0,91.0,122.0,86.0,82.0,38.0,35.0,11007.0
2020-10-30,57.0,66.0,1101.0,464.0,142.0,82.0,148.0,160.0,52.0,59.0,0.0,130.0,112.0,87.0,70.0,163.0,123.0,69.0,91.0,49.0,186.0,315.0,309.0,166.0,167.0,77.0,108.0,53.0,37.0,200.0,182.0,97.0,24.0,32.0,73.0,60.0,54.0,166.0,171.0,40.0,34.0,17.0,48.0,76.0,91.0,68.0,71.0,61.0,56.0,59.0,15.0,36.0,43.0,88.0,103.0,60.0,70.0,52.0,72.0,31.0,21.0,6914.0
2020-10-31,100.0,118.0,857.0,314.0,111.0,112.0,373.0,392.0,49.0,60.0,0.0,173.0,132.0,179.0,110.0,686.0,546.0,332.0,409.0,103.0,190.0,768.0,891.0,678.0,695.0,128.0,197.0,75.0,68.0,845.0,814.0,71.0,29.0,109.0,178.0,331.0,274.0,1179.0,1231.0,123.0,118.0,92.0,160.0,393.0,575.0,28.0,42.0,324.0,342.0,196.0,25.0,138.0,149.0,781.0,725.0,600.0,789.0,534.0,666.0,177.0,137.0,21021.0
2020-11-01,45.0,60.0,850.0,244.0,56.0,48.0,98.0,117.0,25.0,19.0,0.0,77.0,52.0,50.0,30.0,240.0,193.0,118.0,150.0,45.0,76.0,328.0,311.0,224.0,190.0,51.0,81.0,19.0,27.0,233.0,229.0,34.0,14.0,41.0,92.0,100.0,85.0,349.0,357.0,45.0,38.0,24.0,48.0,133.0,148.0,2.0,30.0,82.0,77.0,66.0,12.0,42.0,54.0,237.0,208.0,165.0,203.0,107.0,183.0,46.0,46.0,7354.0
2020-11-02,130.0,122.0,1243.0,249.0,151.0,150.0,351.0,412.0,99.0,96.0,0.0,210.0,219.0,165.0,134.0,496.0,427.0,320.0,382.0,92.0,112.0,703.0,745.0,541.0,516.0,167.0,223.0,75.0,89.0,547.0,517.0,120.0,43.0,96.0,152.0,246.0,221.0,701.0,711.0,82.0,98.0,61.0,148.0,353.0,410.0,179.0,96.0,230.0,223.0,119.0,34.0,146.0,139.0,389.0,386.0,297.0,367.0,284.0,365.0,84.0,62.0,16525.0
2020-11-03,128.0,115.0,812.0,504.0,130.0,158.0,332.0,390.0,162.0,104.0,0.0,240.0,208.0,146.0,133.0,410.0,292.0,237.0,283.0,116.0,516.0,644.0,634.0,462.0,446.0,177.0,173.0,81.0,92.0,435.0,385.0,129.0,40.0,92.0,113.0,178.0,158.0,507.0,496.0,59.0,73.0,59.0,105.0,234.0,269.0,125.0,92.0,155.0,146.0,114.0,23.0,102.0,85.0,276.0,249.0,143.0,226.0,172.0,199.0,65.0,57.0,13686.0
2020-11-04,136.0,134.0,1751.0,423.0,90.0,149.0,323.0,349.0,133.0,104.0,0.0,231.0,202.0,169.0,158.0,371.0,284.0,221.0,283.0,96.0,508.0,601.0,634.0,436.0,417.0,179.0,193.0,86.0,103.0,430.0,419.0,107.0,39.0,81.0,127.0,161.0,139.0,515.0,498.0,73.0,83.0,49.0,99.0,238.0,288.0,96.0,94.0,141.0,141.0,111.0,35.0,94.0,104.0,275.0,294.0,165.0,205.0,166.0,218.0,54.0,52.0,14355.0
2020-11-05,156.0,167.0,912.0,292.0,174.0,174.0,447.0,458.0,136.0,106.0,0.0,263.0,233.0,187.0,177.0,524.0,406.0,319.0,404.0,128.0,611.0,791.0,849.0,602.0,602.0,180.0,207.0,109.0,117.0,623.0,561.0,119.0,32.0,119.0,166.0,281.0,249.0,776.0,789.0,101.0,128.0,75.0,383.0,356.0,414.0,171.0,88.0,267.0,231.0,147.0,27.0,167.0,160.0,494.0,425.0,300.0,472.0,308.0,382.0,97.0,90.0,18729.0
2020-11-06,154.0,157.0,906.0,352.0,199.0,146.0,373.0,435.0,142.0,90.0,0.0,232.0,202.0,169.0,146.0,514.0,444.0,274.0,336.0,111.0,530.0,679.0,699.0,543.0,524.0,167.0,192.0,101.0,132.0,588.0,544.0,103.0,41.0,69.0,115.0,300.0,243.0,772.0,811.0,91.0,108.0,77.0,224.0,326.0,420.0,190.0,123.0,247.0,215.0,115.0,31.0,137.0,124.0,519.0,472.0,319.0,456.0,287.0,416.0,73.0,73.0,17578.0
2020-11-07,97.0,104.0,1174.0,244.0,119.0,79.0,249.0,269.0,67.0,78.0,0.0,155.0,100.0,115.0,84.0,479.0,369.0,197.0,262.0,98.0,281.0,552.0,580.0,457.0,458.0,87.0,113.0,42.0,50.0,516.0,503.0,67.0,28.0,67.0,88.0,245.0,217.0,724.0,711.0,69.0,76.0,36.0,58.0,271.0,376.0,38.0,39.0,206.0,192.0,147.0,22.0,81.0,94.0,475.0,383.0,33.0,395.0,323.0,462.0,0.0,0.0,13901.0
2020-11-08,77.0,88.0,1216.0,176.0,113.0,76.0,182.0,161.0,62.0,65.0,0.0,112.0,83.0,94.0,63.0,367.0,289.0,180.0,212.0,50.0,201.0,424.0,429.0,312.0,283.0,84.0,104.0,34.0,36.0,386.0,304.0,52.0,27.0,50.0,68.0,144.0,146.0,551.0,563.0,55.0,41.0,56.0,68.0,193.0,225.0,20.0,15.0,145.0,125.0,108.0,13.0,91.0,87.0,328.0,308.0,25.0,285.0,223.0,241.0,0.0,0.0,10516.0
2020-11-09,102.0,98.0,822.0,1469.0,141.0,113.0,267.0,288.0,85.0,78.0,0.0,166.0,173.0,123.0,135.0,267.0,211.0,163.0,191.0,81.0,496.0,524.0,515.0,354.0,318.0,129.0,180.0,98.0,79.0,251.0,257.0,94.0,29.0,60.0,109.0,143.0,136.0,275.0,271.0,62.0,62.0,91.0,98.0,174.0,198.0,95.0,68.0,126.0,102.0,86.0,19.0,71.0,87.0,156.0,143.0,15.0,153.0,93.0,107.0,39.0,30.0,11366.0
2020-11-10,113.0,111.0,1174.0,1895.0,141.0,121.0,303.0,299.0,81.0,81.0,0.0,177.0,169.0,137.0,124.0,283.0,229.0,176.0,213.0,126.0,655.0,567.0,534.0,399.0,353.0,142.0,163.0,91.0,107.0,302.0,312.0,96.0,45.0,55.0,95.0,150.0,143.0,298.0,290.0,52.0,63.0,93.0,97.0,217.0,237.0,91.0,108.0,146.0,130.0,74.0,20.0,85.0,85.0,162.0,155.0,27.0,200.0,129.0,183.0,60.0,49.0,13213.0
2020-11-11,122.0,125.0,1043.0,719.0,166.0,155.0,328.0,350.0,84.0,77.0,0.0,192.0,209.0,144.0,130.0,338.0,285.0,190.0,227.0,133.0,548.0,601.0,619.0,420.0,417.0,168.0,190.0,102.0,102.0,344.0,332.0,99.0,26.0,68.0,98.0,175.0,169.0,437.0,473.0,79.0,84.0,82.0,73.0,253.0,274.0,134.0,102.0,165.0,147.0,71.0,17.0,104.0,115.0,269.0,231.0,62.0,244.0,164.0,195.0,76.0,59.0,13405.0
2020-11-12,116.0,146.0,822.0,1001.0,126.0,151.0,319.0,362.0,146.0,112.0,0.0,222.0,173.0,145.0,118.0,367.0,278.0,180.0,244.0,130.0,597.0,588.0,572.0,379.0,384.0,154.0,179.0,97.0,73.0,385.0,350.0,96.0,29.0,68.0,111.0,168.0,155.0,427.0,440.0,70.0,79.0,87.0,50.0,214.0,263.0,153.0,103.0,132.0,146.0,96.0,27.0,102.0,91.0,251.0,223.0,135.0,192.0,155.0,184.0,62.0,51.0,13276.0
2020-11-13,119.0,144.0,707.0,1183.0,128.0,151.0,337.0,359.0,96.0,71.0,0.0,208.0,184.0,157.0,142.0,396.0,375.0,241.0,325.0,133.0,524.0,646.0,679.0,498.0,481.0,147.0,170.0,97.0,93.0,470.0,481.0,99.0,42.0,58.0,144.0,217.0,237.0,595.0,638.0,95.0,97.0,125.0,107.0,296.0,360.0,168.0,126.0,250.0,200.0,139.0,31.0,111.0,108.0,390.0,330.0,266.0,345.0,287.0,362.0,89.0,72.0,16126.0
2020-11-14,99.0,109.0,798.0,1179.0,124.0,125.0,439.0,453.0,64.0,40.0,0.0,224.0,158.0,187.0,139.0,830.0,668.0,424.0,543.0,118.0,429.0,929.0,927.0,822.0,781.0,126.0,143.0,73.0,72.0,976.0,900.0,60.0,24.0,123.0,168.0,454.0,358.0,1402.0,1553.0,115.0,131.0,219.0,206.0,494.0,691.0,108.0,61.0,376.0,382.0,243.0,32.0,191.0,203.0,955.0,865.0,794.0,901.0,624.0,860.0,189.0,134.0,25815.0
2020-11-15,77.0,85.0,1213.0,1025.0,118.0,107.0,259.0,269.0,50.0,48.0,0.0,168.0,92.0,157.0,73.0,502.0,396.0,266.0,301.0,96.0,258.0,562.0,585.0,481.0,449.0,95.0,120.0,39.0,53.0,548.0,515.0,55.0,28.0,38.0,88.0,232.0,209.0,744.0,794.0,96.0,84.0,99.0,72.0,270.0,402.0,82.0,43.0,201.0,207.0,111.0,22.0,130.0,128.0,493.0,459.0,415.0,456.0,322.0,430.0,93.0,91.0,15901.0
2020-11-16,74.0,80.0,503.0,1947.0,220.0,112.0,234.0,283.0,98.0,82.0,0.0,148.0,140.0,115.0,113.0,318.0,252.0,165.0,199.0,131.0,520.0,460.0,482.0,328.0,353.0,132.0,152.0,52.0,42.0,342.0,323.0,100.0,32.0,56.0,105.0,142.0,130.0,370.0,422.0,59.0,63.0,66.0,73.0,228.0,240.0,133.0,121.0,150.0,131.0,81.0,26.0,58.0,64.0,212.0,206.0,169.0,239.0,194.0,212.0,60.0,50.0,12592.0
2020-11-17,130.0,148.0,691.0,1022.0,167.0,136.0,412.0,440.0,122.0,135.0,0.0,214.0,171.0,207.0,147.0,668.0,536.0,339.0,415.0,111.0,434.0,852.0,828.0,744.0,639.0,136.0,221.0,72.0,90.0,856.0,795.0,78.0,29.0,88.0,152.0,347.0,317.0,1169.0,1315.0,135.0,128.0,193.0,180.0,448.0,575.0,98.0,59.0,327.0,320.0,179.0,31.0,148.0,186.0,789.0,758.0,603.0,713.0,528.0,651.0,179.0,94.0,22695.0
2020-11-18,145.0,182.0,1040.0,1460.0,214.0,178.0,426.0,483.0,126.0,127.0,0.0,314.0,249.0,180.0,154.0,518.0,496.0,309.0,389.0,196.0,695.0,780.0,843.0,618.0,598.0,183.0,223.0,110.0,98.0,637.0,591.0,123.0,50.0,104.0,170.0,334.0,281.0,864.0,925.0,108.0,106.0,128.0,126.0,431.0,527.0,371.0,174.0,352.0,281.0,130.0,27.0,173.0,156.0,581.0,512.0,433.0,602.0,330.0,417.0,128.0,83.0,21589.0
2020-11-19,130.0,145.0,689.0,1807.0,203.0,150.0,381.0,418.0,102.0,112.0,0.0,237.0,236.0,181.0,168.0,368.0,356.0,205.0,258.0,125.0,606.0,633.0,656.0,460.0,433.0,173.0,192.0,114.0,113.0,370.0,353.0,121.0,44.0,71.0,109.0,188.0,168.0,412.0,432.0,75.0,79.0,96.0,75.0,262.0,335.0,278.0,131.0,198.0,177.0,100.0,24.0,96.0,92.0,264.0,254.0,156.0,245.0,187.0,224.0,64.0,62.0,15393.0
2020-11-20,113.0,95.0,809.0,1779.0,181.0,145.0,282.0,355.0,90.0,78.0,0.0,194.0,179.0,155.0,134.0,318.0,261.0,173.0,188.0,91.0,527.0,592.0,583.0,395.0,367.0,150.0,196.0,83.0,82.0,338.0,328.0,98.0,39.0,73.0,107.0,162.0,168.0,386.0,380.0,79.0,88.0,92.0,86.0,240.0,264.0,307.0,118.0,198.0,168.0,78.0,17.0,83.0,86.0,232.0,212.0,163.0,226.0,144.0,180.0,3.0,8.0,13746.0
2020-11-21,67.0,98.0,664.0,1157.0,105.0,88.0,275.0,305.0,48.0,64.0,0.0,173.0,90.0,129.0,67.0,429.0,341.0,192.0,239.0,80.0,375.0,491.0,455.0,378.0,361.0,74.0,121.0,55.0,51.0,519.0,494.0,51.0,28.0,45.0,94.0,197.0,164.0,741.0,732.0,61.0,63.0,91.0,113.0,254.0,314.0,124.0,65.0,179.0,158.0,123.0,21.0,112.0,106.0,520.0,479.0,40.0,345.0,268.0,379.0,0.0,0.0,13852.0
2020-11-22,87.0,115.0,614.0,927.0,114.0,78.0,239.0,252.0,39.0,59.0,0.0,161.0,87.0,135.0,82.0,430.0,342.0,208.0,264.0,61.0,303.0,508.0,525.0,383.0,384.0,101.0,131.0,35.0,45.0,520.0,476.0,46.0,23.0,46.0,103.0,231.0,184.0,682.0,722.0,64.0,68.0,111.0,92.0,254.0,336.0,75.0,54.0,175.0,200.0,133.0,13.0,105.0,107.0,503.0,472.0,105.0,428.0,294.0,345.0,0.0,0.0,13676.0
2020-11-23,118.0,102.0,1145.0,788.0,148.0,132.0,297.0,356.0,90.0,76.0,0.0,199.0,209.0,143.0,134.0,259.0,197.0,146.0,176.0,99.0,712.0,523.0,524.0,342.0,327.0,139.0,154.0,102.0,98.0,279.0,295.0,122.0,25.0,50.0,112.0,131.0,130.0,276.0,263.0,53.0,50.0,81.0,79.0,170.0,210.0,277.0,137.0,132.0,119.0,84.0,17.0,71.0,64.0,150.0,136.0,89.0,144.0,98.0,135.0,0.0,0.0,11714.0
2020-11-24,96.0,119.0,728.0,950.0,164.0,121.0,278.0,321.0,142.0,155.0,0.0,208.0,173.0,147.0,124.0,255.0,210.0,146.0,175.0,113.0,754.0,514.0,522.0,362.0,326.0,140.0,161.0,105.0,109.0,289.0,262.0,124.0,40.0,58.0,112.0,145.0,131.0,269.0,265.0,49.0,69.0,76.0,65.0,172.0,241.0,244.0,150.0,119.0,128.0,98.0,13.0,61.0,73.0,155.0,138.0,107.0,136.0,96.0,132.0,35.0,33.0,11703.0
2020-11-25,106.0,110.0,291.0,1331.0,104.0,123.0,269.0,297.0,63.0,75.0,0.0,201.0,177.0,150.0,114.0,248.0,198.0,145.0,183.0,128.0,712.0,507.0,511.0,341.0,315.0,121.0,154.0,85.0,100.0,286.0,251.0,110.0,31.0,52.0,91.0,110.0,98.0,247.0,254.0,55.0,57.0,74.0,72.0,162.0,196.0,304.0,142.0,131.0,103.0,87.0,13.0,75.0,80.0,133.0,142.0,73.0,155.0,92.0,103.0,45.0,38.0,11021.0
2020-11-26,102.0,108.0,0.0,1182.0,55.0,137.0,267.0,285.0,68.0,59.0,0.0,164.0,133.0,136.0,117.0,258.0,197.0,128.0,150.0,115.0,757.0,464.0,492.0,299.0,289.0,136.0,144.0,92.0,73.0,266.0,252.0,110.0,25.0,67.0,119.0,116.0,115.0,256.0,252.0,64.0,68.0,61.0,59.0,158.0,172.0,265.0,117.0,103.0,109.0,78.0,22.0,78.0,82.0,165.0,153.0,4.0,133.0,98.0,95.0,46.0,39.0,10154.0
2020-11-27,94.0,83.0,269.0,1259.0,148.0,139.0,232.0,259.0,102.0,107.0,0.0,197.0,111.0,112.0,107.0,243.0,207.0,120.0,161.0,124.0,718.0,439.0,451.0,277.0,266.0,122.0,136.0,103.0,86.0,250.0,252.0,91.0,14.0,53.0,99.0,109.0,106.0,252.0,243.0,61.0,69.0,64.0,56.0,147.0,180.0,217.0,131.0,125.0,112.0,82.0,22.0,56.0,57.0,145.0,131.0,14.0,133.0,89.0,130.0,43.0,35.0,10240.0
2020-11-28,39.0,51.0,796.0,1467.0,97.0,48.0,142.0,164.0,67.0,52.0,0.0,93.0,66.0,68.0,59.0,234.0,178.0,110.0,122.0,79.0,423.0,289.0,303.0,201.0,196.0,62.0,98.0,31.0,40.0,248.0,234.0,68.0,0.0,19.0,50.0,97.0,75.0,320.0,341.0,61.0,55.0,65.0,43.0,115.0,152.0,68.0,56.0,75.0,66.0,60.0,12.0,52.0,56.0,206.0,179.0,22.0,161.0,119.0,192.0,49.0,37.0,8928.0
2020-11-29,93.0,91.0,866.0,1153.0,97.0,88.0,202.0,231.0,50.0,64.0,0.0,146.0,86.0,105.0,75.0,398.0,310.0,158.0,180.0,85.0,489.0,502.0,478.0,323.0,307.0,74.0,109.0,35.0,36.0,400.0,362.0,56.0,0.0,42.0,67.0,168.0,152.0,572.0,629.0,55.0,51.0,117.0,106.0,202.0,312.0,54.0,29.0,159.0,127.0,98.0,25.0,103.0,144.0,394.0,337.0,35.0,335.0,225.0,337.0,96.0,63.0,12683.0
2020-11-30,115.0,106.0,499.0,922.0,177.0,128.0,278.0,307.0,163.0,137.0,0.0,168.0,163.0,138.0,135.0,297.0,233.0,167.0,180.0,117.0,882.0,530.0,522.0,372.0,332.0,135.0,169.0,94.0,86.0,287.0,269.0,109.0,41.0,59.0,118.0,115.0,115.0,340.0,357.0,80.0,80.0,70.0,79.0,166.0,211.0,357.0,170.0,120.0,137.0,87.0,17.0,85.0,91.0,198.0,174.0,14.0,187.0,136.0,144.0,59.0,40.0,12064.0
2020-12-01,86.0,106.0,476.0,1502.0,136.0,121.0,268.0,274.0,154.0,137.0,0.0,130.0,147.0,104.0,113.0,235.0,178.0,135.0,165.0,112.0,990.0,435.0,457.0,288.0,293.0,122.0,137.0,117.0,94.0,248.0,209.0,97.0,66.0,31.0,73.0,99.0,105.0,254.0,235.0,43.0,55.0,61.0,72.0,144.0,183.0,284.0,131.0,117.0,104.0,84.0,10.0,53.0,70.0,131.0,130.0,16.0,129.0,78.0,106.0,44.0,21.0,10995.0
2020-12-02,90.0,100.0,323.0,963.0,158.0,138.0,247.0,250.0,102.0,69.0,0.0,143.0,176.0,181.0,128.0,230.0,167.0,120.0,136.0,103.0,727.0,498.0,500.0,319.0,300.0,110.0,130.0,99.0,91.0,241.0,241.0,90.0,68.0,34.0,97.0,112.0,95.0,244.0,238.0,49.0,53.0,71.0,63.0,164.0,183.0,279.0,132.0,132.0,118.0,69.0,15.0,63.0,78.0,135.0,129.0,16.0,131.0,83.0,101.0,39.0,32.0,10193.0
2020-12-03,52.0,52.0,155.0,449.0,131.0,104.0,142.0,137.0,59.0,43.0,0.0,71.0,97.0,80.0,87.0,95.0,76.0,66.0,70.0,86.0,415.0,274.0,275.0,152.0,138.0,80.0,110.0,62.0,64.0,129.0,118.0,175.0,47.0,26.0,63.0,35.0,33.0,74.0,74.0,28.0,33.0,27.0,26.0,68.0,71.0,480.0,238.0,51.0,40.0,43.0,6.0,47.0,43.0,35.0,39.0,20.0,41.0,23.0,17.0,31.0,15.0,5818.0
2020-12-04,62.0,62.0,197.0,349.0,186.0,125.0,165.0,193.0,65.0,57.0,0.0,108.0,129.0,117.0,112.0,160.0,125.0,63.0,80.0,100.0,489.0,310.0,336.0,192.0,183.0,82.0,97.0,82.0,59.0,187.0,160.0,120.0,57.0,35.0,48.0,61.0,58.0,177.0,190.0,30.0,30.0,41.0,37.0,95.0,112.0,309.0,147.0,74.0,58.0,42.0,6.0,34.0,45.0,105.0,107.0,44.0,64.0,51.0,78.0,34.0,30.0,6951.0
2020-12-05,73.0,65.0,196.0,297.0,144.0,97.0,181.0,232.0,49.0,41.0,0.0,84.0,97.0,96.0,79.0,325.0,273.0,159.0,187.0,94.0,294.0,480.0,458.0,365.0,347.0,56.0,118.0,49.0,39.0,357.0,357.0,72.0,27.0,38.0,81.0,161.0,137.0,507.0,534.0,65.0,62.0,65.0,75.0,266.0,342.0,113.0,64.0,163.0,159.0,76.0,18.0,80.0,75.0,343.0,315.0,302.0,384.0,287.0,412.0,96.0,85.0,11093.0
2020-12-06,66.0,71.0,173.0,256.0,118.0,92.0,294.0,288.0,60.0,61.0,0.0,80.0,104.0,102.0,82.0,438.0,356.0,185.0,245.0,54.0,297.0,549.0,512.0,420.0,389.0,113.0,135.0,37.0,43.0,498.0,466.0,74.0,34.0,34.0,87.0,218.0,193.0,694.0,759.0,86.0,76.0,91.0,102.0,295.0,369.0,96.0,62.0,194.0,218.0,115.0,19.0,108.0,120.0,510.0,440.0,428.0,500.0,358.0,444.0,108.0,88.0,13504.0
2020-12-07,90.0,84.0,280.0,119.0,192.0,157.0,302.0,320.0,128.0,96.0,0.0,141.0,271.0,149.0,145.0,205.0,163.0,124.0,146.0,131.0,556.0,433.0,482.0,315.0,309.0,120.0,123.0,110.0,98.0,239.0,247.0,118.0,62.0,53.0,75.0,99.0,93.0,215.0,224.0,65.0,57.0,0.0,0.0,168.0,198.0,329.0,188.0,144.0,116.0,66.0,14.0,48.0,63.0,112.0,106.0,69.0,106.0,82.0,94.0,42.0,29.0,9310.0
2020-12-08,111.0,109.0,319.0,274.0,126.0,156.0,305.0,349.0,86.0,77.0,0.0,170.0,176.0,141.0,134.0,262.0,245.0,149.0,173.0,151.0,600.0,507.0,500.0,392.0,378.0,137.0,177.0,116.0,108.0,300.0,285.0,163.0,56.0,55.0,94.0,171.0,168.0,355.0,344.0,66.0,70.0,21.0,16.0,215.0,242.0,259.0,87.0,157.0,125.0,73.0,13.0,73.0,77.0,224.0,210.0,127.0,176.0,126.0,175.0,67.0,34.0,11052.0
2020-12-09,79.0,65.0,168.0,277.0,152.0,110.0,196.0,229.0,136.0,104.0,0.0,102.0,162.0,118.0,109.0,181.0,135.0,80.0,101.0,102.0,602.0,356.0,369.0,228.0,228.0,116.0,108.0,97.0,74.0,183.0,178.0,228.0,55.0,40.0,59.0,65.0,53.0,156.0,156.0,52.0,62.0,6.0,5.0,111.0,131.0,423.0,207.0,69.0,67.0,50.0,9.0,44.0,46.0,89.0,77.0,46.0,60.0,46.0,45.0,23.0,19.0,7644.0
2020-12-10,84.0,81.0,226.0,201.0,157.0,120.0,225.0,250.0,89.0,54.0,0.0,116.0,166.0,123.0,127.0,181.0,156.0,110.0,118.0,131.0,761.0,396.0,392.0,259.0,232.0,121.0,129.0,90.0,92.0,228.0,206.0,174.0,46.0,31.0,62.0,58.0,54.0,177.0,195.0,43.0,49.0,0.0,0.0,110.0,106.0,409.0,230.0,94.0,76.0,60.0,16.0,50.0,62.0,98.0,97.0,52.0,76.0,54.0,54.0,35.0,18.0,8207.0
2020-12-11,73.0,70.0,185.0,154.0,250.0,126.0,225.0,221.0,92.0,74.0,0.0,107.0,184.0,152.0,135.0,179.0,144.0,99.0,135.0,106.0,649.0,383.0,450.0,266.0,268.0,123.0,128.0,81.0,90.0,258.0,222.0,143.0,58.0,29.0,60.0,81.0,87.0,209.0,203.0,44.0,53.0,0.0,0.0,135.0,152.0,247.0,87.0,103.0,97.0,56.0,8.0,52.0,43.0,133.0,110.0,66.0,111.0,81.0,107.0,41.0,38.0,8263.0
2020-12-12,33.0,50.0,0.0,0.0,105.0,59.0,122.0,167.0,27.0,22.0,0.0,50.0,88.0,95.0,87.0,185.0,157.0,83.0,111.0,66.0,410.0,286.0,307.0,193.0,177.0,71.0,122.0,48.0,50.0,267.0,252.0,70.0,40.0,33.0,50.0,80.0,80.0,327.0,350.0,34.0,35.0,0.0,0.0,141.0,160.0,0.0,0.0,110.0,87.0,96.0,1.0,29.0,41.0,203.0,187.0,138.0,189.0,116.0,189.0,61.0,63.0,6600.0
2020-12-13,60.0,74.0,0.0,0.0,102.0,82.0,150.0,148.0,21.0,33.0,0.0,79.0,79.0,100.0,73.0,267.0,227.0,102.0,145.0,51.0,462.0,355.0,338.0,250.0,229.0,75.0,109.0,34.0,46.0,274.0,239.0,62.0,34.0,30.0,78.0,111.0,88.0,381.0,431.0,41.0,39.0,0.0,0.0,206.0,235.0,0.0,0.0,118.0,129.0,15.0,1.0,59.0,66.0,257.0,241.0,182.0,242.0,166.0,216.0,62.0,46.0,7740.0
2020-12-14,90.0,114.0,0.0,0.0,167.0,144.0,264.0,309.0,91.0,75.0,0.0,144.0,211.0,150.0,130.0,259.0,195.0,153.0,175.0,118.0,639.0,481.0,522.0,315.0,341.0,141.0,162.0,80.0,95.0,265.0,225.0,147.0,65.0,65.0,92.0,119.0,113.0,271.0,262.0,69.0,74.0,0.0,0.0,192.0,254.0,2.0,1.0,131.0,132.0,1.0,3.0,72.0,78.0,176.0,155.0,122.0,188.0,112.0,169.0,56.0,37.0,9213.0
2020-12-15,97.0,95.0,0.0,61.0,125.0,136.0,284.0,297.0,102.0,74.0,0.0,125.0,194.0,157.0,143.0,235.0,195.0,142.0,164.0,170.0,636.0,455.0,506.0,298.0,290.0,134.0,150.0,98.0,100.0,232.0,196.0,185.0,65.0,52.0,100.0,102.0,96.0,228.0,214.0,55.0,58.0,0.0,0.0,178.0,194.0,155.0,197.0,123.0,104.0,1.0,9.0,72.0,60.0,135.0,110.0,75.0,132.0,90.0,110.0,57.0,33.0,8881.0
2020-12-16,86.0,110.0,0.0,77.0,154.0,135.0,267.0,274.0,86.0,58.0,0.0,153.0,222.0,132.0,162.0,225.0,189.0,107.0,146.0,135.0,599.0,430.0,479.0,299.0,309.0,138.0,144.0,108.0,97.0,241.0,229.0,181.0,66.0,44.0,75.0,95.0,93.0,245.0,235.0,51.0,55.0,0.0,0.0,140.0,187.0,394.0,215.0,127.0,112.0,7.0,16.0,54.0,71.0,137.0,126.0,83.0,122.0,74.0,111.0,52.0,39.0,8998.0
2020-12-17,77.0,84.0,0.0,87.0,218.0,155.0,252.0,289.0,72.0,47.0,0.0,109.0,194.0,127.0,136.0,196.0,156.0,117.0,133.0,119.0,622.0,414.0,445.0,281.0,275.0,143.0,158.0,108.0,103.0,221.0,231.0,164.0,67.0,49.0,71.0,96.0,94.0,202.0,199.0,56.0,49.0,0.0,0.0,151.0,175.0,415.0,216.0,100.0,107.0,3.0,19.0,58.0,69.0,123.0,98.0,62.0,122.0,78.0,120.0,44.0,32.0,8608.0
2020-12-18,95.0,83.0,0.0,92.0,197.0,134.0,233.0,240.0,81.0,56.0,0.0,103.0,187.0,126.0,128.0,199.0,164.0,98.0,134.0,130.0,603.0,382.0,405.0,263.0,257.0,113.0,135.0,73.0,72.0,209.0,222.0,207.0,50.0,44.0,71.0,90.0,92.0,232.0,220.0,52.0,54.0,18.0,25.0,136.0,168.0,193.0,161.0,98.0,93.0,4.0,14.0,54.0,65.0,149.0,133.0,93.0,131.0,97.0,125.0,38.0,31.0,8152.0
2020-12-19,37.0,62.0,0.0,46.0,104.0,60.0,129.0,179.0,32.0,19.0,0.0,87.0,78.0,81.0,64.0,203.0,192.0,86.0,111.0,61.0,452.0,296.0,298.0,204.0,194.0,111.0,112.0,46.0,37.0,235.0,255.0,69.0,33.0,37.0,58.0,109.0,94.0,310.0,298.0,35.0,38.0,44.0,49.0,151.0,147.0,58.0,73.0,123.0,119.0,6.0,19.0,51.0,64.0,228.0,205.0,151.0,197.0,143.0,196.0,61.0,46.0,7083.0
2020-12-20,49.0,78.0,0.0,44.0,119.0,86.0,130.0,133.0,27.0,24.0,0.0,61.0,67.0,87.0,68.0,240.0,214.0,99.0,156.0,48.0,346.0,311.0,288.0,187.0,167.0,69.0,112.0,34.0,30.0,223.0,251.0,49.0,29.0,14.0,45.0,113.0,108.0,366.0,333.0,30.0,26.0,64.0,61.0,130.0,172.0,58.0,51.0,107.0,117.0,13.0,20.0,68.0,63.0,249.0,212.0,174.0,245.0,142.0,196.0,58.0,38.0,7099.0
2020-12-21,66.0,66.0,0.0,77.0,155.0,106.0,195.0,236.0,71.0,37.0,0.0,89.0,162.0,114.0,121.0,181.0,155.0,114.0,149.0,118.0,388.0,347.0,382.0,220.0,239.0,91.0,110.0,53.0,61.0,240.0,239.0,215.0,57.0,184.0,55.0,94.0,78.0,235.0,229.0,43.0,53.0,50.0,49.0,111.0,136.0,241.0,167.0,94.0,85.0,7.0,12.0,68.0,56.0,130.0,143.0,98.0,129.0,95.0,114.0,25.0,30.0,7665.0
2020-12-22,73.0,74.0,0.0,76.0,173.0,108.0,156.0,173.0,60.0,37.0,0.0,78.0,166.0,110.0,104.0,238.0,181.0,124.0,141.0,101.0,418.0,381.0,359.0,250.0,222.0,95.0,131.0,71.0,64.0,278.0,256.0,149.0,55.0,106.0,51.0,106.0,70.0,309.0,286.0,47.0,60.0,52.0,40.0,135.0,147.0,147.0,120.0,103.0,75.0,2.0,7.0,47.0,75.0,206.0,184.0,113.0,115.0,95.0,159.0,32.0,30.0,7821.0
2020-12-23,40.0,30.0,0.0,50.0,120.0,67.0,115.0,104.0,61.0,38.0,0.0,65.0,96.0,57.0,74.0,114.0,93.0,54.0,81.0,57.0,478.0,214.0,242.0,115.0,113.0,64.0,97.0,48.0,37.0,148.0,141.0,88.0,54.0,34.0,53.0,50.0,44.0,126.0,121.0,34.0,32.0,45.0,36.0,62.0,80.0,166.0,282.0,40.0,56.0,0.0,6.0,40.0,38.0,82.0,79.0,49.0,68.0,60.0,66.0,39.0,21.0,4964.0
2020-12-24,35.0,31.0,0.0,33.0,40.0,21.0,57.0,98.0,23.0,22.0,0.0,44.0,19.0,44.0,36.0,136.0,134.0,60.0,88.0,58.0,238.0,217.0,189.0,129.0,111.0,62.0,99.0,16.0,14.0,168.0,181.0,29.0,19.0,24.0,42.0,70.0,65.0,239.0,235.0,25.0,25.0,42.0,40.0,99.0,117.0,22.0,143.0,63.0,61.0,4.0,9.0,33.0,40.0,172.0,157.0,116.0,117.0,83.0,145.0,34.0,20.0,4693.0
2020-12-25,27.0,17.0,0.0,10.0,21.0,30.0,42.0,42.0,13.0,13.0,0.0,20.0,22.0,25.0,14.0,87.0,73.0,50.0,59.0,36.0,179.0,142.0,141.0,70.0,70.0,43.0,64.0,8.0,9.0,71.0,68.0,14.0,13.0,26.0,39.0,39.0,32.0,129.0,130.0,11.0,12.0,23.0,23.0,53.0,55.0,13.0,124.0,29.0,30.0,3.0,3.0,12.0,34.0,78.0,87.0,49.0,64.0,48.0,50.0,19.0,9.0,2717.0
2020-12-26,27.0,38.0,0.0,34.0,69.0,46.0,98.0,118.0,20.0,13.0,0.0,33.0,45.0,55.0,36.0,228.0,174.0,101.0,115.0,50.0,227.0,281.0,286.0,184.0,165.0,42.0,81.0,13.0,16.0,266.0,278.0,24.0,24.0,36.0,44.0,92.0,97.0,368.0,381.0,39.0,41.0,77.0,61.0,145.0,169.0,20.0,167.0,85.0,68.0,14.0,20.0,66.0,67.0,231.0,201.0,198.0,228.0,138.0,235.0,50.0,50.0,6575.0
2020-12-27,43.0,59.0,0.0,39.0,47.0,49.0,117.0,102.0,23.0,19.0,0.0,49.0,40.0,58.0,36.0,246.0,172.0,97.0,125.0,33.0,266.0,257.0,239.0,182.0,161.0,64.0,72.0,13.0,21.0,253.0,207.0,34.0,23.0,36.0,49.0,129.0,127.0,326.0,388.0,60.0,42.0,67.0,57.0,157.0,174.0,19.0,131.0,101.0,96.0,6.0,18.0,43.0,60.0,280.0,274.0,202.0,270.0,135.0,215.0,49.0,29.0,6686.0
2020-12-28,46.0,64.0,0.0,36.0,89.0,67.0,116.0,112.0,35.0,29.0,0.0,52.0,69.0,56.0,43.0,173.0,128.0,98.0,124.0,78.0,355.0,255.0,300.0,171.0,166.0,48.0,68.0,27.0,39.0,180.0,185.0,41.0,34.0,30.0,53.0,89.0,112.0,269.0,252.0,52.0,45.0,41.0,45.0,146.0,136.0,50.0,299.0,94.0,71.0,5.0,11.0,43.0,46.0,175.0,155.0,128.0,183.0,112.0,141.0,40.0,31.0,6138.0
2020-12-29,53.0,66.0,0.0,76.0,123.0,71.0,193.0,223.0,54.0,38.0,0.0,94.0,95.0,91.0,75.0,291.0,225.0,138.0,177.0,62.0,378.0,400.0,411.0,282.0,278.0,75.0,103.0,45.0,43.0,336.0,297.0,70.0,32.0,41.0,50.0,125.0,123.0,422.0,442.0,50.0,61.0,72.0,62.0,198.0,236.0,20.0,324.0,107.0,88.0,3.0,16.0,60.0,79.0,232.0,221.0,189.0,259.0,167.0,232.0,58.0,48.0,8880.0
2020-12-30,60.0,71.0,0.0,64.0,112.0,67.0,156.0,203.0,34.0,27.0,0.0,120.0,108.0,82.0,81.0,295.0,212.0,120.0,156.0,59.0,392.0,309.0,370.0,220.0,242.0,100.0,109.0,55.0,53.0,286.0,286.0,71.0,41.0,37.0,63.0,127.0,114.0,401.0,412.0,66.0,62.0,51.0,56.0,191.0,228.0,141.0,208.0,120.0,136.0,6.0,10.0,67.0,82.0,259.0,261.0,224.0,269.0,161.0,224.0,48.0,41.0,8626.0
2020-12-31,60.0,69.0,0.0,51.0,72.0,69.0,128.0,177.0,25.0,23.0,0.0,74.0,56.0,84.0,56.0,287.0,224.0,133.0,149.0,58.0,324.0,374.0,393.0,242.0,252.0,64.0,97.0,30.0,43.0,291.0,252.0,36.0,27.0,33.0,66.0,123.0,130.0,403.0,450.0,55.0,46.0,68.0,59.0,162.0,206.0,117.0,89.0,99.0,113.0,3.0,14.0,66.0,69.0,288.0,274.0,218.0,253.0,148.0,240.0,44.0,54.0,8110.0
2021-01-01,44.0,43.0,0.0,43.0,61.0,38.0,95.0,108.0,24.0,23.0,0.0,55.0,38.0,60.0,31.0,207.0,149.0,89.0,95.0,49.0,207.0,239.0,251.0,152.0,165.0,47.0,64.0,24.0,20.0,199.0,168.0,25.0,16.0,39.0,49.0,114.0,107.0,293.0,314.0,43.0,40.0,48.0,40.0,129.0,166.0,48.0,49.0,92.0,80.0,8.0,13.0,64.0,59.0,199.0,196.0,167.0,215.0,144.0,193.0,41.0,39.0,5818.0
2021-01-02,41.0,44.0,0.0,26.0,52.0,44.0,84.0,82.0,14.0,18.0,0.0,64.0,33.0,36.0,26.0,189.0,154.0,85.0,110.0,36.0,218.0,227.0,244.0,138.0,141.0,50.0,63.0,20.0,16.0,163.0,144.0,33.0,24.0,24.0,46.0,67.0,75.0,231.0,241.0,21.0,26.0,39.0,43.0,72.0,105.0,62.0,55.0,57.0,51.0,10.0,13.0,40.0,64.0,130.0,123.0,126.0,157.0,69.0,103.0,33.0,37.0,4739.0
2021-01-03,34.0,39.0,0.0,21.0,46.0,32.0,59.0,68.0,22.0,17.0,0.0,60.0,33.0,37.0,17.0,151.0,93.0,56.0,70.0,38.0,168.0,296.0,223.0,99.0,98.0,41.0,56.0,19.0,27.0,110.0,123.0,25.0,19.0,16.0,26.0,51.0,32.0,146.0,134.0,15.0,19.0,27.0,26.0,77.0,52.0,56.0,59.0,30.0,26.0,2.0,4.0,37.0,50.0,97.0,85.0,70.0,86.0,48.0,51.0,26.0,16.0,3561.0
2021-01-04,54.0,52.0,0.0,62.0,156.0,94.0,125.0,146.0,37.0,35.0,0.0,107.0,106.0,70.0,52.0,167.0,124.0,79.0,96.0,72.0,443.0,372.0,387.0,191.0,183.0,86.0,114.0,54.0,139.0,147.0,144.0,69.0,43.0,28.0,58.0,48.0,60.0,117.0,92.0,36.0,36.0,45.0,46.0,94.0,105.0,121.0,92.0,58.0,57.0,1.0,6.0,56.0,49.0,62.0,60.0,29.0,41.0,41.0,52.0,18.0,11.0,5525.0
2021-01-05,69.0,75.0,0.0,62.0,248.0,103.0,168.0,179.0,58.0,38.0,0.0,132.0,109.0,71.0,75.0,205.0,146.0,101.0,105.0,71.0,431.0,415.0,379.0,195.0,197.0,94.0,126.0,68.0,53.0,187.0,205.0,66.0,37.0,34.0,58.0,53.0,57.0,137.0,142.0,35.0,42.0,40.0,52.0,106.0,111.0,126.0,120.0,70.0,57.0,3.0,5.0,45.0,66.0,72.0,78.0,44.0,56.0,49.0,83.0,32.0,18.0,6259.0
2021-01-06,66.0,64.0,0.0,75.0,169.0,78.0,123.0,153.0,53.0,39.0,0.0,111.0,108.0,63.0,66.0,180.0,124.0,82.0,102.0,56.0,476.0,287.0,327.0,170.0,154.0,76.0,81.0,63.0,63.0,142.0,152.0,94.0,57.0,22.0,52.0,53.0,57.0,99.0,121.0,24.0,23.0,36.0,36.0,69.0,79.0,167.0,124.0,46.0,45.0,3.0,9.0,44.0,54.0,62.0,67.0,34.0,34.0,42.0,50.0,19.0,10.0,5335.0
2021-01-07,44.0,37.0,0.0,53.0,106.0,72.0,97.0,110.0,33.0,29.0,0.0,73.0,86.0,64.0,58.0,179.0,96.0,54.0,60.0,34.0,454.0,279.0,253.0,122.0,131.0,52.0,92.0,44.0,39.0,116.0,123.0,67.0,47.0,21.0,35.0,38.0,36.0,88.0,80.0,17.0,20.0,22.0,23.0,54.0,52.0,186.0,133.0,30.0,27.0,1.0,10.0,28.0,48.0,42.0,44.0,27.0,26.0,13.0,19.0,17.0,9.0,4250.0
2021-01-08,52.0,65.0,0.0,52.0,89.0,68.0,126.0,154.0,48.0,30.0,0.0,100.0,88.0,66.0,76.0,165.0,103.0,64.0,86.0,74.0,427.0,249.0,273.0,114.0,130.0,68.0,105.0,53.0,39.0,142.0,142.0,60.0,47.0,19.0,45.0,33.0,25.0,132.0,127.0,23.0,40.0,26.0,19.0,62.0,63.0,220.0,123.0,35.0,34.0,1.0,11.0,23.0,31.0,81.0,79.0,24.0,37.0,37.0,38.0,19.0,10.0,4772.0
2021-01-09,40.0,48.0,0.0,43.0,48.0,43.0,95.0,78.0,26.0,17.0,0.0,58.0,54.0,49.0,39.0,240.0,150.0,65.0,88.0,36.0,272.0,275.0,242.0,136.0,137.0,43.0,69.0,23.0,31.0,176.0,158.0,28.0,25.0,10.0,30.0,35.0,40.0,203.0,220.0,9.0,27.0,19.0,23.0,63.0,82.0,70.0,61.0,30.0,37.0,9.0,6.0,25.0,42.0,135.0,148.0,68.0,67.0,71.0,103.0,31.0,23.0,4519.0
2021-01-10,58.0,53.0,0.0,38.0,63.0,45.0,87.0,115.0,16.0,26.0,0.0,66.0,33.0,47.0,23.0,200.0,165.0,92.0,93.0,46.0,170.0,259.0,246.0,117.0,127.0,59.0,65.0,11.0,20.0,146.0,153.0,35.0,17.0,29.0,33.0,60.0,46.0,237.0,229.0,13.0,23.0,21.0,30.0,72.0,74.0,56.0,59.0,31.0,27.0,4.0,4.0,53.0,64.0,166.0,135.0,85.0,134.0,65.0,78.0,36.0,22.0,4577.0
2021-01-11,69.0,71.0,0.0,74.0,96.0,96.0,169.0,173.0,45.0,37.0,0.0,164.0,183.0,87.0,98.0,196.0,143.0,96.0,117.0,66.0,439.0,63.0,33.0,188.0,189.0,87.0,103.0,65.0,65.0,174.0,179.0,84.0,48.0,42.0,70.0,53.0,36.0,185.0,173.0,24.0,30.0,39.0,45.0,96.0,94.0,185.0,185.0,57.0,59.0,3.0,17.0,35.0,44.0,110.0,97.0,51.0,78.0,62.0,86.0,34.0,15.0,5702.0
2021-01-12,37.0,36.0,37.0,71.0,153.0,77.0,107.0,124.0,39.0,28.0,0.0,113.0,121.0,52.0,56.0,171.0,115.0,63.0,68.0,62.0,521.0,40.0,39.0,126.0,130.0,74.0,104.0,64.0,57.0,124.0,106.0,96.0,37.0,14.0,41.0,43.0,43.0,83.0,92.0,14.0,27.0,27.0,27.0,58.0,69.0,210.0,176.0,36.0,43.0,1.0,11.0,39.0,60.0,48.0,54.0,17.0,34.0,21.0,32.0,17.0,12.0,4397.0
2021-01-13,60.0,55.0,211.0,79.0,106.0,93.0,146.0,157.0,62.0,32.0,0.0,107.0,98.0,84.0,65.0,189.0,128.0,66.0,78.0,53.0,536.0,151.0,201.0,133.0,159.0,78.0,82.0,58.0,127.0,155.0,147.0,96.0,49.0,22.0,57.0,42.0,34.0,148.0,145.0,33.0,34.0,34.0,27.0,56.0,69.0,152.0,151.0,39.0,42.0,0.0,17.0,25.0,71.0,77.0,88.0,47.0,44.0,45.0,37.0,23.0,19.0,5419.0
2021-01-14,34.0,16.0,121.0,63.0,112.0,73.0,101.0,108.0,41.0,31.0,0.0,80.0,87.0,52.0,27.0,154.0,76.0,36.0,42.0,49.0,376.0,244.0,238.0,102.0,95.0,60.0,86.0,45.0,29.0,124.0,109.0,80.0,38.0,15.0,34.0,33.0,24.0,64.0,81.0,26.0,25.0,23.0,28.0,49.0,57.0,137.0,142.0,38.0,36.0,3.0,11.0,23.0,48.0,40.0,49.0,21.0,22.0,14.0,25.0,11.0,4.0,4012.0
2021-01-15,38.0,34.0,152.0,55.0,100.0,60.0,87.0,101.0,46.0,27.0,0.0,81.0,73.0,49.0,51.0,127.0,70.0,30.0,36.0,48.0,498.0,202.0,195.0,81.0,78.0,38.0,60.0,47.0,43.0,95.0,83.0,61.0,38.0,14.0,31.0,27.0,23.0,61.0,72.0,9.0,17.0,18.0,14.0,40.0,49.0,213.0,223.0,20.0,21.0,4.0,4.0,26.0,38.0,33.0,42.0,18.0,16.0,20.0,29.0,20.0,6.0,3892.0
2021-01-16,17.0,24.0,140.0,21.0,52.0,28.0,40.0,38.0,13.0,7.0,0.0,42.0,18.0,27.0,16.0,116.0,47.0,11.0,23.0,30.0,103.0,133.0,117.0,52.0,44.0,12.0,43.0,0.0,0.0,67.0,53.0,20.0,16.0,9.0,21.0,22.0,30.0,59.0,63.0,14.0,17.0,24.0,16.0,32.0,40.0,71.0,77.0,18.0,19.0,0.0,3.0,16.0,27.0,32.0,46.0,5.0,21.0,19.0,39.0,23.0,6.0,2139.0
2021-01-17,19.0,27.0,193.0,25.0,72.0,28.0,40.0,41.0,19.0,18.0,0.0,43.0,24.0,30.0,17.0,118.0,48.0,18.0,31.0,33.0,107.0,129.0,143.0,51.0,39.0,27.0,51.0,11.0,14.0,59.0,47.0,22.0,22.0,12.0,34.0,31.0,26.0,65.0,63.0,9.0,12.0,13.0,13.0,44.0,44.0,60.0,66.0,24.0,20.0,4.0,5.0,14.0,41.0,43.0,43.0,8.0,28.0,29.0,42.0,19.0,9.0,2387.0
2021-01-18,38.0,14.0,262.0,64.0,109.0,71.0,104.0,110.0,45.0,25.0,0.0,102.0,77.0,65.0,68.0,157.0,67.0,36.0,40.0,55.0,399.0,242.0,269.0,113.0,100.0,67.0,84.0,59.0,38.0,104.0,91.0,46.0,43.0,28.0,34.0,35.0,32.0,79.0,85.0,13.0,22.0,24.0,23.0,40.0,46.0,148.0,163.0,33.0,28.0,2.0,11.0,20.0,36.0,43.0,50.0,3.0,20.0,17.0,32.0,5.0,3.0,4239.0
2021-01-19,50.0,37.0,127.0,68.0,134.0,88.0,104.0,124.0,55.0,41.0,0.0,101.0,130.0,72.0,81.0,188.0,106.0,45.0,34.0,26.0,533.0,335.0,304.0,145.0,145.0,59.0,86.0,61.0,62.0,121.0,113.0,88.0,40.0,32.0,46.0,50.0,44.0,94.0,99.0,18.0,12.0,29.0,24.0,44.0,65.0,80.0,83.0,32.0,35.0,2.0,9.0,32.0,39.0,45.0,47.0,3.0,28.0,23.0,39.0,12.0,8.0,4777.0
2021-01-20,68.0,61.0,152.0,84.0,156.0,95.0,184.0,209.0,62.0,44.0,0.0,142.0,179.0,124.0,91.0,305.0,193.0,125.0,134.0,65.0,667.0,421.0,423.0,240.0,234.0,111.0,137.0,54.0,56.0,252.0,193.0,69.0,39.0,40.0,84.0,74.0,69.0,305.0,303.0,32.0,31.0,50.0,48.0,133.0,161.0,15.0,83.0,70.0,77.0,5.0,19.0,41.0,76.0,188.0,166.0,77.0,119.0,101.0,142.0,25.0,29.0,7932.0
2021-01-21,71.0,78.0,197.0,96.0,161.0,134.0,206.0,209.0,55.0,46.0,0.0,146.0,163.0,117.0,122.0,283.0,230.0,158.0,161.0,89.0,653.0,337.0,363.0,270.0,289.0,81.0,88.0,68.0,74.0,247.0,221.0,79.0,46.0,50.0,78.0,89.0,88.0,305.0,317.0,40.0,48.0,40.0,37.0,146.0,156.0,21.0,90.0,80.0,74.0,4.0,22.0,59.0,65.0,180.0,180.0,95.0,148.0,110.0,145.0,36.0,31.0,8272.0
2021-01-22,103.0,120.0,271.0,140.0,164.0,117.0,284.0,288.0,60.0,39.0,0.0,173.0,125.0,158.0,119.0,442.0,349.0,224.0,264.0,67.0,705.0,422.0,546.0,415.0,432.0,0.0,1.0,55.0,68.0,411.0,375.0,73.0,56.0,88.0,97.0,148.0,159.0,623.0,660.0,57.0,75.0,65.0,59.0,258.0,307.0,11.0,64.0,142.0,144.0,7.0,32.0,89.0,82.0,436.0,382.0,251.0,361.0,244.0,302.0,82.0,50.0,12341.0
2021-01-23,19.0,31.0,169.0,39.0,63.0,37.0,60.0,61.0,13.0,6.0,0.0,50.0,45.0,40.0,37.0,179.0,117.0,66.0,81.0,15.0,215.0,113.0,131.0,78.0,85.0,37.0,53.0,14.0,14.0,73.0,75.0,24.0,24.0,13.0,28.0,27.0,31.0,111.0,103.0,15.0,17.0,8.0,4.0,35.0,44.0,56.0,51.0,25.0,21.0,2.0,2.0,9.0,34.0,64.0,66.0,48.0,59.0,39.0,63.0,21.0,17.0,3077.0
2021-01-24,25.0,44.0,163.0,42.0,61.0,36.0,63.0,59.0,26.0,24.0,0.0,57.0,37.0,43.0,34.0,280.0,214.0,87.0,103.0,27.0,171.0,140.0,160.0,89.0,105.0,50.0,74.0,16.0,21.0,153.0,139.0,29.0,16.0,22.0,33.0,35.0,37.0,187.0,206.0,13.0,16.0,9.0,15.0,65.0,58.0,25.0,34.0,21.0,13.0,5.0,7.0,32.0,52.0,119.0,114.0,71.0,84.0,51.0,82.0,26.0,31.0,4051.0
2021-01-25,64.0,74.0,221.0,91.0,143.0,107.0,183.0,198.0,66.0,46.0,0.0,121.0,168.0,91.0,89.0,299.0,209.0,120.0,146.0,96.0,469.0,293.0,354.0,217.0,226.0,111.0,117.0,64.0,72.0,185.0,174.0,68.0,47.0,56.0,61.0,76.0,62.0,227.0,219.0,28.0,28.0,34.0,29.0,110.0,123.0,182.0,120.0,84.0,59.0,5.0,16.0,50.0,67.0,131.0,132.0,110.0,147.0,83.0,120.0,39.0,20.0,7347.0
2021-01-26,47.0,61.0,190.0,87.0,121.0,87.0,119.0,138.0,53.0,45.0,0.0,76.0,111.0,58.0,58.0,205.0,145.0,52.0,64.0,36.0,420.0,241.0,252.0,156.0,146.0,90.0,99.0,51.0,51.0,134.0,107.0,63.0,52.0,27.0,55.0,52.0,41.0,90.0,104.0,23.0,29.0,20.0,13.0,66.0,78.0,253.0,194.0,39.0,39.0,1.0,12.0,28.0,58.0,53.0,55.0,21.0,31.0,27.0,35.0,5.0,3.0,5067.0
2021-01-27,39.0,34.0,124.0,74.0,182.0,91.0,116.0,145.0,55.0,32.0,0.0,181.0,165.0,73.0,90.0,241.0,151.0,41.0,54.0,62.0,600.0,221.0,290.0,153.0,157.0,76.0,95.0,62.0,54.0,130.0,126.0,57.0,55.0,35.0,54.0,46.0,35.0,130.0,133.0,15.0,27.0,12.0,16.0,89.0,78.0,157.0,156.0,46.0,44.0,5.0,16.0,37.0,56.0,72.0,63.0,62.0,67.0,55.0,63.0,22.0,11.0,5628.0
2021-01-28,30.0,33.0,226.0,75.0,631.0,87.0,97.0,109.0,51.0,27.0,0.0,119.0,93.0,49.0,68.0,152.0,109.0,39.0,49.0,56.0,536.0,172.0,207.0,113.0,110.0,83.0,93.0,48.0,38.0,121.0,109.0,54.0,50.0,27.0,34.0,23.0,24.0,78.0,81.0,17.0,15.0,17.0,13.0,46.0,52.0,185.0,127.0,22.0,35.0,2.0,16.0,21.0,30.0,33.0,38.0,35.0,31.0,26.0,40.0,16.0,12.0,4930.0
2021-01-29,30.0,28.0,143.0,47.0,131.0,60.0,65.0,77.0,27.0,22.0,0.0,43.0,58.0,32.0,34.0,111.0,81.0,24.0,33.0,42.0,489.0,112.0,175.0,67.0,70.0,48.0,69.0,43.0,24.0,76.0,82.0,54.0,40.0,24.0,27.0,12.0,11.0,37.0,36.0,15.0,9.0,14.0,11.0,26.0,26.0,154.0,117.0,17.0,26.0,1.0,5.0,14.0,24.0,23.0,26.0,14.0,9.0,22.0,20.0,11.0,7.0,3175.0
2021-01-30,23.0,30.0,174.0,40.0,70.0,42.0,61.0,73.0,13.0,12.0,0.0,58.0,37.0,36.0,31.0,240.0,149.0,54.0,64.0,36.0,246.0,108.0,132.0,70.0,75.0,45.0,68.0,14.0,12.0,109.0,85.0,32.0,22.0,20.0,48.0,21.0,19.0,146.0,155.0,27.0,34.0,13.0,13.0,41.0,56.0,51.0,57.0,29.0,27.0,2.0,4.0,35.0,59.0,108.0,111.0,48.0,52.0,35.0,63.0,21.0,19.0,3575.0
2021-01-31,35.0,65.0,146.0,71.0,54.0,59.0,125.0,135.0,24.0,20.0,0.0,104.0,62.0,68.0,35.0,373.0,297.0,134.0,170.0,47.0,338.0,238.0,260.0,199.0,167.0,56.0,103.0,17.0,38.0,281.0,245.0,29.0,29.0,46.0,60.0,73.0,91.0,449.0,445.0,47.0,37.0,14.0,22.0,156.0,167.0,81.0,65.0,70.0,70.0,8.0,23.0,71.0,90.0,262.0,255.0,42.0,146.0,171.0,207.0,60.0,49.0,7301.0
2021-02-01,68.0,75.0,225.0,112.0,129.0,111.0,152.0,177.0,59.0,37.0,0.0,151.0,142.0,73.0,95.0,309.0,241.0,117.0,148.0,75.0,556.0,303.0,331.0,225.0,232.0,109.0,112.0,68.0,66.0,183.0,189.0,64.0,51.0,42.0,79.0,73.0,72.0,254.0,269.0,43.0,39.0,31.0,31.0,104.0,120.0,153.0,121.0,69.0,67.0,3.0,18.0,40.0,55.0,158.0,156.0,9.0,122.0,86.0,110.0,34.0,27.0,7370.0
2021-02-02,63.0,64.0,237.0,101.0,141.0,112.0,168.0,203.0,44.0,38.0,0.0,145.0,143.0,99.0,60.0,301.0,234.0,90.0,130.0,62.0,403.0,303.0,322.0,206.0,204.0,118.0,125.0,61.0,48.0,171.0,171.0,80.0,58.0,48.0,77.0,77.0,81.0,210.0,220.0,38.0,38.0,23.0,27.0,132.0,132.0,140.0,124.0,73.0,69.0,4.0,11.0,43.0,65.0,129.0,127.0,12.0,85.0,81.0,96.0,33.0,18.0,6918.0
2021-02-03,67.0,58.0,216.0,80.0,152.0,87.0,134.0,161.0,62.0,31.0,0.0,103.0,168.0,63.0,57.0,248.0,165.0,76.0,87.0,71.0,495.0,262.0,266.0,165.0,165.0,91.0,122.0,54.0,81.0,175.0,178.0,78.0,44.0,34.0,66.0,61.0,50.0,152.0,159.0,27.0,29.0,17.0,23.0,79.0,97.0,184.0,108.0,44.0,60.0,1.0,8.0,34.0,53.0,81.0,75.0,11.0,43.0,36.0,57.0,18.0,20.0,5889.0
2021-02-04,95.0,72.0,88.0,131.0,135.0,125.0,246.0,272.0,76.0,48.0,0.0,214.0,189.0,124.0,107.0,457.0,306.0,195.0,213.0,112.0,560.0,457.0,525.0,366.0,388.0,133.0,147.0,54.0,75.0,317.0,318.0,77.0,44.0,64.0,109.0,155.0,164.0,415.0,435.0,60.0,63.0,32.0,27.0,244.0,274.0,185.0,135.0,151.0,146.0,3.0,20.0,73.0,66.0,270.0,248.0,22.0,214.0,184.0,244.0,46.0,26.0,10741.0
2021-02-05,70.0,62.0,121.0,83.0,120.0,104.0,171.0,214.0,41.0,31.0,0.0,155.0,134.0,119.0,111.0,286.0,241.0,122.0,138.0,72.0,545.0,320.0,367.0,34.0,20.0,96.0,123.0,57.0,56.0,204.0,231.0,81.0,53.0,46.0,57.0,100.0,87.0,256.0,265.0,42.0,47.0,20.0,17.0,140.0,159.0,162.0,129.0,85.0,74.0,5.0,18.0,48.0,43.0,171.0,163.0,15.0,130.0,104.0,141.0,41.0,25.0,7172.0
2021-02-06,20.0,29.0,31.0,55.0,45.0,29.0,37.0,38.0,11.0,4.0,0.0,46.0,20.0,26.0,19.0,162.0,85.0,27.0,29.0,27.0,225.0,74.0,106.0,0.0,0.0,35.0,61.0,16.0,11.0,53.0,44.0,37.0,25.0,9.0,29.0,21.0,8.0,47.0,58.0,4.0,3.0,4.0,3.0,23.0,23.0,105.0,111.0,15.0,10.0,2.0,5.0,17.0,24.0,37.0,43.0,3.0,13.0,16.0,24.0,13.0,8.0,2105.0
2021-02-07,11.0,15.0,13.0,66.0,34.0,9.0,30.0,35.0,9.0,11.0,0.0,39.0,19.0,11.0,9.0,132.0,72.0,12.0,22.0,21.0,71.0,63.0,79.0,0.0,0.0,39.0,46.0,7.0,14.0,59.0,39.0,22.0,24.0,9.0,16.0,19.0,25.0,52.0,67.0,14.0,18.0,9.0,5.0,27.0,36.0,80.0,118.0,29.0,27.0,0.0,6.0,25.0,37.0,34.0,59.0,4.0,24.0,27.0,27.0,19.0,13.0,1859.0
2021-02-08,8.0,12.0,63.0,758.0,61.0,0.0,51.0,48.0,22.0,21.0,0.0,35.0,101.0,28.0,22.0,88.0,43.0,14.0,15.0,19.0,120.0,83.0,152.0,55.0,40.0,48.0,57.0,1.0,5.0,57.0,45.0,91.0,16.0,7.0,17.0,15.0,8.0,28.0,30.0,0.0,0.0,8.0,2.0,17.0,20.0,253.0,312.0,16.0,20.0,12.0,180.0,15.0,38.0,15.0,11.0,1.0,2.0,6.0,8.0,4.0,3.0,3227.0
2021-02-09,16.0,8.0,39.0,396.0,67.0,0.0,47.0,58.0,22.0,12.0,0.0,34.0,27.0,17.0,17.0,80.0,45.0,21.0,24.0,25.0,190.0,95.0,151.0,36.0,37.0,38.0,67.0,3.0,1.0,56.0,68.0,68.0,15.0,5.0,33.0,13.0,14.0,18.0,21.0,0.0,0.0,3.0,6.0,12.0,17.0,154.0,245.0,18.0,20.0,2.0,19.0,18.0,40.0,15.0,21.0,0.0,2.0,2.0,6.0,3.0,1.0,2488.0
2021-02-10,26.0,24.0,27.0,444.0,79.0,1.0,40.0,43.0,25.0,20.0,0.0,43.0,59.0,22.0,27.0,83.0,48.0,18.0,20.0,15.0,182.0,83.0,134.0,35.0,31.0,40.0,55.0,4.0,0.0,76.0,85.0,86.0,30.0,2.0,24.0,6.0,6.0,2.0,0.0,0.0,0.0,8.0,10.0,23.0,25.0,124.0,193.0,21.0,24.0,1.0,3.0,11.0,32.0,15.0,31.0,3.0,5.0,1.0,1.0,5.0,3.0,2484.0
2021-02-11,28.0,26.0,41.0,301.0,75.0,21.0,56.0,59.0,29.0,15.0,0.0,27.0,14.0,24.0,26.0,55.0,48.0,15.0,14.0,24.0,174.0,91.0,158.0,23.0,12.0,39.0,43.0,11.0,0.0,62.0,58.0,49.0,20.0,12.0,30.0,21.0,13.0,34.0,31.0,0.0,0.0,6.0,2.0,12.0,19.0,132.0,141.0,15.0,17.0,3.0,8.0,14.0,35.0,12.0,34.0,3.0,4.0,4.0,6.0,9.0,3.0,2258.0
2021-02-12,26.0,22.0,24.0,283.0,65.0,13.0,44.0,61.0,20.0,22.0,0.0,36.0,15.0,33.0,22.0,86.0,57.0,14.0,25.0,10.0,228.0,90.0,129.0,48.0,25.0,35.0,48.0,6.0,0.0,78.0,60.0,43.0,17.0,6.0,12.0,20.0,22.0,34.0,40.0,7.0,5.0,8.0,4.0,29.0,29.0,62.0,59.0,26.0,22.0,2.0,7.0,15.0,33.0,35.0,37.0,4.0,13.0,1.0,5.0,12.0,3.0,2237.0
2021-02-13,16.0,12.0,17.0,103.0,47.0,3.0,36.0,34.0,8.0,5.0,0.0,13.0,9.0,19.0,7.0,99.0,62.0,13.0,16.0,20.0,88.0,64.0,74.0,38.0,22.0,29.0,51.0,2.0,0.0,41.0,43.0,25.0,16.0,15.0,10.0,21.0,25.0,55.0,63.0,6.0,10.0,3.0,1.0,19.0,19.0,3.0,15.0,15.0,16.0,4.0,6.0,16.0,47.0,33.0,36.0,6.0,32.0,3.0,5.0,10.0,6.0,1532.0
2021-02-14,13.0,13.0,37.0,113.0,42.0,4.0,33.0,35.0,10.0,10.0,0.0,33.0,23.0,24.0,17.0,127.0,96.0,18.0,26.0,6.0,28.0,81.0,91.0,36.0,20.0,21.0,43.0,3.0,0.0,40.0,37.0,23.0,7.0,6.0,16.0,43.0,40.0,63.0,54.0,0.0,0.0,4.0,3.0,20.0,26.0,4.0,17.0,16.0,16.0,1.0,3.0,17.0,50.0,40.0,42.0,14.0,26.0,3.0,3.0,27.0,7.0,1671.0
2021-02-15,23.0,18.0,66.0,234.0,57.0,7.0,31.0,50.0,19.0,20.0,0.0,50.0,73.0,43.0,28.0,73.0,57.0,7.0,11.0,18.0,205.0,117.0,131.0,61.0,59.0,41.0,51.0,23.0,1.0,49.0,39.0,59.0,23.0,12.0,19.0,21.0,18.0,32.0,21.0,0.0,0.0,8.0,5.0,5.0,3.0,104.0,119.0,24.0,28.0,2.0,5.0,15.0,22.0,12.0,13.0,2.0,10.0,5.0,7.0,13.0,6.0,2275.0
2021-02-16,21.0,22.0,86.0,208.0,67.0,10.0,60.0,65.0,45.0,30.0,0.0,53.0,71.0,30.0,17.0,113.0,69.0,14.0,21.0,37.0,215.0,100.0,154.0,64.0,50.0,40.0,61.0,12.0,1.0,69.0,90.0,58.0,38.0,10.0,28.0,27.0,19.0,34.0,29.0,0.0,0.0,10.0,10.0,0.0,0.0,81.0,102.0,17.0,14.0,2.0,11.0,14.0,45.0,17.0,16.0,1.0,8.0,4.0,9.0,10.0,9.0,2518.0
2021-02-17,15.0,17.0,131.0,211.0,98.0,26.0,67.0,61.0,38.0,22.0,0.0,73.0,58.0,45.0,11.0,89.0,58.0,8.0,7.0,20.0,299.0,148.0,189.0,68.0,74.0,47.0,83.0,19.0,10.0,93.0,96.0,84.0,35.0,19.0,32.0,14.0,17.0,45.0,35.0,8.0,7.0,6.0,7.0,0.0,0.0,169.0,119.0,15.0,19.0,2.0,11.0,17.0,41.0,18.0,24.0,15.0,11.0,3.0,3.0,13.0,4.0,2974.0
2021-02-18,46.0,46.0,237.0,215.0,81.0,72.0,125.0,159.0,50.0,37.0,0.0,126.0,100.0,69.0,7.0,265.0,164.0,48.0,61.0,38.0,387.0,283.0,314.0,222.0,213.0,91.0,109.0,41.0,57.0,166.0,176.0,76.0,36.0,37.0,66.0,59.0,60.0,224.0,228.0,41.0,46.0,12.0,17.0,0.0,0.0,177.0,115.0,63.0,54.0,5.0,15.0,44.0,66.0,115.0,109.0,152.0,113.0,93.0,97.0,35.0,33.0,6193.0
2021-02-19,75.0,78.0,413.0,160.0,101.0,119.0,210.0,223.0,59.0,38.0,0.0,139.0,144.0,97.0,5.0,368.0,271.0,137.0,164.0,56.0,538.0,379.0,456.0,317.0,319.0,103.0,121.0,68.0,59.0,281.0,263.0,72.0,5.0,64.0,99.0,139.0,138.0,417.0,402.0,52.0,56.0,12.0,11.0,118.0,132.0,114.0,115.0,112.0,111.0,8.0,21.0,79.0,81.0,221.0,207.0,264.0,283.0,173.0,230.0,6.0,4.0,9507.0
2021-02-20,79.0,83.0,182.0,110.0,105.0,81.0,362.0,382.0,55.0,37.0,0.0,222.0,123.0,149.0,0.0,825.0,652.0,389.0,468.0,60.0,349.0,454.0,674.0,665.0,684.0,101.0,127.0,35.0,42.0,722.0,674.0,54.0,34.0,111.0,105.0,275.0,320.0,1287.0,1286.0,95.0,120.0,11.0,7.0,462.0,553.0,147.0,85.0,272.0,266.0,0.0,45.0,125.0,156.0,777.0,715.0,802.0,874.0,656.0,838.0,0.0,0.0,19369.0
2021-02-21,50.0,54.0,230.0,76.0,71.0,57.0,172.0,207.0,32.0,23.0,0.0,102.0,49.0,84.0,0.0,460.0,353.0,212.0,246.0,68.0,221.0,279.0,369.0,314.0,312.0,92.0,90.0,27.0,33.0,327.0,373.0,41.0,35.0,69.0,79.0,138.0,138.0,573.0,564.0,60.0,57.0,7.0,4.0,251.0,278.0,43.0,60.0,125.0,123.0,0.0,19.0,88.0,108.0,376.0,362.0,374.0,392.0,250.0,340.0,0.0,0.0,9937.0
2021-02-22,85.0,84.0,257.0,169.0,128.0,106.0,250.0,308.0,70.0,41.0,0.0,177.0,182.0,110.0,1.0,370.0,287.0,188.0,243.0,84.0,582.0,354.0,457.0,337.0,317.0,108.0,142.0,80.0,91.0,338.0,329.0,84.0,53.0,53.0,85.0,100.0,115.0,360.0,369.0,58.0,61.0,20.0,36.0,160.0,197.0,120.0,98.0,120.0,89.0,1.0,30.0,87.0,89.0,192.0,188.0,93.0,218.0,119.0,170.0,33.0,29.0,9702.0
2021-02-23,124.0,144.0,278.0,199.0,138.0,146.0,307.0,377.0,67.0,38.0,0.0,217.0,195.0,155.0,31.0,502.0,413.0,285.0,355.0,114.0,732.0,522.0,667.0,516.0,522.0,169.0,168.0,102.0,89.0,488.0,441.0,126.0,69.0,89.0,141.0,254.0,260.0,674.0,711.0,99.0,114.0,18.0,17.0,344.0,447.0,175.0,124.0,240.0,205.0,5.0,31.0,99.0,99.0,416.0,385.0,40.0,550.0,315.0,448.0,96.0,90.0,15182.0
2021-02-24,103.0,122.0,183.0,138.0,149.0,129.0,321.0,383.0,77.0,51.0,0.0,205.0,191.0,153.0,128.0,564.0,462.0,300.0,382.0,107.0,727.0,521.0,699.0,558.0,560.0,172.0,156.0,93.0,102.0,552.0,542.0,108.0,56.0,101.0,131.0,297.0,246.0,805.0,762.0,86.0,92.0,18.0,11.0,353.0,458.0,175.0,110.0,233.0,231.0,0.0,22.0,107.0,123.0,499.0,394.0,58.0,607.0,337.0,514.0,114.0,102.0,15980.0
2021-02-25,129.0,134.0,122.0,149.0,110.0,134.0,379.0,448.0,88.0,58.0,0.0,215.0,163.0,166.0,152.0,641.0,545.0,346.0,455.0,87.0,742.0,608.0,772.0,656.0,615.0,219.0,174.0,102.0,80.0,649.0,618.0,72.0,65.0,123.0,140.0,339.0,300.0,979.0,1063.0,124.0,131.0,16.0,13.0,458.0,536.0,194.0,143.0,310.0,290.0,5.0,24.0,121.0,116.0,606.0,535.0,57.0,829.0,442.0,622.0,146.0,101.0,18656.0
2021-02-26,83.0,91.0,171.0,134.0,134.0,113.0,255.0,314.0,63.0,51.0,0.0,127.0,145.0,123.0,96.0,411.0,357.0,226.0,285.0,81.0,576.0,415.0,531.0,450.0,427.0,127.0,120.0,67.0,85.0,405.0,392.0,69.0,46.0,96.0,92.0,208.0,225.0,590.0,623.0,91.0,83.0,5.0,3.0,291.0,364.0,119.0,91.0,216.0,202.0,8.0,10.0,85.0,88.0,333.0,300.0,25.0,466.0,270.0,390.0,93.0,71.0,12408.0
2021-02-27,58.0,50.0,192.0,65.0,80.0,82.0,160.0,172.0,35.0,26.0,0.0,112.0,55.0,81.0,56.0,410.0,293.0,178.0,212.0,44.0,271.0,282.0,352.0,308.0,296.0,68.0,77.0,28.0,34.0,299.0,263.0,40.0,35.0,51.0,74.0,81.0,125.0,488.0,496.0,48.0,43.0,1.0,0.0,158.0,199.0,56.0,48.0,119.0,103.0,16.0,16.0,72.0,112.0,338.0,324.0,31.0,316.0,211.0,274.0,68.0,50.0,8632.0
2021-02-28,105.0,155.0,272.0,132.0,98.0,102.0,354.0,367.0,43.0,50.0,0.0,182.0,119.0,151.0,108.0,829.0,662.0,378.0,481.0,83.0,390.0,612.0,726.0,731.0,645.0,133.0,113.0,49.0,54.0,744.0,729.0,63.0,47.0,137.0,162.0,343.0,332.0,1315.0,1379.0,102.0,114.0,0.0,0.0,464.0,648.0,36.0,39.0,314.0,319.0,19.0,41.0,237.0,226.0,942.0,876.0,307.0,869.0,568.0,823.0,141.0,120.0,20580.0
2021-03-01,114.0,105.0,266.0,167.0,110.0,121.0,316.0,294.0,60.0,57.0,0.0,181.0,160.0,126.0,117.0,422.0,337.0,281.0,323.0,98.0,618.0,402.0,514.0,393.0,384.0,160.0,172.0,73.0,91.0,397.0,366.0,85.0,15.0,79.0,123.0,169.0,158.0,455.0,512.0,57.0,71.0,0.0,0.0,228.0,277.0,102.0,60.0,167.0,160.0,9.0,18.0,78.0,106.0,258.0,232.0,206.0,239.0,136.0,175.0,48.0,51.0,11499.0
2021-03-02,108.0,115.0,250.0,112.0,121.0,125.0,250.0,286.0,59.0,44.0,0.0,192.0,155.0,120.0,120.0,346.0,325.0,204.0,260.0,84.0,653.0,369.0,512.0,359.0,354.0,140.0,137.0,78.0,87.0,357.0,348.0,66.0,48.0,67.0,113.0,148.0,140.0,353.0,387.0,0.0,0.0,0.0,0.0,222.0,237.0,103.0,91.0,156.0,131.0,7.0,21.0,74.0,83.0,171.0,167.0,214.0,196.0,162.0,200.0,49.0,53.0,10329.0
2021-03-03,104.0,110.0,166.0,116.0,115.0,128.0,264.0,289.0,84.0,43.0,0.0,165.0,155.0,108.0,106.0,448.0,404.0,299.0,353.0,101.0,571.0,457.0,574.0,439.0,443.0,156.0,165.0,90.0,77.0,476.0,444.0,77.0,63.0,86.0,129.0,203.0,203.0,537.0,570.0,0.0,0.0,0.0,0.0,289.0,352.0,89.0,75.0,217.0,211.0,18.0,21.0,110.0,130.0,257.0,270.0,361.0,388.0,215.0,302.0,88.0,72.0,12783.0
2021-03-04,108.0,115.0,218.0,106.0,108.0,104.0,278.0,282.0,60.0,56.0,0.0,157.0,152.0,125.0,101.0,498.0,403.0,306.0,367.0,80.0,622.0,415.0,539.0,437.0,427.0,117.0,158.0,75.0,77.0,490.0,474.0,76.0,58.0,76.0,121.0,208.0,205.0,689.0,694.0,60.0,72.0,0.0,0.0,263.0,320.0,149.0,111.0,217.0,197.0,10.0,25.0,189.0,208.0,402.0,330.0,295.0,405.0,237.0,296.0,88.0,77.0,13533.0
2021-03-05,65.0,81.0,182.0,81.0,93.0,84.0,160.0,173.0,45.0,30.0,0.0,114.0,95.0,101.0,68.0,258.0,216.0,133.0,167.0,57.0,443.0,234.0,288.0,169.0,175.0,95.0,114.0,56.0,65.0,227.0,253.0,67.0,49.0,37.0,60.0,76.0,66.0,259.0,261.0,39.0,37.0,0.0,0.0,84.0,121.0,71.0,57.0,66.0,51.0,3.0,19.0,62.0,77.0,117.0,110.0,124.0,121.0,54.0,97.0,35.0,27.0,6569.0
2021-03-06,124.0,159.0,182.0,111.0,113.0,92.0,435.0,508.0,70.0,35.0,0.0,218.0,107.0,173.0,139.0,1028.0,796.0,544.0,622.0,104.0,442.0,792.0,867.0,832.0,811.0,153.0,180.0,64.0,53.0,916.0,845.0,79.0,10.0,124.0,141.0,467.0,418.0,1394.0,1425.0,149.0,171.0,0.0,0.0,579.0,724.0,138.0,93.0,456.0,372.0,31.0,67.0,244.0,246.0,825.0,762.0,89.0,783.0,605.0,780.0,171.0,160.0,23018.0
2021-03-07,198.0,225.0,4.0,131.0,131.0,122.0,517.0,577.0,82.0,42.0,0.0,253.0,140.0,198.0,162.0,1246.0,1011.0,656.0,812.0,108.0,437.0,1025.0,1080.0,1040.0,1007.0,188.0,185.0,73.0,94.0,1098.0,1037.0,81.0,52.0,193.0,195.0,579.0,608.0,1757.0,1765.0,212.0,202.0,0.0,0.0,757.0,1083.0,119.0,76.0,640.0,636.0,26.0,57.0,326.0,371.0,1009.0,922.0,432.0,1153.0,814.0,1084.0,254.0,194.0,29476.0
2021-03-08,74.0,62.0,147.0,69.0,117.0,110.0,169.0,172.0,42.0,50.0,0.0,139.0,116.0,85.0,81.0,280.0,228.0,154.0,171.0,200.0,199.0,292.0,337.0,225.0,206.0,109.0,132.0,64.0,41.0,258.0,246.0,75.0,44.0,42.0,50.0,81.0,88.0,235.0,266.0,47.0,47.0,0.0,0.0,114.0,147.0,126.0,91.0,81.0,81.0,7.0,13.0,75.0,93.0,114.0,118.0,12.0,113.0,57.0,91.0,34.0,32.0,6949.0
2021-03-09,116.0,127.0,90.0,93.0,133.0,114.0,219.0,254.0,67.0,43.0,0.0,187.0,138.0,123.0,101.0,399.0,346.0,235.0,277.0,300.0,235.0,443.0,500.0,344.0,330.0,143.0,156.0,68.0,81.0,401.0,377.0,75.0,61.0,70.0,94.0,157.0,128.0,486.0,489.0,68.0,73.0,0.0,0.0,222.0,237.0,115.0,82.0,168.0,142.0,6.0,26.0,111.0,144.0,269.0,229.0,25.0,273.0,148.0,204.0,74.0,63.0,10679.0
2021-03-10,129.0,125.0,90.0,92.0,155.0,140.0,228.0,283.0,78.0,73.0,0.0,179.0,190.0,145.0,109.0,436.0,366.0,280.0,327.0,273.0,235.0,451.0,505.0,355.0,353.0,147.0,158.0,88.0,70.0,417.0,399.0,79.0,64.0,75.0,106.0,158.0,170.0,518.0,505.0,77.0,91.0,0.0,0.0,233.0,285.0,90.0,92.0,143.0,141.0,20.0,33.0,157.0,153.0,303.0,283.0,38.0,270.0,150.0,195.0,66.0,52.0,11423.0
2021-03-11,110.0,89.0,61.0,67.0,127.0,117.0,195.0,220.0,101.0,76.0,0.0,134.0,144.0,98.0,89.0,308.0,236.0,152.0,172.0,300.0,227.0,362.0,397.0,289.0,270.0,142.0,143.0,56.0,65.0,314.0,290.0,79.0,53.0,73.0,113.0,125.0,132.0,295.0,309.0,57.0,65.0,0.0,0.0,176.0,191.0,109.0,71.0,118.0,110.0,9.0,13.0,62.0,82.0,162.0,153.0,18.0,174.0,117.0,114.0,58.0,48.0,8437.0
2021-03-12,134.0,142.0,93.0,125.0,140.0,131.0,281.0,326.0,116.0,103.0,0.0,146.0,140.0,167.0,135.0,512.0,428.0,314.0,376.0,455.0,76.0,581.0,634.0,480.0,459.0,145.0,169.0,85.0,76.0,513.0,503.0,85.0,66.0,112.0,135.0,182.0,232.0,641.0,607.0,84.0,105.0,0.0,0.0,285.0,349.0,122.0,91.0,230.0,218.0,18.0,19.0,98.0,136.0,327.0,305.0,48.0,356.0,252.0,308.0,75.0,85.0,13556.0
2021-03-13,122.0,139.0,67.0,86.0,133.0,101.0,330.0,348.0,90.0,87.0,0.0,122.0,93.0,184.0,83.0,704.0,602.0,397.0,517.0,249.0,53.0,607.0,615.0,567.0,579.0,161.0,166.0,39.0,73.0,761.0,737.0,53.0,37.0,145.0,128.0,364.0,346.0,860.0,855.0,113.0,123.0,0.0,0.0,454.0,540.0,91.0,65.0,341.0,351.0,17.0,42.0,108.0,164.0,532.0,486.0,59.0,612.0,348.0,409.0,139.0,132.0,16726.0
2021-03-14,106.0,136.0,96.0,84.0,90.0,94.0,329.0,374.0,78.0,70.0,0.0,108.0,91.0,160.0,86.0,770.0,662.0,394.0,515.0,250.0,59.0,670.0,671.0,649.0,593.0,156.0,123.0,61.0,59.0,771.0,737.0,61.0,37.0,123.0,137.0,372.0,347.0,901.0,1009.0,118.0,115.0,0.0,0.0,510.0,587.0,111.0,71.0,383.0,376.0,17.0,28.0,156.0,205.0,546.0,569.0,57.0,685.0,438.0,540.0,0.0,0.0,17541.0
2021-03-15,97.0,99.0,72.0,69.0,191.0,130.0,199.0,217.0,114.0,90.0,0.0,109.0,186.0,125.0,99.0,334.0,226.0,191.0,192.0,320.0,110.0,322.0,401.0,312.0,306.0,120.0,128.0,67.0,62.0,326.0,308.0,68.0,35.0,62.0,100.0,131.0,119.0,279.0,295.0,55.0,61.0,0.0,0.0,187.0,180.0,112.0,109.0,121.0,103.0,9.0,16.0,62.0,66.0,170.0,151.0,16.0,211.0,137.0,144.0,0.0,0.0,8521.0
2021-03-16,100.0,103.0,78.0,74.0,157.0,123.0,196.0,233.0,107.0,85.0,0.0,117.0,142.0,99.0,93.0,322.0,245.0,144.0,189.0,315.0,72.0,302.0,415.0,276.0,255.0,139.0,152.0,71.0,58.0,264.0,258.0,67.0,69.0,60.0,87.0,103.0,114.0,279.0,278.0,46.0,48.0,0.0,0.0,148.0,171.0,151.0,92.0,119.0,91.0,8.0,18.0,62.0,92.0,126.0,118.0,7.0,154.0,78.0,102.0,43.0,42.0,7957.0
2021-03-17,65.0,62.0,75.0,74.0,116.0,94.0,143.0,178.0,109.0,99.0,0.0,109.0,195.0,89.0,76.0,252.0,201.0,124.0,153.0,328.0,70.0,326.0,356.0,231.0,237.0,98.0,122.0,82.0,69.0,190.0,208.0,79.0,45.0,47.0,72.0,94.0,81.0,183.0,190.0,48.0,52.0,0.0,0.0,121.0,127.0,141.0,111.0,70.0,80.0,3.0,15.0,49.0,63.0,88.0,97.0,8.0,89.0,64.0,71.0,38.0,34.0,6691.0
2021-03-18,99.0,121.0,72.0,98.0,157.0,133.0,265.0,272.0,128.0,95.0,0.0,166.0,144.0,141.0,132.0,472.0,404.0,246.0,318.0,322.0,60.0,490.0,530.0,407.0,385.0,146.0,173.0,76.0,114.0,452.0,418.0,72.0,55.0,70.0,112.0,159.0,161.0,565.0,575.0,76.0,75.0,0.0,0.0,261.0,307.0,120.0,100.0,165.0,176.0,15.0,28.0,117.0,122.0,298.0,286.0,264.0,357.0,210.0,270.0,102.0,85.0,12239.0
2021-03-19,49.0,44.0,41.0,47.0,115.0,87.0,130.0,141.0,96.0,84.0,0.0,116.0,87.0,81.0,66.0,260.0,198.0,91.0,101.0,261.0,98.0,216.0,274.0,150.0,153.0,90.0,96.0,50.0,52.0,185.0,182.0,64.0,39.0,34.0,41.0,48.0,49.0,165.0,179.0,42.0,39.0,0.0,0.0,72.0,89.0,143.0,119.0,64.0,60.0,5.0,16.0,48.0,58.0,78.0,101.0,83.0,62.0,34.0,58.0,24.0,22.0,5477.0
2021-03-20,59.0,79.0,40.0,58.0,83.0,76.0,144.0,178.0,50.0,46.0,0.0,107.0,66.0,67.0,54.0,427.0,304.0,182.0,208.0,148.0,55.0,293.0,324.0,299.0,264.0,95.0,96.0,18.0,38.0,341.0,359.0,43.0,29.0,38.0,54.0,116.0,89.0,424.0,405.0,38.0,52.0,0.0,0.0,170.0,222.0,91.0,68.0,129.0,110.0,12.0,22.0,97.0,108.0,232.0,215.0,285.0,258.0,171.0,216.0,88.0,55.0,8395.0
2021-03-21,55.0,82.0,35.0,42.0,86.0,60.0,137.0,176.0,52.0,44.0,0.0,93.0,76.0,69.0,58.0,409.0,313.0,185.0,220.0,146.0,63.0,302.0,321.0,268.0,261.0,79.0,87.0,28.0,40.0,392.0,389.0,30.0,37.0,44.0,71.0,136.0,136.0,505.0,499.0,42.0,56.0,0.0,0.0,188.0,255.0,69.0,69.0,112.0,124.0,9.0,20.0,74.0,106.0,265.0,254.0,249.0,279.0,168.0,211.0,64.0,59.0,8699.0
2021-03-22,124.0,111.0,102.0,92.0,173.0,137.0,271.0,314.0,130.0,113.0,0.0,188.0,171.0,163.0,114.0,452.0,386.0,305.0,329.0,356.0,62.0,507.0,539.0,408.0,394.0,174.0,183.0,103.0,93.0,422.0,413.0,81.0,6.0,92.0,136.0,137.0,148.0,515.0,507.0,60.0,63.0,0.0,0.0,231.0,241.0,143.0,112.0,173.0,152.0,12.0,21.0,123.0,138.0,273.0,225.0,290.0,307.0,149.0,191.0,62.0,58.0,11975.0
2021-03-23,118.0,116.0,75.0,110.0,171.0,135.0,239.0,291.0,122.0,110.0,0.0,237.0,171.0,157.0,124.0,384.0,321.0,249.0,280.0,384.0,68.0,455.0,527.0,349.0,357.0,151.0,182.0,83.0,141.0,385.0,384.0,85.0,5.0,89.0,102.0,154.0,151.0,415.0,412.0,67.0,74.0,0.0,0.0,223.0,250.0,150.0,139.0,151.0,151.0,11.0,51.0,96.0,114.0,239.0,200.0,257.0,260.0,137.0,190.0,84.0,62.0,11195.0
2021-03-24,180.0,209.0,137.0,158.0,195.0,171.0,458.0,483.0,169.0,147.0,0.0,268.0,252.0,196.0,197.0,743.0,637.0,523.0,604.0,484.0,28.0,820.0,862.0,728.0,651.0,217.0,235.0,134.0,127.0,782.0,781.0,110.0,62.0,146.0,199.0,368.0,311.0,1026.0,1096.0,148.0,144.0,0.0,0.0,481.0,609.0,173.0,121.0,327.0,361.0,9.0,33.0,186.0,183.0,630.0,521.0,719.0,789.0,394.0,592.0,176.0,130.0,21620.0
2021-03-25,227.0,315.0,105.0,157.0,260.0,205.0,581.0,644.0,214.0,191.0,0.0,295.0,244.0,256.0,212.0,993.0,920.0,686.0,739.0,593.0,76.0,1186.0,1142.0,1036.0,994.0,280.0,285.0,138.0,127.0,1056.0,972.0,107.0,65.0,202.0,264.0,523.0,522.0,1587.0,1742.0,183.0,170.0,0.0,0.0,654.0,864.0,162.0,147.0,547.0,510.0,267.0,292.0,302.0,349.0,1000.0,866.0,1179.0,1258.0,615.0,896.0,6.0,10.0,30418.0
2021-03-26,283.0,373.0,188.0,165.0,283.0,199.0,718.0,689.0,201.0,180.0,0.0,408.0,287.0,326.0,233.0,1243.0,1050.0,766.0,869.0,608.0,73.0,1341.0,1342.0,1282.0,1238.0,277.0,327.0,126.0,145.0,1382.0,1306.0,130.0,63.0,208.0,263.0,714.0,631.0,2102.0,2135.0,209.0,194.0,0.0,0.0,786.0,1000.0,217.0,155.0,756.0,660.0,314.0,453.0,353.0,375.0,1359.0,1123.0,1597.0,1544.0,838.0,1099.0,248.0,192.0,37626.0
2021-03-27,151.0,160.0,104.0,88.0,145.0,107.0,330.0,445.0,113.0,98.0,0.0,196.0,118.0,158.0,116.0,742.0,655.0,438.0,502.0,284.0,90.0,652.0,717.0,688.0,684.0,150.0,147.0,44.0,51.0,760.0,753.0,64.0,21.0,110.0,132.0,357.0,335.0,1019.0,1043.0,138.0,134.0,0.0,0.0,398.0,504.0,78.0,53.0,361.0,355.0,225.0,334.0,172.0,222.0,578.0,534.0,763.0,704.0,390.0,486.0,122.0,124.0,19442.0
2021-03-28,203.0,311.0,168.0,132.0,142.0,157.0,663.0,664.0,127.0,107.0,0.0,251.0,161.0,281.0,171.0,1314.0,1109.0,804.0,1029.0,415.0,64.0,1347.0,1310.0,1399.0,1312.0,251.0,202.0,74.0,95.0,1397.0,1315.0,108.0,48.0,180.0,262.0,781.0,717.0,2044.0,2144.0,232.0,206.0,0.0,0.0,768.0,1148.0,136.0,95.0,740.0,732.0,398.0,574.0,400.0,427.0,1211.0,1126.0,1685.0,1519.0,1001.0,1210.0,271.0,221.0,37359.0
2021-03-29,241.0,289.0,178.0,138.0,217.0,180.0,507.0,568.0,147.0,112.0,0.0,349.0,279.0,270.0,197.0,828.0,717.0,566.0,702.0,501.0,88.0,992.0,1008.0,888.0,887.0,251.0,251.0,246.0,83.0,919.0,835.0,147.0,62.0,159.0,212.0,432.0,387.0,1271.0,1381.0,171.0,162.0,160.0,116.0,532.0,608.0,267.0,487.0,466.0,433.0,189.0,289.0,223.0,233.0,766.0,642.0,918.0,948.0,476.0,597.0,186.0,157.0,26511.0
2021-03-30,398.0,565.0,299.0,213.0,277.0,246.0,1012.0,1084.0,261.0,231.0,0.0,486.0,348.0,379.0,314.0,1694.0,1504.0,1016.0,1196.0,745.0,95.0,1894.0,1908.0,1792.0,1733.0,431.0,399.0,180.0,195.0,1801.0,1652.0,138.0,85.0,301.0,387.0,926.0,866.0,2945.0,3030.0,306.0,317.0,561.0,564.0,927.0,1354.0,380.0,613.0,1002.0,933.0,497.0,607.0,519.0,524.0,1973.0,1528.0,2321.0,2324.0,1143.0,1541.0,301.0,252.0,53513.0
2021-03-31,318.0,463.0,247.0,280.0,284.0,274.0,1001.0,1074.0,270.0,210.0,0.0,378.0,415.0,392.0,318.0,1570.0,1402.0,1020.0,1223.0,791.0,83.0,1851.0,1805.0,1799.0,1699.0,415.0,409.0,178.0,147.0,1704.0,1490.0,166.0,70.0,265.0,374.0,970.0,869.0,2334.0,2638.0,320.0,312.0,492.0,514.0,947.0,1249.0,269.0,250.0,964.0,871.0,508.0,596.0,478.0,469.0,1713.0,1320.0,2184.0,2009.0,1063.0,1342.0,316.0,242.0,49624.0
2021-04-01,362.0,412.0,252.0,170.0,260.0,238.0,807.0,894.0,180.0,146.0,0.0,427.0,289.0,368.0,280.0,1373.0,1301.0,864.0,1079.0,680.0,100.0,1593.0,1545.0,1510.0,1460.0,388.0,348.0,154.0,155.0,1460.0,1373.0,141.0,77.0,230.0,269.0,798.0,792.0,2183.0,2313.0,302.0,291.0,450.0,408.0,840.0,1100.0,142.0,142.0,897.0,825.0,402.0,481.0,382.0,383.0,1390.0,1199.0,1821.0,1913.0,923.0,1284.0,242.0,201.0,43289.0
2021-04-02,198.0,257.0,117.0,105.0,134.0,151.0,507.0,560.0,177.0,173.0,0.0,218.0,133.0,235.0,173.0,917.0,846.0,535.0,682.0,325.0,73.0,978.0,899.0,973.0,880.0,204.0,190.0,67.0,85.0,979.0,940.0,66.0,48.0,156.0,151.0,465.0,506.0,1294.0,1429.0,166.0,156.0,358.0,365.0,608.0,737.0,63.0,57.0,606.0,490.0,332.0,374.0,291.0,278.0,826.0,729.0,1220.0,1100.0,602.0,776.0,201.0,180.0,27341.0
2021-04-03,113.0,144.0,47.0,57.0,91.0,83.0,249.0,271.0,108.0,81.0,0.0,154.0,84.0,116.0,82.0,499.0,399.0,258.0,333.0,182.0,57.0,369.0,415.0,371.0,388.0,115.0,122.0,41.0,35.0,492.0,465.0,48.0,34.0,70.0,110.0,193.0,173.0,578.0,664.0,96.0,81.0,167.0,130.0,173.0,254.0,41.0,55.0,143.0,128.0,137.0,160.0,118.0,133.0,280.0,280.0,25.0,378.0,171.0,219.0,57.0,66.0,11383.0
2021-04-04,204.0,319.0,175.0,124.0,142.0,123.0,689.0,711.0,172.0,150.0,0.0,400.0,152.0,259.0,189.0,1311.0,1168.0,834.0,997.0,393.0,43.0,1336.0,1306.0,1382.0,1299.0,230.0,217.0,83.0,126.0,1536.0,1333.0,84.0,53.0,183.0,263.0,808.0,696.0,2165.0,2452.0,247.0,206.0,393.0,351.0,805.0,1150.0,81.0,66.0,784.0,707.0,456.0,587.0,430.0,495.0,1400.0,1263.0,2072.0,1782.0,1105.0,1345.0,328.0,255.0,40415.0
2021-04-05,91.0,128.0,48.0,54.0,90.0,83.0,257.0,253.0,71.0,71.0,0.0,218.0,52.0,155.0,66.0,475.0,424.0,300.0,395.0,150.0,56.0,448.0,432.0,429.0,386.0,83.0,97.0,24.0,30.0,500.0,435.0,40.0,30.0,59.0,85.0,226.0,240.0,598.0,630.0,75.0,74.0,163.0,161.0,246.0,315.0,47.0,43.0,177.0,200.0,154.0,184.0,141.0,140.0,392.0,365.0,244.0,374.0,266.0,290.0,87.0,68.0,12415.0
2021-04-06,76.0,71.0,114.0,54.0,170.0,106.0,161.0,152.0,84.0,81.0,0.0,127.0,97.0,106.0,97.0,254.0,178.0,139.0,156.0,252.0,82.0,274.0,302.0,193.0,192.0,115.0,151.0,55.0,68.0,211.0,197.0,73.0,43.0,51.0,87.0,39.0,46.0,174.0,157.0,56.0,44.0,54.0,60.0,82.0,103.0,82.0,78.0,62.0,63.0,40.0,41.0,68.0,77.0,88.0,77.0,86.0,92.0,54.0,69.0,0.0,0.0,6361.0
2021-04-07,113.0,113.0,84.0,87.0,143.0,114.0,225.0,235.0,110.0,79.0,0.0,174.0,193.0,135.0,155.0,277.0,224.0,162.0,185.0,290.0,84.0,365.0,408.0,283.0,261.0,119.0,141.0,91.0,76.0,287.0,256.0,81.0,38.0,68.0,90.0,101.0,98.0,242.0,266.0,61.0,68.0,80.0,73.0,159.0,184.0,113.0,90.0,103.0,103.0,71.0,87.0,87.0,93.0,135.0,128.0,142.0,164.0,93.0,120.0,0.0,0.0,8607.0
2021-04-08,142.0,137.0,87.0,118.0,177.0,161.0,240.0,278.0,106.0,97.0,0.0,172.0,149.0,128.0,139.0,346.0,288.0,224.0,269.0,306.0,68.0,433.0,494.0,353.0,351.0,133.0,153.0,83.0,78.0,307.0,291.0,74.0,60.0,99.0,110.0,134.0,133.0,305.0,322.0,69.0,64.0,89.0,93.0,161.0,216.0,94.0,95.0,130.0,148.0,88.0,114.0,79.0,103.0,186.0,171.0,184.0,222.0,130.0,164.0,52.0,45.0,10242.0
2021-04-09,239.0,309.0,139.0,157.0,202.0,197.0,511.0,504.0,189.0,150.0,0.0,273.0,196.0,149.0,200.0,779.0,708.0,513.0,577.0,437.0,81.0,930.0,960.0,836.0,792.0,251.0,281.0,119.0,113.0,917.0,838.0,134.0,70.0,130.0,223.0,428.0,416.0,1211.0,1332.0,164.0,173.0,165.0,168.0,466.0,661.0,122.0,96.0,456.0,410.0,201.0,267.0,210.0,238.0,880.0,756.0,924.0,917.0,485.0,678.0,168.0,160.0,25256.0
2021-04-10,226.0,329.0,151.0,145.0,135.0,192.0,695.0,721.0,133.0,95.0,0.0,308.0,213.0,308.0,221.0,1393.0,1218.0,942.0,1226.0,415.0,61.0,1464.0,1296.0,1497.0,1343.0,303.0,297.0,105.0,111.0,1723.0,1556.0,76.0,44.0,131.0,224.0,911.0,812.0,2423.0,2484.0,240.0,274.0,523.0,419.0,965.0,1220.0,91.0,62.0,859.0,813.0,524.0,654.0,445.0,517.0,1605.0,1397.0,1871.0,1712.0,1183.0,1395.0,312.0,238.0,43246.0
2021-04-11,409.0,636.0,212.0,199.0,216.0,219.0,1235.0,1208.0,244.0,207.0,0.0,487.0,256.0,526.0,313.0,2534.0,2366.0,1697.0,2251.0,635.0,71.0,2389.0,2206.0,2552.0,2546.0,384.0,356.0,132.0,147.0,2683.0,2607.0,135.0,61.0,266.0,414.0,1483.0,1293.0,4546.0,4436.0,540.0,507.0,974.0,983.0,1498.0,2052.0,159.0,72.0,1622.0,1511.0,975.0,1345.0,910.0,1026.0,3158.0,2603.0,3514.0,3364.0,2419.0,2874.0,521.0,381.0,77565.0
2021-04-12,59.0,46.0,30.0,41.0,119.0,85.0,126.0,144.0,57.0,47.0,0.0,153.0,96.0,62.0,68.0,136.0,117.0,68.0,79.0,298.0,62.0,260.0,275.0,192.0,162.0,75.0,88.0,49.0,42.0,125.0,130.0,92.0,51.0,39.0,67.0,46.0,47.0,89.0,103.0,24.0,36.0,25.0,26.0,74.0,74.0,123.0,110.0,63.0,48.0,36.0,43.0,26.0,30.0,37.0,43.0,74.0,46.0,34.0,37.0,20.0,16.0,4870.0
2021-04-13,143.0,145.0,42.0,90.0,231.0,155.0,265.0,317.0,132.0,90.0,0.0,204.0,169.0,160.0,155.0,421.0,312.0,221.0,270.0,367.0,67.0,489.0,534.0,362.0,354.0,175.0,160.0,90.0,89.0,389.0,363.0,104.0,77.0,84.0,122.0,169.0,154.0,458.0,476.0,58.0,67.0,116.0,115.0,212.0,271.0,136.0,94.0,163.0,142.0,95.0,120.0,106.0,115.0,243.0,176.0,297.0,295.0,149.0,236.0,65.0,68.0,11944.0
2021-04-14,159.0,150.0,51.0,111.0,217.0,168.0,337.0,378.0,171.0,130.0,0.0,301.0,219.0,198.0,177.0,439.0,400.0,292.0,344.0,427.0,78.0,625.0,676.0,495.0,497.0,206.0,212.0,111.0,105.0,470.0,438.0,120.0,68.0,103.0,158.0,224.0,238.0,516.0,543.0,91.0,96.0,128.0,129.0,259.0,373.0,152.0,116.0,232.0,219.0,135.0,129.0,140.0,130.0,272.0,227.0,385.0,393.0,209.0,287.0,76.0,48.0,14778.0
2021-04-15,102.0,114.0,42.0,89.0,171.0,156.0,229.0,280.0,107.0,100.0,0.0,176.0,148.0,149.0,127.0,282.0,242.0,144.0,165.0,358.0,75.0,451.0,476.0,354.0,323.0,132.0,146.0,85.0,85.0,274.0,265.0,79.0,52.0,78.0,92.0,115.0,119.0,250.0,272.0,63.0,72.0,84.0,69.0,153.0,193.0,198.0,142.0,135.0,120.0,80.0,102.0,63.0,68.0,140.0,127.0,204.0,192.0,92.0,130.0,4.0,3.0,9338.0
2021-04-16,74.0,70.0,63.0,61.0,133.0,121.0,176.0,175.0,99.0,68.0,0.0,171.0,116.0,100.0,106.0,233.0,173.0,110.0,135.0,326.0,73.0,324.0,372.0,250.0,237.0,106.0,113.0,64.0,74.0,210.0,194.0,88.0,47.0,52.0,81.0,102.0,84.0,233.0,256.0,48.0,48.0,47.0,50.0,122.0,152.0,129.0,125.0,82.0,80.0,51.0,50.0,41.0,55.0,113.0,103.0,125.0,142.0,90.0,138.0,0.0,0.0,7261.0
2021-04-17,43.0,60.0,37.0,50.0,99.0,64.0,95.0,123.0,47.0,39.0,0.0,108.0,63.0,84.0,44.0,270.0,224.0,92.0,108.0,160.0,54.0,243.0,290.0,198.0,199.0,81.0,131.0,28.0,36.0,245.0,264.0,44.0,39.0,49.0,43.0,84.0,81.0,354.0,360.0,33.0,29.0,50.0,46.0,108.0,150.0,61.0,57.0,87.0,93.0,25.0,58.0,47.0,70.0,203.0,217.0,176.0,191.0,130.0,165.0,0.0,0.0,6629.0
2021-04-18,136.0,204.0,117.0,99.0,119.0,95.0,340.0,393.0,89.0,74.0,0.0,200.0,106.0,212.0,124.0,769.0,634.0,446.0,580.0,256.0,61.0,751.0,730.0,726.0,680.0,194.0,161.0,59.0,52.0,869.0,777.0,58.0,36.0,197.0,144.0,354.0,332.0,1214.0,1289.0,129.0,139.0,216.0,231.0,468.0,536.0,81.0,53.0,354.0,346.0,227.0,278.0,213.0,243.0,822.0,734.0,367.0,854.0,533.0,642.0,0.0,0.0,21143.0
2021-04-19,142.0,153.0,98.0,98.0,237.0,166.0,302.0,352.0,150.0,125.0,0.0,227.0,189.0,180.0,161.0,416.0,361.0,243.0,285.0,412.0,61.0,574.0,620.0,468.0,451.0,167.0,202.0,85.0,95.0,438.0,424.0,104.0,56.0,103.0,124.0,153.0,151.0,489.0,549.0,65.0,61.0,120.0,124.0,225.0,273.0,176.0,124.0,188.0,169.0,105.0,134.0,138.0,143.0,299.0,266.0,236.0,241.0,150.0,219.0,54.0,45.0,13166.0
2021-04-20,278.0,371.0,159.0,175.0,304.0,227.0,634.0,701.0,216.0,199.0,0.0,388.0,271.0,269.0,254.0,995.0,901.0,623.0,732.0,630.0,71.0,1218.0,1187.0,1115.0,1062.0,326.0,302.0,138.0,135.0,1032.0,1011.0,140.0,79.0,204.0,271.0,504.0,474.0,1736.0,1787.0,168.0,160.0,214.0,251.0,587.0,782.0,206.0,183.0,535.0,493.0,211.0,297.0,321.0,324.0,1138.0,790.0,1178.0,1175.0,594.0,814.0,173.0,155.0,31868.0
2021-04-21,274.0,352.0,184.0,228.0,329.0,227.0,679.0,751.0,239.0,197.0,0.0,438.0,319.0,313.0,236.0,937.0,805.0,602.0,717.0,699.0,67.0,1253.0,1255.0,1083.0,1062.0,301.0,308.0,136.0,170.0,1084.0,1014.0,156.0,77.0,201.0,260.0,489.0,507.0,1473.0,1514.0,177.0,189.0,236.0,219.0,596.0,741.0,231.0,177.0,539.0,475.0,232.0,289.0,289.0,306.0,1059.0,829.0,574.0,843.0,492.0,683.0,166.0,153.0,30431.0
2021-04-22,219.0,249.0,144.0,160.0,296.0,227.0,522.0,600.0,161.0,111.0,0.0,289.0,221.0,231.0,217.0,654.0,575.0,448.0,518.0,509.0,66.0,876.0,860.0,730.0,700.0,300.0,256.0,109.0,127.0,685.0,649.0,124.0,77.0,147.0,181.0,348.0,345.0,872.0,918.0,136.0,136.0,179.0,179.0,416.0,465.0,249.0,243.0,364.0,300.0,151.0,198.0,196.0,183.0,514.0,391.0,731.0,596.0,322.0,427.0,91.0,85.0,21273.0
2021-04-23,238.0,290.0,136.0,149.0,284.0,233.0,507.0,596.0,166.0,127.0,0.0,298.0,231.0,252.0,194.0,725.0,646.0,459.0,541.0,530.0,77.0,968.0,956.0,813.0,797.0,275.0,239.0,119.0,125.0,704.0,708.0,118.0,69.0,176.0,210.0,384.0,370.0,1105.0,1144.0,133.0,130.0,178.0,180.0,463.0,644.0,214.0,132.0,424.0,385.0,172.0,230.0,187.0,185.0,673.0,489.0,799.0,785.0,398.0,601.0,150.0,142.0,23653.0
2021-04-24,225.0,317.0,124.0,137.0,220.0,208.0,644.0,714.0,94.0,98.0,0.0,286.0,175.0,331.0,183.0,1311.0,1143.0,724.0,857.0,459.0,59.0,1196.0,1191.0,1226.0,1220.0,210.0,239.0,93.0,109.0,1468.0,1341.0,110.0,59.0,181.0,223.0,674.0,557.0,2353.0,2436.0,228.0,206.0,239.0,252.0,665.0,957.0,96.0,65.0,707.0,620.0,411.0,517.0,342.0,298.0,1604.0,1443.0,1748.0,1654.0,1113.0,1320.0,6.0,1.0,37687.0
2021-04-25,198.0,302.0,125.0,81.0,148.0,142.0,564.0,586.0,127.0,130.0,0.0,280.0,145.0,232.0,141.0,1085.0,883.0,599.0,736.0,322.0,44.0,1037.0,953.0,1064.0,961.0,183.0,184.0,74.0,71.0,1141.0,1082.0,85.0,44.0,142.0,190.0,576.0,503.0,1659.0,1736.0,203.0,186.0,273.0,305.0,534.0,729.0,85.0,69.0,497.0,462.0,296.0,356.0,293.0,305.0,1168.0,1006.0,1182.0,1352.0,818.0,977.0,0.0,0.0,29651.0
2021-04-26,217.0,255.0,165.0,105.0,258.0,210.0,620.0,634.0,208.0,158.0,0.0,299.0,280.0,250.0,236.0,553.0,496.0,474.0,577.0,462.0,72.0,795.0,690.0,787.0,745.0,267.0,280.0,137.0,137.0,778.0,721.0,116.0,68.0,156.0,189.0,376.0,364.0,1178.0,1158.0,162.0,177.0,187.0,213.0,412.0,507.0,160.0,141.0,396.0,375.0,162.0,173.0,222.0,226.0,523.0,402.0,723.0,766.0,350.0,518.0,64.0,51.0,22381.0
2021-04-27,234.0,360.0,197.0,122.0,237.0,242.0,691.0,770.0,226.0,186.0,0.0,388.0,290.0,302.0,249.0,921.0,807.0,547.0,644.0,575.0,61.0,1220.0,1239.0,1060.0,1026.0,325.0,285.0,140.0,179.0,964.0,957.0,157.0,76.0,155.0,270.0,469.0,447.0,1414.0,1451.0,171.0,191.0,215.0,186.0,558.0,735.0,329.0,207.0,503.0,441.0,202.0,243.0,260.0,250.0,961.0,746.0,958.0,1027.0,462.0,615.0,152.0,151.0,29446.0
2021-04-28,321.0,456.0,189.0,269.0,283.0,306.0,922.0,986.0,277.0,258.0,0.0,514.0,363.0,404.0,322.0,1267.0,1110.0,773.0,939.0,773.0,57.0,1647.0,1567.0,1430.0,1399.0,403.0,384.0,183.0,188.0,1447.0,1291.0,151.0,98.0,232.0,312.0,768.0,659.0,2079.0,2213.0,262.0,270.0,349.0,326.0,745.0,1067.0,243.0,162.0,761.0,696.0,329.0,375.0,354.0,353.0,1478.0,1152.0,1511.0,1522.0,684.0,971.0,273.0,238.0,41361.0
2021-04-29,217.0,236.0,145.0,167.0,339.0,250.0,601.0,656.0,157.0,114.0,0.0,351.0,245.0,261.0,223.0,684.0,616.0,455.0,523.0,544.0,75.0,963.0,957.0,804.0,787.0,302.0,288.0,138.0,140.0,766.0,712.0,97.0,61.0,152.0,190.0,393.0,362.0,983.0,984.0,143.0,154.0,163.0,156.0,446.0,596.0,219.0,171.0,398.0,389.0,145.0,197.0,214.0,212.0,621.0,490.0,734.0,721.0,346.0,471.0,136.0,108.0,23168.0
2021-04-30,254.0,328.0,218.0,186.0,232.0,262.0,774.0,838.0,206.0,201.0,0.0,450.0,316.0,334.0,276.0,1076.0,981.0,641.0,808.0,666.0,68.0,1257.0,1299.0,1185.0,1138.0,346.0,285.0,138.0,164.0,1087.0,1051.0,139.0,78.0,204.0,261.0,549.0,515.0,1758.0,1468.0,229.0,195.0,314.0,263.0,643.0,839.0,137.0,129.0,608.0,550.0,253.0,307.0,314.0,319.0,1186.0,839.0,1341.0,1393.0,646.0,945.0,222.0,165.0,33874.0
2021-05-01,137.0,170.0,139.0,80.0,208.0,131.0,526.0,534.0,92.0,75.0,0.0,292.0,138.0,237.0,158.0,1005.0,831.0,598.0,706.0,410.0,66.0,984.0,924.0,1014.0,972.0,194.0,189.0,85.0,95.0,1193.0,1117.0,80.0,40.0,118.0,177.0,485.0,435.0,1807.0,1870.0,198.0,151.0,234.0,243.0,543.0,693.0,75.0,81.0,422.0,415.0,324.0,380.0,288.0,281.0,1274.0,1105.0,1319.0,1181.0,786.0,896.0,185.0,156.0,29542.0
2021-05-02,58.0,55.0,48.0,36.0,118.0,61.0,133.0,158.0,44.0,42.0,0.0,94.0,59.0,59.0,50.0,266.0,202.0,110.0,154.0,175.0,53.0,201.0,239.0,175.0,183.0,77.0,101.0,27.0,35.0,276.0,241.0,44.0,36.0,43.0,55.0,71.0,54.0,273.0,316.0,30.0,46.0,49.0,59.0,81.0,114.0,49.0,48.0,74.0,89.0,58.0,66.0,67.0,92.0,151.0,170.0,214.0,173.0,131.0,122.0,44.0,24.0,6373.0
2021-05-03,198.0,216.0,135.0,159.0,243.0,206.0,559.0,654.0,274.0,246.0,0.0,340.0,425.0,246.0,242.0,725.0,611.0,441.0,523.0,549.0,65.0,983.0,952.0,822.0,790.0,305.0,275.0,139.0,141.0,637.0,621.0,145.0,95.0,163.0,247.0,331.0,352.0,765.0,848.0,158.0,170.0,219.0,195.0,456.0,522.0,163.0,153.0,407.0,363.0,183.0,195.0,199.0,178.0,536.0,468.0,253.0,588.0,314.0,398.0,111.0,91.0,21988.0
2021-05-04,245.0,254.0,169.0,127.0,211.0,254.0,701.0,754.0,200.0,159.0,0.0,450.0,289.0,312.0,271.0,773.0,704.0,441.0,521.0,674.0,58.0,1092.0,1087.0,940.0,946.0,352.0,320.0,153.0,165.0,789.0,707.0,183.0,58.0,176.0,234.0,467.0,441.0,865.0,908.0,163.0,170.0,29.0,48.0,504.0,652.0,216.0,166.0,431.0,415.0,188.0,234.0,170.0,174.0,631.0,528.0,244.0,583.0,294.0,376.0,103.0,90.0,23859.0
2021-05-05,209.0,222.0,157.0,163.0,245.0,235.0,564.0,633.0,186.0,146.0,0.0,306.0,271.0,232.0,226.0,599.0,535.0,408.0,440.0,539.0,47.0,860.0,848.0,753.0,683.0,280.0,238.0,163.0,128.0,633.0,589.0,138.0,53.0,141.0,175.0,269.0,281.0,675.0,689.0,155.0,142.0,154.0,155.0,350.0,444.0,180.0,151.0,329.0,303.0,149.0,187.0,137.0,153.0,435.0,361.0,413.0,438.0,228.0,313.0,75.0,61.0,19272.0
2021-05-06,199.0,210.0,177.0,153.0,263.0,236.0,588.0,585.0,195.0,159.0,0.0,352.0,279.0,238.0,239.0,603.0,568.0,378.0,475.0,552.0,73.0,948.0,942.0,201.0,177.0,283.0,282.0,137.0,152.0,557.0,505.0,152.0,76.0,144.0,176.0,304.0,313.0,631.0,674.0,123.0,147.0,157.0,165.0,419.0,519.0,241.0,150.0,357.0,350.0,171.0,185.0,139.0,124.0,423.0,368.0,428.0,484.0,256.0,308.0,101.0,67.0,18858.0
2021-05-07,155.0,167.0,132.0,138.0,219.0,187.0,389.0,454.0,151.0,129.0,0.0,266.0,157.0,201.0,167.0,454.0,356.0,250.0,289.0,462.0,43.0,577.0,641.0,92.0,109.0,201.0,210.0,115.0,105.0,451.0,441.0,110.0,66.0,88.0,112.0,197.0,194.0,490.0,539.0,100.0,114.0,122.0,136.0,213.0,267.0,146.0,111.0,194.0,190.0,103.0,135.0,104.0,97.0,296.0,243.0,299.0,327.0,141.0,226.0,0.0,0.0,13068.0
2021-05-08,213.0,354.0,100.0,135.0,173.0,191.0,698.0,795.0,129.0,116.0,0.0,280.0,181.0,1068.0,915.0,1276.0,1092.0,726.0,913.0,477.0,49.0,1359.0,1384.0,383.0,391.0,236.0,252.0,1405.0,1988.0,1433.0,1347.0,89.0,53.0,162.0,178.0,736.0,675.0,2240.0,2375.0,237.0,214.0,360.0,311.0,671.0,1103.0,76.0,48.0,636.0,636.0,370.0,454.0,379.0,420.0,1726.0,1525.0,1862.0,1905.0,1026.0,1409.0,0.0,0.0,41935.0
2021-05-09,280.0,461.0,216.0,151.0,241.0,264.0,976.0,1041.0,139.0,147.0,0.0,446.0,242.0,646.0,336.0,2058.0,1817.0,1110.0,1327.0,686.0,55.0,2058.0,1764.0,504.0,465.0,301.0,298.0,55.0,63.0,2174.0,2012.0,162.0,77.0,200.0,256.0,1103.0,963.0,3658.0,3912.0,364.0,349.0,616.0,633.0,1109.0,1410.0,103.0,80.0,1095.0,1004.0,620.0,883.0,522.0,570.0,2834.0,2488.0,2773.0,2829.0,1919.0,2110.0,0.0,0.0,56975.0
2021-05-10,373.0,464.0,223.0,251.0,314.0,329.0,1126.0,1259.0,300.0,242.0,0.0,513.0,371.0,382.0,370.0,1471.0,1349.0,907.0,1188.0,874.0,50.0,1890.0,1823.0,443.0,427.0,449.0,441.0,189.0,248.0,1470.0,1374.0,167.0,62.0,238.0,317.0,796.0,777.0,2325.0,2151.0,254.0,286.0,394.0,428.0,913.0,1088.0,250.0,197.0,854.0,739.0,357.0,447.0,435.0,427.0,1659.0,1228.0,1540.0,1854.0,786.0,1106.0,270.0,212.0,43667.0
2021-05-11,426.0,483.0,271.0,262.0,357.0,361.0,1299.0,1424.0,278.0,201.0,0.0,552.0,361.0,456.0,433.0,1658.0,1587.0,1033.0,1261.0,951.0,40.0,2143.0,1964.0,494.0,496.0,541.0,503.0,225.0,252.0,1599.0,1486.0,258.0,68.0,272.0,354.0,922.0,900.0,2407.0,1405.0,247.0,247.0,453.0,437.0,1000.0,1333.0,363.0,245.0,1007.0,911.0,428.0,532.0,451.0,425.0,1783.0,1281.0,1475.0,1996.0,879.0,1169.0,246.0,223.0,47114.0
2021-05-12,110.0,108.0,96.0,94.0,248.0,168.0,382.0,421.0,154.0,126.0,0.0,289.0,171.0,152.0,157.0,393.0,322.0,208.0,239.0,604.0,58.0,550.0,564.0,105.0,86.0,198.0,167.0,98.0,97.0,344.0,337.0,282.0,40.0,63.0,67.0,151.0,169.0,317.0,343.0,0.0,0.0,65.0,69.0,171.0,196.0,243.0,159.0,159.0,134.0,85.0,101.0,91.0,90.0,158.0,130.0,116.0,141.0,65.0,66.0,47.0,38.0,10802.0
2021-05-13,60.0,43.0,48.0,32.0,234.0,78.0,147.0,148.0,64.0,52.0,0.0,159.0,92.0,84.0,74.0,202.0,130.0,89.0,107.0,518.0,47.0,202.0,257.0,33.0,33.0,98.0,83.0,53.0,45.0,142.0,173.0,305.0,1.0,24.0,42.0,52.0,45.0,103.0,94.0,29.0,26.0,33.0,35.0,58.0,60.0,434.0,203.0,44.0,44.0,37.0,43.0,43.0,41.0,51.0,52.0,28.0,19.0,9.0,11.0,21.0,13.0,5527.0
2021-05-14,99.0,57.0,56.0,61.0,159.0,114.0,189.0,226.0,88.0,80.0,0.0,244.0,159.0,112.0,135.0,305.0,254.0,163.0,178.0,571.0,62.0,310.0,365.0,65.0,68.0,140.0,128.0,57.0,60.0,251.0,276.0,245.0,21.0,64.0,82.0,99.0,113.0,282.0,285.0,49.0,50.0,96.0,85.0,126.0,175.0,343.0,146.0,111.0,99.0,48.0,69.0,79.0,84.0,168.0,153.0,73.0,137.0,43.0,55.0,39.0,32.0,8483.0
2021-05-15,158.0,204.0,62.0,97.0,116.0,152.0,497.0,588.0,115.0,102.0,0.0,223.0,174.0,239.0,150.0,952.0,824.0,476.0,637.0,515.0,62.0,786.0,870.0,219.0,231.0,204.0,215.0,69.0,87.0,989.0,947.0,81.0,2.0,103.0,63.0,364.0,414.0,1370.0,1471.0,148.0,159.0,236.0,188.0,426.0,606.0,141.0,74.0,377.0,342.0,235.0,291.0,259.0,266.0,917.0,809.0,964.0,1062.0,492.0,669.0,193.0,178.0,23860.0
2021-05-16,227.0,345.0,159.0,154.0,89.0,191.0,622.0,630.0,140.0,135.0,0.0,303.0,166.0,264.0,169.0,1326.0,1155.0,743.0,891.0,397.0,34.0,1001.0,1056.0,292.0,260.0,209.0,210.0,74.0,95.0,1411.0,1355.0,86.0,31.0,184.0,88.0,586.0,505.0,2093.0,2337.0,191.0,199.0,215.0,194.0,669.0,898.0,143.0,80.0,568.0,592.0,356.0,470.0,365.0,370.0,1421.0,1238.0,1599.0,1550.0,781.0,1058.0,267.0,181.0,33418.0
2021-05-17,205.0,197.0,145.0,154.0,189.0,228.0,649.0,721.0,190.0,157.0,0.0,375.0,278.0,290.0,226.0,698.0,642.0,398.0,465.0,653.0,69.0,844.0,920.0,203.0,177.0,321.0,311.0,137.0,166.0,675.0,641.0,201.0,33.0,156.0,183.0,341.0,343.0,802.0,849.0,137.0,165.0,148.0,148.0,398.0,528.0,474.0,213.0,335.0,303.0,166.0,204.0,166.0,148.0,457.0,385.0,427.0,466.0,175.0,274.0,83.0,65.0,20097.0
2021-05-18,271.0,287.0,221.0,214.0,126.0,285.0,821.0,912.0,232.0,155.0,0.0,366.0,331.0,342.0,269.0,886.0,843.0,535.0,662.0,728.0,51.0,1069.0,1139.0,277.0,247.0,345.0,356.0,163.0,180.0,949.0,906.0,253.0,26.0,208.0,237.0,443.0,451.0,1110.0,1249.0,188.0,177.0,163.0,209.0,0.0,0.0,507.0,264.0,542.0,498.0,232.0,250.0,224.0,216.0,701.0,566.0,700.0,751.0,291.0,442.0,110.0,103.0,25279.0
2021-05-19,259.0,252.0,155.0,182.0,154.0,270.0,678.0,767.0,205.0,118.0,0.0,376.0,293.0,296.0,264.0,754.0,652.0,472.0,538.0,750.0,55.0,850.0,1018.0,224.0,201.0,341.0,329.0,161.0,174.0,741.0,679.0,306.0,42.0,254.0,227.0,355.0,344.0,891.0,985.0,166.0,159.0,219.0,202.0,0.0,0.0,449.0,230.0,367.0,354.0,195.0,218.0,183.0,189.0,577.0,491.0,403.0,596.0,181.0,299.0,92.0,70.0,21252.0
2021-05-20,226.0,232.0,209.0,160.0,172.0,269.0,722.0,751.0,200.0,148.0,0.0,349.0,287.0,302.0,276.0,729.0,649.0,437.0,544.0,673.0,53.0,991.0,929.0,185.0,179.0,277.0,281.0,130.0,148.0,675.0,603.0,303.0,45.0,214.0,1727.0,345.0,332.0,790.0,900.0,151.0,164.0,201.0,195.0,3.0,1.0,417.0,226.0,381.0,348.0,162.0,175.0,196.0,189.0,459.0,434.0,431.0,399.0,155.0,290.0,102.0,74.0,21595.0
2021-05-21,178.0,204.0,160.0,134.0,189.0,284.0,626.0,686.0,213.0,110.0,0.0,262.0,249.0,263.0,248.0,651.0,554.0,361.0,480.0,700.0,52.0,912.0,1025.0,214.0,216.0,304.0,275.0,137.0,149.0,632.0,575.0,202.0,40.0,151.0,1401.0,308.0,299.0,821.0,839.0,121.0,126.0,167.0,117.0,417.0,550.0,291.0,148.0,369.0,343.0,170.0,208.0,161.0,171.0,506.0,425.0,455.0,562.0,231.0,371.0,92.0,77.0,21182.0
2021-05-22,210.0,277.0,145.0,103.0,132.0,234.0,609.0,630.0,114.0,118.0,0.0,260.0,152.0,296.0,167.0,1017.0,796.0,565.0,697.0,444.0,78.0,1003.0,998.0,276.0,290.0,229.0,239.0,83.0,91.0,1174.0,1045.0,102.0,3.0,159.0,554.0,426.0,467.0,1535.0,1570.0,175.0,154.0,156.0,577.0,578.0,761.0,94.0,85.0,483.0,435.0,270.0,387.0,207.0,256.0,1100.0,993.0,1197.0,1241.0,579.0,896.0,225.0,122.0,28259.0
2021-05-23,164.0,220.0,120.0,114.0,101.0,157.0,426.0,449.0,94.0,93.0,0.0,210.0,112.0,216.0,139.0,769.0,666.0,411.0,552.0,346.0,58.0,781.0,643.0,192.0,195.0,160.0,142.0,53.0,88.0,906.0,778.0,89.0,21.0,137.0,590.0,299.0,252.0,1249.0,1512.0,97.0,100.0,195.0,251.0,396.0,504.0,82.0,59.0,347.0,301.0,194.0,254.0,228.0,224.0,890.0,853.0,959.0,805.0,404.0,499.0,136.0,92.0,21374.0
2021-05-24,270.0,296.0,182.0,209.0,168.0,306.0,904.0,964.0,296.0,235.0,0.0,448.0,323.0,354.0,312.0,966.0,887.0,664.0,781.0,730.0,52.0,1425.0,1373.0,281.0,312.0,376.0,422.0,165.0,188.0,1028.0,844.0,223.0,32.0,216.0,986.0,592.0,546.0,1318.0,1436.0,201.0,195.0,179.0,200.0,769.0,866.0,453.0,201.0,641.0,595.0,285.0,355.0,287.0,255.0,894.0,742.0,949.0,1064.0,535.0,697.0,172.0,121.0,31766.0
2021-05-25,155.0,174.0,107.0,126.0,313.0,249.0,563.0,609.0,149.0,135.0,0.0,284.0,251.0,221.0,208.0,510.0,427.0,254.0,322.0,609.0,45.0,777.0,771.0,141.0,145.0,262.0,222.0,118.0,146.0,501.0,472.0,216.0,49.0,176.0,870.0,194.0,200.0,472.0,515.0,74.0,79.0,112.0,99.0,327.0,371.0,330.0,157.0,235.0,230.0,108.0,152.0,113.0,101.0,292.0,250.0,294.0,300.0,111.0,164.0,21.0,17.0,15895.0
2021-05-26,182.0,180.0,141.0,138.0,311.0,257.0,614.0,681.0,239.0,196.0,0.0,409.0,283.0,243.0,237.0,557.0,483.0,317.0,397.0,659.0,61.0,917.0,898.0,261.0,214.0,339.0,302.0,140.0,154.0,503.0,480.0,179.0,53.0,211.0,1143.0,274.0,256.0,550.0,566.0,107.0,123.0,132.0,151.0,410.0,440.0,329.0,181.0,320.0,281.0,97.0,102.0,127.0,114.0,346.0,289.0,389.0,390.0,147.0,182.0,49.0,31.0,18762.0
2021-05-27,225.0,226.0,111.0,190.0,253.0,275.0,714.0,734.0,293.0,192.0,0.0,400.0,254.0,277.0,200.0,735.0,622.0,478.0,583.0,716.0,58.0,1038.0,1038.0,222.0,178.0,322.0,311.0,135.0,174.0,728.0,653.0,174.0,76.0,235.0,880.0,388.0,359.0,787.0,898.0,153.0,159.0,166.0,178.0,551.0,677.0,330.0,179.0,442.0,399.0,164.0,196.0,193.0,162.0,532.0,419.0,568.0,695.0,244.0,337.0,127.0,83.0,23086.0
2021-05-28,178.0,228.0,102.0,181.0,292.0,260.0,650.0,706.0,210.0,144.0,0.0,671.0,306.0,273.0,244.0,700.0,632.0,393.0,499.0,687.0,73.0,932.0,997.0,212.0,209.0,279.0,325.0,135.0,157.0,676.0,652.0,123.0,1.0,197.0,888.0,322.0,307.0,895.0,920.0,131.0,142.0,168.0,165.0,483.0,529.0,370.0,159.0,370.0,334.0,177.0,217.0,186.0,192.0,575.0,464.0,619.0,688.0,176.0,272.0,102.0,83.0,22258.0
2021-05-29,169.0,205.0,159.0,105.0,142.0,201.0,567.0,620.0,113.0,124.0,0.0,229.0,151.0,251.0,162.0,847.0,760.0,433.0,636.0,436.0,59.0,886.0,909.0,216.0,229.0,212.0,239.0,72.0,99.0,845.0,865.0,72.0,55.0,151.0,349.0,402.0,339.0,1350.0,1401.0,145.0,179.0,170.0,158.0,419.0,583.0,98.0,60.0,368.0,338.0,184.0,301.0,183.0,206.0,891.0,775.0,71.0,1059.0,442.0,666.0,140.0,103.0,22599.0
2021-05-30,216.0,271.0,165.0,99.0,119.0,235.0,607.0,678.0,89.0,52.0,0.0,243.0,167.0,256.0,166.0,1010.0,881.0,643.0,742.0,457.0,53.0,1046.0,1054.0,271.0,265.0,221.0,212.0,77.0,101.0,1141.0,1050.0,76.0,65.0,183.0,375.0,565.0,425.0,1903.0,2066.0,166.0,128.0,314.0,335.0,656.0,730.0,76.0,70.0,553.0,537.0,288.0,461.0,253.0,271.0,1244.0,1151.0,1560.0,1447.0,571.0,818.0,191.0,131.0,30196.0
2021-05-31,297.0,339.0,239.0,252.0,363.0,307.0,1000.0,1091.0,274.0,245.0,0.0,358.0,286.0,363.0,344.0,1051.0,944.0,720.0,854.0,838.0,67.0,1455.0,1437.0,332.0,263.0,363.0,386.0,173.0,164.0,1011.0,966.0,202.0,52.0,272.0,866.0,524.0,498.0,1453.0,1601.0,196.0,197.0,206.0,220.0,719.0,815.0,378.0,174.0,573.0,521.0,284.0,310.0,262.0,240.0,974.0,817.0,102.0,1101.0,314.0,463.0,158.0,111.0,31385.0
2021-06-01,341.0,395.0,181.0,226.0,347.0,379.0,1020.0,1111.0,319.0,247.0,0.0,449.0,307.0,409.0,390.0,1175.0,1050.0,699.0,885.0,966.0,70.0,1699.0,1632.0,378.0,363.0,415.0,415.0,176.0,206.0,1178.0,1086.0,188.0,25.0,255.0,978.0,637.0,580.0,1585.0,1772.0,230.0,226.0,299.0,305.0,858.0,1035.0,556.0,246.0,689.0,586.0,269.0,334.0,314.0,280.0,1106.0,893.0,1306.0,1289.0,338.0,542.0,190.0,162.0,36587.0
2021-06-02,292.0,385.0,184.0,216.0,381.0,349.0,1160.0,1242.0,257.0,179.0,0.0,581.0,356.0,441.0,405.0,1248.0,1113.0,761.0,882.0,1003.0,74.0,1697.0,1642.0,388.0,335.0,445.0,438.0,197.0,231.0,1227.0,1149.0,221.0,92.0,339.0,1000.0,642.0,611.0,1752.0,1908.0,251.0,260.0,354.0,439.0,846.0,1041.0,482.0,253.0,722.0,649.0,354.0,421.0,333.0,310.0,1248.0,992.0,877.0,1352.0,197.0,220.0,220.0,159.0,37803.0
2021-06-03,297.0,325.0,232.0,236.0,394.0,358.0,1108.0,1194.0,292.0,235.0,0.0,457.0,395.0,373.0,387.0,1169.0,1093.0,676.0,809.0,1035.0,74.0,1609.0,1643.0,358.0,329.0,410.0,437.0,183.0,226.0,1176.0,1131.0,232.0,86.0,346.0,1215.0,654.0,584.0,1621.0,1779.0,230.0,256.0,305.0,345.0,908.0,1023.0,555.0,191.0,705.0,629.0,298.0,349.0,327.0,297.0,1118.0,883.0,1136.0,1269.0,266.0,338.0,178.0,137.0,36901.0
2021-06-04,247.0,368.0,206.0,174.0,473.0,336.0,934.0,1058.0,226.0,202.0,0.0,470.0,303.0,429.0,323.0,1058.0,947.0,555.0,755.0,1071.0,59.0,1555.0,1515.0,374.0,377.0,367.0,376.0,151.0,223.0,1084.0,1116.0,184.0,54.0,235.0,1402.0,563.0,528.0,1687.0,1174.0,160.0,154.0,306.0,310.0,795.0,902.0,362.0,124.0,637.0,540.0,303.0,331.0,261.0,258.0,1110.0,869.0,1264.0,1375.0,318.0,523.0,170.0,143.0,34374.0
2021-06-05,175.0,266.0,209.0,108.0,292.0,218.0,721.0,722.0,83.0,72.0,0.0,235.0,175.0,276.0,167.0,1115.0,952.0,550.0,719.0,632.0,89.0,1041.0,1138.0,269.0,327.0,222.0,231.0,78.0,104.0,1163.0,1005.0,103.0,5.0,174.0,563.0,547.0,513.0,1862.0,2034.0,0.0,0.0,287.0,319.0,560.0,767.0,125.0,47.0,517.0,478.0,221.0,224.0,253.0,289.0,1311.0,1173.0,1560.0,1477.0,405.0,850.0,199.0,122.0,30339.0
2021-06-06,238.0,328.0,197.0,142.0,263.0,237.0,667.0,763.0,120.0,110.0,0.0,310.0,155.0,271.0,181.0,1270.0,1130.0,710.0,919.0,594.0,90.0,1301.0,1211.0,355.0,324.0,273.0,244.0,70.0,99.0,1361.0,1250.0,118.0,58.0,185.0,700.0,665.0,567.0,2123.0,2443.0,0.0,0.0,379.0,387.0,728.0,903.0,150.0,60.0,579.0,553.0,344.0,476.0,353.0,354.0,1561.0,1458.0,1501.0,1680.0,249.0,562.0,244.0,190.0,34753.0
2021-06-07,334.0,416.0,181.0,210.0,361.0,369.0,1088.0,1152.0,342.0,293.0,0.0,509.0,341.0,458.0,345.0,1170.0,992.0,714.0,856.0,958.0,67.0,1687.0,1557.0,372.0,356.0,427.0,402.0,158.0,203.0,1238.0,1025.0,197.0,75.0,290.0,1577.0,624.0,580.0,1554.0,1635.0,244.0,251.0,353.0,317.0,897.0,955.0,514.0,235.0,683.0,628.0,296.0,350.0,298.0,272.0,1039.0,831.0,1181.0,1210.0,228.0,219.0,173.0,126.0,36413.0
2021-06-08,377.0,439.0,145.0,240.0,310.0,374.0,1143.0,1226.0,329.0,285.0,0.0,538.0,405.0,474.0,389.0,1206.0,1068.0,770.0,985.0,1009.0,61.0,1843.0,1761.0,416.0,406.0,403.0,459.0,0.0,0.0,1430.0,1253.0,205.0,96.0,351.0,1423.0,723.0,642.0,1751.0,1983.0,255.0,237.0,442.0,425.0,964.0,1116.0,472.0,178.0,769.0,671.0,366.0,385.0,402.0,355.0,1119.0,972.0,1342.0,1420.0,256.0,288.0,17.0,27.0,39396.0
2021-06-09,320.0,352.0,130.0,318.0,336.0,337.0,980.0,1104.0,325.0,242.0,0.0,262.0,149.0,310.0,196.0,992.0,861.0,593.0,688.0,883.0,83.0,1470.0,1465.0,301.0,293.0,395.0,450.0,199.0,224.0,992.0,886.0,259.0,88.0,257.0,1534.0,536.0,467.0,1227.0,1199.0,179.0,195.0,272.0,259.0,718.0,794.0,443.0,196.0,562.0,482.0,277.0,315.0,289.0,257.0,854.0,696.0,560.0,844.0,172.0,150.0,0.0,0.0,30217.0
2021-06-10,288.0,327.0,205.0,229.0,332.0,368.0,939.0,1071.0,317.0,259.0,0.0,461.0,365.0,425.0,326.0,882.0,825.0,515.0,709.0,995.0,78.0,1421.0,1375.0,322.0,305.0,399.0,416.0,168.0,225.0,1018.0,1007.0,213.0,6.0,284.0,1412.0,488.0,450.0,1161.0,1074.0,191.0,186.0,275.0,372.0,711.0,767.0,514.0,210.0,546.0,494.0,253.0,322.0,247.0,227.0,747.0,638.0,684.0,837.0,234.0,233.0,96.0,88.0,30532.0
2021-06-11,240.0,285.0,163.0,188.0,250.0,288.0,804.0,880.0,262.0,204.0,0.0,537.0,280.0,367.0,322.0,766.0,685.0,454.0,583.0,904.0,67.0,1234.0,1189.0,244.0,250.0,323.0,334.0,160.0,156.0,878.0,781.0,160.0,71.0,210.0,1194.0,416.0,382.0,1069.0,1011.0,166.0,193.0,249.0,237.0,599.0,603.0,323.0,171.0,452.0,377.0,272.0,283.0,233.0,202.0,771.0,666.0,738.0,889.0,150.0,235.0,132.0,113.0,26645.0
2021-06-12,31.0,24.0,40.0,23.0,56.0,84.0,291.0,256.0,56.0,38.0,0.0,232.0,152.0,254.0,162.0,73.0,131.0,243.0,347.0,174.0,41.0,351.0,152.0,235.0,255.0,67.0,52.0,79.0,66.0,355.0,234.0,23.0,2.0,12.0,154.0,447.0,409.0,96.0,185.0,155.0,131.0,253.0,465.0,343.0,324.0,19.0,27.0,180.0,283.0,109.0,167.0,33.0,25.0,60.0,113.0,465.0,245.0,331.0,668.0,24.0,14.0,10316.0
2021-06-13,72.0,90.0,32.0,49.0,58.0,99.0,341.0,310.0,116.0,117.0,0.0,202.0,151.0,235.0,181.0,146.0,243.0,283.0,417.0,137.0,28.0,413.0,219.0,276.0,278.0,69.0,59.0,68.0,73.0,480.0,340.0,40.0,36.0,25.0,230.0,376.0,324.0,350.0,627.0,153.0,117.0,0.0,1.0,440.0,385.0,46.0,21.0,224.0,314.0,141.0,207.0,69.0,42.0,159.0,225.0,609.0,373.0,304.0,508.0,39.0,36.0,12003.0
2021-06-14,367.0,429.0,105.0,244.0,279.0,400.0,1031.0,1097.0,357.0,241.0,0.0,478.0,318.0,446.0,321.0,1083.0,984.0,690.0,826.0,940.0,55.0,1641.0,1586.0,348.0,320.0,407.0,387.0,178.0,207.0,1123.0,975.0,185.0,80.0,283.0,1516.0,588.0,552.0,1557.0,1753.0,95.0,57.0,308.0,363.0,788.0,822.0,400.0,196.0,594.0,517.0,272.0,348.0,297.0,268.0,1029.0,877.0,1143.0,1212.0,222.0,223.0,145.0,126.0,34679.0
2021-06-15,333.0,412.0,248.0,276.0,307.0,376.0,1089.0,1278.0,378.0,307.0,0.0,542.0,377.0,464.0,378.0,1142.0,1060.0,739.0,905.0,1033.0,77.0,1769.0,1642.0,385.0,332.0,430.0,438.0,184.0,238.0,1141.0,1050.0,249.0,99.0,268.0,1394.0,685.0,620.0,1530.0,1368.0,0.0,0.0,323.0,332.0,935.0,993.0,429.0,226.0,675.0,649.0,334.0,381.0,381.0,320.0,1064.0,893.0,1109.0,1324.0,237.0,240.0,193.0,149.0,36730.0
2021-06-16,316.0,370.0,234.0,252.0,338.0,366.0,1081.0,1224.0,346.0,272.0,0.0,500.0,374.0,474.0,397.0,1097.0,980.0,754.0,873.0,1047.0,65.0,1782.0,1672.0,410.0,344.0,456.0,449.0,197.0,251.0,1111.0,1028.0,241.0,92.0,321.0,1516.0,682.0,633.0,1460.0,1591.0,225.0,234.0,327.0,281.0,895.0,925.0,492.0,164.0,663.0,601.0,323.0,335.0,323.0,302.0,1018.0,788.0,1067.0,1177.0,219.0,213.0,187.0,155.0,36510.0
2021-06-17,304.0,299.0,83.0,282.0,326.0,309.0,1061.0,1170.0,296.0,232.0,0.0,451.0,317.0,438.0,344.0,974.0,909.0,595.0,784.0,1078.0,60.0,1670.0,1536.0,350.0,349.0,402.0,408.0,145.0,201.0,1003.0,939.0,226.0,6.0,199.0,1580.0,594.0,610.0,1352.0,1484.0,220.0,232.0,304.0,291.0,794.0,808.0,499.0,194.0,578.0,497.0,178.0,260.0,278.0,281.0,919.0,734.0,386.0,1080.0,210.0,223.0,142.0,145.0,32619.0
2021-06-18,254.0,250.0,206.0,187.0,281.0,294.0,801.0,859.0,284.0,224.0,0.0,420.0,304.0,374.0,291.0,835.0,725.0,492.0,586.0,1093.0,62.0,1276.0,1242.0,255.0,220.0,283.0,318.0,132.0,147.0,901.0,756.0,191.0,12.0,229.0,1759.0,430.0,421.0,1109.0,1108.0,159.0,167.0,228.0,192.0,586.0,651.0,278.0,117.0,445.0,402.0,214.0,244.0,222.0,202.0,735.0,545.0,836.0,946.0,174.0,207.0,171.0,113.0,27445.0
2021-06-19,155.0,197.0,163.0,133.0,145.0,222.0,564.0,662.0,118.0,91.0,0.0,257.0,210.0,283.0,206.0,761.0,646.0,329.0,455.0,725.0,69.0,1058.0,973.0,406.0,384.0,208.0,242.0,56.0,75.0,749.0,642.0,103.0,33.0,143.0,1023.0,337.0,360.0,1178.0,1273.0,73.0,83.0,197.0,195.0,500.0,530.0,67.0,40.0,429.0,362.0,140.0,170.0,228.0,182.0,884.0,772.0,1054.0,1157.0,148.0,430.0,69.0,34.0,23378.0
2021-06-20,201.0,241.0,122.0,89.0,119.0,190.0,537.0,600.0,54.0,64.0,0.0,224.0,153.0,232.0,171.0,736.0,620.0,349.0,443.0,568.0,50.0,1022.0,947.0,316.0,358.0,177.0,182.0,78.0,71.0,734.0,633.0,91.0,73.0,96.0,1181.0,378.0,367.0,1296.0,1465.0,0.0,0.0,0.0,0.0,531.0,547.0,72.0,59.0,380.0,421.0,208.0,223.0,189.0,176.0,982.0,801.0,1190.0,1140.0,166.0,340.0,0.0,0.0,22653.0
2021-06-21,262.0,252.0,183.0,180.0,237.0,293.0,910.0,952.0,251.0,169.0,0.0,401.0,327.0,346.0,306.0,776.0,749.0,493.0,618.0,832.0,46.0,1308.0,1128.0,229.0,261.0,380.0,351.0,199.0,193.0,884.0,814.0,189.0,58.0,248.0,2517.0,420.0,414.0,1009.0,936.0,179.0,192.0,0.0,0.0,653.0,663.0,195.0,143.0,506.0,447.0,206.0,222.0,216.0,186.0,664.0,516.0,834.0,820.0,116.0,88.0,103.0,87.0,27157.0
2021-06-22,166.0,150.0,122.0,125.0,249.0,169.0,0.0,0.0,169.0,117.0,0.0,179.0,156.0,233.0,194.0,430.0,381.0,195.0,231.0,617.0,46.0,636.0,640.0,135.0,120.0,206.0,195.0,87.0,105.0,481.0,475.0,141.0,71.0,134.0,2294.0,146.0,131.0,529.0,548.0,73.0,72.0,0.0,0.0,291.0,348.0,157.0,143.0,193.0,189.0,137.0,167.0,97.0,99.0,288.0,255.0,379.0,401.0,31.0,16.0,76.0,52.0,14467.0
2021-06-23,273.0,265.0,201.0,199.0,224.0,267.0,734.0,795.0,208.0,147.0,0.0,320.0,299.0,304.0,271.0,720.0,670.0,436.0,530.0,686.0,65.0,1035.0,1107.0,248.0,239.0,339.0,343.0,136.0,165.0,745.0,733.0,179.0,86.0,198.0,1779.0,375.0,359.0,907.0,947.0,176.0,155.0,0.0,0.0,547.0,612.0,270.0,165.0,370.0,339.0,204.0,268.0,199.0,196.0,590.0,470.0,717.0,733.0,64.0,41.0,87.0,65.0,23802.0
2021-06-24,242.0,225.0,199.0,164.0,228.0,274.0,744.0,799.0,237.0,126.0,0.0,303.0,319.0,337.0,274.0,735.0,644.0,464.0,559.0,663.0,52.0,933.0,1034.0,233.0,221.0,322.0,379.0,126.0,166.0,771.0,743.0,176.0,77.0,157.0,1036.0,346.0,315.0,993.0,1085.0,145.0,139.0,192.0,184.0,413.0,571.0,237.0,176.0,401.0,357.0,218.0,238.0,228.0,206.0,621.0,524.0,684.0,715.0,75.0,59.0,107.0,72.0,23263.0
2021-06-25,76.0,87.0,65.0,78.0,169.0,151.0,288.0,302.0,104.0,65.0,0.0,164.0,169.0,153.0,129.0,236.0,193.0,92.0,140.0,625.0,60.0,275.0,385.0,56.0,77.0,217.0,253.0,68.0,68.0,297.0,308.0,188.0,43.0,55.0,86.0,117.0,85.0,275.0,267.0,42.0,43.0,39.0,43.0,95.0,138.0,205.0,99.0,101.0,81.0,62.0,86.0,65.0,59.0,150.0,120.0,178.0,226.0,14.0,9.0,43.0,33.0,8397.0
2021-06-26,207.0,268.0,131.0,123.0,162.0,175.0,628.0,627.0,146.0,111.0,0.0,287.0,148.0,309.0,210.0,994.0,795.0,488.0,660.0,639.0,54.0,885.0,1010.0,250.0,273.0,305.0,407.0,75.0,100.0,1057.0,950.0,106.0,1.0,142.0,177.0,511.0,453.0,1744.0,1896.0,160.0,161.0,285.0,284.0,434.0,603.0,96.0,82.0,535.0,454.0,278.0,361.0,218.0,234.0,1291.0,1088.0,71.0,1330.0,41.0,131.0,209.0,130.0,25980.0
2021-06-27,258.0,332.0,159.0,137.0,209.0,213.0,613.0,685.0,159.0,161.0,0.0,310.0,206.0,160.0,139.0,1138.0,1035.0,633.0,822.0,582.0,52.0,1118.0,1168.0,302.0,271.0,325.0,310.0,56.0,67.0,1155.0,1102.0,107.0,7.0,122.0,202.0,588.0,559.0,2079.0,2442.0,240.0,208.0,330.0,397.0,562.0,732.0,63.0,43.0,585.0,593.0,378.0,410.0,341.0,326.0,1474.0,1409.0,822.0,1766.0,37.0,166.0,308.0,215.0,31388.0
2021-06-28,312.0,379.0,153.0,196.0,205.0,310.0,932.0,1065.0,363.0,292.0,0.0,524.0,350.0,364.0,330.0,986.0,884.0,564.0,739.0,938.0,64.0,1349.0,1506.0,308.0,286.0,364.0,392.0,181.0,181.0,985.0,847.0,191.0,84.0,177.0,304.0,529.0,499.0,1273.0,1443.0,205.0,225.0,302.0,284.0,617.0,720.0,198.0,130.0,611.0,539.0,326.0,331.0,288.0,255.0,889.0,720.0,799.0,1084.0,491.0,593.0,143.0,144.0,30743.0
2021-06-29,270.0,285.0,128.0,121.0,230.0,249.0,686.0,789.0,258.0,178.0,0.0,349.0,277.0,319.0,262.0,717.0,629.0,382.0,468.0,863.0,44.0,935.0,1043.0,215.0,202.0,331.0,342.0,139.0,172.0,774.0,682.0,194.0,88.0,141.0,247.0,347.0,322.0,1019.0,1153.0,59.0,72.0,226.0,215.0,392.0,509.0,164.0,135.0,420.0,341.0,207.0,256.0,197.0,170.0,660.0,560.0,0.0,0.0,354.0,483.0,119.0,110.0,21499.0
2021-06-30,241.0,260.0,143.0,216.0,111.0,264.0,725.0,758.0,289.0,219.0,0.0,413.0,323.0,339.0,297.0,721.0,612.0,394.0,462.0,755.0,52.0,997.0,1135.0,237.0,253.0,303.0,370.0,181.0,178.0,742.0,727.0,252.0,89.0,156.0,247.0,420.0,360.0,897.0,1019.0,0.0,0.0,218.0,219.0,470.0,576.0,181.0,117.0,436.0,408.0,230.0,230.0,190.0,187.0,587.0,519.0,0.0,0.0,34.0,9.0,114.0,101.0,20983.0
2021-07-01,207.0,202.0,138.0,150.0,0.0,267.0,662.0,731.0,231.0,168.0,0.0,463.0,239.0,320.0,250.0,588.0,535.0,346.0,438.0,562.0,48.0,671.0,787.0,166.0,162.0,273.0,328.0,132.0,156.0,619.0,612.0,212.0,68.0,105.0,205.0,281.0,282.0,612.0,617.0,103.0,122.0,128.0,131.0,321.0,422.0,148.0,102.0,343.0,283.0,176.0,236.0,164.0,168.0,405.0,329.0,0.0,0.0,12.0,1.0,72.0,52.0,16551.0
2021-07-02,112.0,103.0,77.0,77.0,0.0,173.0,316.0,332.0,132.0,97.0,0.0,263.0,158.0,180.0,149.0,281.0,255.0,156.0,192.0,494.0,41.0,373.0,452.0,92.0,73.0,146.0,156.0,83.0,91.0,303.0,266.0,140.0,64.0,58.0,89.0,125.0,103.0,298.0,312.0,54.0,52.0,84.0,59.0,162.0,184.0,91.0,66.0,142.0,119.0,81.0,80.0,88.0,78.0,199.0,157.0,0.0,0.0,77.0,119.0,37.0,45.0,8786.0
2021-07-03,168.0,197.0,150.0,120.0,0.0,220.0,540.0,566.0,225.0,159.0,0.0,256.0,156.0,201.0,164.0,791.0,657.0,395.0,512.0,407.0,5.0,840.0,927.0,229.0,197.0,235.0,264.0,63.0,89.0,828.0,774.0,85.0,38.0,298.0,149.0,337.0,352.0,1478.0,1420.0,120.0,130.0,202.0,270.0,377.0,538.0,64.0,50.0,409.0,323.0,240.0,304.0,178.0,208.0,1068.0,862.0,0.0,0.0,603.0,865.0,160.0,100.0,21563.0
2021-07-04,149.0,178.0,146.0,90.0,0.0,170.0,461.0,534.0,172.0,169.0,0.0,228.0,138.0,202.0,170.0,809.0,729.0,397.0,531.0,345.0,3.0,901.0,930.0,271.0,241.0,182.0,207.0,59.0,53.0,866.0,827.0,92.0,2.0,84.0,170.0,383.0,372.0,1517.0,1572.0,131.0,123.0,191.0,219.0,359.0,552.0,47.0,26.0,417.0,389.0,231.0,303.0,197.0,206.0,1042.0,891.0,0.0,0.0,724.0,851.0,210.0,157.0,21616.0
2021-07-05,150.0,195.0,115.0,94.0,0.0,181.0,491.0,533.0,181.0,177.0,0.0,222.0,151.0,163.0,148.0,752.0,628.0,360.0,460.0,279.0,3.0,786.0,865.0,228.0,235.0,191.0,211.0,65.0,78.0,788.0,638.0,83.0,47.0,72.0,165.0,344.0,309.0,1122.0,1247.0,112.0,115.0,201.0,195.0,283.0,414.0,58.0,56.0,335.0,310.0,211.0,260.0,162.0,162.0,847.0,764.0,0.0,0.0,489.0,629.0,160.0,93.0,18613.0
2021-07-06,200.0,212.0,143.0,111.0,0.0,223.0,544.0,618.0,219.0,255.0,0.0,270.0,134.0,231.0,169.0,855.0,732.0,409.0,551.0,349.0,3.0,1031.0,1057.0,255.0,249.0,231.0,250.0,80.0,66.0,889.0,752.0,103.0,44.0,70.0,178.0,513.0,447.0,1528.0,1726.0,180.0,159.0,242.0,265.0,441.0,615.0,62.0,37.0,491.0,468.0,252.0,290.0,236.0,219.0,1187.0,969.0,0.0,0.0,837.0,876.0,132.0,101.0,23756.0
2021-07-07,173.0,189.0,102.0,115.0,0.0,246.0,505.0,554.0,264.0,250.0,0.0,277.0,176.0,227.0,187.0,589.0,494.0,267.0,368.0,478.0,71.0,648.0,733.0,167.0,176.0,207.0,246.0,96.0,106.0,571.0,517.0,112.0,2.0,76.0,153.0,237.0,233.0,791.0,820.0,93.0,105.0,178.0,150.0,301.0,381.0,83.0,68.0,293.0,245.0,153.0,168.0,140.0,136.0,526.0,404.0,0.0,0.0,271.0,395.0,84.0,67.0,15664.0
2021-07-08,1.0,0.0,0.0,0.0,0.0,0.0,0.0,2.0,194.0,147.0,0.0,180.0,127.0,228.0,0.0,0.0,0.0,0.0,0.0,2.0,0.0,1.0,0.0,169.0,144.0,0.0,6.0,0.0,0.0,0.0,0.0,1.0,2.0,0.0,0.0,228.0,201.0,0.0,0.0,83.0,98.0,0.0,0.0,2.0,0.0,0.0,0.0,0.0,0.0,0.0,0.0,0.0,0.0,0.0,0.0,0.0,0.0,234.0,305.0,0.0,0.0,2355.0
2021-07-09,100.0,116.0,95.0,108.0,251.0,152.0,441.0,450.0,146.0,100.0,0.0,225.0,189.0,207.0,185.0,401.0,296.0,205.0,267.0,399.0,58.0,400.0,535.0,128.0,129.0,153.0,186.0,89.0,96.0,434.0,401.0,66.0,44.0,73.0,113.0,134.0,149.0,539.0,563.0,91.0,88.0,111.0,263.0,194.0,229.0,76.0,47.0,198.0,167.0,117.0,134.0,92.0,81.0,298.0,237.0,0.0,0.0,193.0,251.0,41.0,33.0,11564.0
2021-07-10,188.0,268.0,175.0,121.0,228.0,224.0,618.0,742.0,157.0,152.0,0.0,365.0,195.0,325.0,224.0,1006.0,910.0,560.0,666.0,583.0,58.0,1090.0,1271.0,312.0,344.0,251.0,279.0,58.0,64.0,1102.0,1076.0,105.0,4.0,166.0,193.0,518.0,465.0,1890.0,1992.0,188.0,171.0,243.0,279.0,490.0,792.0,50.0,29.0,568.0,598.0,336.0,417.0,254.0,222.0,1448.0,1189.0,0.0,0.0,921.0,1153.0,242.0,150.0,28685.0
2021-07-11,138.0,178.0,110.0,94.0,164.0,145.0,413.0,396.0,113.0,164.0,0.0,264.0,137.0,199.0,124.0,717.0,648.0,357.0,486.0,316.0,55.0,736.0,767.0,227.0,164.0,181.0,166.0,51.0,52.0,672.0,592.0,88.0,47.0,86.0,124.0,303.0,284.0,1117.0,1258.0,124.0,146.0,183.0,282.0,335.0,424.0,48.0,38.0,362.0,356.0,220.0,261.0,205.0,170.0,842.0,707.0,0.0,0.0,601.0,630.0,163.0,82.0,18312.0
2021-07-12,297.0,316.0,170.0,173.0,325.0,263.0,809.0,859.0,218.0,164.0,0.0,425.0,343.0,370.0,311.0,950.0,816.0,511.0,666.0,608.0,4.0,1094.0,1268.0,291.0,266.0,330.0,360.0,139.0,161.0,954.0,897.0,180.0,80.0,193.0,268.0,455.0,409.0,1270.0,1395.0,155.0,167.0,217.0,302.0,597.0,717.0,113.0,88.0,524.0,459.0,261.0,302.0,237.0,212.0,863.0,685.0,0.0,0.0,477.0,662.0,159.0,143.0,25948.0
2021-07-13,277.0,286.0,125.0,198.0,335.0,287.0,864.0,880.0,237.0,144.0,0.0,427.0,268.0,366.0,291.0,883.0,814.0,470.0,642.0,793.0,0.0,1261.0,1316.0,335.0,287.0,332.0,332.0,138.0,150.0,942.0,891.0,186.0,6.0,209.0,288.0,492.0,483.0,1213.0,1324.0,194.0,211.0,232.0,233.0,562.0,747.0,140.0,108.0,580.0,489.0,234.0,262.0,212.0,183.0,841.0,644.0,0.0,0.0,466.0,732.0,159.0,144.0,26145.0
2021-07-14,152.0,159.0,100.0,130.0,257.0,201.0,468.0,445.0,145.0,104.0,0.0,309.0,186.0,201.0,183.0,496.0,349.0,233.0,278.0,605.0,40.0,512.0,663.0,129.0,121.0,196.0,214.0,102.0,97.0,463.0,493.0,141.0,65.0,91.0,144.0,213.0,191.0,709.0,673.0,80.0,81.0,127.0,125.0,290.0,358.0,124.0,83.0,249.0,201.0,113.0,145.0,98.0,109.0,447.0,383.0,0.0,0.0,215.0,291.0,73.0,62.0,13912.0
2021-07-15,233.0,286.0,99.0,197.0,323.0,283.0,788.0,906.0,207.0,145.0,0.0,540.0,295.0,331.0,287.0,824.0,718.0,401.0,526.0,841.0,98.0,979.0,1098.0,266.0,253.0,297.0,319.0,128.0,162.0,791.0,766.0,164.0,3.0,176.0,254.0,411.0,389.0,1150.0,1151.0,42.0,20.0,182.0,221.0,503.0,573.0,187.0,98.0,454.0,383.0,200.0,232.0,177.0,170.0,746.0,620.0,0.0,0.0,439.0,546.0,13.0,14.0,22905.0
2021-07-16,248.0,249.0,164.0,168.0,317.0,287.0,759.0,860.0,198.0,147.0,0.0,541.0,247.0,351.0,275.0,796.0,700.0,421.0,575.0,934.0,74.0,1038.0,1165.0,264.0,277.0,307.0,310.0,127.0,146.0,861.0,853.0,153.0,66.0,207.0,219.0,412.0,386.0,1276.0,1380.0,92.0,107.0,210.0,214.0,473.0,595.0,120.0,92.0,477.0,446.0,240.0,298.0,208.0,175.0,839.0,687.0,0.0,0.0,500.0,719.0,0.0,0.0,24250.0
2021-07-17,123.0,146.0,81.0,77.0,219.0,157.0,256.0,330.0,55.0,32.0,0.0,242.0,125.0,156.0,115.0,359.0,319.0,189.0,266.0,482.0,77.0,405.0,491.0,104.0,109.0,114.0,158.0,40.0,37.0,364.0,373.0,59.0,4.0,62.0,77.0,149.0,130.0,586.0,609.0,45.0,30.0,82.0,103.0,171.0,242.0,83.0,150.0,175.0,144.0,108.0,99.0,78.0,96.0,402.0,368.0,0.0,0.0,232.0,331.0,0.0,0.0,10616.0
2021-07-18,241.0,299.0,208.0,167.0,263.0,211.0,675.0,790.0,114.0,123.0,0.0,405.0,175.0,300.0,244.0,1136.0,1003.0,597.0,799.0,571.0,66.0,1096.0,1164.0,332.0,302.0,223.0,247.0,83.0,74.0,1169.0,1105.0,115.0,47.0,184.0,213.0,496.0,448.0,1317.0,1537.0,78.0,108.0,292.0,351.0,537.0,739.0,66.0,42.0,548.0,508.0,283.0,413.0,254.0,304.0,1401.0,1255.0,0.0,0.0,940.0,1108.0,0.0,0.0,27766.0
2021-07-19,306.0,305.0,178.0,189.0,433.0,300.0,820.0,969.0,270.0,277.0,0.0,440.0,301.0,340.0,321.0,862.0,724.0,490.0,591.0,826.0,85.0,1097.0,1248.0,273.0,285.0,322.0,386.0,123.0,131.0,894.0,898.0,148.0,63.0,234.0,249.0,494.0,436.0,1166.0,1263.0,187.0,180.0,220.0,200.0,525.0,633.0,128.0,110.0,509.0,429.0,240.0,272.0,220.0,207.0,726.0,612.0,0.0,0.0,436.0,565.0,0.0,0.0,25136.0
2021-07-20,286.0,325.0,205.0,176.0,336.0,291.0,912.0,971.0,225.0,143.0,0.0,376.0,335.0,373.0,316.0,870.0,804.0,517.0,665.0,826.0,96.0,1168.0,1352.0,340.0,307.0,377.0,421.0,155.0,159.0,917.0,876.0,169.0,83.0,221.0,269.0,515.0,453.0,1147.0,1251.0,158.0,177.0,174.0,279.0,533.0,741.0,140.0,116.0,520.0,442.0,218.0,269.0,239.0,220.0,816.0,681.0,0.0,0.0,435.0,611.0,0.0,0.0,25997.0
2021-07-21,253.0,323.0,288.0,35.0,342.0,292.0,910.0,1027.0,262.0,248.0,0.0,412.0,295.0,332.0,283.0,923.0,779.0,528.0,683.0,890.0,81.0,1194.0,1353.0,744.0,577.0,356.0,393.0,181.0,185.0,692.0,702.0,168.0,77.0,230.0,316.0,504.0,485.0,1277.0,1433.0,179.0,194.0,222.0,241.0,650.0,812.0,92.0,83.0,584.0,514.0,265.0,289.0,232.0,220.0,846.0,751.0,0.0,0.0,494.0,707.0,0.0,0.0,27428.0
2021-07-22,254.0,270.0,362.0,23.0,351.0,310.0,878.0,971.0,308.0,248.0,0.0,419.0,305.0,354.0,288.0,922.0,767.0,518.0,634.0,897.0,99.0,1131.0,1264.0,790.0,746.0,343.0,359.0,155.0,162.0,908.0,842.0,150.0,5.0,228.0,306.0,530.0,478.0,1490.0,1522.0,188.0,162.0,238.0,231.0,520.0,707.0,129.0,113.0,510.0,412.0,256.0,302.0,238.0,204.0,971.0,784.0,0.0,0.0,469.0,619.0,0.0,0.0,27640.0
2021-07-23,252.0,276.0,322.0,30.0,354.0,276.0,802.0,905.0,235.0,203.0,0.0,360.0,275.0,372.0,286.0,811.0,669.0,479.0,591.0,938.0,86.0,1040.0,1156.0,880.0,863.0,322.0,281.0,133.0,137.0,915.0,843.0,155.0,13.0,180.0,219.0,383.0,378.0,1227.0,1302.0,176.0,178.0,236.0,220.0,436.0,576.0,140.0,83.0,438.0,386.0,237.0,230.0,219.0,222.0,833.0,659.0,0.0,0.0,492.0,653.0,133.0,85.0,25581.0
2021-07-24,166.0,202.0,197.0,10.0,266.0,195.0,612.0,629.0,139.0,127.0,0.0,283.0,172.0,274.0,191.0,845.0,702.0,416.0,523.0,672.0,74.0,994.0,1037.0,839.0,797.0,225.0,225.0,72.0,104.0,971.0,914.0,126.0,8.0,130.0,159.0,401.0,347.0,1399.0,1192.0,158.0,114.0,251.0,228.0,391.0,557.0,59.0,46.0,450.0,389.0,261.0,404.0,179.0,222.0,1107.0,934.0,0.0,0.0,707.0,860.0,210.0,140.0,24302.0
2021-07-25,184.0,221.0,162.0,9.0,239.0,196.0,511.0,542.0,152.0,139.0,0.0,266.0,155.0,238.0,178.0,838.0,697.0,359.0,492.0,603.0,60.0,820.0,914.0,591.0,628.0,223.0,217.0,58.0,49.0,794.0,699.0,58.0,9.0,102.0,154.0,344.0,295.0,1340.0,1415.0,0.0,0.0,183.0,212.0,377.0,503.0,57.0,45.0,359.0,350.0,222.0,291.0,209.0,189.0,993.0,832.0,0.0,0.0,628.0,642.0,174.0,141.0,21358.0
2021-07-26,224.0,240.0,366.0,13.0,329.0,280.0,773.0,835.0,282.0,245.0,0.0,334.0,268.0,320.0,237.0,715.0,597.0,432.0,523.0,802.0,74.0,931.0,1080.0,725.0,709.0,324.0,320.0,149.0,177.0,799.0,746.0,181.0,6.0,176.0,234.0,334.0,328.0,818.0,671.0,0.0,0.0,175.0,196.0,366.0,493.0,83.0,121.0,384.0,386.0,265.0,198.0,180.0,179.0,620.0,491.0,0.0,0.0,341.0,433.0,118.0,94.0,21720.0
2021-07-27,315.0,363.0,324.0,14.0,391.0,308.0,1036.0,1179.0,305.0,270.0,0.0,466.0,348.0,409.0,300.0,1153.0,892.0,588.0,731.0,964.0,98.0,1327.0,1413.0,616.0,310.0,394.0,405.0,185.0,200.0,1129.0,1004.0,137.0,13.0,194.0,292.0,559.0,522.0,1435.0,1238.0,0.0,0.0,278.0,311.0,581.0,828.0,131.0,104.0,659.0,616.0,439.0,260.0,303.0,256.0,1107.0,839.0,0.0,0.0,542.0,757.0,169.0,148.0,30155.0
2021-07-28,172.0,194.0,336.0,24.0,335.0,230.0,700.0,761.0,245.0,169.0,0.0,330.0,256.0,294.0,217.0,598.0,548.0,362.0,431.0,701.0,96.0,830.0,858.0,592.0,443.0,312.0,312.0,125.0,144.0,629.0,576.0,198.0,77.0,128.0,208.0,323.0,295.0,672.0,776.0,0.0,0.0,28.0,31.0,333.0,416.0,141.0,112.0,333.0,292.0,318.0,141.0,144.0,129.0,389.0,401.0,0.0,0.0,229.0,298.0,80.0,66.0,18378.0
2021-07-29,273.0,320.0,273.0,145.0,338.0,340.0,961.0,1042.0,291.0,260.0,0.0,405.0,317.0,416.0,299.0,1007.0,889.0,544.0,752.0,906.0,92.0,1178.0,1394.0,332.0,345.0,389.0,440.0,164.0,165.0,1101.0,1015.0,148.0,91.0,194.0,294.0,584.0,505.0,1435.0,1507.0,0.0,0.0,267.0,278.0,595.0,743.0,125.0,119.0,543.0,488.0,391.0,307.0,276.0,255.0,980.0,821.0,0.0,0.0,596.0,741.0,146.0,137.0,28959.0
2021-07-30,264.0,260.0,195.0,168.0,305.0,301.0,845.0,891.0,249.0,231.0,0.0,345.0,296.0,386.0,277.0,820.0,691.0,442.0,573.0,1040.0,74.0,1003.0,1216.0,340.0,150.0,309.0,373.0,142.0,159.0,927.0,877.0,163.0,81.0,179.0,223.0,444.0,417.0,1169.0,1157.0,0.0,0.0,224.0,209.0,506.0,639.0,112.0,63.0,495.0,417.0,286.0,234.0,195.0,239.0,837.0,691.0,0.0,0.0,452.0,663.0,158.0,125.0,24527.0
2021-07-31,197.0,235.0,125.0,136.0,290.0,251.0,694.0,704.0,117.0,108.0,0.0,259.0,193.0,294.0,217.0,1003.0,797.0,477.0,647.0,782.0,79.0,980.0,1073.0,0.0,0.0,267.0,277.0,92.0,91.0,1079.0,962.0,104.0,10.0,157.0,186.0,427.0,408.0,1428.0,1492.0,0.0,0.0,249.0,234.0,502.0,656.0,84.0,43.0,486.0,462.0,254.0,377.0,218.0,233.0,1198.0,1023.0,0.0,0.0,855.0,965.0,218.0,146.0,24841.0
2021-08-01,87.0,82.0,57.0,59.0,302.0,118.0,231.0,239.0,83.0,91.0,0.0,124.0,101.0,115.0,92.0,255.0,238.0,104.0,154.0,391.0,83.0,260.0,270.0,0.0,0.0,119.0,100.0,31.0,37.0,266.0,248.0,62.0,35.0,40.0,78.0,70.0,51.0,318.0,347.0,0.0,0.0,46.0,55.0,90.0,109.0,36.0,30.0,75.0,62.0,60.0,68.0,74.0,71.0,183.0,193.0,0.0,0.0,132.0,150.0,0.0,0.0,6772.0
2021-08-02,154.0,151.0,127.0,146.0,290.0,217.0,560.0,642.0,210.0,191.0,0.0,243.0,228.0,224.0,142.0,467.0,436.0,284.0,341.0,608.0,107.0,699.0,692.0,160.0,145.0,258.0,283.0,109.0,107.0,520.0,518.0,140.0,68.0,134.0,175.0,276.0,240.0,494.0,544.0,0.0,0.0,116.0,125.0,326.0,379.0,109.0,108.0,295.0,245.0,129.0,150.0,124.0,121.0,288.0,262.0,0.0,0.0,230.0,329.0,69.0,63.0,14798.0
2021-08-03,262.0,323.0,198.0,224.0,305.0,272.0,838.0,916.0,250.0,232.0,0.0,402.0,311.0,330.0,278.0,976.0,756.0,523.0,680.0,753.0,105.0,1065.0,1260.0,280.0,237.0,346.0,361.0,133.0,155.0,1042.0,974.0,222.0,72.0,222.0,310.0,513.0,443.0,1270.0,1324.0,0.0,0.0,237.0,201.0,567.0,707.0,144.0,144.0,471.0,438.0,223.0,259.0,263.0,259.0,866.0,702.0,0.0,0.0,513.0,667.0,157.0,137.0,26118.0
2021-08-04,233.0,275.0,175.0,182.0,271.0,260.0,737.0,777.0,222.0,191.0,0.0,324.0,285.0,304.0,251.0,704.0,595.0,372.0,499.0,785.0,88.0,833.0,1009.0,212.0,173.0,300.0,324.0,119.0,147.0,753.0,730.0,198.0,77.0,149.0,215.0,333.0,313.0,930.0,944.0,0.0,0.0,127.0,122.0,458.0,604.0,170.0,103.0,379.0,365.0,168.0,242.0,168.0,177.0,618.0,504.0,0.0,0.0,377.0,557.0,101.0,96.0,20625.0
2021-08-05,87.0,74.0,86.0,69.0,233.0,194.0,278.0,300.0,145.0,118.0,0.0,197.0,165.0,128.0,128.0,228.0,195.0,97.0,117.0,561.0,86.0,275.0,340.0,59.0,46.0,155.0,145.0,79.0,82.0,262.0,238.0,143.0,51.0,44.0,98.0,74.0,78.0,235.0,231.0,0.0,0.0,67.0,48.0,114.0,121.0,126.0,76.0,80.0,69.0,59.0,61.0,69.0,78.0,142.0,127.0,0.0,0.0,62.0,79.0,28.0,19.0,7546.0
2021-08-06,182.0,218.0,136.0,127.0,268.0,199.0,598.0,617.0,197.0,158.0,0.0,333.0,225.0,258.0,189.0,614.0,478.0,281.0,380.0,706.0,93.0,626.0,655.0,175.0,145.0,238.0,284.0,117.0,120.0,658.0,640.0,102.0,64.0,132.0,140.0,292.0,240.0,831.0,859.0,106.0,121.0,129.0,115.0,350.0,426.0,114.0,68.0,287.0,282.0,126.0,151.0,151.0,145.0,537.0,460.0,0.0,0.0,321.0,454.0,112.0,90.0,17120.0
2021-08-07,164.0,214.0,114.0,112.0,270.0,233.0,602.0,674.0,139.0,113.0,0.0,242.0,160.0,259.0,151.0,1032.0,909.0,463.0,628.0,808.0,71.0,1138.0,1054.0,301.0,288.0,190.0,224.0,112.0,82.0,1052.0,967.0,119.0,58.0,122.0,174.0,446.0,397.0,1067.0,1172.0,312.0,182.0,243.0,218.0,552.0,606.0,63.0,41.0,496.0,495.0,290.0,348.0,232.0,228.0,1321.0,1081.0,0.0,0.0,888.0,1057.0,225.0,184.0,25383.0
2021-08-08,200.0,198.0,97.0,91.0,234.0,199.0,497.0,584.0,156.0,159.0,0.0,297.0,198.0,247.0,161.0,838.0,745.0,399.0,575.0,560.0,62.0,935.0,854.0,215.0,236.0,184.0,179.0,71.0,88.0,975.0,890.0,87.0,54.0,102.0,153.0,369.0,328.0,1397.0,1515.0,312.0,194.0,169.0,191.0,349.0,483.0,60.0,40.0,335.0,301.0,203.0,272.0,188.0,190.0,1053.0,903.0,0.0,0.0,569.0,649.0,160.0,140.0,21890.0
2021-08-09,252.0,278.0,133.0,200.0,322.0,290.0,892.0,942.0,328.0,266.0,0.0,376.0,277.0,345.0,245.0,931.0,773.0,499.0,717.0,843.0,71.0,1473.0,1441.0,353.0,352.0,356.0,425.0,150.0,159.0,934.0,880.0,150.0,97.0,183.0,261.0,476.0,448.0,1381.0,1464.0,364.0,267.0,231.0,363.0,593.0,690.0,180.0,109.0,508.0,467.0,201.0,249.0,243.0,218.0,957.0,755.0,0.0,0.0,481.0,644.0,113.0,94.0,27690.0
2021-08-10,302.0,343.0,196.0,217.0,377.0,331.0,1004.0,1135.0,289.0,273.0,0.0,408.0,265.0,389.0,310.0,1022.0,884.0,511.0,715.0,887.0,63.0,1676.0,1551.0,389.0,374.0,356.0,408.0,154.0,194.0,1067.0,1017.0,227.0,91.0,225.0,231.0,565.0,526.0,1378.0,1484.0,313.0,246.0,238.0,275.0,706.0,798.0,102.0,50.0,592.0,570.0,219.0,285.0,256.0,234.0,986.0,810.0,0.0,0.0,583.0,775.0,185.0,145.0,30202.0
2021-08-11,305.0,315.0,155.0,149.0,497.0,284.0,1011.0,1107.0,330.0,265.0,0.0,366.0,386.0,381.0,370.0,1007.0,919.0,528.0,725.0,976.0,73.0,1643.0,1597.0,397.0,384.0,372.0,400.0,143.0,174.0,1027.0,965.0,201.0,105.0,212.0,274.0,520.0,517.0,1389.0,1587.0,370.0,309.0,244.0,543.0,636.0,803.0,117.0,114.0,584.0,501.0,290.0,318.0,248.0,238.0,988.0,849.0,0.0,0.0,520.0,780.0,179.0,171.0,30858.0
2021-08-12,263.0,318.0,128.0,162.0,107.0,120.0,938.0,1027.0,327.0,262.0,0.0,456.0,331.0,376.0,335.0,879.0,807.0,537.0,675.0,937.0,59.0,1560.0,1468.0,387.0,369.0,350.0,407.0,182.0,174.0,901.0,878.0,179.0,92.0,196.0,260.0,502.0,460.0,1265.0,1367.0,333.0,240.0,238.0,209.0,615.0,775.0,188.0,107.0,567.0,470.0,232.0,284.0,250.0,256.0,936.0,772.0,0.0,0.0,514.0,703.0,158.0,152.0,28040.0
2021-08-13,222.0,251.0,176.0,140.0,333.0,293.0,763.0,870.0,269.0,233.0,0.0,347.0,288.0,364.0,275.0,708.0,661.0,420.0,496.0,937.0,79.0,1318.0,1257.0,300.0,311.0,283.0,312.0,117.0,68.0,793.0,732.0,133.0,83.0,141.0,227.0,386.0,387.0,1038.0,1113.0,262.0,197.0,196.0,192.0,452.0,565.0,116.0,82.0,440.0,385.0,204.0,233.0,173.0,170.0,732.0,619.0,0.0,0.0,406.0,620.0,130.0,133.0,23431.0
2021-08-14,148.0,196.0,125.0,112.0,299.0,223.0,523.0,612.0,136.0,108.0,0.0,241.0,176.0,285.0,205.0,788.0,694.0,366.0,477.0,806.0,64.0,1105.0,1052.0,244.0,280.0,233.0,263.0,89.0,104.0,739.0,679.0,116.0,74.0,136.0,169.0,386.0,357.0,1313.0,1412.0,253.0,189.0,175.0,252.0,410.0,518.0,28.0,44.0,394.0,398.0,233.0,268.0,181.0,180.0,1018.0,846.0,0.0,0.0,682.0,838.0,214.0,166.0,22622.0
2021-08-15,187.0,242.0,104.0,105.0,228.0,212.0,584.0,603.0,79.0,66.0,0.0,268.0,175.0,256.0,181.0,762.0,649.0,385.0,518.0,690.0,49.0,1163.0,1024.0,154.0,202.0,226.0,208.0,63.0,81.0,794.0,674.0,114.0,78.0,153.0,196.0,381.0,355.0,1228.0,1495.0,303.0,210.0,211.0,246.0,443.0,541.0,53.0,63.0,435.0,442.0,234.0,233.0,230.0,201.0,996.0,868.0,0.0,0.0,667.0,759.0,220.0,169.0,22456.0
2021-08-16,232.0,268.0,118.0,164.0,335.0,288.0,838.0,925.0,152.0,92.0,0.0,377.0,272.0,327.0,298.0,721.0,601.0,420.0,570.0,821.0,71.0,1293.0,1266.0,278.0,327.0,335.0,368.0,147.0,151.0,806.0,730.0,358.0,91.0,155.0,218.0,339.0,335.0,963.0,1033.0,279.0,208.0,185.0,441.0,397.0,492.0,105.0,85.0,379.0,356.0,199.0,248.0,187.0,179.0,639.0,521.0,0.0,0.0,340.0,478.0,135.0,126.0,23062.0
2021-08-17,249.0,255.0,162.0,149.0,316.0,298.0,828.0,849.0,273.0,212.0,0.0,344.0,303.0,333.0,262.0,681.0,552.0,397.0,515.0,729.0,65.0,1309.0,1285.0,290.0,291.0,296.0,343.0,161.0,162.0,718.0,680.0,164.0,11.0,152.0,288.0,323.0,313.0,710.0,775.0,248.0,174.0,134.0,150.0,481.0,563.0,127.0,117.0,387.0,388.0,167.0,205.0,164.0,163.0,459.0,390.0,0.0,0.0,338.0,414.0,100.0,72.0,21284.0
2021-08-18,237.0,252.0,185.0,193.0,933.0,311.0,793.0,910.0,181.0,164.0,0.0,341.0,263.0,314.0,259.0,692.0,596.0,390.0,516.0,724.0,78.0,1334.0,1296.0,315.0,317.0,338.0,357.0,133.0,203.0,736.0,745.0,194.0,47.0,159.0,279.0,396.0,401.0,879.0,892.0,260.0,199.0,183.0,210.0,450.0,596.0,192.0,119.0,432.0,424.0,241.0,391.0,199.0,176.0,595.0,513.0,0.0,0.0,339.0,396.0,123.0,99.0,23490.0
2021-08-19,209.0,219.0,156.0,170.0,439.0,290.0,834.0,847.0,271.0,224.0,0.0,322.0,253.0,296.0,288.0,659.0,556.0,360.0,482.0,810.0,86.0,1291.0,1209.0,291.0,287.0,304.0,326.0,130.0,137.0,697.0,698.0,168.0,95.0,145.0,261.0,350.0,345.0,880.0,887.0,231.0,172.0,112.0,127.0,452.0,536.0,129.0,90.0,383.0,344.0,223.0,332.0,131.0,132.0,620.0,566.0,0.0,0.0,336.0,448.0,127.0,103.0,21866.0
2021-08-20,139.0,179.0,132.0,116.0,946.0,245.0,589.0,614.0,244.0,200.0,0.0,336.0,235.0,253.0,213.0,478.0,428.0,273.0,355.0,771.0,71.0,990.0,897.0,189.0,210.0,222.0,239.0,105.0,121.0,580.0,542.0,146.0,58.0,98.0,212.0,251.0,217.0,670.0,683.0,199.0,151.0,106.0,103.0,302.0,352.0,76.0,63.0,256.0,224.0,164.0,216.0,124.0,111.0,414.0,373.0,0.0,0.0,221.0,334.0,7.0,5.0,17048.0
2021-08-21,197.0,247.0,134.0,94.0,203.0,268.0,712.0,744.0,123.0,148.0,0.0,313.0,165.0,321.0,196.0,1065.0,913.0,447.0,602.0,757.0,40.0,1355.0,1226.0,361.0,324.0,217.0,294.0,79.0,105.0,1095.0,1013.0,111.0,53.0,118.0,228.0,502.0,483.0,1724.0,1646.0,345.0,274.0,261.0,249.0,487.0,717.0,74.0,39.0,539.0,558.0,290.0,368.0,250.0,283.0,1505.0,1230.0,0.0,0.0,877.0,1044.0,0.0,0.0,28013.0
2021-08-22,91.0,101.0,79.0,47.0,150.0,171.0,279.0,323.0,103.0,103.0,0.0,144.0,114.0,150.0,102.0,417.0,375.0,193.0,268.0,453.0,37.0,519.0,509.0,120.0,117.0,153.0,144.0,48.0,55.0,375.0,360.0,65.0,47.0,59.0,129.0,166.0,179.0,733.0,735.0,149.0,103.0,83.0,87.0,228.0,301.0,13.0,14.0,191.0,221.0,122.0,146.0,118.0,119.0,481.0,455.0,0.0,0.0,304.0,325.0,0.0,0.0,11673.0
2021-08-23,160.0,161.0,69.0,124.0,253.0,226.0,595.0,628.0,221.0,202.0,0.0,307.0,235.0,245.0,225.0,487.0,445.0,276.0,404.0,589.0,66.0,938.0,871.0,207.0,175.0,271.0,261.0,121.0,143.0,578.0,538.0,134.0,70.0,123.0,157.0,206.0,193.0,616.0,615.0,173.0,152.0,128.0,169.0,257.0,303.0,86.0,67.0,236.0,202.0,117.0,152.0,127.0,109.0,372.0,317.0,0.0,0.0,164.0,273.0,35.0,36.0,15610.0
2021-08-24,150.0,138.0,94.0,62.0,244.0,185.0,380.0,386.0,193.0,155.0,0.0,206.0,165.0,208.0,165.0,339.0,286.0,139.0,195.0,495.0,58.0,579.0,634.0,146.0,139.0,147.0,177.0,1351.0,1395.0,382.0,368.0,131.0,82.0,89.0,133.0,124.0,107.0,440.0,446.0,94.0,78.0,91.0,79.0,205.0,221.0,90.0,105.0,158.0,140.0,79.0,94.0,87.0,80.0,262.0,242.0,0.0,0.0,168.0,187.0,59.0,53.0,13685.0
2021-08-25,327.0,386.0,229.0,186.0,259.0,310.0,1029.0,1130.0,264.0,172.0,0.0,397.0,393.0,374.0,311.0,1089.0,916.0,643.0,809.0,588.0,59.0,1543.0,1565.0,359.0,321.0,413.0,452.0,0.0,0.0,1094.0,954.0,176.0,76.0,233.0,285.0,579.0,594.0,1065.0,1197.0,436.0,316.0,228.0,232.0,785.0,962.0,189.0,124.0,667.0,612.0,273.0,332.0,310.0,258.0,1244.0,1076.0,0.0,0.0,782.0,931.0,183.0,158.0,30875.0
2021-08-26,103.0,86.0,53.0,60.0,259.0,174.0,315.0,329.0,111.0,102.0,0.0,161.0,191.0,162.0,149.0,264.0,231.0,117.0,166.0,409.0,42.0,511.0,514.0,115.0,108.0,175.0,209.0,0.0,0.0,304.0,320.0,125.0,49.0,72.0,99.0,89.0,85.0,260.0,309.0,64.0,49.0,65.0,53.0,146.0,163.0,124.0,94.0,113.0,112.0,78.0,95.0,67.0,65.0,156.0,147.0,0.0,0.0,122.0,163.0,67.0,44.0,8815.0
2021-08-27,65.0,64.0,62.0,49.0,660.0,136.0,247.0,280.0,116.0,70.0,0.0,144.0,172.0,101.0,116.0,197.0,159.0,101.0,126.0,513.0,47.0,431.0,376.0,119.0,94.0,149.0,145.0,0.0,0.0,266.0,257.0,146.0,45.0,67.0,121.0,96.0,94.0,223.0,236.0,74.0,59.0,50.0,43.0,119.0,156.0,112.0,93.0,104.0,73.0,55.0,55.0,52.0,55.0,126.0,120.0,0.0,0.0,74.0,128.0,47.0,39.0,7924.0
2021-08-28,106.0,111.0,57.0,80.0,507.0,142.0,314.0,379.0,56.0,73.0,0.0,149.0,93.0,131.0,86.0,402.0,362.0,213.0,286.0,542.0,70.0,375.0,371.0,111.0,98.0,115.0,146.0,0.0,0.0,396.0,385.0,198.0,53.0,10.0,94.0,114.0,135.0,645.0,621.0,152.0,125.0,126.0,124.0,190.0,216.0,74.0,107.0,154.0,136.0,82.0,119.0,125.0,138.0,417.0,332.0,0.0,0.0,228.0,302.0,74.0,58.0,11305.0
2021-08-29,114.0,134.0,85.0,85.0,429.0,136.0,360.0,408.0,60.0,57.0,0.0,159.0,140.0,164.0,116.0,615.0,544.0,347.0,455.0,515.0,55.0,533.0,600.0,154.0,131.0,146.0,159.0,0.0,0.0,549.0,517.0,81.0,56.0,29.0,143.0,287.0,289.0,841.0,882.0,204.0,165.0,141.0,178.0,293.0,411.0,96.0,73.0,255.0,247.0,147.0,181.0,227.0,200.0,561.0,550.0,0.0,0.0,390.0,575.0,136.0,122.0,15527.0
2021-08-30,166.0,159.0,108.0,130.0,646.0,213.0,614.0,676.0,190.0,144.0,0.0,288.0,248.0,228.0,183.0,546.0,459.0,318.0,398.0,648.0,81.0,707.0,803.0,168.0,157.0,234.0,242.0,0.0,0.0,631.0,547.0,254.0,92.0,52.0,167.0,278.0,261.0,613.0,683.0,188.0,140.0,127.0,107.0,371.0,408.0,109.0,105.0,297.0,258.0,149.0,172.0,161.0,129.0,394.0,353.0,0.0,0.0,255.0,326.0,101.0,91.0,16573.0
2021-08-31,91.0,79.0,90.0,54.0,811.0,196.0,388.0,440.0,146.0,138.0,0.0,239.0,171.0,166.0,133.0,276.0,226.0,124.0,156.0,506.0,106.0,378.0,463.0,80.0,81.0,183.0,178.0,0.0,0.0,291.0,243.0,407.0,57.0,74.0,131.0,98.0,85.0,221.0,233.0,99.0,91.0,78.0,90.0,168.0,176.0,137.0,142.0,125.0,111.0,79.0,92.0,85.0,100.0,142.0,126.0,0.0,0.0,97.0,143.0,46.0,39.0,9905.0
2021-09-01,279.0,304.0,164.0,180.0,721.0,302.0,825.0,927.0,309.0,242.0,0.0,403.0,282.0,346.0,249.0,797.0,684.0,431.0,568.0,477.0,88.0,980.0,1210.0,274.0,219.0,336.0,391.0,0.0,0.0,802.0,774.0,246.0,91.0,210.0,248.0,417.0,405.0,1114.0,1129.0,294.0,206.0,169.0,182.0,528.0,626.0,152.0,113.0,474.0,399.0,204.0,282.0,207.0,191.0,666.0,539.0,558.0,608.0,375.0,530.0,124.0,120.0,24971.0
2021-09-02,285.0,306.0,244.0,196.0,793.0,320.0,996.0,1097.0,285.0,258.0,0.0,453.0,337.0,418.0,279.0,985.0,895.0,555.0,719.0,545.0,96.0,1121.0,1360.0,317.0,264.0,366.0,360.0,140.0,171.0,998.0,987.0,255.0,75.0,691.0,316.0,507.0,462.0,1320.0,1377.0,306.0,253.0,234.0,206.0,651.0,853.0,182.0,212.0,577.0,546.0,258.0,312.0,232.0,251.0,950.0,722.0,736.0,785.0,527.0,779.0,133.0,111.0,30965.0
2021-09-03,240.0,305.0,181.0,185.0,796.0,289.0,853.0,939.0,165.0,111.0,0.0,385.0,260.0,367.0,259.0,887.0,779.0,475.0,652.0,595.0,80.0,1014.0,1151.0,275.0,216.0,321.0,323.0,177.0,158.0,989.0,883.0,228.0,85.0,606.0,255.0,443.0,415.0,1249.0,1336.0,331.0,237.0,258.0,200.0,517.0,654.0,95.0,148.0,526.0,458.0,275.0,305.0,245.0,248.0,881.0,723.0,693.0,762.0,493.0,714.0,140.0,152.0,27982.0
2021-09-04,184.0,236.0,158.0,134.0,509.0,226.0,745.0,829.0,98.0,81.0,0.0,327.0,156.0,340.0,224.0,1149.0,998.0,601.0,717.0,723.0,62.0,1063.0,1185.0,308.0,261.0,225.0,263.0,99.0,95.0,1241.0,1111.0,110.0,65.0,341.0,169.0,626.0,590.0,1380.0,1547.0,363.0,241.0,277.0,252.0,676.0,826.0,64.0,82.0,670.0,535.0,360.0,430.0,280.0,280.0,1450.0,1329.0,1230.0,1216.0,950.0,1266.0,0.0,0.0,31953.0
2021-09-05,217.0,270.0,164.0,126.0,489.0,242.0,717.0,772.0,98.0,72.0,0.0,322.0,197.0,310.0,194.0,1170.0,1103.0,632.0,781.0,618.0,55.0,960.0,1085.0,287.0,195.0,201.0,242.0,82.0,97.0,1366.0,1166.0,89.0,57.0,342.0,222.0,603.0,543.0,1360.0,1542.0,446.0,346.0,332.0,302.0,592.0,932.0,63.0,63.0,670.0,628.0,387.0,489.0,314.0,325.0,1466.0,1489.0,1284.0,1251.0,969.0,1155.0,0.0,0.0,32491.0
2021-09-06,285.0,298.0,172.0,214.0,779.0,306.0,936.0,1045.0,315.0,259.0,0.0,385.0,321.0,355.0,291.0,155.0,217.0,549.0,676.0,673.0,78.0,1101.0,1324.0,266.0,266.0,368.0,353.0,179.0,172.0,880.0,837.0,311.0,107.0,606.0,255.0,508.0,441.0,1126.0,1178.0,317.0,273.0,230.0,201.0,594.0,676.0,212.0,192.0,557.0,465.0,245.0,290.0,222.0,225.0,732.0,596.0,654.0,702.0,496.0,576.0,0.0,0.0,27042.0
2021-09-07,251.0,295.0,196.0,217.0,1172.0,328.0,995.0,1083.0,228.0,175.0,0.0,408.0,265.0,374.0,309.0,0.0,0.0,536.0,682.0,741.0,77.0,1140.0,1331.0,279.0,237.0,388.0,384.0,208.0,187.0,874.0,814.0,297.0,101.0,325.0,287.0,486.0,471.0,1147.0,1177.0,357.0,257.0,241.0,233.0,560.0,734.0,194.0,210.0,521.0,468.0,247.0,304.0,258.0,233.0,730.0,590.0,647.0,666.0,400.0,548.0,0.0,0.0,26863.0
2021-09-08,289.0,334.0,167.0,241.0,1374.0,334.0,1028.0,1064.0,328.0,264.0,0.0,448.0,320.0,465.0,346.0,0.0,0.0,632.0,791.0,737.0,78.0,1199.0,1484.0,333.0,297.0,410.0,418.0,206.0,213.0,1049.0,908.0,266.0,97.0,318.0,316.0,519.0,510.0,1301.0,1314.0,426.0,309.0,252.0,232.0,658.0,819.0,212.0,208.0,601.0,520.0,282.0,342.0,283.0,254.0,533.0,401.0,737.0,833.0,535.0,658.0,0.0,0.0,29493.0
2021-09-09,290.0,298.0,237.0,239.0,1162.0,350.0,1035.0,1071.0,322.0,279.0,0.0,480.0,376.0,395.0,334.0,0.0,0.0,531.0,706.0,817.0,100.0,1282.0,1445.0,351.0,317.0,391.0,431.0,178.0,214.0,1087.0,944.0,247.0,105.0,483.0,414.0,505.0,497.0,1343.0,1364.0,346.0,280.0,279.0,225.0,590.0,820.0,223.0,202.0,553.0,492.0,322.0,328.0,301.0,287.0,880.0,767.0,784.0,847.0,522.0,740.0,0.0,0.0,30408.0
2021-09-10,234.0,254.0,219.0,170.0,1169.0,267.0,806.0,865.0,218.0,149.0,0.0,373.0,289.0,357.0,255.0,0.0,0.0,469.0,584.0,775.0,96.0,901.0,1093.0,261.0,205.0,314.0,364.0,146.0,154.0,851.0,793.0,242.0,105.0,431.0,327.0,398.0,362.0,1089.0,1143.0,329.0,246.0,219.0,425.0,493.0,573.0,175.0,149.0,548.0,389.0,246.0,260.0,212.0,229.0,717.0,575.0,594.0,632.0,414.0,632.0,0.0,0.0,24785.0
2021-09-11,122.0,144.0,123.0,99.0,1083.0,187.0,448.0,471.0,105.0,89.0,0.0,188.0,165.0,119.0,136.0,0.0,0.0,303.0,362.0,676.0,56.0,653.0,731.0,182.0,158.0,173.0,234.0,69.0,80.0,708.0,674.0,94.0,56.0,201.0,189.0,279.0,229.0,893.0,918.0,227.0,180.0,142.0,105.0,314.0,471.0,72.0,50.0,322.0,330.0,177.0,191.0,153.0,135.0,656.0,583.0,625.0,678.0,552.0,645.0,0.0,0.0,18005.0
2021-09-12,145.0,159.0,144.0,113.0,722.0,203.0,544.0,605.0,93.0,70.0,0.0,271.0,156.0,255.0,131.0,0.0,0.0,411.0,564.0,616.0,53.0,750.0,815.0,230.0,207.0,214.0,197.0,60.0,82.0,966.0,843.0,82.0,71.0,248.0,246.0,458.0,387.0,1429.0,1503.0,291.0,231.0,246.0,184.0,459.0,602.0,80.0,74.0,455.0,473.0,283.0,370.0,241.0,223.0,1001.0,908.0,998.0,1019.0,738.0,781.0,0.0,0.0,23700.0
2021-09-13,253.0,286.0,154.0,200.0,290.0,320.0,868.0,943.0,241.0,211.0,0.0,357.0,278.0,318.0,245.0,0.0,0.0,487.0,608.0,801.0,82.0,1047.0,1207.0,250.0,257.0,386.0,388.0,161.0,174.0,867.0,778.0,271.0,94.0,462.0,384.0,421.0,378.0,1099.0,1113.0,357.0,236.0,198.0,207.0,503.0,643.0,174.0,218.0,436.0,386.0,225.0,237.0,227.0,225.0,691.0,550.0,514.0,592.0,331.0,489.0,0.0,0.0,24118.0
2021-09-14,345.0,376.0,227.0,234.0,360.0,346.0,1068.0,1181.0,363.0,294.0,0.0,459.0,365.0,427.0,326.0,0.0,0.0,644.0,776.0,769.0,94.0,1269.0,1488.0,332.0,259.0,403.0,424.0,192.0,185.0,1063.0,977.0,289.0,104.0,539.0,560.0,540.0,518.0,1477.0,1456.0,388.0,262.0,295.0,275.0,644.0,875.0,229.0,255.0,613.0,564.0,319.0,349.0,267.0,259.0,999.0,796.0,769.0,805.0,526.0,756.0,0.0,0.0,30974.0
2021-09-15,288.0,259.0,155.0,110.0,300.0,312.0,932.0,1014.0,318.0,266.0,0.0,347.0,315.0,182.0,88.0,0.0,0.0,496.0,641.0,831.0,79.0,703.0,626.0,270.0,199.0,378.0,461.0,155.0,184.0,821.0,747.0,318.0,95.0,380.0,451.0,403.0,386.0,883.0,898.0,343.0,212.0,175.0,168.0,548.0,640.0,136.0,167.0,468.0,432.0,194.0,254.0,231.0,217.0,561.0,468.0,490.0,517.0,361.0,449.0,92.0,93.0,22507.0
2021-09-16,133.0,131.0,0.0,0.0,315.0,187.0,476.0,475.0,194.0,153.0,0.0,198.0,195.0,44.0,69.0,0.0,0.0,179.0,188.0,742.0,85.0,438.0,463.0,127.0,123.0,227.0,240.0,100.0,117.0,358.0,319.0,340.0,62.0,315.0,278.0,125.0,119.0,234.0,259.0,110.0,84.0,66.0,69.0,190.0,225.0,335.0,150.0,177.0,146.0,85.0,110.0,86.0,82.0,126.0,118.0,163.0,148.0,112.0,122.0,61.0,32.0,10805.0
2021-09-17,166.0,171.0,0.0,0.0,266.0,257.0,567.0,603.0,140.0,110.0,0.0,373.0,229.0,250.0,194.0,0.0,0.0,268.0,348.0,761.0,79.0,578.0,753.0,142.0,107.0,231.0,264.0,114.0,115.0,553.0,509.0,288.0,66.0,298.0,327.0,199.0,183.0,602.0,641.0,190.0,140.0,141.0,144.0,291.0,336.0,228.0,163.0,222.0,229.0,137.0,151.0,140.0,147.0,365.0,314.0,236.0,277.0,193.0,271.0,108.0,70.0,15245.0
2021-09-18,119.0,140.0,0.0,0.0,208.0,174.0,398.0,532.0,82.0,53.0,0.0,223.0,145.0,58.0,137.0,0.0,0.0,290.0,379.0,652.0,69.0,586.0,788.0,180.0,183.0,178.0,221.0,75.0,101.0,631.0,690.0,81.0,53.0,188.0,298.0,252.0,254.0,1037.0,981.0,177.0,130.0,172.0,157.0,266.0,398.0,72.0,53.0,266.0,246.0,187.0,274.0,134.0,157.0,663.0,544.0,506.0,478.0,405.0,541.0,118.0,109.0,16489.0
2021-09-19,114.0,114.0,0.0,0.0,186.0,143.0,354.0,374.0,75.0,85.0,0.0,167.0,130.0,149.0,125.0,0.0,0.0,252.0,356.0,386.0,63.0,565.0,624.0,168.0,128.0,148.0,158.0,40.0,51.0,503.0,441.0,85.0,46.0,110.0,176.0,250.0,185.0,703.0,771.0,180.0,106.0,142.0,165.0,272.0,326.0,57.0,62.0,231.0,213.0,120.0,123.0,150.0,131.0,449.0,451.0,482.0,432.0,337.0,417.0,99.0,85.0,13255.0
2021-09-20,186.0,209.0,39.0,0.0,305.0,277.0,601.0,677.0,255.0,209.0,0.0,256.0,220.0,53.0,52.0,0.0,0.0,313.0,365.0,602.0,75.0,745.0,862.0,175.0,135.0,278.0,282.0,133.0,171.0,515.0,467.0,255.0,17.0,169.0,252.0,212.0,196.0,534.0,536.0,204.0,147.0,129.0,145.0,309.0,431.0,293.0,230.0,281.0,244.0,158.0,162.0,133.0,131.0,308.0,243.0,260.0,267.0,188.0,289.0,84.0,75.0,15339.0
2021-09-21,221.0,214.0,130.0,0.0,297.0,278.0,693.0,726.0,267.0,231.0,0.0,303.0,263.0,274.0,212.0,0.0,0.0,353.0,390.0,625.0,92.0,710.0,851.0,185.0,145.0,286.0,305.0,147.0,164.0,576.0,479.0,262.0,98.0,196.0,278.0,269.0,249.0,637.0,621.0,248.0,198.0,11.0,131.0,345.0,426.0,305.0,165.0,316.0,286.0,184.0,210.0,142.0,156.0,396.0,307.0,328.0,366.0,245.0,320.0,55.0,46.0,17213.0
2021-09-22,179.0,218.0,99.0,0.0,283.0,290.0,653.0,683.0,280.0,226.0,0.0,277.0,239.0,233.0,217.0,361.0,263.0,296.0,387.0,631.0,89.0,731.0,869.0,175.0,129.0,283.0,267.0,130.0,151.0,544.0,500.0,294.0,63.0,177.0,281.0,259.0,227.0,560.0,553.0,216.0,151.0,0.0,128.0,338.0,427.0,871.0,289.0,283.0,258.0,143.0,167.0,146.0,127.0,330.0,274.0,293.0,320.0,193.0,286.0,95.0,70.0,17502.0
2021-09-23,221.0,240.0,198.0,0.0,283.0,271.0,784.0,863.0,272.0,254.0,0.0,361.0,302.0,307.0,213.0,734.0,579.0,445.0,529.0,671.0,75.0,948.0,1103.0,269.0,243.0,325.0,324.0,142.0,176.0,748.0,684.0,267.0,100.0,214.0,273.0,401.0,370.0,880.0,918.0,307.0,244.0,0.0,166.0,490.0,586.0,270.0,223.0,441.0,378.0,214.0,247.0,215.0,204.0,609.0,507.0,571.0,620.0,417.0,519.0,141.0,125.0,23481.0
2021-09-24,171.0,185.0,143.0,0.0,299.0,223.0,586.0,636.0,229.0,193.0,0.0,256.0,237.0,248.0,182.0,465.0,379.0,270.0,356.0,703.0,82.0,629.0,760.0,138.0,129.0,242.0,272.0,113.0,124.0,492.0,460.0,259.0,62.0,136.0,240.0,183.0,174.0,543.0,568.0,177.0,139.0,0.0,16.0,290.0,350.0,295.0,155.0,250.0,216.0,122.0,140.0,120.0,116.0,311.0,284.0,222.0,280.0,185.0,228.0,70.0,77.0,15410.0
2021-09-25,132.0,207.0,172.0,0.0,261.0,171.0,612.0,617.0,129.0,116.0,0.0,257.0,153.0,73.0,154.0,863.0,693.0,437.0,555.0,673.0,64.0,746.0,908.0,219.0,200.0,187.0,242.0,74.0,94.0,958.0,764.0,90.0,50.0,121.0,183.0,414.0,389.0,1397.0,1303.0,279.0,225.0,0.0,0.0,459.0,585.0,89.0,59.0,453.0,434.0,261.0,355.0,201.0,238.0,1034.0,891.0,822.0,831.0,724.0,772.0,192.0,143.0,23725.0
2021-09-26,141.0,194.0,125.0,0.0,240.0,189.0,608.0,627.0,114.0,124.0,0.0,244.0,166.0,90.0,171.0,949.0,800.0,479.0,615.0,628.0,68.0,895.0,1012.0,244.0,255.0,202.0,216.0,72.0,40.0,1115.0,935.0,90.0,47.0,151.0,194.0,466.0,411.0,1454.0,1474.0,341.0,255.0,0.0,0.0,536.0,622.0,71.0,37.0,520.0,505.0,266.0,323.0,263.0,262.0,1250.0,1166.0,1108.0,1170.0,880.0,877.0,217.0,155.0,26669.0
2021-09-27,118.0,121.0,108.0,0.0,274.0,215.0,442.0,494.0,139.0,101.0,0.0,251.0,189.0,197.0,159.0,409.0,320.0,252.0,313.0,589.0,107.0,504.0,593.0,141.0,113.0,227.0,205.0,91.0,76.0,469.0,391.0,119.0,70.0,72.0,182.0,191.0,154.0,569.0,538.0,166.0,138.0,0.0,0.0,240.0,291.0,168.0,112.0,203.0,202.0,124.0,139.0,139.0,111.0,337.0,274.0,236.0,257.0,188.0,225.0,52.0,42.0,13147.0
2021-09-28,202.0,272.0,167.0,0.0,270.0,255.0,681.0,734.0,158.0,147.0,0.0,326.0,163.0,296.0,206.0,1116.0,909.0,619.0,746.0,597.0,54.0,903.0,1053.0,246.0,226.0,219.0,202.0,87.0,93.0,1251.0,1091.0,102.0,63.0,145.0,221.0,522.0,464.0,1365.0,1251.0,397.0,288.0,0.0,0.0,468.0,690.0,75.0,77.0,568.0,485.0,353.0,460.0,269.0,275.0,1266.0,1152.0,1180.0,1102.0,769.0,984.0,200.0,167.0,28647.0
2021-09-29,172.0,190.0,144.0,0.0,307.0,240.0,626.0,660.0,231.0,175.0,0.0,281.0,244.0,255.0,167.0,404.0,369.0,309.0,360.0,674.0,77.0,619.0,788.0,160.0,133.0,221.0,257.0,126.0,128.0,441.0,421.0,287.0,104.0,160.0,251.0,171.0,172.0,456.0,518.0,173.0,127.0,0.0,0.0,280.0,359.0,139.0,183.0,227.0,228.0,117.0,170.0,127.0,130.0,257.0,236.0,176.0,223.0,156.0,182.0,60.0,65.0,14913.0
2021-09-30,212.0,266.0,144.0,0.0,316.0,261.0,687.0,760.0,190.0,138.0,0.0,278.0,313.0,130.0,197.0,591.0,477.0,342.0,434.0,643.0,74.0,794.0,984.0,215.0,190.0,287.0,315.0,130.0,154.0,582.0,564.0,264.0,79.0,187.0,238.0,290.0,291.0,735.0,692.0,266.0,189.0,138.0,204.0,371.0,498.0,280.0,214.0,337.0,316.0,181.0,219.0,172.0,155.0,457.0,358.0,333.0,414.0,250.0,368.0,98.0,91.0,19353.0
2021-10-01,184.0,221.0,142.0,0.0,283.0,271.0,651.0,687.0,226.0,173.0,0.0,291.0,350.0,124.0,103.0,600.0,514.0,357.0,420.0,649.0,81.0,702.0,920.0,179.0,192.0,286.0,306.0,134.0,141.0,642.0,564.0,230.0,84.0,189.0,308.0,325.0,296.0,825.0,837.0,264.0,184.0,123.0,206.0,343.0,469.0,215.0,133.0,329.0,308.0,176.0,198.0,164.0,169.0,534.0,480.0,429.0,505.0,349.0,437.0,117.0,97.0,19716.0
2021-10-02,165.0,183.0,127.0,0.0,262.0,196.0,530.0,632.0,98.0,75.0,0.0,204.0,159.0,261.0,140.0,858.0,732.0,483.0,576.0,655.0,69.0,737.0,924.0,230.0,201.0,219.0,257.0,73.0,93.0,1077.0,923.0,118.0,69.0,42.0,270.0,497.0,423.0,1539.0,1583.0,302.0,235.0,188.0,306.0,483.0,697.0,70.0,53.0,513.0,451.0,270.0,402.0,227.0,218.0,1121.0,1083.0,952.0,872.0,717.0,879.0,212.0,155.0,26086.0
2021-10-03,199.0,269.0,117.0,0.0,251.0,201.0,531.0,597.0,112.0,88.0,0.0,275.0,133.0,120.0,187.0,996.0,910.0,580.0,642.0,541.0,56.0,864.0,1029.0,228.0,233.0,234.0,208.0,86.0,76.0,1280.0,1046.0,94.0,57.0,41.0,231.0,548.0,463.0,1596.0,1678.0,297.0,254.0,216.0,322.0,462.0,713.0,78.0,67.0,523.0,464.0,307.0,416.0,289.0,331.0,1325.0,1238.0,1091.0,1140.0,827.0,888.0,224.0,192.0,28461.0
2021-10-04,234.0,224.0,150.0,0.0,289.0,261.0,703.0,759.0,175.0,96.0,0.0,295.0,245.0,263.0,236.0,577.0,511.0,422.0,495.0,719.0,68.0,819.0,976.0,175.0,175.0,261.0,270.0,160.0,178.0,564.0,511.0,273.0,80.0,68.0,286.0,275.0,294.0,690.0,766.0,148.0,133.0,132.0,224.0,371.0,446.0,249.0,199.0,360.0,311.0,189.0,197.0,180.0,177.0,445.0,393.0,320.0,350.0,249.0,309.0,115.0,89.0,19129.0
2021-10-05,195.0,181.0,94.0,0.0,261.0,237.0,635.0,727.0,168.0,103.0,0.0,314.0,226.0,263.0,190.0,539.0,462.0,339.0,406.0,693.0,76.0,737.0,862.0,175.0,161.0,311.0,272.0,142.0,148.0,516.0,462.0,264.0,70.0,44.0,287.0,281.0,277.0,592.0,623.0,130.0,130.0,113.0,161.0,367.0,504.0,248.0,190.0,339.0,302.0,170.0,186.0,172.0,131.0,420.0,377.0,304.0,353.0,253.0,329.0,81.0,75.0,17668.0
2021-10-06,116.0,136.0,75.0,0.0,321.0,197.0,400.0,403.0,191.0,126.0,0.0,220.0,178.0,59.0,139.0,264.0,227.0,173.0,215.0,654.0,102.0,317.0,436.0,66.0,69.0,186.0,200.0,101.0,105.0,308.0,285.0,317.0,81.0,101.0,171.0,91.0,85.0,233.0,299.0,0.0,0.0,67.0,123.0,145.0,195.0,258.0,179.0,105.0,117.0,85.0,110.0,88.0,86.0,144.0,147.0,107.0,132.0,97.0,128.0,65.0,52.0,10077.0
2021-10-07,166.0,170.0,127.0,0.0,606.0,245.0,544.0,600.0,202.0,185.0,0.0,264.0,234.0,240.0,209.0,479.0,411.0,263.0,294.0,664.0,77.0,550.0,734.0,149.0,134.0,293.0,294.0,149.0,154.0,423.0,405.0,324.0,78.0,152.0,249.0,2.0,0.0,501.0,503.0,0.0,0.0,112.0,176.0,281.0,351.0,225.0,167.0,222.0,188.0,142.0,151.0,136.0,140.0,289.0,259.0,228.0,257.0,184.0,253.0,84.0,64.0,14983.0
2021-10-08,178.0,221.0,130.0,0.0,330.0,269.0,551.0,631.0,252.0,212.0,0.0,311.0,280.0,221.0,234.0,488.0,449.0,315.0,395.0,661.0,78.0,698.0,862.0,85.0,42.0,295.0,277.0,110.0,133.0,532.0,536.0,188.0,90.0,177.0,264.0,107.0,119.0,694.0,739.0,0.0,0.0,102.0,185.0,328.0,498.0,258.0,202.0,317.0,300.0,174.0,200.0,166.0,160.0,458.0,380.0,387.0,388.0,273.0,404.0,108.0,77.0,17519.0
2021-10-09,97.0,115.0,108.0,0.0,249.0,182.0,402.0,429.0,117.0,94.0,0.0,245.0,133.0,69.0,121.0,664.0,519.0,345.0,397.0,576.0,58.0,618.0,707.0,155.0,143.0,170.0,153.0,68.0,72.0,678.0,632.0,110.0,70.0,106.0,192.0,0.0,0.0,1107.0,1037.0,0.0,0.0,121.0,188.0,307.0,464.0,106.0,76.0,324.0,267.0,182.0,253.0,141.0,172.0,756.0,679.0,586.0,597.0,483.0,588.0,118.0,74.0,17420.0
2021-10-10,123.0,141.0,95.0,0.0,195.0,156.0,364.0,374.0,62.0,97.0,0.0,197.0,100.0,152.0,93.0,597.0,504.0,301.0,387.0,496.0,108.0,510.0,609.0,118.0,134.0,150.0,145.0,53.0,57.0,668.0,589.0,90.0,51.0,95.0,155.0,0.0,0.0,987.0,1034.0,0.0,0.0,122.0,187.0,310.0,422.0,96.0,88.0,281.0,262.0,185.0,251.0,169.0,169.0,706.0,678.0,589.0,563.0,446.0,532.0,110.0,67.0,16220.0
2021-10-11,159.0,159.0,78.0,0.0,501.0,220.0,450.0,506.0,220.0,181.0,0.0,249.0,193.0,117.0,85.0,23.0,38.0,244.0,294.0,553.0,101.0,465.0,604.0,100.0,93.0,212.0,244.0,112.0,123.0,370.0,357.0,194.0,65.0,110.0,235.0,0.0,0.0,18.0,51.0,71.0,101.0,101.0,148.0,223.0,314.0,292.0,183.0,25.0,12.0,4.0,23.0,107.0,109.0,12.0,20.0,175.0,171.0,133.0,182.0,8.0,6.0,10144.0
2021-10-12,112.0,98.0,79.0,0.0,766.0,191.0,353.0,379.0,166.0,117.0,0.0,206.0,147.0,149.0,129.0,0.0,0.0,135.0,140.0,530.0,144.0,361.0,383.0,310.0,262.0,195.0,189.0,83.0,147.0,298.0,241.0,314.0,51.0,93.0,233.0,0.0,0.0,192.0,196.0,134.0,85.0,61.0,102.0,118.0,160.0,350.0,211.0,79.0,80.0,54.0,51.0,62.0,63.0,82.0,60.0,74.0,72.0,72.0,94.0,12.0,17.0,9482.0
2021-10-13,139.0,126.0,97.0,0.0,509.0,225.0,466.0,508.0,215.0,174.0,0.0,295.0,139.0,215.0,174.0,0.0,0.0,197.0,249.0,578.0,124.0,482.0,691.0,455.0,412.0,251.0,273.0,123.0,129.0,366.0,364.0,228.0,22.0,135.0,242.0,0.0,0.0,347.0,382.0,138.0,107.0,82.0,154.0,232.0,367.0,195.0,192.0,178.0,204.0,78.0,116.0,86.0,109.0,222.0,228.0,156.0,155.0,130.0,184.0,77.0,53.0,12775.0
2021-10-14,77.0,78.0,47.0,0.0,542.0,158.0,299.0,329.0,146.0,127.0,0.0,202.0,123.0,132.0,122.0,166.0,85.0,107.0,130.0,556.0,149.0,258.0,369.0,224.0,215.0,162.0,167.0,87.0,89.0,179.0,200.0,304.0,55.0,61.0,150.0,20.0,31.0,130.0,142.0,61.0,54.0,43.0,70.0,80.0,104.0,278.0,140.0,83.0,69.0,47.0,99.0,43.0,54.0,68.0,77.0,34.0,55.0,39.0,38.0,32.0,28.0,8014.0
2021-10-15,119.0,120.0,97.0,0.0,434.0,232.0,443.0,503.0,166.0,124.0,0.0,272.0,199.0,187.0,182.0,362.0,317.0,202.0,278.0,629.0,125.0,474.0,595.0,457.0,409.0,187.0,217.0,103.0,95.0,385.0,363.0,236.0,38.0,98.0,178.0,0.0,0.0,427.0,430.0,172.0,120.0,90.0,147.0,261.0,333.0,213.0,147.0,201.0,212.0,104.0,123.0,94.0,90.0,277.0,252.0,188.0,248.0,170.0,225.0,0.0,0.0,13350.0
2021-10-16,89.0,107.0,94.0,0.0,290.0,185.0,374.0,426.0,80.0,72.0,0.0,230.0,102.0,195.0,124.0,453.0,401.0,231.0,293.0,574.0,105.0,439.0,522.0,467.0,408.0,160.0,178.0,48.0,53.0,558.0,489.0,85.0,62.0,74.0,113.0,0.0,0.0,675.0,731.0,171.0,119.0,108.0,161.0,239.0,346.0,96.0,93.0,214.0,231.0,124.0,172.0,112.0,132.0,482.0,461.0,427.0,437.0,323.0,379.0,0.0,0.0,14314.0
2021-10-17,91.0,88.0,53.0,0.0,222.0,117.0,316.0,305.0,76.0,72.0,0.0,146.0,95.0,135.0,114.0,346.0,283.0,196.0,253.0,405.0,94.0,298.0,373.0,313.0,263.0,130.0,132.0,44.0,49.0,370.0,344.0,2.0,18.0,53.0,93.0,0.0,0.0,517.0,550.0,143.0,115.0,87.0,140.0,168.0,225.0,55.0,69.0,133.0,131.0,85.0,126.0,89.0,117.0,374.0,342.0,256.0,266.0,262.0,280.0,0.0,0.0,10419.0
2021-10-18,166.0,178.0,115.0,0.0,442.0,264.0,609.0,661.0,256.0,192.0,0.0,318.0,225.0,253.0,217.0,526.0,452.0,301.0,376.0,589.0,148.0,644.0,831.0,630.0,579.0,277.0,294.0,128.0,123.0,563.0,507.0,0.0,31.0,139.0,177.0,0.0,0.0,599.0,646.0,194.0,169.0,113.0,178.0,296.0,408.0,279.0,240.0,289.0,270.0,117.0,133.0,132.0,131.0,392.0,349.0,329.0,359.0,243.0,291.0,39.0,31.0,17438.0
2021-10-19,184.0,195.0,96.0,0.0,430.0,247.0,612.0,674.0,201.0,122.0,0.0,329.0,229.0,218.0,216.0,490.0,439.0,296.0,361.0,675.0,88.0,615.0,785.0,584.0,574.0,300.0,306.0,144.0,151.0,551.0,518.0,0.0,26.0,122.0,198.0,0.0,0.0,617.0,637.0,196.0,162.0,125.0,177.0,297.0,371.0,209.0,189.0,269.0,236.0,113.0,150.0,150.0,146.0,431.0,352.0,252.0,291.0,238.0,292.0,0.0,0.0,16876.0
2021-10-20,223.0,251.0,72.0,0.0,411.0,288.0,779.0,816.0,289.0,237.0,0.0,355.0,299.0,173.0,239.0,778.0,653.0,455.0,587.0,731.0,113.0,940.0,1142.0,984.0,876.0,332.0,415.0,155.0,171.0,909.0,775.0,0.0,23.0,163.0,294.0,0.0,0.0,1101.0,1193.0,278.0,225.0,158.0,254.0,515.0,721.0,204.0,199.0,489.0,467.0,238.0,266.0,213.0,206.0,799.0,708.0,529.0,631.0,509.0,628.0,0.0,0.0,25459.0
2021-10-21,114.0,109.0,83.0,0.0,228.0,217.0,360.0,375.0,204.0,154.0,0.0,221.0,209.0,164.0,157.0,179.0,143.0,124.0,143.0,600.0,122.0,338.0,433.0,311.0,263.0,192.0,221.0,99.0,86.0,235.0,249.0,0.0,23.0,60.0,99.0,0.0,0.0,156.0,202.0,91.0,76.0,44.0,88.0,158.0,167.0,206.0,143.0,119.0,109.0,66.0,104.0,77.0,73.0,85.0,90.0,72.0,95.0,64.0,94.0,0.0,0.0,8894.0
2021-10-22,124.0,157.0,108.0,0.0,416.0,226.0,425.0,444.0,222.0,163.0,0.0,205.0,181.0,193.0,193.0,316.0,251.0,191.0,238.0,491.0,133.0,408.0,563.0,387.0,369.0,203.0,249.0,113.0,85.0,375.0,337.0,0.0,19.0,100.0,116.0,0.0,0.0,332.0,336.0,113.0,88.0,65.0,106.0,217.0,277.0,129.0,156.0,179.0,164.0,89.0,99.0,93.0,106.0,216.0,203.0,134.0,171.0,122.0,165.0,0.0,0.0,11561.0
2021-10-23,98.0,85.0,59.0,0.0,211.0,159.0,242.0,258.0,73.0,81.0,0.0,169.0,95.0,144.0,109.0,337.0,278.0,146.0,184.0,459.0,102.0,314.0,453.0,353.0,328.0,165.0,131.0,41.0,41.0,358.0,288.0,0.0,23.0,62.0,131.0,0.0,0.0,462.0,563.0,121.0,94.0,78.0,126.0,202.0,269.0,46.0,51.0,159.0,151.0,99.0,116.0,75.0,86.0,311.0,333.0,254.0,286.0,219.0,326.0,0.0,0.0,10404.0
2021-10-24,99.0,118.0,60.0,0.0,212.0,133.0,295.0,347.0,88.0,70.0,0.0,201.0,84.0,156.0,97.0,503.0,408.0,231.0,267.0,423.0,118.0,370.0,451.0,440.0,400.0,126.0,103.0,52.0,69.0,517.0,447.0,0.0,10.0,23.0,117.0,0.0,0.0,746.0,759.0,181.0,118.0,107.0,157.0,234.0,348.0,66.0,57.0,212.0,193.0,104.0,164.0,115.0,127.0,477.0,465.0,470.0,421.0,360.0,441.0,0.0,0.0,13357.0
2021-10-25,145.0,132.0,91.0,0.0,280.0,220.0,398.0,456.0,202.0,159.0,0.0,231.0,199.0,151.0,172.0,317.0,286.0,207.0,269.0,477.0,141.0,421.0,587.0,389.0,377.0,203.0,225.0,107.0,107.0,351.0,324.0,0.0,33.0,93.0,123.0,0.0,0.0,314.0,328.0,134.0,86.0,83.0,144.0,150.0,232.0,273.0,182.0,151.0,146.0,87.0,111.0,88.0,96.0,200.0,175.0,147.0,159.0,98.0,144.0,33.0,22.0,11456.0
2021-10-26,121.0,123.0,95.0,0.0,246.0,241.0,465.0,519.0,214.0,153.0,0.0,221.0,158.0,188.0,192.0,337.0,289.0,194.0,251.0,509.0,150.0,458.0,592.0,432.0,403.0,214.0,259.0,127.0,132.0,372.0,373.0,0.0,8.0,94.0,136.0,0.0,0.0,388.0,384.0,165.0,120.0,98.0,142.0,212.0,276.0,206.0,213.0,166.0,175.0,81.0,99.0,111.0,98.0,240.0,202.0,171.0,214.0,152.0,207.0,72.0,60.0,12518.0
2021-10-27,135.0,135.0,85.0,0.0,258.0,226.0,440.0,444.0,161.0,125.0,0.0,265.0,194.0,188.0,187.0,381.0,299.0,205.0,258.0,557.0,113.0,518.0,617.0,440.0,367.0,186.0,218.0,118.0,109.0,420.0,376.0,0.0,19.0,87.0,128.0,0.0,0.0,419.0,433.0,144.0,107.0,86.0,119.0,206.0,283.0,138.0,104.0,160.0,159.0,94.0,88.0,111.0,96.0,237.0,218.0,182.0,212.0,166.0,197.0,60.0,45.0,12323.0
2021-10-28,92.0,105.0,82.0,0.0,167.0,176.0,266.0,310.0,208.0,186.0,0.0,158.0,115.0,143.0,152.0,463.0,399.0,215.0,283.0,391.0,72.0,404.0,540.0,456.0,395.0,144.0,168.0,40.0,65.0,489.0,425.0,0.0,14.0,17.0,122.0,0.0,0.0,707.0,761.0,127.0,105.0,83.0,139.0,175.0,314.0,62.0,66.0,191.0,151.0,117.0,137.0,113.0,98.0,477.0,435.0,413.0,372.0,240.0,383.0,77.0,61.0,13066.0
2021-10-29,123.0,111.0,59.0,0.0,228.0,163.0,273.0,296.0,125.0,101.0,0.0,163.0,100.0,130.0,180.0,299.0,267.0,142.0,215.0,431.0,78.0,337.0,448.0,323.0,294.0,156.0,167.0,73.0,67.0,390.0,365.0,0.0,23.0,54.0,100.0,0.0,0.0,482.0,506.0,135.0,99.0,71.0,112.0,181.0,238.0,79.0,87.0,179.0,153.0,90.0,94.0,79.0,85.0,288.0,264.0,213.0,251.0,170.0,231.0,55.0,50.0,10473.0
2021-10-30,73.0,64.0,73.0,0.0,224.0,140.0,237.0,279.0,110.0,84.0,0.0,126.0,97.0,117.0,144.0,389.0,318.0,188.0,226.0,480.0,93.0,304.0,415.0,343.0,303.0,115.0,142.0,42.0,49.0,476.0,391.0,0.0,34.0,73.0,91.0,0.0,0.0,617.0,706.0,137.0,109.0,51.0,122.0,171.0,309.0,66.0,52.0,149.0,175.0,86.0,70.0,96.0,104.0,456.0,424.0,337.0,310.0,262.0,356.0,83.0,63.0,11551.0
2021-10-31,120.0,105.0,93.0,0.0,204.0,166.0,301.0,349.0,98.0,81.0,0.0,165.0,106.0,141.0,127.0,482.0,455.0,231.0,314.0,489.0,101.0,422.0,547.0,465.0,386.0,127.0,128.0,57.0,45.0,564.0,460.0,0.0,23.0,70.0,105.0,0.0,0.0,781.0,833.0,215.0,151.0,55.0,187.0,269.0,421.0,97.0,78.0,239.0,244.0,145.0,205.0,131.0,112.0,540.0,489.0,477.0,490.0,355.0,503.0,102.0,100.0,14746.0
2021-11-01,91.0,120.0,82.0,0.0,257.0,193.0,323.0,379.0,170.0,108.0,0.0,198.0,191.0,138.0,164.0,260.0,218.0,169.0,174.0,511.0,22.0,279.0,324.0,327.0,268.0,189.0,179.0,36.0,37.0,273.0,252.0,0.0,7.0,72.0,132.0,0.0,0.0,229.0,251.0,123.0,108.0,40.0,83.0,142.0,178.0,339.0,272.0,112.0,91.0,70.0,111.0,72.0,88.0,115.0,107.0,78.0,77.0,62.0,88.0,49.0,41.0,9069.0
2021-11-02,101.0,99.0,54.0,0.0,218.0,173.0,267.0,301.0,124.0,82.0,0.0,187.0,176.0,113.0,157.0,200.0,175.0,87.0,119.0,502.0,12.0,249.0,350.0,246.0,230.0,156.0,184.0,0.0,0.0,205.0,187.0,0.0,20.0,51.0,90.0,38.0,39.0,158.0,179.0,56.0,51.0,46.0,80.0,94.0,101.0,285.0,213.0,80.0,71.0,42.0,86.0,58.0,48.0,76.0,77.0,52.0,83.0,47.0,63.0,9.0,3.0,7250.0
2021-11-03,128.0,160.0,71.0,0.0,291.0,236.0,466.0,479.0,164.0,130.0,0.0,241.0,192.0,176.0,181.0,340.0,280.0,188.0,253.0,537.0,9.0,434.0,574.0,377.0,308.0,207.0,220.0,0.0,0.0,416.0,358.0,0.0,24.0,86.0,132.0,148.0,147.0,334.0,377.0,130.0,74.0,69.0,132.0,232.0,284.0,274.0,218.0,176.0,163.0,115.0,130.0,93.0,92.0,184.0,173.0,141.0,162.0,131.0,169.0,0.0,0.0,11806.0
2021-11-04,83.0,77.0,41.0,0.0,239.0,162.0,183.0,194.0,111.0,91.0,0.0,152.0,127.0,97.0,125.0,150.0,114.0,78.0,96.0,519.0,9.0,170.0,252.0,154.0,181.0,120.0,141.0,0.0,0.0,160.0,159.0,0.0,20.0,32.0,61.0,0.0,0.0,95.0,95.0,44.0,44.0,26.0,47.0,73.0,98.0,252.0,245.0,45.0,60.0,43.0,73.0,35.0,38.0,47.0,46.0,23.0,42.0,32.0,36.0,0.0,0.0,5637.0
2021-11-05,75.0,83.0,82.0,0.0,201.0,174.0,294.0,318.0,133.0,139.0,0.0,227.0,192.0,137.0,147.0,164.0,140.0,121.0,135.0,496.0,7.0,300.0,382.0,290.0,245.0,171.0,179.0,0.0,0.0,190.0,201.0,0.0,20.0,56.0,88.0,0.0,0.0,154.0,147.0,74.0,56.0,43.0,71.0,138.0,151.0,188.0,192.0,101.0,94.0,68.0,64.0,45.0,55.0,75.0,68.0,47.0,54.0,51.0,83.0,0.0,0.0,7406.0
2021-11-06,2.0,0.0,52.0,0.0,169.0,134.0,245.0,321.0,107.0,90.0,0.0,158.0,106.0,124.0,99.0,438.0,353.0,175.0,222.0,474.0,11.0,364.0,502.0,411.0,342.0,125.0,199.0,0.0,0.0,482.0,399.0,0.0,17.0,82.0,132.0,0.0,0.0,665.0,695.0,156.0,115.0,75.0,124.0,206.0,352.0,78.0,69.0,167.0,194.0,102.0,131.0,72.0,78.0,477.0,419.0,357.0,350.0,268.0,384.0,0.0,0.0,11869.0
2021-11-07,0.0,0.0,44.0,0.0,160.0,90.0,200.0,185.0,64.0,57.0,0.0,125.0,88.0,97.0,91.0,258.0,194.0,129.0,154.0,295.0,8.0,204.0,254.0,221.0,167.0,88.0,110.0,0.0,0.0,240.0,221.0,0.0,16.0,42.0,66.0,0.0,0.0,281.0,286.0,68.0,55.0,46.0,78.0,140.0,152.0,67.0,83.0,85.0,78.0,60.0,76.0,54.0,54.0,203.0,184.0,136.0,124.0,126.0,140.0,0.0,0.0,6444.0
2021-11-08,84.0,80.0,68.0,0.0,290.0,211.0,396.0,423.0,170.0,134.0,0.0,205.0,165.0,150.0,174.0,292.0,247.0,170.0,200.0,425.0,9.0,344.0,451.0,336.0,292.0,170.0,190.0,0.0,0.0,312.0,294.0,0.0,19.0,76.0,126.0,103.0,98.0,263.0,267.0,93.0,70.0,70.0,92.0,173.0,206.0,183.0,207.0,136.0,137.0,76.0,105.0,74.0,85.0,134.0,127.0,93.0,125.0,98.0,103.0,28.0,28.0,9677.0
2021-11-09,145.0,156.0,95.0,0.0,353.0,200.0,441.0,444.0,182.0,129.0,0.0,253.0,170.0,175.0,175.0,383.0,326.0,201.0,242.0,467.0,14.0,415.0,565.0,439.0,388.0,223.0,200.0,0.0,0.0,339.0,320.0,0.0,6.0,89.0,204.0,156.0,154.0,388.0,426.0,138.0,102.0,83.0,137.0,235.0,326.0,261.0,197.0,193.0,191.0,94.0,113.0,95.0,80.0,237.0,197.0,143.0,207.0,149.0,180.0,71.0,52.0,12344.0
2021-11-10,118.0,110.0,83.0,0.0,239.0,236.0,379.0,397.0,148.0,136.0,0.0,233.0,188.0,162.0,171.0,312.0,257.0,167.0,195.0,446.0,9.0,366.0,493.0,372.0,363.0,220.0,222.0,0.0,0.0,326.0,311.0,0.0,20.0,89.0,355.0,133.0,118.0,306.0,333.0,126.0,80.0,88.0,118.0,179.0,257.0,197.0,231.0,153.0,165.0,96.0,111.0,81.0,92.0,175.0,161.0,150.0,184.0,123.0,135.0,65.0,52.0,11032.0
2021-11-11,88.0,96.0,77.0,0.0,367.0,176.0,332.0,377.0,134.0,98.0,0.0,297.0,174.0,154.0,184.0,218.0,193.0,132.0,161.0,512.0,12.0,330.0,469.0,319.0,302.0,181.0,194.0,0.0,0.0,253.0,251.0,0.0,14.0,68.0,83.0,102.0,101.0,213.0,218.0,111.0,78.0,67.0,110.0,138.0,178.0,241.0,176.0,121.0,117.0,66.0,77.0,67.0,74.0,101.0,98.0,90.0,137.0,80.0,93.0,37.0,35.0,9172.0
2021-11-12,88.0,93.0,56.0,0.0,272.0,176.0,325.0,325.0,100.0,108.0,0.0,223.0,122.0,147.0,134.0,226.0,172.0,113.0,149.0,450.0,12.0,313.0,406.0,288.0,277.0,159.0,191.0,0.0,0.0,256.0,225.0,0.0,22.0,71.0,87.0,99.0,89.0,226.0,206.0,87.0,87.0,55.0,85.0,146.0,201.0,205.0,175.0,112.0,106.0,78.0,78.0,68.0,60.0,108.0,92.0,74.0,102.0,74.0,111.0,53.0,46.0,8409.0
2021-11-13,50.0,56.0,42.0,0.0,216.0,106.0,136.0,144.0,46.0,59.0,0.0,99.0,50.0,92.0,77.0,197.0,145.0,70.0,85.0,402.0,7.0,171.0,242.0,175.0,151.0,106.0,141.0,0.0,0.0,193.0,173.0,0.0,19.0,34.0,69.0,97.0,87.0,214.0,244.0,58.0,66.0,35.0,85.0,123.0,146.0,70.0,56.0,87.0,86.0,36.0,54.0,52.0,54.0,157.0,142.0,126.0,128.0,95.0,122.0,51.0,26.0,6050.0
2021-11-14,66.0,50.0,32.0,0.0,189.0,123.0,140.0,139.0,63.0,56.0,0.0,105.0,62.0,62.0,43.0,187.0,157.0,91.0,128.0,321.0,8.0,173.0,257.0,167.0,167.0,72.0,98.0,0.0,0.0,217.0,215.0,0.0,8.0,33.0,60.0,86.0,70.0,254.0,274.0,71.0,57.0,31.0,86.0,105.0,134.0,56.0,58.0,81.0,68.0,51.0,66.0,45.0,42.0,174.0,181.0,126.0,129.0,103.0,148.0,45.0,39.0,6069.0
2021-11-15,110.0,98.0,54.0,0.0,171.0,169.0,332.0,366.0,137.0,116.0,0.0,192.0,132.0,137.0,143.0,263.0,206.0,129.0,176.0,476.0,13.0,377.0,467.0,345.0,302.0,172.0,173.0,0.0,0.0,273.0,263.0,0.0,25.0,72.0,108.0,112.0,111.0,212.0,207.0,143.0,87.0,66.0,107.0,179.0,204.0,140.0,181.0,125.0,119.0,54.0,69.0,71.0,73.0,92.0,89.0,77.0,101.0,88.0,109.0,10.0,6.0,8829.0
2021-11-16,110.0,117.0,73.0,0.0,222.0,210.0,334.0,369.0,160.0,122.0,0.0,208.0,192.0,162.0,157.0,281.0,229.0,131.0,173.0,485.0,6.0,377.0,472.0,225.0,107.0,169.0,180.0,0.0,0.0,282.0,266.0,0.0,21.0,90.0,115.0,100.0,113.0,254.0,258.0,135.0,104.0,82.0,105.0,187.0,209.0,80.0,168.0,155.0,131.0,78.0,85.0,75.0,89.0,132.0,109.0,87.0,141.0,107.0,136.0,39.0,35.0,9239.0
2021-11-17,67.0,71.0,56.0,0.0,126.0,113.0,228.0,227.0,61.0,56.0,0.0,139.0,81.0,125.0,89.0,292.0,235.0,136.0,161.0,356.0,9.0,229.0,351.0,0.0,0.0,116.0,122.0,0.0,0.0,310.0,290.0,0.0,20.0,64.0,81.0,117.0,109.0,408.0,422.0,64.0,58.0,63.0,111.0,186.0,211.0,48.0,76.0,127.0,122.0,74.0,84.0,57.0,63.0,245.0,226.0,192.0,203.0,179.0,200.0,59.0,38.0,7953.0
2021-11-18,92.0,119.0,72.0,0.0,205.0,218.0,356.0,379.0,135.0,119.0,0.0,212.0,178.0,169.0,161.0,284.0,218.0,162.0,187.0,486.0,7.0,365.0,509.0,295.0,224.0,200.0,185.0,0.0,0.0,317.0,279.0,310.0,72.0,93.0,116.0,118.0,123.0,305.0,310.0,114.0,93.0,71.0,99.0,191.0,236.0,111.0,194.0,162.0,144.0,81.0,95.0,74.0,91.0,192.0,166.0,115.0,143.0,115.0,123.0,61.0,56.0,10307.0
2021-11-19,92.0,82.0,66.0,0.0,181.0,192.0,294.0,319.0,98.0,84.0,0.0,171.0,154.0,141.0,132.0,228.0,197.0,110.0,141.0,486.0,11.0,322.0,449.0,296.0,279.0,145.0,165.0,0.0,0.0,272.0,273.0,339.0,58.0,59.0,93.0,95.0,90.0,231.0,223.0,94.0,65.0,46.0,100.0,140.0,184.0,56.0,159.0,115.0,117.0,60.0,81.0,65.0,55.0,110.0,110.0,88.0,123.0,84.0,124.0,60.0,51.0,8655.0
2021-11-20,58.0,58.0,56.0,0.0,162.0,104.0,211.0,217.0,45.0,48.0,0.0,149.0,69.0,117.0,88.0,267.0,254.0,158.0,177.0,352.0,4.0,260.0,375.0,261.0,238.0,90.0,158.0,0.0,0.0,327.0,273.0,148.0,30.0,62.0,93.0,133.0,109.0,450.0,449.0,89.0,77.0,49.0,103.0,174.0,261.0,42.0,68.0,131.0,156.0,83.0,125.0,59.0,73.0,320.0,287.0,254.0,255.0,202.0,269.0,89.0,59.0,9275.0
2021-11-21,66.0,62.0,61.0,0.0,134.0,92.0,150.0,142.0,53.0,91.0,0.0,104.0,65.0,81.0,56.0,214.0,191.0,102.0,108.0,257.0,8.0,184.0,256.0,170.0,157.0,79.0,93.0,0.0,0.0,216.0,191.0,116.0,42.0,36.0,68.0,100.0,98.0,347.0,332.0,101.0,65.0,61.0,119.0,145.0,181.0,40.0,73.0,117.0,111.0,56.0,73.0,76.0,68.0,222.0,206.0,160.0,174.0,129.0,162.0,57.0,50.0,6968.0
2021-11-22,79.0,75.0,45.0,0.0,167.0,148.0,243.0,270.0,98.0,87.0,0.0,193.0,164.0,124.0,105.0,201.0,158.0,92.0,128.0,417.0,6.0,266.0,336.0,228.0,187.0,160.0,154.0,0.0,0.0,223.0,199.0,339.0,51.0,46.0,69.0,59.0,54.0,169.0,167.0,68.0,50.0,55.0,76.0,92.0,133.0,205.0,211.0,71.0,73.0,64.0,70.0,44.0,57.0,79.0,78.0,48.0,62.0,45.0,59.0,40.0,36.0,7223.0
2021-11-23,104.0,112.0,64.0,0.0,172.0,171.0,310.0,355.0,152.0,123.0,0.0,184.0,166.0,158.0,150.0,276.0,220.0,143.0,172.0,449.0,8.0,359.0,479.0,307.0,292.0,172.0,212.0,0.0,0.0,298.0,264.0,342.0,61.0,58.0,105.0,120.0,103.0,257.0,269.0,111.0,79.0,57.0,107.0,171.0,208.0,180.0,182.0,137.0,144.0,95.0,100.0,80.0,82.0,147.0,142.0,91.0,121.0,95.0,136.0,0.0,0.0,9652.0
2021-11-24,120.0,122.0,80.0,0.0,202.0,178.0,293.0,325.0,122.0,122.0,0.0,191.0,164.0,149.0,158.0,252.0,204.0,118.0,164.0,428.0,9.0,314.0,471.0,298.0,291.0,168.0,157.0,0.0,0.0,291.0,272.0,405.0,45.0,66.0,114.0,98.0,95.0,261.0,273.0,86.0,59.0,57.0,115.0,166.0,214.0,214.0,193.0,132.0,122.0,75.0,80.0,79.0,89.0,142.0,138.0,87.0,128.0,94.0,119.0,0.0,0.0,9409.0
2021-11-25,99.0,90.0,64.0,0.0,238.0,169.0,248.0,290.0,123.0,116.0,0.0,170.0,151.0,137.0,132.0,212.0,163.0,97.0,144.0,392.0,8.0,256.0,377.0,239.0,202.0,149.0,152.0,0.0,0.0,223.0,209.0,411.0,58.0,53.0,90.0,81.0,75.0,185.0,194.0,82.0,73.0,59.0,90.0,130.0,161.0,202.0,182.0,100.0,103.0,76.0,66.0,60.0,65.0,96.0,91.0,68.0,76.0,55.0,80.0,0.0,0.0,7912.0
2021-11-26,80.0,67.0,52.0,0.0,176.0,147.0,186.0,213.0,114.0,80.0,0.0,177.0,108.0,104.0,116.0,159.0,120.0,64.0,97.0,398.0,7.0,234.0,303.0,211.0,197.0,133.0,133.0,53.0,79.0,185.0,200.0,488.0,29.0,51.0,87.0,51.0,48.0,167.0,166.0,54.0,43.0,47.0,61.0,100.0,107.0,184.0,173.0,75.0,64.0,54.0,59.0,35.0,55.0,80.0,70.0,37.0,59.0,53.0,65.0,0.0,0.0,6755.0
2021-11-27,57.0,52.0,44.0,0.0,164.0,100.0,132.0,140.0,66.0,48.0,0.0,122.0,54.0,76.0,65.0,217.0,153.0,72.0,97.0,357.0,6.0,160.0,246.0,158.0,156.0,101.0,125.0,34.0,20.0,171.0,154.0,147.0,29.0,36.0,41.0,82.0,73.0,231.0,244.0,65.0,62.0,45.0,83.0,105.0,139.0,60.0,58.0,57.0,68.0,31.0,47.0,39.0,52.0,152.0,152.0,109.0,101.0,98.0,144.0,0.0,0.0,5897.0
2021-11-28,35.0,36.0,19.0,0.0,121.0,53.0,56.0,56.0,27.0,19.0,0.0,75.0,39.0,53.0,44.0,131.0,80.0,36.0,41.0,241.0,5.0,59.0,114.0,48.0,54.0,52.0,71.0,21.0,18.0,74.0,73.0,117.0,33.0,8.0,16.0,26.0,24.0,98.0,98.0,31.0,28.0,21.0,43.0,48.0,52.0,56.0,62.0,22.0,25.0,24.0,21.0,24.0,34.0,57.0,69.0,26.0,21.0,15.0,30.0,0.0,0.0,2880.0
2021-11-29,58.0,61.0,46.0,0.0,247.0,137.0,201.0,193.0,105.0,84.0,0.0,153.0,110.0,96.0,93.0,153.0,111.0,75.0,93.0,364.0,58.0,223.0,285.0,186.0,164.0,131.0,109.0,83.0,70.0,166.0,175.0,352.0,48.0,42.0,55.0,33.0,40.0,135.0,131.0,64.0,46.0,47.0,72.0,66.0,94.0,203.0,182.0,51.0,46.0,48.0,52.0,41.0,49.0,60.0,61.0,39.0,38.0,33.0,46.0,4.0,4.0,6212.0
2021-11-30,58.0,63.0,41.0,0.0,269.0,117.0,134.0,156.0,92.0,64.0,0.0,136.0,100.0,80.0,84.0,133.0,110.0,61.0,76.0,404.0,81.0,157.0,230.0,127.0,132.0,98.0,110.0,91.0,47.0,129.0,141.0,433.0,26.0,34.0,46.0,18.0,25.0,71.0,58.0,39.0,34.0,29.0,49.0,46.0,61.0,195.0,185.0,46.0,49.0,35.0,46.0,27.0,43.0,36.0,32.0,15.0,30.0,26.0,21.0,0.0,0.0,5276.0
2021-12-01,74.0,68.0,33.0,0.0,282.0,134.0,193.0,194.0,99.0,91.0,0.0,138.0,133.0,78.0,76.0,202.0,136.0,63.0,88.0,445.0,77.0,175.0,270.0,165.0,173.0,114.0,126.0,65.0,56.0,148.0,146.0,417.0,22.0,44.0,49.0,42.0,52.0,117.0,129.0,68.0,50.0,41.0,76.0,85.0,122.0,138.0,186.0,55.0,57.0,41.0,44.0,30.0,45.0,55.0,73.0,16.0,30.0,46.0,64.0,0.0,0.0,6236.0
2021-12-02,66.0,85.0,57.0,0.0,161.0,155.0,211.0,240.0,123.0,110.0,0.0,186.0,141.0,112.0,122.0,190.0,151.0,83.0,106.0,461.0,68.0,285.0,328.0,244.0,197.0,128.0,124.0,73.0,63.0,193.0,207.0,411.0,51.0,69.0,57.0,72.0,78.0,147.0,154.0,66.0,59.0,46.0,75.0,137.0,156.0,192.0,217.0,80.0,84.0,47.0,58.0,48.0,53.0,97.0,86.0,57.0,64.0,46.0,69.0,0.0,0.0,7446.0
2021-12-03,79.0,73.0,42.0,0.0,168.0,128.0,204.0,221.0,98.0,102.0,0.0,151.0,130.0,93.0,102.0,219.0,183.0,95.0,122.0,406.0,88.0,241.0,351.0,223.0,220.0,118.0,135.0,65.0,67.0,231.0,214.0,358.0,60.0,57.0,70.0,54.0,59.0,238.0,223.0,73.0,46.0,20.0,43.0,101.0,119.0,155.0,146.0,67.0,65.0,80.0,74.0,54.0,67.0,138.0,121.0,48.0,83.0,76.0,85.0,0.0,0.0,7349.0
2021-12-04,17.0,17.0,6.0,0.0,97.0,29.0,25.0,39.0,30.0,14.0,0.0,31.0,19.0,22.0,16.0,81.0,52.0,16.0,14.0,324.0,64.0,48.0,92.0,43.0,38.0,52.0,71.0,20.0,8.0,33.0,46.0,174.0,30.0,7.0,22.0,23.0,20.0,44.0,176.0,15.0,18.0,17.0,56.0,22.0,27.0,107.0,101.0,17.0,15.0,4.0,39.0,9.0,25.0,20.0,188.0,16.0,16.0,12.0,22.0,0.0,0.0,2606.0
2021-12-05,41.0,32.0,25.0,0.0,81.0,60.0,65.0,83.0,45.0,32.0,0.0,44.0,48.0,48.0,27.0,162.0,116.0,45.0,46.0,263.0,40.0,105.0,115.0,95.0,73.0,92.0,99.0,19.0,25.0,91.0,82.0,142.0,16.0,19.0,41.0,17.0,26.0,138.0,124.0,47.0,29.0,18.0,50.0,55.0,54.0,89.0,99.0,29.0,24.0,30.0,28.0,19.0,35.0,87.0,79.0,37.0,50.0,69.0,80.0,0.0,0.0,3630.0
2021-12-06,64.0,67.0,54.0,0.0,151.0,135.0,193.0,206.0,119.0,93.0,0.0,153.0,130.0,87.0,96.0,187.0,146.0,76.0,98.0,319.0,85.0,200.0,301.0,191.0,166.0,102.0,111.0,69.0,75.0,169.0,166.0,352.0,26.0,41.0,65.0,30.0,39.0,120.0,125.0,55.0,46.0,52.0,84.0,69.0,79.0,255.0,228.0,51.0,47.0,51.0,65.0,33.0,44.0,53.0,59.0,30.0,40.0,34.0,50.0,0.0,0.0,6232.0
2021-12-07,63.0,66.0,64.0,0.0,172.0,135.0,206.0,240.0,96.0,81.0,0.0,169.0,131.0,97.0,102.0,184.0,154.0,85.0,98.0,429.0,79.0,240.0,325.0,200.0,191.0,146.0,128.0,85.0,81.0,171.0,193.0,418.0,46.0,45.0,84.0,46.0,35.0,150.0,141.0,48.0,32.0,49.0,98.0,99.0,108.0,240.0,175.0,70.0,57.0,51.0,53.0,37.0,44.0,73.0,66.0,26.0,29.0,50.0,53.0,0.0,0.0,6834.0
2021-12-08,89.0,77.0,54.0,0.0,193.0,141.0,181.0,227.0,109.0,92.0,0.0,142.0,122.0,88.0,105.0,178.0,156.0,83.0,114.0,417.0,53.0,242.0,344.0,217.0,210.0,124.0,131.0,86.0,76.0,200.0,194.0,457.0,59.0,50.0,73.0,44.0,57.0,146.0,148.0,46.0,38.0,45.0,83.0,99.0,133.0,214.0,234.0,72.0,73.0,64.0,69.0,45.0,72.0,80.0,77.0,51.0,54.0,60.0,83.0,22.0,18.0,7211.0
2021-12-09,33.0,33.0,30.0,0.0,172.0,73.0,79.0,101.0,47.0,37.0,0.0,98.0,88.0,56.0,77.0,104.0,81.0,37.0,51.0,424.0,69.0,105.0,197.0,85.0,73.0,69.0,76.0,52.0,37.0,93.0,96.0,576.0,60.0,23.0,41.0,24.0,25.0,50.0,62.0,27.0,37.0,26.0,62.0,45.0,53.0,79.0,91.0,35.0,35.0,30.0,44.0,20.0,35.0,28.0,31.0,7.0,18.0,13.0,17.0,15.0,9.0,4191.0
2021-12-10,54.0,46.0,28.0,0.0,248.0,105.0,117.0,139.0,71.0,50.0,0.0,164.0,126.0,69.0,64.0,142.0,118.0,39.0,54.0,446.0,83.0,139.0,209.0,100.0,102.0,81.0,110.0,64.0,52.0,126.0,119.0,581.0,42.0,31.0,65.0,28.0,31.0,102.0,93.0,35.0,30.0,30.0,50.0,34.0,38.0,232.0,195.0,24.0,20.0,33.0,40.0,25.0,45.0,58.0,49.0,25.0,33.0,23.0,25.0,20.0,10.0,5312.0
2021-12-11,34.0,38.0,25.0,0.0,120.0,61.0,64.0,79.0,29.0,35.0,0.0,60.0,49.0,54.0,51.0,118.0,89.0,39.0,48.0,294.0,63.0,88.0,152.0,75.0,74.0,67.0,104.0,37.0,17.0,92.0,81.0,127.0,32.0,19.0,45.0,33.0,21.0,92.0,102.0,29.0,35.0,20.0,39.0,36.0,49.0,71.0,66.0,27.0,23.0,26.0,23.0,19.0,33.0,57.0,60.0,37.0,38.0,29.0,49.0,30.0,12.0,3416.0
2021-12-12,53.0,28.0,41.0,0.0,64.0,64.0,107.0,127.0,30.0,34.0,0.0,84.0,52.0,68.0,54.0,223.0,186.0,59.0,70.0,285.0,56.0,128.0,202.0,118.0,126.0,56.0,84.0,15.0,22.0,167.0,144.0,115.0,27.0,29.0,52.0,45.0,43.0,237.0,271.0,35.0,42.0,45.0,87.0,66.0,104.0,11.0,17.0,31.0,31.0,39.0,38.0,50.0,55.0,156.0,153.0,89.0,109.0,60.0,89.0,27.0,31.0,4931.0
2021-12-13,97.0,70.0,50.0,0.0,0.0,125.0,178.0,197.0,112.0,85.0,0.0,135.0,139.0,112.0,108.0,158.0,127.0,78.0,99.0,497.0,79.0,196.0,273.0,175.0,157.0,81.0,101.0,66.0,66.0,153.0,155.0,441.0,42.0,42.0,82.0,36.0,32.0,125.0,117.0,44.0,52.0,47.0,80.0,76.0,68.0,159.0,227.0,43.0,49.0,36.0,54.0,36.0,48.0,67.0,63.0,25.0,34.0,35.0,45.0,20.0,13.0,6107.0
2021-12-14,76.0,73.0,53.0,0.0,0.0,137.0,232.0,255.0,109.0,81.0,0.0,159.0,135.0,116.0,144.0,197.0,148.0,85.0,105.0,556.0,66.0,249.0,366.0,227.0,223.0,125.0,145.0,78.0,61.0,207.0,193.0,590.0,46.0,49.0,81.0,65.0,64.0,169.0,155.0,83.0,50.0,40.0,73.0,108.0,144.0,275.0,228.0,79.0,89.0,63.0,65.0,46.0,48.0,92.0,87.0,54.0,65.0,70.0,64.0,37.0,21.0,7701.0
2021-12-15,94.0,97.0,62.0,0.0,0.0,185.0,252.0,280.0,148.0,96.0,0.0,207.0,202.0,115.0,138.0,244.0,203.0,113.0,133.0,539.0,66.0,317.0,398.0,273.0,238.0,140.0,147.0,91.0,82.0,222.0,230.0,849.0,23.0,53.0,90.0,89.0,92.0,237.0,228.0,80.0,45.0,51.0,98.0,152.0,196.0,195.0,269.0,108.0,116.0,68.0,63.0,61.0,74.0,125.0,112.0,71.0,107.0,86.0,78.0,50.0,32.0,9210.0
2021-12-16,83.0,71.0,46.0,0.0,0.0,140.0,230.0,254.0,121.0,80.0,0.0,190.0,176.0,108.0,121.0,178.0,151.0,82.0,107.0,522.0,79.0,232.0,372.0,0.0,0.0,129.0,140.0,82.0,90.0,175.0,197.0,507.0,41.0,39.0,80.0,65.0,60.0,172.0,141.0,61.0,51.0,42.0,72.0,118.0,153.0,318.0,267.0,69.0,80.0,55.0,60.0,43.0,46.0,76.0,70.0,41.0,65.0,55.0,64.0,35.0,35.0,7137.0
2021-12-17,81.0,80.0,53.0,0.0,0.0,145.0,225.0,241.0,108.0,87.0,0.0,152.0,122.0,131.0,111.0,203.0,168.0,93.0,109.0,482.0,66.0,242.0,324.0,0.0,0.0,121.0,129.0,84.0,70.0,185.0,165.0,492.0,48.0,57.0,103.0,61.0,55.0,175.0,182.0,76.0,62.0,46.0,69.0,115.0,130.0,224.0,271.0,81.0,70.0,65.0,60.0,46.0,56.0,101.0,92.0,69.0,61.0,73.0,104.0,28.0,31.0,7080.0
2021-12-18,60.0,67.0,71.0,0.0,0.0,83.0,149.0,181.0,54.0,53.0,0.0,74.0,68.0,80.0,69.0,266.0,215.0,99.0,106.0,356.0,45.0,207.0,294.0,0.0,0.0,103.0,112.0,37.0,31.0,231.0,202.0,161.0,47.0,32.0,81.0,110.0,92.0,367.0,389.0,87.0,61.0,71.0,96.0,146.0,184.0,77.0,83.0,104.0,119.0,56.0,72.0,58.0,62.0,253.0,234.0,145.0,146.0,139.0,196.0,0.0,2.0,6983.0
2021-12-19,33.0,56.0,38.0,0.0,0.0,81.0,99.0,119.0,60.0,41.0,0.0,86.0,50.0,68.0,31.0,174.0,141.0,75.0,110.0,302.0,48.0,140.0,234.0,0.0,0.0,83.0,95.0,30.0,31.0,149.0,159.0,137.0,15.0,34.0,61.0,60.0,61.0,223.0,202.0,54.0,37.0,33.0,86.0,97.0,126.0,68.0,63.0,61.0,69.0,33.0,45.0,40.0,51.0,144.0,123.0,121.0,131.0,91.0,114.0,0.0,0.0,4913.0
2021-12-20,81.0,60.0,54.0,0.0,0.0,123.0,177.0,206.0,116.0,93.0,0.0,175.0,135.0,118.0,114.0,166.0,122.0,72.0,82.0,429.0,65.0,217.0,287.0,0.0,0.0,122.0,141.0,72.0,62.0,188.0,178.0,629.0,48.0,38.0,97.0,41.0,51.0,124.0,125.0,58.0,41.0,43.0,70.0,82.0,100.0,142.0,74.0,48.0,44.0,43.0,52.0,37.0,50.0,70.0,52.0,42.0,40.0,50.0,67.0,0.0,0.0,6013.0
2021-12-21,51.0,57.0,48.0,0.0,0.0,129.0,168.0,208.0,108.0,81.0,0.0,125.0,136.0,78.0,120.0,137.0,126.0,71.0,98.0,484.0,73.0,164.0,243.0,0.0,0.0,120.0,138.0,73.0,61.0,152.0,155.0,585.0,62.0,42.0,68.0,52.0,42.0,140.0,134.0,53.0,45.0,42.0,73.0,71.0,98.0,256.0,183.0,55.0,58.0,27.0,35.0,40.0,49.0,81.0,77.0,38.0,59.0,48.0,60.0,0.0,0.0,5977.0
2021-12-22,59.0,58.0,29.0,0.0,0.0,115.0,128.0,192.0,77.0,87.0,0.0,277.0,251.0,113.0,131.0,139.0,119.0,72.0,82.0,458.0,56.0,141.0,257.0,41.0,82.0,128.0,115.0,64.0,72.0,185.0,153.0,592.0,55.0,46.0,70.0,43.0,40.0,159.0,168.0,65.0,50.0,42.0,67.0,69.0,85.0,217.0,157.0,53.0,44.0,40.0,42.0,26.0,39.0,93.0,86.0,49.0,62.0,50.0,51.0,0.0,0.0,6241.0
2021-12-23,42.0,41.0,25.0,0.0,0.0,70.0,67.0,95.0,62.0,60.0,0.0,88.0,82.0,60.0,74.0,89.0,64.0,28.0,36.0,302.0,76.0,95.0,162.0,79.0,75.0,69.0,80.0,27.0,28.0,76.0,97.0,319.0,50.0,18.0,48.0,18.0,19.0,60.0,60.0,50.0,36.0,32.0,57.0,51.0,53.0,115.0,104.0,26.0,24.0,24.0,30.0,31.0,39.0,44.0,33.0,18.0,34.0,30.0,35.0,0.0,0.0,3607.0
2021-12-24,26.0,26.0,24.0,0.0,0.0,40.0,51.0,60.0,24.0,33.0,0.0,45.0,36.0,43.0,30.0,132.0,106.0,50.0,59.0,258.0,37.0,78.0,117.0,76.0,74.0,92.0,123.0,16.0,12.0,107.0,85.0,66.0,22.0,13.0,33.0,37.0,39.0,130.0,167.0,42.0,36.0,23.0,64.0,56.0,86.0,41.0,47.0,33.0,39.0,29.0,31.0,23.0,32.0,94.0,102.0,84.0,77.0,50.0,79.0,0.0,0.0,3435.0
2021-12-25,10.0,17.0,11.0,0.0,0.0,15.0,19.0,19.0,17.0,27.0,0.0,32.0,15.0,19.0,11.0,75.0,61.0,21.0,24.0,150.0,46.0,48.0,76.0,26.0,18.0,57.0,44.0,7.0,8.0,30.0,35.0,52.0,19.0,5.0,27.0,14.0,18.0,58.0,50.0,11.0,12.0,18.0,26.0,13.0,11.0,52.0,74.0,13.0,8.0,11.0,7.0,16.0,19.0,43.0,32.0,15.0,17.0,18.0,25.0,0.0,0.0,1622.0
2021-12-26,32.0,15.0,15.0,0.0,0.0,23.0,14.0,25.0,15.0,13.0,0.0,48.0,14.0,16.0,21.0,75.0,49.0,12.0,16.0,146.0,74.0,38.0,79.0,30.0,27.0,46.0,53.0,5.0,7.0,43.0,39.0,61.0,23.0,6.0,19.0,16.0,11.0,60.0,42.0,28.0,16.0,13.0,29.0,36.0,23.0,51.0,70.0,15.0,12.0,12.0,12.0,18.0,26.0,34.0,22.0,20.0,14.0,22.0,23.0,0.0,0.0,1724.0
2021-12-27,38.0,35.0,22.0,0.0,0.0,50.0,56.0,80.0,37.0,68.0,0.0,52.0,50.0,41.0,40.0,101.0,95.0,32.0,36.0,242.0,79.0,85.0,152.0,78.0,69.0,71.0,79.0,22.0,24.0,91.0,100.0,104.0,36.0,22.0,40.0,29.0,28.0,103.0,84.0,28.0,20.0,26.0,47.0,52.0,62.0,73.0,62.0,30.0,27.0,19.0,24.0,30.0,37.0,60.0,60.0,38.0,40.0,65.0,73.0,0.0,0.0,3244.0
2021-12-28,36.0,41.0,30.0,0.0,0.0,54.0,57.0,66.0,53.0,42.0,0.0,55.0,48.0,45.0,44.0,95.0,89.0,41.0,50.0,278.0,81.0,77.0,149.0,69.0,72.0,66.0,72.0,26.0,22.0,84.0,88.0,115.0,36.0,19.0,33.0,17.0,23.0,106.0,86.0,24.0,29.0,33.0,44.0,42.0,40.0,76.0,72.0,19.0,21.0,19.0,23.0,17.0,27.0,60.0,47.0,27.0,26.0,30.0,28.0,0.0,0.0,3069.0
2021-12-29,39.0,36.0,23.0,0.0,0.0,55.0,63.0,64.0,47.0,45.0,0.0,55.0,51.0,47.0,48.0,108.0,92.0,36.0,42.0,360.0,67.0,91.0,144.0,70.0,74.0,72.0,82.0,35.0,22.0,74.0,73.0,162.0,30.0,17.0,37.0,27.0,29.0,86.0,94.0,26.0,15.0,20.0,28.0,39.0,75.0,60.0,72.0,22.0,27.0,19.0,21.0,16.0,29.0,45.0,50.0,33.0,31.0,39.0,57.0,0.0,0.0,3221.0
2021-12-30,44.0,40.0,21.0,0.0,0.0,42.0,0.0,0.0,55.0,60.0,0.0,76.0,70.0,50.0,51.0,157.0,115.0,54.0,70.0,395.0,69.0,111.0,169.0,113.0,103.0,86.0,84.0,35.0,28.0,138.0,93.0,152.0,34.0,24.0,41.0,38.0,39.0,142.0,156.0,60.0,54.0,29.0,48.0,69.0,93.0,87.0,63.0,43.0,44.0,34.0,29.0,40.0,40.0,69.0,77.0,53.0,57.0,64.0,87.0,0.0,0.0,4095.0
2021-12-31,65.0,52.0,36.0,0.0,0.0,94.0,0.0,0.0,33.0,31.0,0.0,121.0,101.0,74.0,47.0,316.0,237.0,134.0,157.0,470.0,59.0,216.0,295.0,244.0,210.0,118.0,116.0,29.0,49.0,315.0,272.0,100.0,14.0,45.0,67.0,94.0,117.0,457.0,436.0,76.0,72.0,47.0,88.0,175.0,275.0,96.0,84.0,114.0,129.0,66.0,83.0,75.0,71.0,300.0,252.0,206.0,214.0,218.0,293.0,0.0,0.0,8155.0
2022-01-01,58.0,60.0,39.0,0.0,0.0,65.0,0.0,0.0,53.0,27.0,0.0,89.0,75.0,83.0,51.0,355.0,277.0,159.0,196.0,371.0,44.0,248.0,332.0,144.0,182.0,95.0,104.0,18.0,36.0,313.0,290.0,80.0,19.0,43.0,78.0,143.0,128.0,526.0,520.0,102.0,82.0,75.0,112.0,224.0,311.0,47.0,51.0,178.0,158.0,81.0,79.0,100.0,87.0,299.0,268.0,311.0,277.0,241.0,356.0,0.0,0.0,8740.0
2022-01-02,73.0,67.0,45.0,0.0,0.0,52.0,0.0,0.0,51.0,77.0,0.0,90.0,58.0,96.0,63.0,393.0,306.0,149.0,209.0,290.0,44.0,262.0,348.0,274.0,266.0,66.0,85.0,24.0,31.0,380.0,306.0,100.0,17.0,59.0,94.0,124.0,166.0,539.0,552.0,123.0,86.0,84.0,146.0,247.0,298.0,86.0,57.0,154.0,145.0,109.0,113.0,96.0,82.0,387.0,326.0,283.0,281.0,318.0,330.0,0.0,0.0,9507.0
2022-01-03,95.0,95.0,58.0,0.0,0.0,150.0,0.0,0.0,99.0,98.0,0.0,170.0,131.0,116.0,101.0,314.0,216.0,145.0,187.0,404.0,66.0,367.0,463.0,338.0,299.0,152.0,187.0,79.0,73.0,333.0,296.0,249.0,46.0,74.0,106.0,86.0,98.0,347.0,390.0,88.0,77.0,69.0,117.0,172.0,217.0,105.0,90.0,115.0,125.0,92.0,87.0,69.0,86.0,202.0,192.0,93.0,107.0,117.0,125.0,0.0,0.0,8773.0
2022-01-04,57.0,49.0,34.0,0.0,0.0,90.0,1.0,0.0,61.0,70.0,0.0,105.0,113.0,54.0,62.0,124.0,103.0,38.0,61.0,409.0,63.0,167.0,209.0,115.0,118.0,80.0,104.0,56.0,51.0,112.0,125.0,326.0,17.0,20.0,51.0,24.0,37.0,76.0,87.0,43.0,41.0,38.0,55.0,49.0,74.0,157.0,147.0,43.0,44.0,17.0,26.0,19.0,25.0,34.0,35.0,18.0,17.0,31.0,29.0,0.0,0.0,4211.0
2022-01-05,66.0,55.0,43.0,0.0,0.0,102.0,130.0,164.0,99.0,67.0,0.0,138.0,100.0,97.0,69.0,188.0,163.0,83.0,99.0,330.0,74.0,206.0,281.0,179.0,170.0,94.0,155.0,52.0,90.0,186.0,171.0,232.0,26.0,39.0,75.0,35.0,38.0,133.0,117.0,49.0,46.0,55.0,69.0,97.0,113.0,172.0,142.0,70.0,54.0,31.0,32.0,42.0,45.0,69.0,69.0,35.0,43.0,54.0,70.0,0.0,0.0,5703.0
2022-01-06,92.0,68.0,65.0,0.0,0.0,137.0,0.0,0.0,102.0,95.0,0.0,137.0,127.0,93.0,107.0,206.0,169.0,97.0,131.0,390.0,73.0,255.0,350.0,233.0,196.0,116.0,113.0,59.0,56.0,182.0,168.0,248.0,23.0,53.0,67.0,63.0,68.0,184.0,178.0,60.0,48.0,51.0,80.0,108.0,140.0,246.0,210.0,77.0,76.0,50.0,56.0,52.0,54.0,98.0,97.0,71.0,76.0,84.0,77.0,0.0,0.0,6512.0
2022-01-07,67.0,64.0,58.0,0.0,0.0,108.0,0.0,0.0,89.0,79.0,0.0,118.0,107.0,85.0,85.0,144.0,140.0,65.0,93.0,342.0,70.0,204.0,306.0,174.0,156.0,86.0,118.0,55.0,60.0,145.0,149.0,203.0,50.0,41.0,76.0,44.0,51.0,145.0,129.0,68.0,48.0,35.0,66.0,60.0,94.0,172.0,146.0,51.0,62.0,33.0,45.0,32.0,42.0,84.0,81.0,47.0,56.0,40.0,59.0,23.0,18.0,5268.0
2022-01-08,34.0,44.0,32.0,0.0,0.0,51.0,0.0,0.0,33.0,30.0,0.0,48.0,33.0,40.0,29.0,168.0,138.0,64.0,59.0,237.0,63.0,110.0,160.0,111.0,96.0,51.0,109.0,18.0,29.0,103.0,103.0,125.0,18.0,28.0,37.0,63.0,45.0,171.0,155.0,60.0,27.0,34.0,66.0,85.0,99.0,61.0,48.0,54.0,41.0,26.0,36.0,28.0,37.0,113.0,100.0,67.0,89.0,66.0,103.0,27.0,18.0,3920.0
2022-01-09,24.0,25.0,24.0,0.0,0.0,44.0,0.0,0.0,29.0,32.0,0.0,60.0,28.0,34.0,29.0,174.0,120.0,44.0,50.0,158.0,35.0,82.0,141.0,64.0,62.0,30.0,64.0,10.0,21.0,81.0,61.0,79.0,22.0,18.0,22.0,23.0,20.0,87.0,85.0,34.0,31.0,23.0,45.0,32.0,43.0,57.0,58.0,19.0,26.0,22.0,19.0,28.0,45.0,61.0,69.0,33.0,31.0,37.0,48.0,14.0,12.0,2669.0
2022-01-10,65.0,63.0,38.0,0.0,0.0,110.0,0.0,0.0,98.0,75.0,0.0,94.0,89.0,87.0,84.0,198.0,140.0,67.0,96.0,333.0,77.0,213.0,270.0,161.0,146.0,85.0,94.0,59.0,58.0,167.0,150.0,298.0,44.0,36.0,52.0,30.0,31.0,84.0,108.0,45.0,34.0,35.0,64.0,53.0,76.0,125.0,100.0,43.0,45.0,45.0,47.0,49.0,58.0,51.0,51.0,20.0,29.0,28.0,34.0,20.0,13.0,4865.0
2022-01-11,68.0,70.0,92.0,0.0,0.0,102.0,0.0,0.0,109.0,89.0,0.0,146.0,119.0,59.0,66.0,189.0,162.0,101.0,111.0,344.0,88.0,228.0,307.0,199.0,163.0,125.0,128.0,60.0,62.0,159.0,150.0,241.0,24.0,51.0,81.0,51.0,49.0,146.0,127.0,57.0,49.0,46.0,87.0,99.0,126.0,112.0,148.0,75.0,64.0,38.0,48.0,56.0,43.0,82.0,58.0,48.0,53.0,51.0,69.0,20.0,15.0,5710.0
2022-01-12,92.0,83.0,45.0,0.0,0.0,124.0,1.0,0.0,114.0,106.0,0.0,117.0,115.0,97.0,95.0,202.0,181.0,79.0,102.0,316.0,70.0,218.0,326.0,196.0,180.0,116.0,127.0,66.0,68.0,177.0,172.0,262.0,38.0,43.0,65.0,54.0,52.0,135.0,142.0,56.0,47.0,53.0,82.0,83.0,129.0,136.0,126.0,64.0,74.0,52.0,59.0,50.0,58.0,73.0,79.0,44.0,56.0,43.0,68.0,39.0,20.0,5867.0
2022-01-13,70.0,87.0,50.0,0.0,0.0,126.0,179.0,205.0,120.0,83.0,0.0,117.0,126.0,96.0,96.0,188.0,162.0,84.0,105.0,351.0,94.0,236.0,335.0,210.0,214.0,99.0,124.0,68.0,64.0,175.0,170.0,268.0,56.0,52.0,81.0,87.0,75.0,193.0,170.0,69.0,64.0,47.0,82.0,141.0,148.0,179.0,172.0,82.0,88.0,52.0,70.0,59.0,64.0,113.0,99.0,51.0,80.0,80.0,81.0,27.0,27.0,6891.0
2022-01-14,73.0,75.0,59.0,0.0,0.0,115.0,202.0,228.0,99.0,71.0,0.0,149.0,99.0,108.0,80.0,260.0,230.0,123.0,160.0,362.0,82.0,288.0,380.0,258.0,240.0,104.0,137.0,70.0,69.0,232.0,270.0,215.0,39.0,67.0,39.0,104.0,95.0,305.0,319.0,96.0,77.0,48.0,89.0,151.0,187.0,170.0,189.0,109.0,97.0,63.0,78.0,61.0,61.0,189.0,148.0,116.0,155.0,104.0,155.0,50.0,39.0,8238.0
2022-01-15,41.0,38.0,52.0,0.0,0.0,65.0,131.0,168.0,34.0,52.0,0.0,77.0,63.0,82.0,43.0,269.0,229.0,113.0,129.0,277.0,51.0,200.0,326.0,212.0,212.0,58.0,71.0,25.0,33.0,258.0,218.0,101.0,27.0,54.0,0.0,130.0,109.0,331.0,373.0,86.0,60.0,53.0,96.0,171.0,246.0,80.0,76.0,142.0,118.0,58.0,87.0,67.0,77.0,241.0,226.0,189.0,210.0,158.0,212.0,68.0,56.0,7429.0
2022-01-16,36.0,24.0,19.0,0.0,0.0,66.0,63.0,88.0,38.0,38.0,0.0,69.0,35.0,42.0,58.0,192.0,174.0,51.0,57.0,187.0,46.0,119.0,183.0,111.0,109.0,54.0,65.0,19.0,32.0,121.0,105.0,98.0,39.0,36.0,0.0,47.0,53.0,170.0,163.0,46.0,29.0,36.0,62.0,66.0,102.0,51.0,72.0,39.0,51.0,35.0,27.0,48.0,55.0,117.0,117.0,88.0,82.0,76.0,78.0,33.0,35.0,4152.0
2022-01-17,61.0,45.0,28.0,0.0,0.0,86.0,132.0,149.0,87.0,73.0,0.0,138.0,127.0,63.0,77.0,128.0,96.0,56.0,56.0,357.0,98.0,165.0,233.0,131.0,123.0,92.0,91.0,53.0,42.0,126.0,128.0,340.0,58.0,42.0,0.0,27.0,31.0,71.0,74.0,34.0,24.0,23.0,47.0,70.0,70.0,247.0,230.0,40.0,42.0,40.0,35.0,23.0,30.0,32.0,36.0,22.0,27.0,29.0,43.0,27.0,22.0,4877.0
2022-01-18,60.0,63.0,60.0,0.0,0.0,127.0,157.0,220.0,114.0,81.0,0.0,134.0,111.0,94.0,85.0,217.0,184.0,82.0,85.0,356.0,71.0,159.0,291.0,155.0,110.0,104.0,127.0,72.0,50.0,145.0,147.0,274.0,44.0,40.0,0.0,39.0,43.0,165.0,141.0,52.0,54.0,33.0,64.0,87.0,93.0,207.0,159.0,59.0,62.0,50.0,53.0,45.0,62.0,97.0,90.0,34.0,47.0,39.0,57.0,0.0,0.0,5851.0
2022-01-19,72.0,79.0,62.0,0.0,0.0,114.0,176.0,200.0,111.0,80.0,0.0,168.0,140.0,97.0,131.0,245.0,201.0,97.0,104.0,397.0,83.0,200.0,340.0,190.0,156.0,112.0,126.0,80.0,79.0,236.0,224.0,201.0,47.0,48.0,0.0,53.0,62.0,217.0,236.0,60.0,50.0,49.0,87.0,128.0,149.0,174.0,175.0,89.0,84.0,61.0,60.0,53.0,62.0,124.0,128.0,49.0,74.0,72.0,75.0,32.0,20.0,7019.0
2022-01-20,47.0,56.0,38.0,0.0,0.0,90.0,148.0,135.0,88.0,69.0,0.0,113.0,94.0,62.0,86.0,147.0,121.0,78.0,80.0,365.0,77.0,130.0,245.0,126.0,94.0,74.0,98.0,61.0,42.0,123.0,134.0,296.0,24.0,29.0,0.0,23.0,30.0,120.0,115.0,38.0,26.0,30.0,60.0,53.0,65.0,198.0,233.0,34.0,36.0,32.0,43.0,39.0,49.0,57.0,59.0,23.0,28.0,21.0,28.0,18.0,12.0,4840.0
2022-01-21,33.0,33.0,27.0,0.0,0.0,80.0,80.0,116.0,54.0,39.0,0.0,61.0,86.0,62.0,61.0,102.0,97.0,34.0,38.0,287.0,83.0,75.0,170.0,63.0,59.0,39.0,59.0,24.0,21.0,94.0,90.0,175.0,30.0,24.0,0.0,19.0,24.0,69.0,94.0,40.0,46.0,25.0,36.0,29.0,37.0,160.0,136.0,25.0,22.0,22.0,28.0,24.0,40.0,35.0,41.0,20.0,18.0,13.0,22.0,21.0,8.0,3350.0
2022-01-22,24.0,31.0,23.0,0.0,0.0,56.0,75.0,107.0,28.0,31.0,0.0,66.0,25.0,39.0,27.0,197.0,170.0,70.0,72.0,210.0,56.0,106.0,135.0,99.0,73.0,47.0,60.0,16.0,19.0,105.0,82.0,104.0,17.0,7.0,0.0,30.0,34.0,153.0,163.0,41.0,31.0,36.0,57.0,55.0,42.0,62.0,67.0,26.0,28.0,20.0,23.0,34.0,50.0,80.0,93.0,53.0,45.0,47.0,57.0,19.0,9.0,3532.0
2022-01-23,35.0,37.0,24.0,0.0,0.0,61.0,71.0,90.0,45.0,33.0,0.0,63.0,29.0,40.0,20.0,203.0,153.0,75.0,82.0,188.0,60.0,126.0,150.0,91.0,94.0,63.0,61.0,16.0,16.0,103.0,104.0,85.0,24.0,17.0,0.0,33.0,51.0,160.0,145.0,34.0,23.0,34.0,73.0,63.0,107.0,82.0,61.0,48.0,49.0,30.0,36.0,39.0,51.0,106.0,99.0,93.0,79.0,65.0,93.0,22.0,20.0,3955.0
2022-01-24,65.0,59.0,43.0,0.0,0.0,104.0,170.0,181.0,103.0,85.0,0.0,111.0,131.0,98.0,95.0,191.0,149.0,83.0,112.0,364.0,80.0,198.0,265.0,176.0,157.0,87.0,83.0,59.0,63.0,163.0,170.0,199.0,48.0,55.0,0.0,57.0,45.0,148.0,126.0,49.0,45.0,41.0,61.0,85.0,114.0,185.0,158.0,55.0,65.0,41.0,43.0,41.0,52.0,72.0,59.0,44.0,42.0,48.0,51.0,33.0,21.0,5728.0
2022-01-25,69.0,68.0,38.0,0.0,0.0,113.0,187.0,222.0,116.0,89.0,0.0,116.0,130.0,76.0,85.0,206.0,175.0,100.0,112.0,369.0,79.0,230.0,347.0,208.0,198.0,134.0,126.0,71.0,52.0,187.0,186.0,239.0,50.0,49.0,0.0,62.0,60.0,181.0,161.0,60.0,51.0,45.0,84.0,115.0,149.0,132.0,143.0,77.0,78.0,42.0,52.0,51.0,62.0,84.0,96.0,61.0,64.0,50.0,76.0,38.0,28.0,6529.0
2022-01-26,65.0,83.0,29.0,0.0,0.0,129.0,205.0,232.0,102.0,85.0,0.0,154.0,138.0,94.0,93.0,223.0,168.0,104.0,124.0,353.0,99.0,235.0,316.0,231.0,193.0,118.0,115.0,70.0,72.0,188.0,172.0,240.0,50.0,52.0,0.0,75.0,70.0,175.0,164.0,61.0,48.0,46.0,80.0,109.0,145.0,132.0,135.0,87.0,91.0,42.0,43.0,60.0,61.0,89.0,89.0,59.0,68.0,49.0,75.0,35.0,32.0,6652.0
2022-01-27,62.0,57.0,29.0,0.0,0.0,102.0,189.0,182.0,100.0,70.0,0.0,109.0,132.0,97.0,92.0,153.0,144.0,63.0,83.0,335.0,93.0,191.0,288.0,152.0,132.0,78.0,104.0,61.0,59.0,155.0,159.0,223.0,41.0,43.0,0.0,53.0,61.0,121.0,117.0,58.0,45.0,29.0,58.0,82.0,119.0,82.0,81.0,64.0,71.0,29.0,30.0,52.0,50.0,68.0,58.0,48.0,51.0,43.0,64.0,26.0,20.0,5358.0
2022-01-28,62.0,61.0,27.0,0.0,0.0,96.0,137.0,152.0,69.0,67.0,0.0,102.0,77.0,74.0,91.0,150.0,120.0,60.0,73.0,304.0,71.0,168.0,262.0,152.0,128.0,73.0,87.0,55.0,58.0,137.0,128.0,211.0,41.0,43.0,0.0,40.0,42.0,114.0,98.0,56.0,38.0,36.0,66.0,75.0,78.0,104.0,99.0,40.0,46.0,25.0,28.0,38.0,49.0,73.0,52.0,46.0,43.0,50.0,48.0,28.0,25.0,4773.0
2022-01-29,33.0,18.0,8.0,0.0,0.0,37.0,61.0,80.0,26.0,36.0,0.0,49.0,45.0,40.0,27.0,115.0,79.0,42.0,40.0,221.0,54.0,90.0,124.0,76.0,67.0,43.0,55.0,22.0,24.0,57.0,65.0,104.0,22.0,9.0,0.0,18.0,24.0,56.0,62.0,14.0,23.0,25.0,34.0,23.0,32.0,45.0,45.0,24.0,20.0,16.0,15.0,24.0,25.0,46.0,55.0,40.0,33.0,32.0,40.0,11.0,10.0,2561.0
2022-01-30,33.0,28.0,18.0,0.0,0.0,59.0,73.0,62.0,30.0,38.0,0.0,59.0,29.0,48.0,21.0,154.0,120.0,42.0,50.0,140.0,66.0,87.0,141.0,79.0,80.0,51.0,61.0,11.0,14.0,77.0,70.0,77.0,30.0,22.0,0.0,36.0,41.0,105.0,87.0,40.0,18.0,13.0,44.0,53.0,60.0,43.0,66.0,36.0,31.0,23.0,32.0,19.0,33.0,64.0,57.0,60.0,50.0,42.0,56.0,0.0,0.0,2979.0
2022-01-31,55.0,45.0,12.0,0.0,0.0,100.0,141.0,158.0,95.0,71.0,0.0,107.0,98.0,63.0,77.0,170.0,110.0,68.0,87.0,334.0,83.0,167.0,231.0,143.0,123.0,73.0,99.0,53.0,45.0,143.0,148.0,279.0,61.0,35.0,0.0,26.0,36.0,101.0,91.0,43.0,36.0,38.0,60.0,66.0,81.0,151.0,158.0,44.0,45.0,25.0,22.0,33.0,40.0,49.0,43.0,22.0,23.0,22.0,22.0,0.0,0.0,4751.0
2022-02-01,56.0,51.0,15.0,0.0,0.0,102.0,144.0,158.0,87.0,63.0,0.0,131.0,109.0,70.0,76.0,169.0,142.0,68.0,83.0,378.0,87.0,154.0,236.0,122.0,124.0,89.0,102.0,50.0,47.0,119.0,129.0,274.0,13.0,37.0,0.0,32.0,41.0,111.0,94.0,47.0,41.0,32.0,67.0,41.0,41.0,102.0,152.0,53.0,51.0,24.0,40.0,41.0,54.0,63.0,54.0,24.0,34.0,29.0,35.0,0.0,0.0,4788.0
2022-02-02,66.0,79.0,23.0,0.0,0.0,103.0,171.0,173.0,88.0,76.0,0.0,121.0,86.0,66.0,73.0,193.0,159.0,78.0,75.0,376.0,73.0,163.0,237.0,148.0,128.0,87.0,82.0,56.0,60.0,163.0,157.0,259.0,61.0,42.0,0.0,37.0,44.0,116.0,125.0,46.0,36.0,28.0,59.0,77.0,82.0,77.0,145.0,40.0,41.0,26.0,35.0,33.0,44.0,53.0,57.0,35.0,44.0,43.0,41.0,0.0,0.0,5086.0
2022-02-03,58.0,57.0,16.0,0.0,0.0,103.0,189.0,194.0,101.0,93.0,0.0,111.0,87.0,66.0,66.0,182.0,144.0,75.0,94.0,424.0,106.0,198.0,286.0,186.0,168.0,92.0,124.0,60.0,44.0,198.0,175.0,246.0,16.0,34.0,0.0,54.0,52.0,153.0,156.0,59.0,46.0,43.0,81.0,91.0,124.0,137.0,140.0,54.0,60.0,26.0,36.0,47.0,57.0,87.0,72.0,55.0,73.0,53.0,79.0,31.0,17.0,5876.0
2022-02-04,55.0,57.0,30.0,0.0,0.0,109.0,170.0,187.0,102.0,101.0,0.0,117.0,108.0,86.0,84.0,200.0,183.0,89.0,118.0,394.0,71.0,199.0,301.0,169.0,158.0,87.0,120.0,45.0,59.0,201.0,199.0,194.0,56.0,45.0,0.0,64.0,73.0,197.0,173.0,69.0,55.0,48.0,78.0,95.0,126.0,85.0,84.0,76.0,77.0,44.0,45.0,50.0,57.0,123.0,99.0,74.0,84.0,77.0,105.0,41.0,28.0,6221.0
2022-02-05,52.0,51.0,24.0,0.0,0.0,73.0,112.0,152.0,41.0,46.0,0.0,77.0,59.0,71.0,48.0,238.0,205.0,93.0,121.0,253.0,70.0,170.0,247.0,157.0,143.0,57.0,81.0,30.0,37.0,209.0,170.0,115.0,43.0,42.0,0.0,101.0,83.0,278.0,290.0,75.0,42.0,43.0,67.0,141.0,154.0,69.0,75.0,102.0,97.0,44.0,71.0,39.0,54.0,207.0,198.0,136.0,150.0,165.0,183.0,73.0,43.0,6267.0
2022-02-06,31.0,28.0,16.0,0.0,0.0,45.0,102.0,103.0,32.0,27.0,0.0,59.0,31.0,50.0,36.0,200.0,136.0,49.0,80.0,159.0,64.0,95.0,160.0,82.0,86.0,52.0,54.0,21.0,21.0,117.0,97.0,78.0,22.0,24.0,0.0,25.0,38.0,154.0,178.0,43.0,37.0,25.0,62.0,50.0,81.0,27.0,59.0,44.0,48.0,30.0,34.0,26.0,25.0,121.0,105.0,49.0,50.0,63.0,86.0,23.0,21.0,3661.0
2022-02-07,58.0,37.0,25.0,0.0,0.0,105.0,163.0,192.0,93.0,83.0,0.0,144.0,120.0,61.0,80.0,160.0,119.0,83.0,81.0,325.0,89.0,187.0,251.0,165.0,134.0,101.0,114.0,53.0,67.0,148.0,143.0,238.0,43.0,40.0,0.0,29.0,39.0,102.0,106.0,39.0,35.0,34.0,66.0,72.0,79.0,98.0,113.0,53.0,52.0,33.0,34.0,33.0,40.0,41.0,42.0,36.0,38.0,42.0,43.0,34.0,19.0,5054.0
2022-02-08,71.0,71.0,32.0,0.0,0.0,114.0,213.0,236.0,109.0,83.0,0.0,158.0,127.0,96.0,98.0,212.0,197.0,99.0,126.0,381.0,85.0,242.0,321.0,210.0,198.0,130.0,126.0,59.0,84.0,206.0,172.0,185.0,49.0,58.0,0.0,59.0,77.0,177.0,170.0,71.0,39.0,48.0,88.0,121.0,148.0,112.0,129.0,89.0,96.0,34.0,55.0,49.0,68.0,93.0,87.0,64.0,74.0,51.0,80.0,34.0,30.0,6691.0
2022-02-09,96.0,79.0,32.0,0.0,0.0,153.0,253.0,316.0,136.0,102.0,0.0,130.0,127.0,115.0,119.0,272.0,232.0,144.0,160.0,436.0,91.0,319.0,423.0,290.0,280.0,145.0,128.0,67.0,79.0,277.0,223.0,316.0,55.0,68.0,0.0,110.0,128.0,252.0,260.0,87.0,61.0,64.0,103.0,184.0,209.0,122.0,178.0,115.0,128.0,51.0,69.0,56.0,75.0,149.0,144.0,111.0,148.0,103.0,116.0,58.0,43.0,8787.0
2022-02-10,118.0,118.0,29.0,0.0,0.0,150.0,316.0,364.0,121.0,111.0,0.0,153.0,158.0,121.0,127.0,344.0,270.0,198.0,227.0,519.0,87.0,384.0,506.0,378.0,354.0,152.0,137.0,76.0,83.0,329.0,305.0,166.0,61.0,96.0,0.0,177.0,157.0,387.0,392.0,106.0,76.0,61.0,95.0,233.0,310.0,109.0,174.0,158.0,145.0,66.0,76.0,89.0,114.0,251.0,210.0,218.0,217.0,148.0,225.0,58.0,45.0,10855.0
2022-02-11,64.0,58.0,35.0,0.0,0.0,121.0,173.0,192.0,103.0,66.0,0.0,130.0,115.0,97.0,96.0,158.0,146.0,67.0,67.0,479.0,96.0,182.0,293.0,162.0,159.0,92.0,127.0,61.0,54.0,172.0,160.0,254.0,56.0,50.0,0.0,54.0,45.0,141.0,151.0,72.0,63.0,37.0,77.0,87.0,102.0,120.0,130.0,65.0,64.0,27.0,31.0,35.0,63.0,73.0,80.0,63.0,66.0,46.0,65.0,5.0,5.0,5852.0
2022-02-12,50.0,57.0,44.0,0.0,0.0,81.0,164.0,209.0,58.0,53.0,0.0,98.0,80.0,101.0,76.0,344.0,244.0,143.0,166.0,488.0,177.0,255.0,321.0,270.0,216.0,83.0,76.0,31.0,42.0,286.0,251.0,142.0,37.0,48.0,0.0,99.0,110.0,440.0,387.0,87.0,74.0,58.0,96.0,140.0,198.0,69.0,62.0,112.0,94.0,55.0,81.0,78.0,81.0,318.0,270.0,240.0,246.0,143.0,242.0,0.0,0.0,8471.0
2022-02-13,74.0,83.0,57.0,0.0,0.0,98.0,227.0,276.0,72.0,72.0,0.0,119.0,57.0,114.0,83.0,492.0,401.0,220.0,244.0,481.0,142.0,260.0,374.0,345.0,310.0,98.0,105.0,26.0,35.0,447.0,406.0,102.0,30.0,80.0,0.0,163.0,143.0,699.0,743.0,117.0,80.0,106.0,145.0,231.0,328.0,82.0,76.0,180.0,178.0,99.0,139.0,109.0,109.0,503.0,479.0,357.0,383.0,312.0,376.0,0.0,0.0,12067.0
2022-02-14,93.0,100.0,0.0,0.0,0.0,150.0,245.0,330.0,148.0,123.0,0.0,239.0,176.0,123.0,139.0,298.0,267.0,169.0,184.0,514.0,94.0,311.0,403.0,322.0,287.0,132.0,142.0,80.0,91.0,319.0,292.0,326.0,44.0,61.0,0.0,105.0,89.0,393.0,415.0,102.0,87.0,75.0,112.0,180.0,198.0,174.0,197.0,141.0,132.0,57.0,81.0,83.0,98.0,259.0,216.0,147.0,201.0,139.0,146.0,0.0,0.0,10029.0
2022-02-15,72.0,72.0,0.0,0.0,0.0,139.0,239.0,291.0,109.0,93.0,0.0,129.0,136.0,103.0,99.0,240.0,213.0,106.0,130.0,429.0,70.0,244.0,342.0,211.0,210.0,128.0,131.0,84.0,77.0,210.0,241.0,251.0,66.0,31.0,0.0,78.0,91.0,223.0,195.0,95.0,54.0,63.0,102.0,125.0,150.0,142.0,188.0,86.0,95.0,44.0,54.0,61.0,81.0,115.0,87.0,68.0,74.0,89.0,100.0,0.0,0.0,7356.0
2022-02-16,78.0,72.0,0.0,0.0,0.0,136.0,250.0,250.0,119.0,93.0,0.0,148.0,164.0,132.0,104.0,223.0,188.0,98.0,130.0,416.0,2.0,263.0,355.0,253.0,230.0,141.0,127.0,77.0,64.0,191.0,190.0,293.0,61.0,24.0,0.0,82.0,72.0,146.0,157.0,71.0,58.0,50.0,91.0,105.0,149.0,171.0,147.0,79.0,75.0,37.0,53.0,45.0,60.0,82.0,84.0,61.0,85.0,68.0,67.0,0.0,0.0,6967.0
2022-02-17,67.0,54.0,0.0,0.0,0.0,120.0,147.0,152.0,85.0,78.0,0.0,89.0,141.0,67.0,56.0,124.0,95.0,54.0,69.0,168.0,0.0,132.0,187.0,134.0,132.0,109.0,109.0,57.0,109.0,114.0,119.0,289.0,19.0,21.0,0.0,22.0,24.0,77.0,60.0,47.0,31.0,32.0,56.0,62.0,60.0,141.0,152.0,35.0,36.0,29.0,23.0,22.0,35.0,34.0,33.0,24.0,22.0,26.0,28.0,0.0,0.0,4208.0
2022-02-18,74.0,67.0,0.0,0.0,0.0,109.0,199.0,217.0,88.0,68.0,0.0,81.0,108.0,85.0,59.0,187.0,160.0,97.0,107.0,477.0,0.0,230.0,255.0,213.0,176.0,111.0,120.0,62.0,63.0,179.0,176.0,362.0,0.0,46.0,0.0,60.0,57.0,178.0,184.0,67.0,41.0,34.0,68.0,103.0,131.0,165.0,114.0,72.0,64.0,41.0,52.0,43.0,43.0,92.0,86.0,52.0,71.0,75.0,84.0,0.0,0.0,6153.0
2022-02-19,57.0,45.0,0.0,0.0,0.0,69.0,162.0,152.0,46.0,35.0,0.0,83.0,63.0,89.0,68.0,224.0,196.0,92.0,137.0,326.0,0.0,148.0,213.0,166.0,140.0,98.0,74.0,27.0,31.0,223.0,185.0,146.0,0.0,37.0,0.0,79.0,99.0,217.0,296.0,69.0,53.0,31.0,63.0,114.0,147.0,51.0,54.0,77.0,92.0,46.0,52.0,32.0,46.0,147.0,147.0,137.0,160.0,118.0,141.0,0.0,0.0,5800.0
2022-02-20,54.0,54.0,0.0,0.0,0.0,84.0,118.0,122.0,35.0,34.0,0.0,66.0,46.0,79.0,54.0,240.0,190.0,116.0,141.0,246.0,0.0,153.0,185.0,156.0,133.0,62.0,77.0,35.0,31.0,163.0,153.0,99.0,0.0,34.0,0.0,73.0,86.0,206.0,212.0,66.0,52.0,37.0,74.0,117.0,134.0,52.0,45.0,81.0,86.0,45.0,55.0,37.0,60.0,138.0,116.0,117.0,112.0,97.0,134.0,0.0,0.0,5192.0
2022-02-21,71.0,81.0,0.0,0.0,0.0,168.0,185.0,198.0,64.0,36.0,0.0,116.0,135.0,106.0,116.0,190.0,143.0,74.0,100.0,335.0,0.0,211.0,274.0,195.0,171.0,102.0,89.0,71.0,64.0,164.0,185.0,258.0,0.0,41.0,0.0,44.0,52.0,144.0,124.0,57.0,53.0,33.0,81.0,95.0,93.0,151.0,143.0,52.0,50.0,26.0,45.0,31.0,45.0,72.0,56.0,53.0,70.0,40.0,50.0,0.0,0.0,5603.0
2022-02-22,98.0,81.0,0.0,0.0,0.0,176.0,251.0,277.0,97.0,66.0,0.0,132.0,130.0,108.0,116.0,247.0,208.0,98.0,128.0,393.0,0.0,288.0,392.0,280.0,264.0,145.0,148.0,78.0,83.0,179.0,211.0,204.0,0.0,50.0,0.0,88.0,88.0,190.0,187.0,106.0,66.0,60.0,90.0,135.0,160.0,165.0,95.0,106.0,89.0,44.0,48.0,64.0,64.0,104.0,86.0,72.0,91.0,81.0,84.0,0.0,0.0,7291.0
2022-02-23,109.0,130.0,0.0,0.0,0.0,170.0,324.0,360.0,140.0,107.0,0.0,237.0,264.0,166.0,147.0,347.0,294.0,165.0,217.0,482.0,0.0,384.0,560.0,414.0,396.0,187.0,183.0,80.0,94.0,314.0,279.0,224.0,0.0,31.0,0.0,135.0,148.0,321.0,370.0,101.0,91.0,75.0,107.0,217.0,246.0,203.0,204.0,150.0,143.0,64.0,74.0,77.0,106.0,211.0,191.0,173.0,221.0,173.0,185.0,0.0,0.0,10791.0
2022-02-24,88.0,115.0,0.0,0.0,0.0,166.0,335.0,337.0,110.0,79.0,0.0,190.0,167.0,146.0,141.0,321.0,299.0,177.0,185.0,515.0,0.0,370.0,499.0,354.0,319.0,178.0,183.0,91.0,92.0,309.0,293.0,272.0,0.0,15.0,0.0,143.0,149.0,372.0,387.0,103.0,79.0,69.0,122.0,225.0,275.0,196.0,161.0,157.0,160.0,57.0,79.0,96.0,96.0,220.0,206.0,155.0,198.0,164.0,222.0,47.0,35.0,10519.0
2022-02-25,83.0,65.0,0.0,0.0,0.0,131.0,208.0,273.0,94.0,60.0,0.0,150.0,133.0,112.0,97.0,196.0,178.0,113.0,148.0,417.0,0.0,272.0,368.0,265.0,224.0,114.0,146.0,61.0,66.0,192.0,193.0,221.0,0.0,10.0,0.0,64.0,73.0,202.0,221.0,107.0,64.0,40.0,94.0,136.0,148.0,144.0,137.0,98.0,86.0,35.0,46.0,54.0,62.0,122.0,110.0,91.0,127.0,98.0,130.0,50.0,40.0,7169.0
2022-02-26,33.0,39.0,0.0,0.0,0.0,73.0,101.0,116.0,36.0,35.0,0.0,72.0,42.0,59.0,33.0,184.0,132.0,65.0,61.0,338.0,0.0,119.0,147.0,117.0,106.0,72.0,67.0,23.0,18.0,97.0,99.0,175.0,0.0,6.0,0.0,52.0,42.0,137.0,129.0,35.0,36.0,17.0,45.0,74.0,90.0,54.0,54.0,57.0,48.0,20.0,22.0,37.0,37.0,97.0,85.0,75.0,73.0,47.0,85.0,29.0,27.0,3969.0
2022-02-27,55.0,68.0,0.0,0.0,0.0,109.0,176.0,180.0,52.0,53.0,0.0,101.0,83.0,100.0,73.0,342.0,273.0,119.0,141.0,341.0,0.0,238.0,362.0,265.0,282.0,92.0,105.0,28.0,41.0,336.0,269.0,147.0,0.0,10.0,0.0,126.0,156.0,463.0,479.0,120.0,69.0,76.0,133.0,194.0,246.0,67.0,77.0,143.0,131.0,77.0,95.0,71.0,111.0,327.0,314.0,277.0,301.0,232.0,283.0,72.0,56.0,9137.0
2022-02-28,72.0,94.0,0.0,0.0,0.0,151.0,227.0,258.0,105.0,90.0,0.0,169.0,100.0,112.0,114.0,221.0,174.0,112.0,145.0,372.0,0.0,277.0,368.0,251.0,230.0,110.0,149.0,73.0,68.0,236.0,213.0,232.0,0.0,19.0,0.0,78.0,66.0,197.0,194.0,83.0,63.0,59.0,89.0,111.0,163.0,277.0,199.0,107.0,93.0,63.0,84.0,60.0,80.0,103.0,95.0,1089.0,313.0,81.0,98.0,39.0,31.0,8657.0
2022-03-01,89.0,107.0,0.0,0.0,0.0,129.0,272.0,305.0,118.0,104.0,0.0,173.0,165.0,113.0,137.0,269.0,255.0,107.0,129.0,448.0,0.0,333.0,465.0,304.0,292.0,165.0,154.0,85.0,82.0,237.0,270.0,256.0,0.0,8.0,0.0,121.0,113.0,290.0,300.0,91.0,86.0,66.0,98.0,160.0,188.0,251.0,186.0,126.0,110.0,74.0,78.0,69.0,87.0,169.0,143.0,1277.0,511.0,105.0,130.0,69.0,46.0,10515.0
2022-03-02,85.0,102.0,0.0,0.0,0.0,149.0,282.0,325.0,102.0,85.0,0.0,192.0,157.0,112.0,135.0,270.0,243.0,125.0,145.0,438.0,0.0,313.0,422.0,276.0,272.0,146.0,138.0,95.0,84.0,254.0,265.0,225.0,0.0,17.0,0.0,95.0,97.0,295.0,296.0,107.0,69.0,70.0,114.0,152.0,220.0,280.0,179.0,106.0,135.0,59.0,69.0,72.0,88.0,172.0,153.0,1120.0,172.0,88.0,113.0,54.0,36.0,9865.0
2022-03-03,99.0,86.0,0.0,0.0,0.0,149.0,290.0,296.0,108.0,93.0,0.0,202.0,123.0,123.0,124.0,260.0,215.0,104.0,117.0,429.0,0.0,339.0,424.0,311.0,257.0,129.0,145.0,91.0,75.0,267.0,255.0,266.0,0.0,16.0,0.0,114.0,105.0,246.0,284.0,77.0,73.0,57.0,79.0,154.0,181.0,364.0,179.0,123.0,111.0,71.0,68.0,72.0,78.0,151.0,144.0,746.0,287.0,110.0,146.0,64.0,50.0,9527.0
2022-03-04,45.0,43.0,0.0,0.0,0.0,90.0,111.0,138.0,74.0,57.0,0.0,104.0,65.0,71.0,71.0,107.0,76.0,45.0,56.0,421.0,0.0,144.0,201.0,122.0,118.0,93.0,94.0,59.0,51.0,110.0,107.0,352.0,0.0,14.0,0.0,33.0,30.0,67.0,61.0,42.0,30.0,21.0,42.0,58.0,66.0,328.0,243.0,37.0,39.0,34.0,78.0,33.0,28.0,31.0,29.0,89.0,743.0,18.0,23.0,27.0,17.0,5286.0
2022-03-05,27.0,35.0,0.0,0.0,0.0,84.0,99.0,118.0,39.0,46.0,0.0,91.0,58.0,68.0,50.0,159.0,139.0,64.0,65.0,267.0,0.0,127.0,190.0,116.0,120.0,75.0,79.0,27.0,30.0,134.0,133.0,157.0,0.0,3.0,0.0,51.0,54.0,159.0,166.0,67.0,53.0,30.0,60.0,94.0,95.0,89.0,48.0,51.0,35.0,27.0,22.0,22.0,36.0,98.0,100.0,3188.0,585.0,76.0,72.0,26.0,20.0,7924.0
2022-03-06,39.0,30.0,0.0,0.0,0.0,78.0,115.0,124.0,50.0,40.0,0.0,71.0,40.0,45.0,52.0,205.0,162.0,72.0,95.0,192.0,0.0,138.0,190.0,139.0,126.0,56.0,60.0,21.0,29.0,181.0,164.0,115.0,0.0,8.0,0.0,54.0,65.0,227.0,208.0,49.0,40.0,47.0,78.0,85.0,113.0,68.0,52.0,50.0,59.0,44.0,54.0,46.0,54.0,133.0,152.0,935.0,234.0,83.0,100.0,0.0,0.0,5667.0
2022-03-07,47.0,54.0,0.0,0.0,0.0,151.0,214.0,231.0,111.0,81.0,0.0,163.0,122.0,96.0,118.0,178.0,180.0,83.0,99.0,318.0,0.0,203.0,293.0,197.0,177.0,111.0,98.0,58.0,60.0,164.0,161.0,187.0,0.0,9.0,0.0,59.0,53.0,133.0,153.0,63.0,38.0,49.0,90.0,73.0,119.0,135.0,115.0,60.0,56.0,52.0,55.0,58.0,67.0,71.0,80.0,7780.0,574.0,53.0,83.0,0.0,0.0,14033.0
2022-03-08,82.0,104.0,0.0,0.0,0.0,144.0,261.0,334.0,110.0,72.0,0.0,137.0,156.0,123.0,119.0,303.0,270.0,152.0,160.0,402.0,0.0,319.0,453.0,299.0,288.0,143.0,167.0,88.0,69.0,310.0,279.0,216.0,0.0,10.0,0.0,98.0,120.0,344.0,368.0,119.0,68.0,73.0,112.0,158.0,212.0,171.0,116.0,76.0,25.0,69.0,78.0,96.0,106.0,206.0,193.0,906.0,479.0,124.0,163.0,0.0,0.0,10050.0
2022-03-09,88.0,125.0,0.0,0.0,0.0,166.0,352.0,390.0,116.0,98.0,0.0,221.0,180.0,158.0,169.0,380.0,346.0,165.0,232.0,436.0,7.0,386.0,530.0,383.0,337.0,144.0,144.0,80.0,72.0,403.0,370.0,237.0,0.0,17.0,0.0,148.0,135.0,501.0,472.0,108.0,84.0,95.0,147.0,198.0,289.0,173.0,140.0,87.0,116.0,84.0,94.0,105.0,123.0,327.0,269.0,1120.0,673.0,171.0,234.0,0.0,0.0,12625.0
2022-03-10,114.0,106.0,0.0,0.0,0.0,180.0,310.0,346.0,127.0,106.0,0.0,204.0,161.0,154.0,147.0,313.0,290.0,159.0,186.0,426.0,16.0,379.0,495.0,340.0,315.0,157.0,152.0,105.0,97.0,324.0,292.0,214.0,0.0,28.0,0.0,129.0,116.0,405.0,408.0,93.0,66.0,90.0,145.0,167.0,271.0,167.0,144.0,147.0,146.0,67.0,91.0,85.0,98.0,250.0,211.0,621.0,610.0,119.0,191.0,0.0,0.0,11080.0
2022-03-11,91.0,96.0,0.0,0.0,0.0,145.0,236.0,283.0,108.0,99.0,0.0,186.0,123.0,117.0,123.0,245.0,212.0,115.0,138.0,380.0,12.0,300.0,403.0,288.0,272.0,126.0,146.0,73.0,58.0,247.0,240.0,249.0,0.0,10.0,0.0,74.0,84.0,304.0,289.0,73.0,61.0,74.0,114.0,135.0,186.0,76.0,61.0,116.0,101.0,77.0,72.0,61.0,78.0,169.0,155.0,557.0,393.0,85.0,115.0,0.0,0.0,8631.0
2022-03-12,58.0,62.0,0.0,0.0,0.0,97.0,189.0,262.0,59.0,48.0,0.0,153.0,81.0,106.0,83.0,376.0,327.0,160.0,190.0,359.0,15.0,347.0,416.0,392.0,315.0,101.0,108.0,32.0,38.0,442.0,330.0,143.0,0.0,20.0,0.0,179.0,179.0,592.0,631.0,110.0,78.0,78.0,138.0,221.0,306.0,56.0,59.0,183.0,174.0,108.0,113.0,89.0,110.0,440.0,401.0,1176.0,965.0,274.0,319.0,0.0,0.0,12288.0
2022-03-13,94.0,117.0,0.0,0.0,0.0,103.0,262.0,279.0,81.0,100.0,0.0,176.0,85.0,146.0,94.0,493.0,420.0,226.0,266.0,375.0,9.0,441.0,562.0,507.0,448.0,120.0,112.0,34.0,39.0,541.0,466.0,148.0,0.0,62.0,0.0,268.0,264.0,852.0,863.0,183.0,134.0,98.0,148.0,270.0,499.0,60.0,49.0,249.0,245.0,102.0,127.0,141.0,119.0,633.0,578.0,696.0,764.0,410.0,600.0,0.0,0.0,15158.0
2022-03-14,108.0,124.0,0.0,0.0,0.0,166.0,338.0,343.0,162.0,136.0,0.0,173.0,186.0,143.0,133.0,307.0,293.0,189.0,241.0,391.0,13.0,441.0,597.0,419.0,393.0,166.0,165.0,93.0,102.0,355.0,306.0,214.0,0.0,97.0,0.0,148.0,145.0,355.0,371.0,137.0,94.0,87.0,124.0,208.0,287.0,128.0,153.0,174.0,163.0,78.0,110.0,95.0,117.0,245.0,221.0,277.0,327.0,160.0,205.0,0.0,0.0,11203.0
2022-03-15,99.0,88.0,0.0,0.0,0.0,174.0,297.0,318.0,134.0,113.0,0.0,174.0,132.0,126.0,115.0,267.0,228.0,123.0,153.0,443.0,16.0,353.0,475.0,360.0,284.0,150.0,156.0,91.0,84.0,262.0,233.0,294.0,0.0,108.0,0.0,130.0,152.0,282.0,289.0,123.0,83.0,6.0,14.0,209.0,280.0,182.0,134.0,165.0,150.0,64.0,76.0,77.0,92.0,181.0,162.0,211.0,196.0,124.0,160.0,0.0,0.0,9392.0
2022-03-16,104.0,106.0,0.0,0.0,0.0,180.0,322.0,350.0,165.0,131.0,0.0,194.0,141.0,138.0,135.0,302.0,254.0,149.0,194.0,483.0,18.0,326.0,504.0,363.0,306.0,150.0,166.0,99.0,72.0,302.0,279.0,297.0,0.0,65.0,0.0,120.0,125.0,328.0,338.0,116.0,89.0,0.0,0.0,202.0,277.0,133.0,119.0,158.0,144.0,65.0,81.0,89.0,114.0,194.0,165.0,253.0,239.0,130.0,196.0,0.0,0.0,9970.0
2022-03-17,131.0,131.0,0.0,0.0,0.0,191.0,401.0,433.0,162.0,149.0,0.0,230.0,161.0,138.0,136.0,377.0,344.0,203.0,260.0,513.0,15.0,533.0,674.0,301.0,190.0,184.0,197.0,91.0,91.0,361.0,340.0,288.0,0.0,87.0,0.0,232.0,225.0,498.0,483.0,154.0,116.0,0.0,0.0,311.0,434.0,124.0,135.0,262.0,258.0,89.0,115.0,107.0,101.0,320.0,276.0,339.0,360.0,224.0,282.0,0.0,0.0,12757.0
2022-03-18,111.0,93.0,0.0,0.0,0.0,182.0,347.0,390.0,137.0,115.0,0.0,241.0,177.0,168.0,124.0,347.0,280.0,211.0,235.0,526.0,607.0,450.0,593.0,425.0,402.0,140.0,159.0,80.0,76.0,335.0,301.0,262.0,0.0,103.0,0.0,175.0,176.0,406.0,421.0,151.0,107.0,0.0,0.0,257.0,369.0,115.0,101.0,210.0,198.0,86.0,95.0,96.0,111.0,252.0,190.0,353.0,377.0,174.0,259.0,0.0,0.0,12296.0
2022-03-19,72.0,105.0,0.0,0.0,0.0,149.0,250.0,293.0,123.0,84.0,0.0,190.0,90.0,136.0,102.0,414.0,331.0,206.0,227.0,385.0,782.0,376.0,546.0,431.0,394.0,140.0,159.0,51.0,42.0,506.0,425.0,181.0,0.0,66.0,0.0,208.0,170.0,654.0,624.0,146.0,111.0,0.0,0.0,239.0,338.0,63.0,53.0,226.0,209.0,88.0,131.0,92.0,90.0,440.0,361.0,638.0,581.0,0.0,0.0,0.0,0.0,12718.0
2022-03-20,53.0,82.0,0.0,0.0,0.0,118.0,323.0,343.0,93.0,69.0,0.0,215.0,90.0,147.0,108.0,626.0,454.0,337.0,348.0,385.0,697.0,551.0,606.0,594.0,544.0,141.0,139.0,34.0,56.0,579.0,483.0,159.0,0.0,56.0,0.0,270.0,231.0,862.0,838.0,218.0,125.0,0.0,0.0,288.0,446.0,10.0,60.0,284.0,218.0,133.0,161.0,115.0,123.0,677.0,606.0,791.0,801.0,0.0,0.0,0.0,0.0,15687.0
2022-03-21,146.0,163.0,0.0,0.0,0.0,213.0,459.0,482.0,200.0,135.0,0.0,254.0,186.0,153.0,171.0,420.0,360.0,233.0,296.0,545.0,926.0,559.0,681.0,534.0,475.0,199.0,204.0,109.0,106.0,409.0,381.0,356.0,0.0,121.0,0.0,190.0,186.0,468.0,435.0,154.0,114.0,0.0,0.0,280.0,351.0,232.0,202.0,217.0,240.0,107.0,121.0,128.0,139.0,304.0,258.0,558.0,431.0,0.0,0.0,0.0,0.0,14591.0
2022-03-22,181.0,215.0,0.0,0.0,0.0,249.0,583.0,606.0,215.0,175.0,0.0,293.0,248.0,237.0,229.0,613.0,517.0,351.0,410.0,590.0,946.0,751.0,911.0,742.0,633.0,256.0,249.0,132.0,129.0,610.0,560.0,348.0,0.0,168.0,0.0,293.0,282.0,635.0,586.0,201.0,159.0,0.0,0.0,347.0,508.0,191.0,140.0,322.0,321.0,121.0,147.0,180.0,202.0,553.0,413.0,296.0,351.0,0.0,0.0,101.0,78.0,18574.0
2022-03-23,197.0,230.0,0.0,0.0,0.0,252.0,640.0,744.0,257.0,164.0,0.0,281.0,316.0,242.0,255.0,676.0,593.0,394.0,469.0,600.0,942.0,802.0,1018.0,860.0,744.0,271.0,267.0,148.0,145.0,750.0,709.0,421.0,0.0,185.0,0.0,383.0,360.0,0.0,0.0,224.0,180.0,0.0,0.0,485.0,640.0,232.0,215.0,434.0,372.0,148.0,181.0,202.0,210.0,675.0,558.0,0.0,0.0,0.0,0.0,139.0,95.0,19305.0
2022-03-24,210.0,240.0,0.0,0.0,32.0,251.0,636.0,669.0,247.0,194.0,0.0,338.0,270.0,250.0,265.0,656.0,588.0,387.0,471.0,638.0,1007.0,802.0,951.0,831.0,705.0,238.0,248.0,114.0,130.0,680.0,649.0,501.0,0.0,168.0,0.0,352.0,295.0,0.0,0.0,240.0,175.0,0.0,0.0,425.0,547.0,127.0,258.0,390.0,334.0,184.0,213.0,189.0,169.0,628.0,480.0,0.0,0.0,0.0,0.0,122.0,87.0,18581.0
2022-03-25,157.0,179.0,0.0,0.0,242.0,228.0,561.0,651.0,157.0,111.0,0.0,288.0,190.0,190.0,196.0,593.0,529.0,379.0,448.0,605.0,1003.0,660.0,826.0,474.0,406.0,232.0,277.0,129.0,135.0,642.0,591.0,470.0,0.0,86.0,0.0,301.0,292.0,0.0,0.0,207.0,165.0,0.0,0.0,408.0,544.0,216.0,186.0,391.0,323.0,179.0,191.0,165.0,169.0,566.0,435.0,0.0,0.0,0.0,0.0,134.0,92.0,16599.0
2022-03-26,235.0,254.0,0.0,0.0,187.0,201.0,580.0,724.0,160.0,128.0,0.0,331.0,155.0,273.0,218.0,889.0,906.0,616.0,744.0,653.0,803.0,819.0,1071.0,1122.0,971.0,203.0,223.0,73.0,80.0,1388.0,1235.0,355.0,0.0,25.0,0.0,512.0,417.0,0.0,0.0,354.0,240.0,0.0,0.0,558.0,789.0,171.0,175.0,581.0,528.0,352.0,473.0,317.0,345.0,1460.0,1296.0,0.0,0.0,0.0,0.0,248.0,150.0,24588.0
2022-03-27,172.0,249.0,0.0,0.0,217.0,202.0,562.0,598.0,112.0,112.0,0.0,237.0,156.0,253.0,154.0,1123.0,984.0,597.0,706.0,546.0,667.0,786.0,1029.0,1063.0,939.0,164.0,188.0,78.0,99.0,1259.0,1087.0,200.0,0.0,30.0,0.0,517.0,495.0,0.0,0.0,360.0,227.0,0.0,0.0,525.0,740.0,10.0,92.0,536.0,463.0,257.0,359.0,318.0,343.0,1376.0,1291.0,0.0,2.0,0.0,0.0,210.0,133.0,22823.0
2022-03-28,225.0,260.0,0.0,0.0,239.0,241.0,821.0,866.0,275.0,201.0,0.0,408.0,342.0,305.0,249.0,846.0,715.0,501.0,634.0,735.0,894.0,877.0,1103.0,946.0,899.0,282.0,291.0,127.0,140.0,826.0,754.0,382.0,0.0,48.0,0.0,413.0,354.0,0.0,0.0,260.0,203.0,0.0,0.0,501.0,660.0,210.0,166.0,440.0,412.0,187.0,245.0,222.0,235.0,851.0,707.0,941.0,946.0,32.0,70.0,109.0,33.0,23629.0
2022-03-29,185.0,194.0,23.0,70.0,238.0,255.0,621.0,658.0,199.0,129.0,0.0,309.0,261.0,247.0,237.0,548.0,456.0,303.0,398.0,659.0,1055.0,685.0,862.0,671.0,640.0,244.0,273.0,155.0,133.0,580.0,526.0,334.0,0.0,33.0,0.0,260.0,241.0,66.0,47.0,194.0,152.0,0.0,0.0,382.0,490.0,258.0,169.0,308.0,299.0,183.0,174.0,174.0,159.0,424.0,334.0,453.0,468.0,238.0,272.0,79.0,9.0,18014.0
2022-03-30,78.0,61.0,42.0,41.0,164.0,135.0,188.0,203.0,58.0,57.0,0.0,223.0,291.0,90.0,99.0,147.0,119.0,76.0,75.0,579.0,1076.0,194.0,236.0,169.0,156.0,106.0,99.0,71.0,68.0,160.0,141.0,454.0,0.0,22.0,0.0,40.0,41.0,16.0,29.0,42.0,34.0,0.0,0.0,67.0,80.0,237.0,170.0,52.0,45.0,14.0,22.0,33.0,45.0,34.0,44.0,33.0,25.0,21.0,32.0,30.0,3.0,6867.0
2022-03-31,63.0,77.0,41.0,41.0,273.0,164.0,249.0,256.0,122.0,88.0,0.0,107.0,122.0,112.0,130.0,229.0,191.0,86.0,125.0,473.0,1036.0,236.0,291.0,209.0,207.0,152.0,131.0,94.0,79.0,189.0,199.0,504.0,0.0,43.0,0.0,47.0,62.0,167.0,164.0,55.0,45.0,0.0,0.0,78.0,125.0,230.0,172.0,70.0,70.0,7.0,16.0,64.0,68.0,81.0,88.0,65.0,66.0,50.0,63.0,31.0,16.0,8219.0
2022-04-01,67.0,78.0,27.0,40.0,208.0,133.0,179.0,192.0,95.0,62.0,0.0,39.0,80.0,40.0,8.0,176.0,147.0,72.0,96.0,465.0,976.0,192.0,269.0,160.0,155.0,112.0,113.0,63.0,54.0,150.0,161.0,435.0,52.0,41.0,0.0,40.0,46.0,98.0,96.0,62.0,49.0,0.0,0.0,58.0,82.0,172.0,132.0,46.0,43.0,10.0,20.0,43.0,46.0,43.0,46.0,55.0,68.0,44.0,52.0,11.0,5.0,6504.0
2022-04-02,44.0,44.0,28.0,21.0,230.0,105.0,123.0,138.0,52.0,48.0,0.0,2382.0,32.0,0.0,0.0,139.0,125.0,58.0,70.0,67.0,254.0,116.0,187.0,132.0,107.0,104.0,106.0,25.0,48.0,108.0,123.0,147.0,49.0,26.0,0.0,34.0,44.0,132.0,136.0,36.0,34.0,0.0,0.0,42.0,68.0,37.0,55.0,49.0,43.0,10.0,15.0,29.0,35.0,83.0,78.0,107.0,101.0,50.0,64.0,3.0,2.0,6525.0
2022-04-03,41.0,35.0,22.0,41.0,202.0,85.0,131.0,173.0,65.0,49.0,0.0,38.0,16.0,0.0,0.0,211.0,168.0,114.0,115.0,0.0,0.0,152.0,239.0,187.0,170.0,86.0,94.0,25.0,25.0,228.0,181.0,105.0,39.0,46.0,0.0,105.0,99.0,262.0,277.0,73.0,51.0,0.0,0.0,100.0,176.0,42.0,56.0,89.0,79.0,27.0,33.0,55.0,56.0,165.0,176.0,257.0,210.0,103.0,173.0,0.0,0.0,5747.0
2022-04-04,100.0,103.0,41.0,81.0,247.0,200.0,361.0,373.0,127.0,75.0,0.0,75.0,62.0,0.0,0.0,292.0,243.0,185.0,217.0,0.0,0.0,360.0,504.0,348.0,313.0,169.0,159.0,112.0,98.0,292.0,279.0,249.0,68.0,81.0,0.0,114.0,119.0,271.0,293.0,113.0,89.0,0.0,0.0,175.0,224.0,188.0,153.0,150.0,138.0,41.0,56.0,71.0,90.0,167.0,147.0,168.0,191.0,98.0,147.0,0.0,0.0,9017.0
2022-04-05,80.0,81.0,30.0,62.0,283.0,184.0,286.0,315.0,145.0,110.0,0.0,54.0,57.0,0.0,0.0,222.0,169.0,107.0,136.0,0.0,0.0,232.0,329.0,221.0,228.0,136.0,144.0,95.0,84.0,216.0,226.0,357.0,63.0,44.0,0.0,84.0,78.0,176.0,185.0,76.0,71.0,0.0,0.0,109.0,139.0,198.0,154.0,73.0,81.0,39.0,40.0,41.0,66.0,105.0,79.0,89.0,93.0,58.0,76.0,7.0,11.0,6824.0
2022-04-06,126.0,170.0,67.0,145.0,297.0,242.0,521.0,547.0,166.0,141.0,0.0,68.0,74.0,0.0,0.0,462.0,367.0,233.0,299.0,0.0,0.0,442.0,598.0,516.0,471.0,191.0,178.0,151.0,106.0,477.0,431.0,425.0,75.0,133.0,0.0,242.0,198.0,519.0,504.0,155.0,120.0,0.0,0.0,305.0,428.0,197.0,210.0,277.0,229.0,94.0,106.0,134.0,172.0,324.0,250.0,343.0,368.0,200.0,263.0,26.0,49.0,13832.0
2022-04-07,139.0,117.0,57.0,127.0,270.0,229.0,400.0,440.0,165.0,97.0,0.0,86.0,82.0,0.0,0.0,307.0,280.0,190.0,235.0,0.0,0.0,413.0,580.0,411.0,457.0,204.0,205.0,139.0,107.0,322.0,297.0,372.0,65.0,98.0,0.0,154.0,169.0,279.0,287.0,147.0,106.0,0.0,0.0,217.0,311.0,184.0,179.0,175.0,168.0,70.0,85.0,97.0,110.0,167.0,143.0,166.0,218.0,105.0,146.0,10.0,29.0,10613.0
2022-04-08,87.0,92.0,35.0,61.0,179.0,148.0,233.0,257.0,121.0,100.0,0.0,24.0,39.0,0.0,0.0,179.0,167.0,119.0,135.0,0.0,0.0,243.0,347.0,250.0,244.0,139.0,131.0,87.0,68.0,259.0,232.0,479.0,69.0,73.0,0.0,76.0,85.0,160.0,189.0,81.0,60.0,0.0,0.0,127.0,176.0,190.0,127.0,101.0,85.0,44.0,37.0,61.0,65.0,97.0,97.0,97.0,103.0,76.0,97.0,13.0,19.0,6860.0
2022-04-09,57.0,45.0,16.0,34.0,101.0,89.0,138.0,163.0,48.0,44.0,0.0,0.0,20.0,0.0,0.0,232.0,174.0,105.0,141.0,0.0,0.0,158.0,225.0,164.0,190.0,118.0,99.0,39.0,46.0,188.0,176.0,183.0,26.0,31.0,0.0,71.0,64.0,267.0,279.0,63.0,39.0,0.0,0.0,111.0,137.0,120.0,118.0,74.0,87.0,33.0,42.0,50.0,39.0,164.0,149.0,166.0,177.0,114.0,145.0,31.0,37.0,5627.0
2022-04-10,61.0,59.0,32.0,56.0,127.0,95.0,168.0,188.0,64.0,69.0,0.0,21.0,26.0,0.0,0.0,293.0,222.0,151.0,158.0,0.0,0.0,228.0,309.0,230.0,219.0,113.0,108.0,29.0,33.0,243.0,232.0,134.0,47.0,50.0,0.0,134.0,117.0,297.0,312.0,80.0,61.0,0.0,0.0,174.0,213.0,60.0,69.0,126.0,122.0,41.0,68.0,65.0,71.0,209.0,169.0,281.0,284.0,164.0,186.0,34.0,30.0,7132.0
2022-04-11,173.0,175.0,69.0,140.0,220.0,234.0,579.0,546.0,212.0,127.0,0.0,36.0,92.0,0.0,0.0,495.0,364.0,297.0,330.0,0.0,0.0,499.0,656.0,541.0,486.0,270.0,253.0,106.0,115.0,533.0,453.0,454.0,78.0,116.0,0.0,214.0,195.0,626.0,599.0,155.0,121.0,0.0,0.0,255.0,374.0,210.0,150.0,237.0,221.0,75.0,88.0,141.0,136.0,393.0,313.0,384.0,461.0,222.0,286.0,32.0,68.0,14605.0
2022-04-12,189.0,224.0,23.0,182.0,317.0,302.0,742.0,814.0,233.0,170.0,0.0,34.0,83.0,0.0,21.0,741.0,680.0,392.0,491.0,442.0,249.0,751.0,915.0,878.0,802.0,325.0,286.0,158.0,150.0,764.0,728.0,558.0,90.0,176.0,0.0,387.0,326.0,1090.0,1071.0,250.0,207.0,0.0,0.0,464.0,641.0,243.0,208.0,435.0,398.0,158.0,219.0,202.0,185.0,727.0,538.0,837.0,879.0,422.0,557.0,67.0,127.0,23548.0
2022-04-13,236.0,274.0,12.0,227.0,351.0,299.0,843.0,912.0,243.0,155.0,0.0,138.0,127.0,0.0,0.0,841.0,734.0,517.0,643.0,750.0,409.0,846.0,1002.0,1052.0,976.0,328.0,314.0,168.0,180.0,1005.0,845.0,515.0,88.0,219.0,0.0,494.0,429.0,1307.0,1366.0,319.0,230.0,0.0,0.0,598.0,842.0,147.0,187.0,580.0,522.0,80.0,122.0,233.0,231.0,938.0,697.0,1034.0,1089.0,535.0,709.0,58.0,157.0,28153.0
2022-04-14,212.0,244.0,59.0,185.0,254.0,243.0,729.0,773.0,165.0,126.0,0.0,98.0,86.0,0.0,0.0,746.0,638.0,476.0,573.0,789.0,581.0,849.0,1006.0,883.0,847.0,300.0,319.0,144.0,136.0,948.0,846.0,432.0,84.0,189.0,0.0,377.0,338.0,1176.0,1185.0,241.0,210.0,93.0,138.0,438.0,585.0,61.0,114.0,422.0,340.0,199.0,208.0,197.0,209.0,779.0,577.0,923.0,916.0,411.0,544.0,48.0,115.0,24804.0
2022-04-15,96.0,126.0,48.0,62.0,189.0,163.0,339.0,329.0,155.0,152.0,0.0,52.0,28.0,0.0,0.0,489.0,414.0,268.0,336.0,524.0,835.0,373.0,526.0,430.0,446.0,155.0,162.0,59.0,64.0,544.0,461.0,173.0,49.0,79.0,0.0,197.0,210.0,788.0,761.0,118.0,95.0,83.0,133.0,222.0,327.0,23.0,44.0,230.0,199.0,117.0,165.0,94.0,109.0,481.0,395.0,669.0,646.0,307.0,446.0,11.0,18.0,15014.0
2022-04-16,69.0,69.0,66.0,53.0,147.0,144.0,242.0,270.0,114.0,100.0,0.0,56.0,27.0,0.0,0.0,247.0,227.0,132.0,173.0,476.0,785.0,238.0,340.0,279.0,274.0,146.0,130.0,30.0,38.0,308.0,292.0,126.0,40.0,52.0,0.0,111.0,97.0,407.0,445.0,111.0,66.0,54.0,100.0,139.0,185.0,13.0,35.0,117.0,107.0,75.0,85.0,64.0,82.0,273.0,234.0,295.0,298.0,154.0,174.0,0.0,0.0,9411.0
2022-04-17,85.0,104.0,42.0,60.0,154.0,148.0,328.0,369.0,114.0,131.0,0.0,60.0,24.0,0.0,0.0,443.0,370.0,232.0,266.0,492.0,755.0,372.0,506.0,443.0,419.0,162.0,134.0,51.0,42.0,595.0,499.0,161.0,38.0,66.0,0.0,232.0,240.0,818.0,922.0,182.0,132.0,88.0,149.0,230.0,385.0,25.0,46.0,269.0,235.0,127.0,155.0,128.0,127.0,564.0,533.0,780.0,729.0,367.0,494.0,0.0,0.0,15622.0
2022-04-18,122.0,179.0,104.0,83.0,183.0,171.0,388.0,347.0,153.0,185.0,0.0,16.0,24.0,0.0,0.0,632.0,459.0,304.0,359.0,363.0,622.0,448.0,575.0,532.0,471.0,148.0,136.0,49.0,50.0,702.0,512.0,144.0,51.0,66.0,0.0,208.0,175.0,955.0,991.0,139.0,105.0,125.0,210.0,281.0,364.0,21.0,48.0,286.0,246.0,94.0,142.0,183.0,169.0,536.0,473.0,809.0,701.0,381.0,404.0,0.0,0.0,16624.0
2022-04-19,126.0,104.0,51.0,83.0,200.0,203.0,369.0,424.0,157.0,151.0,0.0,58.0,64.0,0.0,0.0,252.0,247.0,183.0,209.0,507.0,77.0,410.0,478.0,383.0,337.0,209.0,199.0,111.0,77.0,307.0,288.0,523.0,74.0,84.0,0.0,112.0,113.0,226.0,266.0,104.0,89.0,85.0,146.0,190.0,243.0,65.0,151.0,156.0,152.0,54.0,50.0,78.0,73.0,107.0,108.0,144.0,144.0,90.0,111.0,0.0,0.0,10002.0
2022-04-20,124.0,106.0,72.0,99.0,177.0,213.0,438.0,477.0,170.0,154.0,0.0,71.0,92.0,0.0,0.0,355.0,295.0,195.0,200.0,619.0,3.0,388.0,533.0,379.0,370.0,215.0,195.0,97.0,116.0,363.0,327.0,646.0,84.0,93.0,0.0,158.0,177.0,328.0,337.0,123.0,86.0,78.0,117.0,245.0,304.0,258.0,145.0,195.0,180.0,55.0,67.0,92.0,89.0,192.0,176.0,187.0,193.0,115.0,174.0,4.0,11.0,11752.0
2022-04-21,147.0,124.0,71.0,103.0,240.0,240.0,435.0,506.0,207.0,162.0,0.0,102.0,55.0,0.0,0.0,374.0,313.0,198.0,255.0,599.0,4.0,497.0,601.0,470.0,429.0,231.0,235.0,120.0,92.0,400.0,389.0,530.0,60.0,85.0,0.0,180.0,176.0,389.0,381.0,121.0,104.0,87.0,145.0,244.0,331.0,270.0,234.0,174.0,182.0,79.0,74.0,114.0,109.0,223.0,170.0,252.0,269.0,136.0,226.0,20.0,33.0,12997.0
2022-04-22,100.0,98.0,55.0,109.0,227.0,242.0,405.0,501.0,159.0,133.0,0.0,47.0,51.0,0.0,0.0,329.0,320.0,188.0,260.0,664.0,8.0,448.0,655.0,436.0,451.0,210.0,209.0,109.0,97.0,362.0,344.0,464.0,79.0,94.0,0.0,174.0,163.0,355.0,358.0,120.0,106.0,80.0,134.0,236.0,312.0,253.0,237.0,157.0,187.0,104.0,98.0,101.0,103.0,227.0,179.0,213.0,264.0,135.0,202.0,13.0,32.0,12397.0
2022-04-23,175.0,243.0,133.0,138.0,207.0,248.0,614.0,748.0,113.0,122.0,0.0,67.0,40.0,0.0,0.0,1056.0,953.0,628.0,789.0,814.0,7.0,938.0,1197.0,355.0,575.0,198.0,219.0,86.0,94.0,1329.0,1163.0,225.0,69.0,160.0,0.0,515.0,439.0,1967.0,2028.0,316.0,235.0,206.0,341.0,590.0,826.0,96.0,72.0,612.0,529.0,267.0,386.0,299.0,342.0,1472.0,1221.0,1800.0,1717.0,1025.0,1203.0,166.0,230.0,32603.0
2022-04-24,38.0,33.0,33.0,27.0,131.0,79.0,112.0,115.0,47.0,45.0,0.0,40.0,16.0,0.0,0.0,138.0,135.0,73.0,74.0,334.0,3.0,102.0,161.0,96.0,107.0,64.0,56.0,19.0,27.0,106.0,95.0,169.0,48.0,22.0,0.0,43.0,34.0,119.0,128.0,42.0,39.0,37.0,60.0,58.0,66.0,39.0,54.0,50.0,43.0,29.0,30.0,40.0,38.0,78.0,82.0,98.0,92.0,55.0,65.0,8.0,13.0,3985.0
2022-04-25,102.0,104.0,54.0,80.0,180.0,205.0,337.0,353.0,169.0,125.0,0.0,73.0,52.0,0.0,0.0,272.0,233.0,197.0,222.0,493.0,6.0,346.0,470.0,333.0,312.0,173.0,170.0,107.0,87.0,284.0,289.0,350.0,63.0,72.0,0.0,114.0,96.0,300.0,293.0,80.0,70.0,61.0,128.0,143.0,200.0,196.0,148.0,130.0,124.0,57.0,58.0,75.0,96.0,153.0,115.0,149.0,186.0,84.0,137.0,14.0,26.0,9546.0
2022-04-26,201.0,234.0,88.0,185.0,283.0,269.0,667.0,703.0,141.0,89.0,0.0,92.0,93.0,0.0,0.0,672.0,555.0,362.0,464.0,709.0,20.0,719.0,905.0,706.0,665.0,294.0,264.0,152.0,146.0,674.0,635.0,333.0,85.0,161.0,0.0,311.0,306.0,858.0,887.0,231.0,169.0,158.0,211.0,385.0,545.0,230.0,173.0,372.0,327.0,134.0,152.0,192.0,168.0,549.0,415.0,505.0,568.0,295.0,394.0,45.0,84.0,20230.0
2022-04-27,209.0,219.0,82.0,199.0,281.0,260.0,679.0,812.0,154.0,114.0,0.0,39.0,60.0,0.0,0.0,625.0,538.0,408.0,484.0,702.0,7.0,818.0,1036.0,802.0,726.0,326.0,308.0,167.0,152.0,657.0,615.0,397.0,92.0,165.0,0.0,296.0,294.0,776.0,779.0,234.0,176.0,159.0,221.0,439.0,568.0,332.0,199.0,433.0,392.0,147.0,156.0,203.0,180.0,483.0,372.0,541.0,548.0,315.0,390.0,39.0,91.0,20896.0
2022-04-28,257.0,301.0,124.0,222.0,258.0,278.0,820.0,902.0,179.0,122.0,0.0,13.0,70.0,0.0,0.0,766.0,668.0,460.0,549.0,688.0,7.0,846.0,1080.0,799.0,718.0,360.0,341.0,146.0,141.0,776.0,691.0,423.0,108.0,184.0,0.0,390.0,375.0,935.0,995.0,208.0,158.0,180.0,254.0,510.0,712.0,249.0,210.0,461.0,436.0,167.0,177.0,207.0,219.0,619.0,498.0,752.0,725.0,397.0,611.0,35.0,102.0,23879.0
2022-04-29,232.0,256.0,96.0,186.0,267.0,266.0,782.0,860.0,110.0,71.0,0.0,1.0,63.0,0.0,0.0,752.0,696.0,488.0,614.0,792.0,8.0,861.0,1107.0,209.0,93.0,298.0,282.0,125.0,128.0,836.0,735.0,395.0,104.0,175.0,0.0,430.0,381.0,1076.0,1090.0,260.0,176.0,170.0,216.0,476.0,618.0,242.0,201.0,473.0,404.0,177.0,183.0,223.0,222.0,763.0,595.0,847.0,929.0,440.0,558.0,61.0,91.0,23190.0
2022-04-30,171.0,252.0,82.0,149.0,231.0,240.0,614.0,682.0,65.0,43.0,0.0,0.0,43.0,0.0,0.0,966.0,904.0,559.0,746.0,643.0,11.0,781.0,1029.0,939.0,895.0,179.0,213.0,61.0,105.0,1091.0,993.0,212.0,58.0,145.0,0.0,449.0,426.0,1836.0,1830.0,317.0,209.0,162.0,273.0,508.0,684.0,162.0,80.0,559.0,511.0,274.0,343.0,235.0,252.0,1357.0,1145.0,1506.0,1493.0,823.0,1047.0,2.0,9.0,29594.0
2022-05-01,190.0,213.0,12.0,153.0,227.0,177.0,511.0,602.0,80.0,53.0,0.0,0.0,30.0,0.0,0.0,924.0,847.0,556.0,662.0,579.0,2.0,767.0,859.0,930.0,763.0,159.0,154.0,72.0,69.0,1130.0,1020.0,179.0,79.0,107.0,0.0,460.0,421.0,1696.0,1751.0,298.0,217.0,207.0,327.0,455.0,604.0,121.0,93.0,491.0,405.0,93.0,143.0,327.0,274.0,1201.0,1071.0,1362.0,1239.0,710.0,848.0,0.0,0.0,26920.0
2022-05-02,244.0,293.0,131.0,221.0,226.0,307.0,889.0,948.0,148.0,88.0,0.0,23.0,77.0,179.0,123.0,812.0,710.0,527.0,660.0,888.0,15.0,1089.0,1232.0,1072.0,961.0,352.0,361.0,163.0,143.0,800.0,730.0,402.0,85.0,173.0,0.0,450.0,429.0,1003.0,1027.0,290.0,183.0,160.0,257.0,576.0,711.0,298.0,167.0,557.0,462.0,192.0,212.0,220.0,218.0,664.0,488.0,675.0,676.0,367.0,470.0,0.0,0.0,25824.0
2022-05-03,309.0,296.0,219.0,260.0,206.0,344.0,1029.0,1089.0,155.0,106.0,0.0,1.0,72.0,356.0,265.0,943.0,816.0,589.0,707.0,1030.0,9.0,1133.0,1378.0,749.0,462.0,389.0,410.0,161.0,164.0,885.0,792.0,464.0,88.0,72.0,0.0,528.0,509.0,1116.0,1149.0,371.0,259.0,179.0,319.0,620.0,814.0,286.0,189.0,606.0,542.0,223.0,226.0,245.0,249.0,746.0,580.0,897.0,923.0,413.0,577.0,0.0,0.0,28514.0
2022-05-04,332.0,387.0,160.0,284.0,300.0,347.0,1181.0,1216.0,145.0,104.0,0.0,2.0,100.0,416.0,293.0,1064.0,943.0,720.0,847.0,1030.0,7.0,1286.0,1544.0,1360.0,1205.0,409.0,440.0,165.0,179.0,1119.0,990.0,581.0,97.0,79.0,0.0,608.0,590.0,1342.0,1378.0,399.0,286.0,175.0,334.0,749.0,915.0,351.0,262.0,664.0,596.0,248.0,285.0,287.0,287.0,955.0,804.0,933.0,1008.0,507.0,597.0,0.0,0.0,33892.0
2022-05-05,197.0,195.0,98.0,156.0,249.0,298.0,759.0,866.0,105.0,86.0,0.0,4.0,67.0,262.0,237.0,589.0,558.0,371.0,474.0,882.0,10.0,730.0,806.0,728.0,662.0,289.0,317.0,127.0,141.0,562.0,542.0,428.0,69.0,98.0,0.0,301.0,274.0,638.0,658.0,179.0,134.0,130.0,241.0,416.0,409.0,282.0,207.0,348.0,314.0,123.0,136.0,179.0,159.0,369.0,296.0,297.0,332.0,191.0,230.0,19.0,34.0,18858.0
2022-05-06,231.0,252.0,193.0,208.0,262.0,330.0,791.0,838.0,156.0,141.0,0.0,14.0,138.0,280.0,236.0,689.0,652.0,454.0,607.0,864.0,8.0,871.0,1092.0,898.0,860.0,294.0,312.0,145.0,129.0,699.0,684.0,428.0,99.0,67.0,0.0,402.0,399.0,874.0,941.0,281.0,189.0,142.0,245.0,479.0,596.0,273.0,233.0,430.0,381.0,158.0,206.0,206.0,231.0,633.0,528.0,697.0,755.0,329.0,442.0,31.0,82.0,24085.0
2022-05-07,191.0,296.0,138.0,163.0,249.0,284.0,703.0,865.0,208.0,177.0,0.0,128.0,62.0,300.0,212.0,1157.0,1058.0,671.0,843.0,403.0,5.0,957.0,1187.0,1209.0,1121.0,235.0,271.0,123.0,83.0,1372.0,1286.0,237.0,86.0,171.0,0.0,625.0,580.0,2178.0,2187.0,323.0,261.0,240.0,382.0,655.0,934.0,82.0,51.0,624.0,627.0,327.0,441.0,346.0,356.0,1617.0,1397.0,1809.0,1719.0,844.0,1116.0,136.0,212.0,36520.0
2022-05-08,259.0,327.0,181.0,185.0,262.0,278.0,706.0,816.0,159.0,175.0,0.0,4522.0,46.0,320.0,190.0,1382.0,1167.0,820.0,1004.0,421.0,8.0,938.0,1049.0,1351.0,1152.0,201.0,215.0,99.0,103.0,1534.0,1423.0,219.0,103.0,223.0,0.0,714.0,641.0,2366.0,2356.0,428.0,333.0,263.0,529.0,752.0,910.0,108.0,65.0,685.0,613.0,215.0,252.0,434.0,417.0,1678.0,1483.0,2080.0,1890.0,1117.0,1214.0,156.0,238.0,43775.0
2022-05-09,311.0,356.0,103.0,289.0,350.0,346.0,1142.0,1254.0,304.0,239.0,0.0,75.0,92.0,350.0,164.0,1098.0,964.0,707.0,865.0,881.0,14.0,1434.0,1677.0,1422.0,1250.0,412.0,462.0,193.0,191.0,1025.0,961.0,463.0,78.0,272.0,0.0,625.0,578.0,1473.0,1335.0,386.0,275.0,195.0,359.0,725.0,933.0,395.0,260.0,660.0,570.0,257.0,286.0,337.0,314.0,985.0,750.0,1067.0,1160.0,452.0,708.0,50.0,158.0,35037.0
2022-05-10,365.0,374.0,160.0,354.0,277.0,425.0,1358.0,1491.0,328.0,287.0,0.0,100.0,68.0,391.0,227.0,1263.0,1138.0,830.0,1080.0,989.0,10.0,1651.0,1873.0,1567.0,1408.0,502.0,485.0,177.0,203.0,1273.0,1187.0,503.0,118.0,352.0,0.0,776.0,717.0,1807.0,1407.0,420.0,315.0,263.0,394.0,992.0,1155.0,357.0,242.0,894.0,784.0,302.0,304.0,359.0,351.0,1287.0,1010.0,1334.0,1443.0,617.0,781.0,76.0,188.0,41389.0
2022-05-11,344.0,393.0,270.0,373.0,368.0,418.0,1269.0,1424.0,342.0,272.0,0.0,128.0,134.0,417.0,192.0,1363.0,1230.0,832.0,1022.0,1139.0,8.0,1691.0,1942.0,1591.0,1432.0,374.0,341.0,205.0,208.0,1332.0,1257.0,502.0,113.0,349.0,0.0,776.0,712.0,1853.0,1857.0,458.0,315.0,255.0,433.0,968.0,1120.0,259.0,224.0,889.0,813.0,283.0,378.0,386.0,389.0,1284.0,1038.0,1372.0,1499.0,656.0,808.0,88.0,174.0,42562.0
2022-05-12,319.0,326.0,273.0,265.0,301.0,374.0,1175.0,1247.0,281.0,203.0,0.0,89.0,156.0,398.0,48.0,1043.0,927.0,730.0,851.0,1048.0,15.0,1433.0,1577.0,1419.0,1210.0,479.0,446.0,181.0,182.0,1079.0,974.0,515.0,109.0,255.0,0.0,592.0,554.0,1308.0,1468.0,362.0,264.0,232.0,354.0,784.0,862.0,221.0,205.0,679.0,558.0,279.0,290.0,343.0,288.0,898.0,739.0,1004.0,1044.0,477.0,575.0,72.0,134.0,34514.0
2022-05-13,277.0,286.0,98.0,238.0,303.0,341.0,847.0,1036.0,190.0,169.0,0.0,105.0,89.0,408.0,111.0,889.0,858.0,567.0,710.0,976.0,5.0,985.0,1233.0,1188.0,1094.0,357.0,410.0,147.0,151.0,938.0,860.0,531.0,97.0,238.0,0.0,565.0,461.0,1241.0,1259.0,306.0,238.0,212.0,303.0,659.0,820.0,215.0,185.0,572.0,511.0,218.0,284.0,351.0,320.0,827.0,670.0,937.0,1040.0,418.0,608.0,54.0,110.0,30116.0
2022-05-14,235.0,300.0,112.0,188.0,217.0,172.0,748.0,885.0,169.0,171.0,0.0,121.0,52.0,355.0,32.0,1310.0,1090.0,634.0,783.0,474.0,12.0,941.0,1280.0,1290.0,1273.0,288.0,318.0,85.0,102.0,1335.0,1304.0,291.0,85.0,207.0,0.0,590.0,556.0,1183.0,1178.0,347.0,260.0,230.0,345.0,638.0,896.0,93.0,67.0,638.0,600.0,310.0,458.0,336.0,373.0,1657.0,1408.0,1802.0,1881.0,894.0,1189.0,152.0,198.0,35138.0
2022-05-15,251.0,341.0,149.0,189.0,232.0,65.0,845.0,869.0,145.0,138.0,0.0,139.0,35.0,314.0,225.0,1462.0,1216.0,785.0,930.0,816.0,7.0,1005.0,1231.0,1378.0,1265.0,243.0,254.0,72.0,103.0,1492.0,1221.0,266.0,82.0,157.0,0.0,596.0,530.0,1707.0,1144.0,413.0,304.0,267.0,479.0,829.0,947.0,104.0,85.0,772.0,718.0,347.0,487.0,649.0,631.0,1821.0,1644.0,2065.0,2122.0,1162.0,1254.0,171.0,274.0,39444.0
2022-05-16,331.0,357.0,12.0,331.0,519.0,137.0,1205.0,1224.0,336.0,262.0,0.0,117.0,99.0,336.0,329.0,1081.0,945.0,741.0,850.0,1134.0,10.0,1262.0,1388.0,1510.0,1260.0,18.0,8.0,166.0,203.0,1059.0,920.0,516.0,84.0,269.0,0.0,643.0,619.0,1356.0,1368.0,385.0,309.0,233.0,357.0,925.0,991.0,283.0,221.0,763.0,641.0,246.0,200.0,476.0,406.0,908.0,717.0,1089.0,1159.0,433.0,595.0,0.0,0.0,34342.0
2022-05-17,180.0,202.0,12.0,177.0,296.0,133.0,664.0,769.0,219.0,175.0,0.0,77.0,60.0,210.0,215.0,545.0,448.0,288.0,359.0,988.0,3.0,557.0,602.0,675.0,620.0,271.0,319.0,84.0,119.0,534.0,542.0,505.0,91.0,156.0,0.0,315.0,290.0,658.0,620.0,218.0,165.0,119.0,201.0,378.0,457.0,279.0,217.0,319.0,284.0,133.0,154.0,148.0,122.0,393.0,354.0,396.0,449.0,184.0,256.0,0.0,0.0,18204.0
2022-05-18,364.0,430.0,30.0,350.0,360.0,68.0,1343.0,1414.0,312.0,247.0,0.0,122.0,132.0,428.0,346.0,1337.0,1141.0,806.0,1022.0,1229.0,4.0,1425.0,1627.0,702.0,228.0,502.0,503.0,169.0,238.0,1259.0,1151.0,585.0,135.0,308.0,0.0,679.0,622.0,1761.0,1698.0,470.0,335.0,113.0,336.0,896.0,1134.0,390.0,285.0,878.0,802.0,306.0,380.0,398.0,356.0,1212.0,966.0,1360.0,1494.0,566.0,701.0,0.0,0.0,38455.0
2022-05-19,325.0,329.0,24.0,325.0,483.0,18.0,1209.0,1402.0,230.0,209.0,0.0,133.0,152.0,410.0,354.0,1209.0,1114.0,777.0,911.0,1127.0,2.0,1444.0,1639.0,0.0,0.0,421.0,513.0,171.0,196.0,1188.0,1092.0,462.0,109.0,301.0,0.0,649.0,612.0,1621.0,1433.0,404.0,321.0,32.0,183.0,821.0,1010.0,258.0,158.0,813.0,708.0,290.0,353.0,350.0,336.0,1161.0,905.0,1276.0,1417.0,536.0,693.0,0.0,0.0,34619.0
2022-05-20,244.0,290.0,12.0,178.0,293.0,9.0,900.0,997.0,181.0,141.0,0.0,123.0,108.0,368.0,279.0,869.0,795.0,498.0,689.0,1242.0,8.0,995.0,1108.0,0.0,0.0,363.0,393.0,135.0,145.0,906.0,819.0,433.0,93.0,180.0,0.0,461.0,440.0,1323.0,1361.0,293.0,226.0,112.0,255.0,556.0,725.0,191.0,181.0,595.0,485.0,211.0,260.0,269.0,261.0,985.0,704.0,872.0,998.0,352.0,560.0,0.0,0.0,26470.0
2022-05-21,209.0,220.0,97.0,164.0,331.0,11.0,667.0,777.0,84.0,95.0,0.0,90.0,86.0,343.0,249.0,1057.0,851.0,480.0,658.0,844.0,6.0,824.0,1028.0,0.0,0.0,247.0,316.0,71.0,71.0,1105.0,984.0,195.0,58.0,121.0,0.0,411.0,341.0,1445.0,1358.0,289.0,225.0,131.0,235.0,492.0,548.0,72.0,76.0,490.0,394.0,220.0,317.0,227.0,211.0,1122.0,993.0,1432.0,1426.0,688.0,790.0,0.0,0.0,26272.0
2022-05-22,222.0,310.0,148.0,187.0,273.0,18.0,741.0,757.0,144.0,144.0,0.0,113.0,76.0,333.0,281.0,1261.0,1078.0,730.0,864.0,925.0,8.0,881.0,1095.0,0.0,0.0,242.0,274.0,72.0,102.0,6.0,17.0,246.0,96.0,198.0,0.0,581.0,546.0,2137.0,2209.0,377.0,246.0,189.0,340.0,609.0,797.0,82.0,59.0,609.0,573.0,285.0,413.0,357.0,331.0,1523.0,1381.0,1908.0,1831.0,912.0,1013.0,0.0,0.0,31150.0
2022-05-23,295.0,321.0,159.0,291.0,289.0,7.0,1134.0,1198.0,228.0,168.0,0.0,126.0,62.0,377.0,329.0,1008.0,860.0,713.0,899.0,1075.0,5.0,1317.0,1548.0,0.0,0.0,423.0,465.0,182.0,209.0,993.0,907.0,423.0,110.0,243.0,0.0,584.0,548.0,1379.0,1288.0,386.0,304.0,102.0,276.0,726.0,930.0,245.0,192.0,736.0,656.0,223.0,294.0,287.0,270.0,930.0,726.0,913.0,1014.0,389.0,560.0,0.0,0.0,30322.0
2022-05-24,173.0,202.0,108.0,175.0,241.0,7.0,697.0,801.0,136.0,111.0,0.0,74.0,109.0,281.0,192.0,486.0,476.0,353.0,382.0,898.0,5.0,784.0,822.0,0.0,0.0,296.0,324.0,111.0,136.0,540.0,492.0,548.0,78.0,149.0,0.0,294.0,277.0,497.0,590.0,222.0,167.0,79.0,134.0,422.0,449.0,241.0,164.0,373.0,294.0,136.0,152.0,139.0,132.0,368.0,287.0,320.0,282.0,157.0,180.0,0.0,0.0,16543.0
2022-05-25,216.0,226.0,697.0,191.0,202.0,6.0,839.0,951.0,186.0,141.0,0.0,104.0,124.0,232.0,237.0,705.0,579.0,416.0,578.0,899.0,5.0,829.0,972.0,0.0,0.0,348.0,341.0,134.0,165.0,679.0,646.0,511.0,94.0,197.0,0.0,272.0,222.0,855.0,876.0,189.0,157.0,131.0,205.0,467.0,628.0,265.0,207.0,389.0,360.0,160.0,177.0,204.0,155.0,519.0,404.0,552.0,610.0,257.0,361.0,0.0,0.0,21072.0
2022-05-26,278.0,283.0,215.0,288.0,441.0,7.0,1093.0,1225.0,226.0,166.0,0.0,109.0,130.0,364.0,325.0,945.0,862.0,560.0,719.0,1000.0,7.0,1122.0,1305.0,0.0,0.0,454.0,477.0,188.0,222.0,960.0,885.0,470.0,105.0,234.0,0.0,532.0,519.0,1249.0,1221.0,336.0,244.0,153.0,225.0,708.0,835.0,273.0,235.0,608.0,539.0,211.0,258.0,262.0,213.0,836.0,658.0,772.0,969.0,457.0,531.0,0.0,0.0,28509.0
2022-05-27,145.0,171.0,141.0,129.0,218.0,6.0,516.0,634.0,118.0,90.0,0.0,64.0,93.0,233.0,186.0,423.0,485.0,275.0,297.0,889.0,5.0,571.0,609.0,0.0,0.0,254.0,282.0,104.0,116.0,496.0,424.0,468.0,76.0,117.0,0.0,220.0,232.0,456.0,589.0,149.0,121.0,84.0,112.0,286.0,365.0,159.0,140.0,283.0,237.0,95.0,130.0,152.0,120.0,319.0,352.0,310.0,393.0,156.0,216.0,0.0,0.0,14311.0
2022-05-28,169.0,232.0,78.0,143.0,271.0,7.0,543.0,534.0,101.0,79.0,0.0,124.0,54.0,238.0,188.0,881.0,731.0,330.0,487.0,732.0,12.0,650.0,817.0,0.0,0.0,201.0,202.0,83.0,72.0,832.0,795.0,234.0,47.0,119.0,0.0,298.0,294.0,1219.0,1273.0,241.0,161.0,77.0,180.0,391.0,551.0,87.0,69.0,395.0,312.0,168.0,242.0,144.0,180.0,852.0,818.0,1072.0,1115.0,484.0,739.0,0.0,0.0,21348.0
2022-05-29,130.0,136.0,83.0,107.0,194.0,9.0,311.0,377.0,56.0,66.0,0.0,54.0,30.0,174.0,129.0,634.0,514.0,337.0,390.0,539.0,6.0,450.0,581.0,0.0,0.0,135.0,178.0,38.0,60.0,642.0,581.0,194.0,69.0,84.0,0.0,233.0,196.0,1053.0,1034.0,154.0,110.0,84.0,165.0,288.0,417.0,86.0,47.0,315.0,299.0,143.0,161.0,181.0,146.0,771.0,666.0,710.0,660.0,332.0,446.0,0.0,0.0,15985.0
2022-05-30,246.0,223.0,138.0,117.0,226.0,20.0,870.0,912.0,160.0,114.0,0.0,99.0,79.0,316.0,258.0,723.0,655.0,527.0,647.0,795.0,6.0,901.0,1039.0,0.0,0.0,328.0,320.0,141.0,163.0,710.0,663.0,377.0,104.0,183.0,168.0,403.0,375.0,816.0,826.0,265.0,208.0,143.0,233.0,513.0,628.0,139.0,148.0,462.0,406.0,152.0,179.0,201.0,181.0,598.0,487.0,624.0,716.0,297.0,389.0,0.0,0.0,21617.0
2022-05-31,290.0,329.0,173.0,271.0,263.0,7.0,1131.0,1204.0,290.0,208.0,0.0,97.0,97.0,390.0,342.0,1065.0,931.0,658.0,871.0,934.0,4.0,1272.0,1461.0,0.0,0.0,431.0,467.0,161.0,184.0,1075.0,1019.0,480.0,124.0,270.0,323.0,491.0,487.0,1461.0,1441.0,366.0,292.0,199.0,320.0,737.0,952.0,248.0,208.0,695.0,610.0,231.0,268.0,304.0,238.0,1040.0,832.0,1071.0,1186.0,458.0,644.0,0.0,0.0,31601.0
2022-06-01,344.0,375.0,210.0,255.0,330.0,27.0,1118.0,1277.0,256.0,234.0,0.0,276.0,139.0,404.0,187.0,1014.0,910.0,645.0,788.0,1103.0,8.0,1278.0,1533.0,498.0,614.0,438.0,452.0,161.0,204.0,941.0,918.0,466.0,88.0,272.0,233.0,498.0,460.0,1324.0,1327.0,344.0,228.0,157.0,275.0,678.0,827.0,284.0,255.0,621.0,537.0,243.0,229.0,298.0,262.0,888.0,741.0,1035.0,1164.0,407.0,526.0,51.0,107.0,31762.0
2022-06-02,299.0,303.0,234.0,258.0,462.0,17.0,1131.0,1205.0,332.0,257.0,0.0,117.0,73.0,373.0,187.0,1114.0,959.0,651.0,758.0,1034.0,8.0,1282.0,1490.0,1347.0,1184.0,453.0,439.0,165.0,191.0,1156.0,1034.0,466.0,116.0,243.0,232.0,558.0,507.0,1506.0,1557.0,343.0,267.0,189.0,285.0,748.0,893.0,266.0,212.0,634.0,561.0,235.0,267.0,310.0,310.0,1060.0,822.0,1096.0,1192.0,470.0,592.0,63.0,162.0,34675.0
2022-06-03,294.0,321.0,202.0,210.0,302.0,10.0,903.0,997.0,256.0,210.0,0.0,111.0,76.0,371.0,53.0,920.0,834.0,557.0,702.0,1073.0,9.0,1105.0,1324.0,1141.0,1048.0,343.0,375.0,161.0,175.0,981.0,965.0,399.0,129.0,236.0,204.0,402.0,381.0,1537.0,1412.0,367.0,256.0,88.0,289.0,523.0,704.0,244.0,140.0,532.0,446.0,237.0,218.0,289.0,261.0,1050.0,760.0,1067.0,1194.0,414.0,600.0,58.0,111.0,30577.0
2022-06-04,166.0,230.0,87.0,136.0,254.0,12.0,651.0,687.0,69.0,55.0,0.0,80.0,253.0,262.0,66.0,889.0,741.0,417.0,491.0,1042.0,16.0,818.0,850.0,980.0,895.0,208.0,283.0,77.0,96.0,909.0,788.0,237.0,79.0,118.0,148.0,346.0,369.0,1476.0,1452.0,211.0,148.0,124.0,245.0,373.0,463.0,72.0,67.0,363.0,354.0,200.0,251.0,206.0,237.0,1109.0,897.0,1144.0,1137.0,493.0,408.0,85.0,121.0,25441.0
2022-06-05,254.0,369.0,19.0,162.0,297.0,13.0,809.0,894.0,104.0,74.0,0.0,108.0,159.0,335.0,5.0,1389.0,1488.0,747.0,924.0,1003.0,22.0,1096.0,1155.0,1433.0,1296.0,272.0,289.0,72.0,101.0,1449.0,1314.0,288.0,92.0,182.0,219.0,564.0,524.0,2338.0,2461.0,294.0,248.0,111.0,347.0,664.0,908.0,87.0,69.0,686.0,649.0,325.0,385.0,488.0,507.0,1790.0,1590.0,2059.0,1999.0,931.0,304.0,164.0,253.0,39178.0
2022-06-06,239.0,269.0,55.0,192.0,264.0,8.0,781.0,806.0,132.0,107.0,0.0,74.0,123.0,292.0,155.0,706.0,610.0,424.0,586.0,1158.0,12.0,775.0,787.0,911.0,826.0,289.0,315.0,133.0,139.0,753.0,690.0,449.0,81.0,204.0,155.0,320.0,303.0,1039.0,1036.0,227.0,199.0,147.0,245.0,437.0,566.0,205.0,161.0,435.0,374.0,151.0,167.0,332.0,337.0,727.0,569.0,804.0,816.0,284.0,151.0,41.0,96.0,23669.0
2022-06-07,143.0,150.0,64.0,81.0,201.0,4.0,435.0,454.0,109.0,98.0,0.0,181.0,59.0,128.0,88.0,350.0,288.0,199.0,252.0,1058.0,14.0,260.0,360.0,348.0,363.0,183.0,189.0,81.0,80.0,365.0,358.0,541.0,83.0,97.0,92.0,106.0,103.0,425.0,457.0,144.0,141.0,41.0,133.0,173.0,224.0,149.0,88.0,145.0,144.0,59.0,78.0,93.0,88.0,267.0,237.0,206.0,256.0,75.0,54.0,14.0,33.0,11689.0
2022-06-08,284.0,301.0,153.0,309.0,311.0,7.0,1161.0,1264.0,309.0,265.0,0.0,221.0,115.0,415.0,108.0,1126.0,1024.0,669.0,858.0,1347.0,10.0,1058.0,1377.0,1287.0,1123.0,454.0,444.0,202.0,186.0,1094.0,1078.0,510.0,112.0,275.0,202.0,538.0,529.0,1552.0,1601.0,372.0,306.0,169.0,351.0,799.0,982.0,86.0,404.0,704.0,627.0,231.0,316.0,313.0,296.0,1073.0,788.0,1166.0,1263.0,496.0,215.0,81.0,137.0,35054.0
2022-06-09,193.0,211.0,169.0,174.0,420.0,11.0,750.0,814.0,227.0,156.0,0.0,125.0,86.0,284.0,191.0,579.0,545.0,394.0,478.0,1167.0,17.0,704.0,959.0,707.0,683.0,328.0,327.0,133.0,150.0,624.0,639.0,462.0,114.0,161.0,167.0,246.0,278.0,793.0,772.0,205.0,145.0,118.0,176.0,377.0,420.0,224.0,125.0,329.0,272.0,129.0,158.0,181.0,189.0,452.0,364.0,463.0,514.0,202.0,130.0,30.0,59.0,20500.0
2022-06-10,287.0,311.0,201.0,222.0,398.0,9.0,926.0,1038.0,176.0,129.0,0.0,152.0,92.0,346.0,149.0,924.0,854.0,575.0,716.0,1234.0,10.0,957.0,1163.0,1061.0,984.0,327.0,388.0,145.0,159.0,956.0,862.0,406.0,113.0,215.0,240.0,449.0,451.0,1313.0,1328.0,333.0,266.0,177.0,278.0,537.0,734.0,127.0,121.0,569.0,484.0,216.0,229.0,279.0,273.0,912.0,695.0,962.0,1000.0,330.0,184.0,0.0,0.0,28972.0
2022-06-11,247.0,290.0,196.0,199.0,494.0,12.0,685.0,802.0,190.0,183.0,0.0,338.0,77.0,353.0,60.0,1126.0,1000.0,612.0,789.0,1149.0,16.0,934.0,1221.0,0.0,2.0,230.0,296.0,85.0,97.0,1308.0,1216.0,470.0,113.0,173.0,164.0,487.0,436.0,1918.0,2006.0,310.0,232.0,196.0,386.0,636.0,801.0,242.0,130.0,625.0,521.0,328.0,412.0,308.0,315.0,1408.0,1181.0,1724.0,1765.0,769.0,359.0,0.0,0.0,32622.0
2022-06-12,234.0,348.0,69.0,209.0,355.0,14.0,717.0,730.0,94.0,76.0,0.0,115.0,50.0,328.0,24.0,1156.0,1077.0,640.0,774.0,990.0,22.0,1025.0,1035.0,1170.0,1087.0,253.0,220.0,89.0,87.0,1215.0,1130.0,236.0,86.0,174.0,188.0,514.0,513.0,1926.0,1964.0,378.0,297.0,197.0,359.0,652.0,819.0,69.0,66.0,632.0,615.0,286.0,403.0,312.0,301.0,1515.0,1266.0,1795.0,1707.0,862.0,297.0,0.0,0.0,33762.0
2022-06-13,172.0,182.0,11.0,167.0,363.0,16.0,590.0,672.0,190.0,169.0,0.0,107.0,77.0,249.0,115.0,499.0,465.0,341.0,397.0,1022.0,20.0,671.0,555.0,691.0,618.0,352.0,386.0,123.0,129.0,517.0,507.0,464.0,85.0,133.0,145.0,174.0,216.0,649.0,628.0,179.0,167.0,71.0,133.0,358.0,409.0,220.0,142.0,314.0,282.0,98.0,188.0,155.0,165.0,386.0,294.0,418.0,442.0,154.0,100.0,0.0,0.0,17542.0
2022-06-14,321.0,351.0,47.0,97.0,424.0,20.0,1089.0,1244.0,334.0,266.0,0.0,198.0,94.0,384.0,133.0,1106.0,922.0,646.0,813.0,1252.0,19.0,1853.0,1426.0,1347.0,1076.0,433.0,418.0,155.0,180.0,1062.0,1009.0,492.0,131.0,268.0,177.0,519.0,451.0,1464.0,1552.0,382.0,296.0,49.0,80.0,747.0,893.0,248.0,188.0,677.0,552.0,244.0,250.0,352.0,329.0,980.0,784.0,1089.0,1198.0,448.0,226.0,80.0,103.0,33968.0
2022-06-15,338.0,373.0,0.0,0.0,411.0,4.0,1167.0,1301.0,317.0,282.0,0.0,134.0,77.0,423.0,111.0,1190.0,1079.0,666.0,872.0,1444.0,20.0,1964.0,1607.0,1361.0,1216.0,437.0,397.0,151.0,181.0,1142.0,1113.0,484.0,152.0,291.0,289.0,457.0,400.0,1653.0,1468.0,428.0,313.0,233.0,350.0,796.0,1025.0,248.0,189.0,761.0,665.0,121.0,196.0,335.0,314.0,1142.0,827.0,1097.0,1195.0,460.0,252.0,67.0,145.0,36131.0
2022-06-16,265.0,274.0,110.0,240.0,333.0,10.0,1047.0,1051.0,275.0,194.0,0.0,134.0,109.0,352.0,179.0,809.0,696.0,496.0,631.0,1358.0,20.0,1633.0,1209.0,1054.0,905.0,404.0,404.0,175.0,167.0,868.0,851.0,450.0,113.0,221.0,188.0,369.0,402.0,1092.0,1118.0,327.0,243.0,128.0,201.0,563.0,677.0,243.0,158.0,479.0,406.0,172.0,194.0,257.0,249.0,708.0,596.0,754.0,806.0,303.0,163.0,49.0,77.0,27959.0
2022-06-17,237.0,291.0,123.0,266.0,331.0,3.0,842.0,886.0,176.0,139.0,0.0,130.0,56.0,344.0,70.0,937.0,797.0,527.0,699.0,1320.0,18.0,1704.0,1268.0,1100.0,951.0,359.0,396.0,166.0,143.0,920.0,878.0,458.0,123.0,226.0,236.0,423.0,419.0,1330.0,1034.0,292.0,221.0,182.0,233.0,520.0,698.0,260.0,171.0,530.0,484.0,214.0,243.0,269.0,278.0,929.0,708.0,1037.0,1026.0,404.0,267.0,67.0,123.0,29482.0
2022-06-18,180.0,186.0,169.0,192.0,256.0,1.0,661.0,690.0,129.0,84.0,0.0,92.0,43.0,278.0,12.0,837.0,717.0,415.0,512.0,1181.0,25.0,1309.0,1021.0,926.0,834.0,239.0,283.0,73.0,71.0,763.0,719.0,248.0,83.0,143.0,167.0,344.0,338.0,1384.0,1336.0,257.0,169.0,151.0,273.0,420.0,541.0,80.0,68.0,473.0,418.0,158.0,229.0,319.0,320.0,1062.0,792.0,1267.0,1315.0,547.0,218.0,84.0,149.0,26251.0
2022-06-19,140.0,142.0,122.0,150.0,263.0,1.0,438.0,461.0,94.0,75.0,0.0,67.0,32.0,226.0,52.0,594.0,490.0,330.0,397.0,961.0,24.0,1047.0,815.0,696.0,677.0,212.0,208.0,70.0,63.0,595.0,570.0,244.0,67.0,110.0,167.0,220.0,221.0,1031.0,1102.0,194.0,139.0,94.0,171.0,350.0,413.0,49.0,50.0,317.0,276.0,133.0,146.0,168.0,148.0,807.0,629.0,910.0,968.0,379.0,139.0,83.0,118.0,19855.0
2022-06-20,161.0,173.0,122.0,175.0,276.0,2.0,574.0,619.0,171.0,141.0,0.0,80.0,46.0,135.0,107.0,500.0,412.0,313.0,347.0,1163.0,14.0,1155.0,622.0,709.0,569.0,288.0,291.0,108.0,128.0,491.0,453.0,489.0,87.0,148.0,204.0,244.0,252.0,540.0,517.0,158.0,111.0,97.0,169.0,374.0,439.0,171.0,114.0,319.0,256.0,121.0,154.0,136.0,127.0,317.0,241.0,320.0,235.0,164.0,73.0,0.0,0.0,16922.0
2022-06-21,290.0,324.0,212.0,225.0,290.0,1.0,1116.0,1219.0,247.0,184.0,0.0,150.0,93.0,0.0,236.0,719.0,708.0,593.0,807.0,1330.0,12.0,1939.0,1547.0,1246.0,1178.0,439.0,426.0,171.0,182.0,989.0,965.0,455.0,110.0,252.0,314.0,466.0,451.0,1498.0,1435.0,339.0,292.0,169.0,269.0,712.0,897.0,226.0,207.0,670.0,589.0,154.0,231.0,317.0,294.0,1008.0,715.0,1069.0,1098.0,444.0,264.0,0.0,0.0,32783.0
2022-06-22,306.0,320.0,210.0,240.0,340.0,0.0,1038.0,1116.0,290.0,211.0,0.0,151.0,76.0,0.0,311.0,575.0,520.0,579.0,747.0,1397.0,3.0,1837.0,1429.0,1299.0,1132.0,448.0,449.0,184.0,203.0,1030.0,950.0,493.0,127.0,271.0,291.0,481.0,475.0,1332.0,1337.0,389.0,264.0,250.0,385.0,709.0,844.0,293.0,194.0,627.0,528.0,242.0,276.0,433.0,423.0,853.0,643.0,963.0,1079.0,402.0,181.0,0.0,0.0,32176.0
2022-06-23,309.0,305.0,141.0,258.0,443.0,1.0,1067.0,1182.0,284.0,231.0,0.0,160.0,77.0,0.0,256.0,571.0,489.0,588.0,703.0,1459.0,18.0,1703.0,1179.0,1233.0,1118.0,428.0,484.0,160.0,196.0,998.0,891.0,472.0,107.0,242.0,301.0,491.0,402.0,1420.0,1408.0,302.0,235.0,202.0,287.0,664.0,835.0,173.0,173.0,638.0,542.0,205.0,264.0,281.0,285.0,998.0,697.0,1021.0,1116.0,370.0,229.0,0.0,0.0,31292.0
2022-06-24,137.0,154.0,131.0,107.0,265.0,13.0,566.0,592.0,183.0,134.0,0.0,107.0,62.0,0.0,210.0,215.0,176.0,274.0,297.0,1225.0,16.0,1022.0,685.0,619.0,579.0,260.0,297.0,97.0,115.0,477.0,448.0,381.0,65.0,142.0,163.0,194.0,193.0,593.0,577.0,195.0,142.0,68.0,111.0,300.0,374.0,257.0,134.0,260.0,242.0,134.0,143.0,134.0,148.0,418.0,348.0,365.0,431.0,195.0,98.0,0.0,0.0,16268.0
2022-06-25,72.0,90.0,48.0,42.0,185.0,38.0,250.0,265.0,68.0,63.0,0.0,54.0,15.0,0.0,104.0,145.0,100.0,154.0,182.0,850.0,20.0,507.0,291.0,309.0,261.0,114.0,178.0,40.0,32.0,252.0,243.0,192.0,43.0,68.0,59.0,46.0,56.0,403.0,417.0,66.0,62.0,47.0,85.0,113.0,125.0,79.0,54.0,68.0,57.0,52.0,34.0,67.0,94.0,225.0,192.0,207.0,140.0,124.0,82.0,0.0,0.0,8229.0
2022-06-26,198.0,241.0,193.0,200.0,327.0,15.0,838.0,821.0,174.0,164.0,0.0,89.0,38.0,0.0,228.0,889.0,677.0,604.0,794.0,1081.0,17.0,1493.0,1261.0,1204.0,1115.0,295.0,339.0,79.0,97.0,1371.0,1119.0,255.0,98.0,194.0,189.0,527.0,489.0,2215.0,2311.0,346.0,263.0,159.0,323.0,736.0,888.0,64.0,40.0,671.0,637.0,279.0,324.0,309.0,312.0,1660.0,1420.0,1883.0,1735.0,965.0,392.0,0.0,0.0,35645.0
2022-06-27,187.0,211.0,34.0,179.0,333.0,11.0,872.0,978.0,266.0,219.0,0.0,88.0,65.0,0.0,283.0,489.0,394.0,546.0,637.0,1430.0,31.0,1633.0,1267.0,1122.0,988.0,367.0,359.0,140.0,129.0,803.0,735.0,337.0,89.0,241.0,238.0,358.0,361.0,1007.0,932.0,299.0,254.0,121.0,274.0,2.0,4.0,237.0,158.0,561.0,480.0,133.0,174.0,201.0,174.0,615.0,427.0,750.0,806.0,321.0,166.0,0.0,0.0,24516.0
2022-06-28,266.0,288.0,55.0,215.0,276.0,4.0,819.0,901.0,260.0,222.0,0.0,112.0,46.0,0.0,58.0,409.0,309.0,465.0,596.0,1316.0,33.0,962.0,1001.0,978.0,811.0,348.0,336.0,115.0,133.0,763.0,748.0,495.0,94.0,207.0,211.0,295.0,315.0,1086.0,1045.0,258.0,177.0,118.0,233.0,0.0,2.0,109.0,165.0,348.0,343.0,102.0,156.0,213.0,210.0,698.0,514.0,729.0,739.0,208.0,181.0,28.0,92.0,22216.0
2022-06-29,103.0,103.0,20.0,75.0,240.0,3.0,385.0,407.0,184.0,137.0,0.0,89.0,39.0,0.0,67.0,106.0,104.0,172.0,197.0,1180.0,25.0,379.0,420.0,391.0,338.0,191.0,169.0,88.0,83.0,310.0,292.0,635.0,52.0,104.0,125.0,115.0,102.0,326.0,284.0,104.0,93.0,23.0,90.0,0.0,0.0,199.0,147.0,136.0,114.0,56.0,74.0,84.0,86.0,170.0,116.0,197.0,190.0,70.0,77.0,9.0,20.0,10095.0
2022-06-30,226.0,221.0,25.0,180.0,330.0,4.0,765.0,824.0,223.0,203.0,0.0,77.0,61.0,0.0,146.0,260.0,226.0,384.0,531.0,1422.0,31.0,836.0,971.0,819.0,770.0,312.0,359.0,144.0,136.0,739.0,707.0,494.0,96.0,213.0,245.0,282.0,303.0,975.0,1001.0,259.0,205.0,92.0,223.0,0.0,0.0,225.0,168.0,389.0,354.0,166.0,209.0,206.0,198.0,663.0,488.0,735.0,790.0,323.0,196.0,57.0,90.0,21577.0
2022-07-01,128.0,122.0,60.0,119.0,264.0,2.0,502.0,529.0,166.0,154.0,0.0,91.0,41.0,0.0,137.0,155.0,121.0,235.0,276.0,1077.0,37.0,463.0,552.0,452.0,417.0,207.0,196.0,88.0,112.0,437.0,431.0,398.0,84.0,123.0,160.0,168.0,165.0,475.0,444.0,168.0,134.0,76.0,130.0,0.0,0.0,152.0,109.0,242.0,195.0,93.0,119.0,146.0,124.0,319.0,223.0,285.0,289.0,111.0,82.0,16.0,43.0,12644.0
2022-07-02,66.0,106.0,84.0,104.0,71.0,1.0,374.0,400.0,109.0,72.0,0.0,80.0,42.0,0.0,209.0,131.0,185.0,141.0,207.0,491.0,20.0,354.0,292.0,1010.0,897.0,82.0,109.0,64.0,52.0,588.0,454.0,89.0,65.0,55.0,105.0,301.0,289.0,539.0,922.0,265.0,204.0,3.0,3.0,0.0,0.0,17.0,19.0,285.0,308.0,134.0,197.0,106.0,86.0,256.0,369.0,676.0,447.0,595.0,340.0,35.0,50.0,13555.0
2022-07-03,101.0,106.0,82.0,109.0,29.0,0.0,400.0,373.0,69.0,61.0,0.0,83.0,54.0,0.0,195.0,159.0,174.0,313.0,409.0,368.0,25.0,446.0,407.0,911.0,833.0,37.0,51.0,51.0,53.0,556.0,440.0,83.0,39.0,77.0,98.0,290.0,217.0,589.0,844.0,260.0,190.0,0.0,0.0,0.0,0.0,24.0,18.0,312.0,326.0,164.0,179.0,122.0,99.0,305.0,403.0,859.0,620.0,536.0,277.0,44.0,46.0,13916.0
2022-07-04,173.0,205.0,50.0,136.0,329.0,1.0,601.0,578.0,173.0,149.0,0.0,86.0,47.0,0.0,185.0,280.0,221.0,284.0,392.0,579.0,42.0,656.0,815.0,669.0,597.0,235.0,235.0,107.0,85.0,616.0,617.0,242.0,86.0,145.0,174.0,220.0,228.0,855.0,863.0,206.0,178.0,0.0,0.0,0.0,0.0,83.0,50.0,298.0,306.0,125.0,142.0,169.0,163.0,629.0,465.0,714.0,727.0,281.0,167.0,11.0,8.0,16678.0
2022-07-05,142.0,193.0,99.0,124.0,276.0,1.0,573.0,530.0,133.0,130.0,0.0,120.0,35.0,0.0,186.0,219.0,233.0,363.0,466.0,718.0,34.0,754.0,838.0,852.0,766.0,226.0,228.0,61.0,74.0,822.0,824.0,187.0,84.0,115.0,162.0,304.0,285.0,1396.0,1312.0,240.0,185.0,0.0,0.0,0.0,0.0,59.0,32.0,384.0,329.0,197.0,268.0,211.0,187.0,1042.0,785.0,1162.0,1112.0,457.0,241.0,0.0,0.0,20756.0
2022-07-06,158.0,224.0,141.0,156.0,276.0,1.0,593.0,604.0,106.0,129.0,0.0,100.0,33.0,0.0,204.0,246.0,244.0,472.0,640.0,707.0,25.0,32.0,48.0,886.0,844.0,186.0,237.0,69.0,79.0,956.0,852.0,197.0,83.0,149.0,183.0,308.0,306.0,1611.0,1627.0,244.0,177.0,0.0,0.0,0.0,0.0,52.0,45.0,449.0,418.0,238.0,300.0,258.0,220.0,1156.0,1002.0,1365.0,1302.0,551.0,286.0,0.0,0.0,21775.0
2022-07-07,98.0,97.0,17.0,99.0,233.0,4.0,365.0,394.0,81.0,51.0,0.0,61.0,38.0,0.0,163.0,86.0,92.0,183.0,213.0,727.0,39.0,0.0,0.0,392.0,385.0,118.0,118.0,72.0,62.0,336.0,332.0,257.0,85.0,74.0,100.0,129.0,118.0,362.0,371.0,118.0,97.0,0.0,0.0,0.0,0.0,84.0,56.0,140.0,138.0,66.0,68.0,101.0,82.0,204.0,182.0,188.0,194.0,103.0,44.0,16.0,19.0,8252.0
2022-07-08,136.0,152.0,67.0,139.0,293.0,13.0,523.0,564.0,87.0,53.0,0.0,24.0,60.0,0.0,198.0,164.0,132.0,256.0,348.0,907.0,53.0,0.0,0.0,0.0,0.0,214.0,260.0,81.0,90.0,518.0,529.0,242.0,67.0,120.0,151.0,219.0,195.0,765.0,748.0,199.0,132.0,0.0,0.0,0.0,0.0,59.0,73.0,271.0,226.0,134.0,137.0,135.0,137.0,522.0,412.0,537.0,561.0,222.0,133.0,44.0,88.0,12390.0
2022-07-09,130.0,137.0,83.0,89.0,310.0,17.0,393.0,445.0,72.0,51.0,0.0,19.0,41.0,0.0,154.0,211.0,143.0,199.0,280.0,683.0,41.0,0.0,0.0,500.0,482.0,157.0,191.0,47.0,57.0,503.0,528.0,188.0,56.0,77.0,84.0,143.0,146.0,901.0,794.0,148.0,120.0,0.0,0.0,0.0,0.0,37.0,38.0,235.0,196.0,109.0,150.0,157.0,147.0,623.0,509.0,684.0,673.0,271.0,195.0,42.0,82.0,12768.0
2022-07-10,152.0,187.0,119.0,141.0,238.0,1.0,394.0,471.0,101.0,63.0,0.0,24.0,46.0,0.0,167.0,295.0,224.0,302.0,397.0,635.0,29.0,1.0,5.0,712.0,638.0,171.0,191.0,59.0,55.0,681.0,616.0,195.0,84.0,120.0,161.0,206.0,213.0,1085.0,1088.0,196.0,143.0,0.0,0.0,0.0,0.0,40.0,41.0,311.0,311.0,164.0,214.0,157.0,138.0,786.0,660.0,1047.0,912.0,401.0,210.0,85.0,98.0,16181.0
2022-07-11,264.0,282.0,170.0,235.0,377.0,13.0,796.0,859.0,252.0,187.0,0.0,21.0,91.0,0.0,239.0,345.0,268.0,423.0,536.0,1048.0,24.0,828.0,1035.0,909.0,796.0,302.0,337.0,135.0,171.0,817.0,788.0,381.0,69.0,185.0,216.0,326.0,307.0,1111.0,995.0,244.0,174.0,0.0,0.0,0.0,0.0,95.0,81.0,447.0,401.0,175.0,188.0,233.0,192.0,753.0,545.0,846.0,875.0,273.0,179.0,37.0,97.0,21973.0
2022-07-12,247.0,277.0,104.0,225.0,325.0,11.0,1014.0,1145.0,237.0,226.0,0.0,23.0,70.0,0.0,152.0,347.0,295.0,590.0,753.0,1242.0,38.0,1029.0,1367.0,1154.0,1005.0,365.0,374.0,121.0,304.0,1060.0,1025.0,388.0,103.0,227.0,286.0,455.0,457.0,1346.0,1358.0,349.0,226.0,0.0,0.0,0.0,0.0,148.0,139.0,631.0,512.0,220.0,247.0,284.0,275.0,953.0,711.0,1086.0,1125.0,416.0,277.0,66.0,137.0,27547.0
2022-07-13,295.0,303.0,209.0,281.0,356.0,13.0,1106.0,1093.0,167.0,127.0,0.0,15.0,71.0,0.0,120.0,392.0,311.0,534.0,715.0,1306.0,27.0,973.0,1075.0,1155.0,984.0,331.0,326.0,166.0,570.0,1015.0,993.0,372.0,120.0,211.0,308.0,576.0,506.0,1306.0,1286.0,312.0,257.0,132.0,186.0,0.0,0.0,235.0,121.0,599.0,520.0,228.0,272.0,313.0,269.0,906.0,699.0,1065.0,1063.0,409.0,239.0,71.0,141.0,27751.0
2022-07-14,207.0,190.0,160.0,173.0,304.0,18.0,765.0,870.0,131.0,92.0,0.0,17.0,60.0,0.0,148.0,348.0,222.0,364.0,510.0,1185.0,46.0,742.0,959.0,828.0,732.0,1.0,4.0,126.0,132.0,661.0,616.0,363.0,90.0,177.0,200.0,302.0,314.0,786.0,863.0,191.0,174.0,119.0,212.0,0.0,0.0,235.0,122.0,418.0,347.0,135.0,134.0,210.0,203.0,482.0,386.0,714.0,669.0,244.0,170.0,46.0,78.0,18995.0
2022-07-15,221.0,277.0,188.0,193.0,282.0,20.0,728.0,843.0,132.0,99.0,0.0,17.0,67.0,0.0,212.0,382.0,307.0,410.0,527.0,1166.0,40.0,909.0,1065.0,851.0,745.0,13.0,50.0,113.0,145.0,896.0,759.0,343.0,85.0,150.0,230.0,323.0,292.0,998.0,1058.0,255.0,201.0,134.0,251.0,0.0,0.0,188.0,119.0,419.0,339.0,169.0,194.0,218.0,210.0,742.0,623.0,838.0,892.0,366.0,217.0,65.0,108.0,21684.0
2022-07-16,156.0,202.0,165.0,186.0,278.0,9.0,582.0,639.0,80.0,49.0,0.0,21.0,38.0,0.0,192.0,579.0,374.0,387.0,512.0,967.0,36.0,755.0,979.0,873.0,790.0,25.0,31.0,68.0,90.0,956.0,904.0,234.0,73.0,121.0,173.0,321.0,305.0,1508.0,1480.0,226.0,156.0,114.0,222.0,0.0,0.0,51.0,45.0,405.0,361.0,169.0,263.0,182.0,229.0,1131.0,892.0,1240.0,1256.0,525.0,298.0,92.0,172.0,23167.0
2022-07-17,236.0,257.0,169.0,220.0,296.0,13.0,724.0,675.0,122.0,99.0,0.0,22.0,52.0,0.0,313.0,820.0,507.0,512.0,706.0,907.0,38.0,1054.0,1241.0,1166.0,1045.0,235.0,225.0,103.0,122.0,1215.0,1098.0,222.0,75.0,124.0,241.0,484.0,412.0,2041.0,1980.0,287.0,243.0,126.0,319.0,0.0,0.0,42.0,42.0,612.0,499.0,301.0,342.0,312.0,317.0,1504.0,1266.0,1737.0,1582.0,729.0,390.0,122.0,183.0,30726.0
2022-07-18,281.0,324.0,111.0,256.0,359.0,7.0,971.0,1032.0,238.0,230.0,0.0,37.0,82.0,0.0,378.0,530.0,369.0,527.0,729.0,1292.0,37.0,1228.0,1383.0,1206.0,1004.0,348.0,348.0,170.0,194.0,945.0,931.0,381.0,125.0,261.0,316.0,486.0,459.0,1292.0,1257.0,301.0,235.0,117.0,297.0,0.0,0.0,140.0,92.0,540.0,495.0,215.0,226.0,329.0,273.0,926.0,676.0,1034.0,1110.0,362.0,240.0,69.0,100.0,27901.0
2022-07-19,303.0,290.0,168.0,253.0,420.0,15.0,1088.0,1208.0,229.0,252.0,0.0,99.0,93.0,0.0,379.0,477.0,425.0,538.0,756.0,1453.0,30.0,1219.0,1440.0,1254.0,1069.0,378.0,403.0,156.0,191.0,1086.0,1056.0,442.0,119.0,282.0,364.0,515.0,508.0,1431.0,1477.0,319.0,221.0,49.0,321.0,0.0,0.0,78.0,57.0,635.0,578.0,159.0,238.0,297.0,270.0,974.0,740.0,1108.0,1165.0,411.0,220.0,62.0,117.0,29885.0
2022-07-20,237.0,250.0,166.0,262.0,369.0,4.0,1008.0,1086.0,288.0,241.0,0.0,155.0,76.0,0.0,347.0,352.0,247.0,484.0,578.0,1461.0,26.0,1197.0,1431.0,1153.0,1027.0,330.0,327.0,150.0,176.0,916.0,847.0,392.0,113.0,241.0,328.0,443.0,421.0,1078.0,1093.0,322.0,206.0,8.0,248.0,0.0,0.0,167.0,74.0,590.0,488.0,183.0,219.0,249.0,240.0,727.0,546.0,905.0,1031.0,354.0,194.0,66.0,98.0,26215.0
2022-07-21,211.0,218.0,181.0,236.0,334.0,4.0,865.0,971.0,280.0,196.0,0.0,107.0,73.0,0.0,311.0,278.0,237.0,434.0,531.0,1308.0,28.0,859.0,1056.0,962.0,864.0,349.0,341.0,145.0,181.0,800.0,729.0,395.0,114.0,207.0,263.0,416.0,374.0,986.0,992.0,204.0,193.0,89.0,230.0,0.0,0.0,146.0,80.0,450.0,432.0,74.0,119.0,204.0,206.0,612.0,494.0,728.0,809.0,297.0,153.0,61.0,88.0,22505.0
2022-07-22,182.0,191.0,133.0,189.0,391.0,5.0,773.0,852.0,254.0,230.0,0.0,102.0,78.0,0.0,294.0,315.0,234.0,425.0,535.0,1422.0,38.0,859.0,1153.0,923.0,860.0,306.0,301.0,96.0,131.0,828.0,800.0,365.0,113.0,208.0,215.0,339.0,335.0,1094.0,1084.0,192.0,185.0,76.0,247.0,0.0,0.0,114.0,83.0,439.0,369.0,187.0,183.0,198.0,222.0,750.0,506.0,731.0,870.0,314.0,160.0,64.0,107.0,22650.0
2022-07-23,133.0,165.0,97.0,111.0,266.0,4.0,442.0,503.0,121.0,128.0,0.0,88.0,40.0,0.0,2452.0,257.0,173.0,246.0,335.0,1001.0,33.0,461.0,618.0,611.0,548.0,183.0,173.0,48.0,83.0,542.0,567.0,194.0,78.0,95.0,116.0,164.0,190.0,904.0,931.0,168.0,136.0,55.0,153.0,0.0,0.0,60.0,39.0,239.0,211.0,119.0,169.0,128.0,121.0,630.0,506.0,742.0,769.0,313.0,158.0,55.0,87.0,17959.0
2022-07-24,237.0,286.0,153.0,180.0,303.0,26.0,649.0,677.0,130.0,118.0,0.0,71.0,37.0,0.0,4401.0,525.0,353.0,505.0,654.0,1083.0,26.0,984.0,1093.0,1071.0,976.0,236.0,226.0,82.0,97.0,1110.0,960.0,239.0,101.0,166.0,195.0,439.0,384.0,1602.0,1661.0,313.0,240.0,121.0,299.0,0.0,0.0,69.0,47.0,511.0,513.0,216.0,283.0,250.0,238.0,1350.0,1140.0,1601.0,1507.0,803.0,305.0,155.0,235.0,32232.0
2022-07-25,235.0,236.0,185.0,240.0,451.0,3.0,951.0,1016.0,264.0,217.0,0.0,101.0,58.0,0.0,6252.0,364.0,269.0,482.0,624.0,1343.0,53.0,902.0,1202.0,1118.0,1007.0,317.0,352.0,129.0,164.0,924.0,912.0,394.0,120.0,239.0,253.0,402.0,382.0,1161.0,1049.0,266.0,212.0,90.0,257.0,0.0,0.0,164.0,97.0,525.0,470.0,128.0,195.0,277.0,237.0,796.0,524.0,886.0,988.0,354.0,158.0,51.0,84.0,31130.0
2022-07-26,254.0,267.0,199.0,253.0,316.0,2.0,993.0,1030.0,260.0,220.0,0.0,90.0,66.0,0.0,5452.0,449.0,332.0,550.0,706.0,1312.0,32.0,1042.0,1292.0,1131.0,980.0,354.0,339.0,141.0,166.0,962.0,898.0,373.0,122.0,226.0,286.0,431.0,368.0,1229.0,1284.0,297.0,230.0,147.0,291.0,0.0,0.0,135.0,103.0,543.0,470.0,234.0,247.0,265.0,233.0,816.0,661.0,1063.0,985.0,402.0,194.0,85.0,116.0,31924.0
2022-07-27,250.0,294.0,72.0,271.0,179.0,2.0,1047.0,1048.0,266.0,210.0,0.0,117.0,78.0,0.0,407.0,437.0,320.0,558.0,711.0,1175.0,35.0,1054.0,1218.0,1114.0,930.0,343.0,344.0,149.0,173.0,948.0,903.0,387.0,93.0,211.0,299.0,401.0,358.0,1219.0,1214.0,264.0,218.0,181.0,292.0,0.0,0.0,130.0,101.0,492.0,462.0,210.0,205.0,257.0,239.0,774.0,634.0,1054.0,1009.0,363.0,235.0,47.0,109.0,26111.0
2022-07-28,270.0,318.0,181.0,303.0,295.0,1.0,1051.0,1105.0,253.0,206.0,0.0,117.0,48.0,0.0,514.0,447.0,352.0,516.0,641.0,1357.0,27.0,1122.0,1362.0,1301.0,1156.0,394.0,384.0,158.0,196.0,1031.0,1009.0,386.0,114.0,219.0,277.0,501.0,466.0,1431.0,1416.0,302.0,229.0,161.0,336.0,5.0,1.0,144.0,95.0,576.0,497.0,219.0,239.0,330.0,282.0,1048.0,840.0,1218.0,1265.0,494.0,240.0,59.0,79.0,29584.0
2022-07-29,217.0,220.0,131.0,216.0,315.0,1.0,705.0,759.0,125.0,96.0,0.0,123.0,61.0,0.0,438.0,316.0,217.0,386.0,508.0,1239.0,26.0,693.0,989.0,766.0,700.0,265.0,312.0,112.0,152.0,798.0,788.0,630.0,104.0,157.0,244.0,322.0,298.0,1090.0,1019.0,197.0,151.0,107.0,203.0,0.0,0.0,108.0,85.0,385.0,296.0,149.0,178.0,202.0,206.0,739.0,550.0,744.0,857.0,284.0,131.0,0.0,0.0,21110.0
2022-07-30,112.0,88.0,60.0,52.0,275.0,0.0,300.0,302.0,63.0,51.0,0.0,51.0,18.0,0.0,482.0,196.0,119.0,144.0,187.0,824.0,27.0,250.0,276.0,302.0,281.0,152.0,134.0,49.0,57.0,390.0,311.0,192.0,59.0,39.0,62.0,55.0,70.0,436.0,435.0,76.0,75.0,40.0,79.0,0.0,0.0,51.0,33.0,82.0,69.0,66.0,80.0,50.0,65.0,289.0,231.0,259.0,232.0,110.0,80.0,0.0,0.0,8868.0
2022-07-31,202.0,252.0,210.0,219.0,374.0,1.0,737.0,754.0,136.0,109.0,0.0,80.0,50.0,0.0,836.0,684.0,571.0,602.0,790.0,994.0,19.0,1054.0,1302.0,1219.0,1164.0,207.0,221.0,101.0,127.0,1300.0,1188.0,259.0,80.0,155.0,225.0,514.0,492.0,2189.0,2256.0,311.0,285.0,188.0,346.0,0.0,0.0,61.0,56.0,625.0,526.0,321.0,404.0,348.0,309.0,1647.0,1450.0,1908.0,1795.0,805.0,333.0,0.0,0.0,33391.0
2022-08-01,225.0,261.0,68.0,238.0,374.0,0.0,846.0,915.0,194.0,92.0,0.0,101.0,57.0,0.0,337.0,365.0,258.0,503.0,600.0,1110.0,100.0,944.0,1118.0,1000.0,865.0,357.0,351.0,148.0,184.0,835.0,868.0,350.0,121.0,202.0,245.0,343.0,325.0,1047.0,1007.0,239.0,182.0,129.0,249.0,3.0,3.0,120.0,143.0,448.0,381.0,181.0,190.0,235.0,230.0,700.0,529.0,809.0,800.0,321.0,153.0,0.0,0.0,22999.0
2022-08-02,312.0,357.0,204.0,332.0,383.0,2.0,1126.0,1214.0,227.0,168.0,0.0,132.0,90.0,0.0,843.0,507.0,408.0,624.0,858.0,1338.0,364.0,1077.0,1283.0,852.0,851.0,406.0,419.0,170.0,175.0,1142.0,1160.0,407.0,147.0,290.0,351.0,523.0,502.0,1564.0,1541.0,309.0,247.0,139.0,317.0,0.0,0.0,98.0,130.0,670.0,628.0,228.0,255.0,328.0,305.0,1075.0,834.0,1217.0,1320.0,490.0,206.0,77.0,126.0,31348.0
2022-08-03,307.0,300.0,233.0,305.0,490.0,3.0,1072.0,1166.0,131.0,125.0,0.0,101.0,69.0,0.0,691.0,422.0,393.0,554.0,719.0,1347.0,793.0,1168.0,1439.0,1267.0,1233.0,402.0,463.0,159.0,176.0,1132.0,1059.0,433.0,126.0,240.0,322.0,490.0,440.0,1326.0,1317.0,281.0,228.0,138.0,285.0,0.0,0.0,87.0,95.0,578.0,526.0,175.0,242.0,292.0,271.0,919.0,717.0,1032.0,1136.0,422.0,218.0,80.0,130.0,30265.0
2022-08-04,263.0,265.0,227.0,250.0,445.0,3.0,966.0,997.0,117.0,90.0,0.0,91.0,79.0,0.0,504.0,341.0,290.0,462.0,587.0,1333.0,534.0,991.0,1263.0,1091.0,1004.0,421.0,402.0,144.0,173.0,909.0,842.0,405.0,114.0,215.0,292.0,337.0,379.0,1136.0,1230.0,248.0,218.0,127.0,255.0,0.0,0.0,57.0,66.0,487.0,463.0,148.0,211.0,217.0,205.0,749.0,636.0,911.0,999.0,411.0,199.0,67.0,125.0,25991.0
2022-08-05,206.0,221.0,178.0,181.0,276.0,3.0,671.0,749.0,110.0,68.0,0.0,107.0,48.0,0.0,347.0,220.0,174.0,342.0,429.0,1336.0,385.0,788.0,918.0,866.0,725.0,280.0,303.0,100.0,138.0,720.0,715.0,323.0,105.0,174.0,200.0,294.0,265.0,866.0,798.0,173.0,148.0,79.0,172.0,0.0,0.0,70.0,69.0,371.0,307.0,57.0,102.0,186.0,179.0,624.0,385.0,609.0,745.0,273.0,161.0,42.0,59.0,19440.0
2022-08-06,168.0,202.0,125.0,136.0,244.0,1.0,576.0,641.0,118.0,68.0,0.0,133.0,51.0,0.0,108.0,362.0,307.0,365.0,513.0,892.0,373.0,635.0,773.0,755.0,740.0,238.0,265.0,61.0,63.0,919.0,799.0,242.0,73.0,122.0,147.0,272.0,250.0,1300.0,1383.0,248.0,155.0,99.0,233.0,0.0,0.0,24.0,53.0,359.0,296.0,204.0,217.0,184.0,172.0,942.0,836.0,1003.0,977.0,474.0,227.0,82.0,127.0,21332.0
2022-08-07,228.0,299.0,169.0,154.0,519.0,0.0,721.0,827.0,166.0,166.0,0.0,120.0,35.0,0.0,115.0,607.0,487.0,552.0,707.0,908.0,389.0,894.0,1055.0,1105.0,1096.0,245.0,315.0,73.0,361.0,1202.0,1161.0,238.0,95.0,175.0,240.0,420.0,427.0,2037.0,2047.0,304.0,226.0,145.0,316.0,0.0,0.0,55.0,67.0,573.0,558.0,322.0,351.0,285.0,287.0,1595.0,1333.0,1760.0,1750.0,762.0,259.0,131.0,207.0,31641.0
2022-08-08,252.0,306.0,134.0,264.0,490.0,1.0,1006.0,1060.0,239.0,170.0,0.0,136.0,107.0,0.0,648.0,375.0,303.0,584.0,763.0,1177.0,441.0,966.0,1211.0,1131.0,963.0,383.0,353.0,153.0,189.0,975.0,968.0,394.0,124.0,230.0,318.0,441.0,402.0,1328.0,1271.0,276.0,208.0,141.0,277.0,0.0,0.0,109.0,127.0,575.0,453.0,229.0,255.0,281.0,238.0,908.0,729.0,1017.0,1006.0,377.0,166.0,65.0,118.0,27811.0
2022-08-09,280.0,335.0,244.0,306.0,367.0,2.0,1070.0,1185.0,191.0,138.0,0.0,153.0,51.0,0.0,1927.0,458.0,412.0,596.0,787.0,1308.0,405.0,1191.0,1507.0,0.0,0.0,366.0,359.0,145.0,184.0,1107.0,1005.0,386.0,117.0,285.0,364.0,529.0,458.0,1463.0,1464.0,338.0,238.0,146.0,292.0,0.0,0.0,121.0,120.0,616.0,553.0,290.0,305.0,326.0,280.0,1082.0,829.0,1183.0,1195.0,457.0,248.0,83.0,134.0,29981.0
2022-08-10,261.0,292.0,139.0,137.0,338.0,2.0,1077.0,1162.0,214.0,155.0,0.0,115.0,57.0,0.0,932.0,459.0,387.0,619.0,818.0,1303.0,422.0,1064.0,1412.0,1251.0,1130.0,438.0,404.0,192.0,204.0,1021.0,1011.0,454.0,117.0,260.0,312.0,572.0,494.0,1523.0,1445.0,303.0,255.0,150.0,301.0,0.0,0.0,99.0,110.0,621.0,576.0,250.0,267.0,316.0,316.0,1122.0,840.0,1206.0,1187.0,414.0,227.0,81.0,176.0,31010.0
2022-08-11,268.0,324.0,196.0,180.0,356.0,2.0,0.0,0.0,209.0,165.0,0.0,140.0,110.0,0.0,771.0,431.0,346.0,616.0,742.0,1268.0,431.0,1085.0,1403.0,1108.0,1021.0,345.0,354.0,135.0,211.0,4.0,3.0,385.0,95.0,271.0,332.0,480.0,463.0,1316.0,1391.0,307.0,222.0,143.0,297.0,0.0,0.0,70.0,99.0,556.0,475.0,221.0,247.0,289.0,266.0,939.0,782.0,1055.0,1050.0,426.0,187.0,96.0,116.0,24800.0
2022-08-12,210.0,231.0,144.0,192.0,350.0,0.0,0.0,0.0,140.0,94.0,0.0,122.0,67.0,0.0,354.0,303.0,232.0,448.0,569.0,1244.0,410.0,970.0,1203.0,936.0,854.0,329.0,334.0,147.0,153.0,0.0,0.0,294.0,105.0,223.0,220.0,400.0,356.0,1174.0,1129.0,230.0,223.0,110.0,256.0,0.0,0.0,74.0,102.0,478.0,402.0,172.0,194.0,238.0,250.0,813.0,633.0,902.0,941.0,354.0,175.0,57.0,103.0,20644.0
2022-08-13,161.0,226.0,104.0,131.0,241.0,1.0,0.0,0.0,123.0,73.0,0.0,61.0,40.0,0.0,118.0,420.0,306.0,361.0,498.0,1069.0,423.0,784.0,975.0,792.0,697.0,245.0,215.0,84.0,100.0,0.0,0.0,221.0,99.0,133.0,163.0,252.0,268.0,1216.0,1168.0,182.0,141.0,96.0,222.0,0.0,0.0,65.0,38.0,400.0,358.0,182.0,201.0,196.0,181.0,856.0,724.0,1142.0,1038.0,464.0,242.0,58.0,129.0,18683.0
2022-08-14,183.0,187.0,156.0,150.0,243.0,0.0,0.0,0.0,126.0,89.0,0.0,84.0,52.0,0.0,108.0,419.0,340.0,354.0,451.0,1006.0,407.0,796.0,913.0,863.0,766.0,240.0,214.0,82.0,87.0,0.0,0.0,226.0,79.0,130.0,189.0,354.0,319.0,1526.0,1583.0,224.0,194.0,82.0,230.0,0.0,0.0,64.0,64.0,422.0,427.0,209.0,250.0,224.0,202.0,1191.0,977.0,1309.0,1123.0,561.0,227.0,110.0,150.0,20962.0
2022-08-15,237.0,276.0,183.0,232.0,280.0,3.0,0.0,0.0,189.0,121.0,0.0,98.0,70.0,0.0,357.0,312.0,237.0,403.0,554.0,1241.0,395.0,939.0,1060.0,933.0,777.0,310.0,305.0,161.0,169.0,0.0,0.0,391.0,100.0,188.0,229.0,365.0,338.0,971.0,942.0,245.0,172.0,91.0,245.0,0.0,0.0,162.0,123.0,450.0,381.0,169.0,163.0,183.0,154.0,687.0,481.0,766.0,686.0,281.0,124.0,47.0,98.0,19074.0
2022-08-16,307.0,331.0,239.0,220.0,345.0,0.0,1121.0,1242.0,225.0,190.0,0.0,149.0,56.0,0.0,230.0,492.0,372.0,563.0,760.0,1312.0,488.0,1236.0,1536.0,1214.0,1109.0,398.0,363.0,167.0,192.0,0.0,0.0,448.0,129.0,276.0,347.0,497.0,553.0,1485.0,1480.0,317.0,239.0,123.0,294.0,0.0,0.0,133.0,128.0,637.0,571.0,222.0,252.0,306.0,269.0,1022.0,717.0,1267.0,1273.0,501.0,183.0,100.0,150.0,28776.0
2022-08-17,249.0,275.0,215.0,276.0,347.0,3.0,1143.0,1199.0,259.0,248.0,0.0,100.0,65.0,0.0,521.0,377.0,328.0,514.0,654.0,1421.0,447.0,1255.0,1509.0,1266.0,1076.0,405.0,386.0,162.0,189.0,0.0,0.0,460.0,126.0,270.0,334.0,531.0,467.0,1356.0,1192.0,263.0,209.0,109.0,303.0,0.0,0.0,154.0,112.0,634.0,535.0,180.0,222.0,277.0,275.0,991.0,741.0,1092.0,1209.0,434.0,216.0,84.0,131.0,27796.0
2022-08-18,236.0,240.0,184.0,229.0,337.0,2.0,1062.0,1060.0,270.0,237.0,0.0,124.0,84.0,0.0,1866.0,356.0,237.0,426.0,624.0,1397.0,438.0,988.0,1218.0,972.0,860.0,306.0,319.0,157.0,189.0,0.0,0.0,376.0,103.0,202.0,287.0,436.0,433.0,1117.0,990.0,244.0,186.0,81.0,262.0,0.0,0.0,150.0,102.0,487.0,428.0,163.0,192.0,246.0,217.0,828.0,570.0,875.0,839.0,318.0,180.0,50.0,99.0,24879.0
2022-08-19,196.0,200.0,151.0,158.0,257.0,4.0,637.0,705.0,173.0,167.0,0.0,123.0,67.0,0.0,312.0,236.0,197.0,328.0,441.0,1173.0,426.0,647.0,881.0,683.0,618.0,218.0,253.0,125.0,139.0,19.0,18.0,343.0,106.0,151.0,215.0,255.0,244.0,783.0,830.0,194.0,158.0,78.0,197.0,0.0,0.0,109.0,79.0,312.0,282.0,131.0,137.0,186.0,163.0,537.0,460.0,757.0,729.0,236.0,152.0,6.0,4.0,17386.0
2022-08-20,44.0,33.0,19.0,25.0,142.0,2.0,119.0,119.0,51.0,35.0,0.0,32.0,15.0,1.0,276.0,57.0,25.0,40.0,41.0,761.0,303.0,101.0,175.0,96.0,95.0,62.0,64.0,20.0,242.0,74.0,76.0,235.0,39.0,30.0,43.0,29.0,30.0,95.0,96.0,33.0,29.0,8.0,29.0,0.0,0.0,35.0,71.0,38.0,24.0,18.0,14.0,20.0,22.0,79.0,68.0,29.0,29.0,26.0,15.0,0.0,0.0,4329.0
2022-08-21,142.0,155.0,115.0,121.0,261.0,4.0,500.0,580.0,126.0,137.0,0.0,96.0,53.0,0.0,69.0,346.0,219.0,408.0,498.0,768.0,344.0,683.0,778.0,739.0,683.0,164.0,186.0,55.0,89.0,855.0,782.0,185.0,81.0,142.0,188.0,237.0,235.0,1290.0,1341.0,200.0,150.0,83.0,211.0,0.0,0.0,69.0,62.0,360.0,354.0,199.0,217.0,190.0,166.0,870.0,768.0,1114.0,1045.0,467.0,198.0,0.0,0.0,20378.0
2022-08-22,84.0,94.0,65.0,81.0,173.0,2.0,377.0,418.0,116.0,124.0,0.0,84.0,40.0,0.0,453.0,82.0,53.0,141.0,170.0,818.0,235.0,383.0,453.0,344.0,280.0,158.0,180.0,96.0,102.0,287.0,267.0,440.0,70.0,88.0,100.0,97.0,96.0,256.0,229.0,92.0,70.0,48.0,96.0,3.0,7.0,75.0,141.0,119.0,101.0,65.0,83.0,73.0,69.0,158.0,110.0,150.0,101.0,65.0,27.0,8.0,11.0,9208.0
2022-08-23,79.0,76.0,58.0,72.0,213.0,9.0,272.0,372.0,145.0,126.0,0.0,78.0,40.0,0.0,838.0,93.0,58.0,114.0,165.0,943.0,201.0,277.0,471.0,241.0,290.0,141.0,142.0,69.0,128.0,261.0,273.0,452.0,88.0,77.0,102.0,94.0,69.0,293.0,316.0,67.0,58.0,36.0,93.0,154.0,182.0,118.0,138.0,97.0,89.0,56.0,49.0,54.0,64.0,162.0,157.0,153.0,171.0,61.0,34.0,13.0,23.0,9765.0
2022-08-24,214.0,222.0,142.0,186.0,594.0,7.0,884.0,1019.0,233.0,183.0,0.0,113.0,72.0,0.0,443.0,264.0,217.0,440.0,597.0,1132.0,434.0,964.0,1236.0,968.0,828.0,312.0,340.0,122.0,156.0,842.0,826.0,428.0,96.0,205.0,220.0,472.0,441.0,1160.0,1222.0,271.0,193.0,90.0,252.0,647.0,895.0,125.0,135.0,465.0,427.0,193.0,204.0,229.0,221.0,781.0,656.0,926.0,985.0,332.0,183.0,64.0,110.0,26618.0
2022-08-25,220.0,232.0,90.0,238.0,421.0,5.0,873.0,1032.0,237.0,202.0,0.0,84.0,79.0,1.0,140.0,348.0,251.0,419.0,585.0,1153.0,437.0,1037.0,1293.0,1042.0,929.0,322.0,307.0,80.0,1544.0,928.0,910.0,418.0,66.0,202.0,278.0,488.0,458.0,1169.0,1154.0,307.0,212.0,88.0,215.0,687.0,856.0,135.0,90.0,536.0,452.0,161.0,204.0,257.0,236.0,741.0,626.0,924.0,917.0,347.0,209.0,48.0,90.0,28010.0
2022-08-26,143.0,149.0,7.0,150.0,351.0,3.0,571.0,653.0,238.0,164.0,0.0,81.0,43.0,0.0,140.0,169.0,122.0,272.0,371.0,1110.0,470.0,636.0,829.0,641.0,559.0,83.0,115.0,119.0,131.0,622.0,626.0,423.0,59.0,137.0,205.0,243.0,230.0,806.0,801.0,213.0,148.0,30.0,101.0,386.0,525.0,155.0,80.0,329.0,277.0,100.0,113.0,148.0,152.0,458.0,330.0,563.0,530.0,250.0,112.0,41.0,92.0,17605.0
2022-08-27,93.0,91.0,7.0,105.0,294.0,4.0,371.0,403.0,138.0,93.0,0.0,63.0,46.0,0.0,22.0,202.0,129.0,220.0,288.0,843.0,410.0,457.0,560.0,479.0,431.0,137.0,150.0,47.0,110.0,421.0,409.0,190.0,37.0,81.0,108.0,186.0,130.0,664.0,664.0,126.0,108.0,47.0,123.0,316.0,336.0,30.0,74.0,214.0,178.0,86.0,100.0,100.0,115.0,490.0,407.0,499.0,467.0,251.0,146.0,45.0,66.0,13407.0
2022-08-28,139.0,166.0,4.0,154.0,251.0,2.0,530.0,530.0,134.0,133.0,0.0,91.0,42.0,0.0,38.0,349.0,251.0,360.0,453.0,744.0,371.0,628.0,749.0,664.0,602.0,168.0,199.0,56.0,102.0,724.0,639.0,225.0,65.0,109.0,154.0,272.0,226.0,1254.0,1216.0,168.0,122.0,82.0,231.0,461.0,605.0,64.0,75.0,305.0,356.0,177.0,246.0,169.0,174.0,905.0,754.0,928.0,847.0,445.0,177.0,81.0,102.0,20268.0
2022-08-29,231.0,277.0,144.0,252.0,408.0,6.0,1008.0,1095.0,249.0,239.0,0.0,126.0,39.0,0.0,418.0,368.0,303.0,583.0,779.0,1016.0,430.0,1131.0,1359.0,1154.0,1029.0,335.0,330.0,120.0,1482.0,1009.0,906.0,412.0,128.0,241.0,249.0,493.0,497.0,1381.0,1444.0,352.0,248.0,134.0,312.0,740.0,1032.0,159.0,153.0,519.0,505.0,222.0,243.0,291.0,293.0,902.0,755.0,1083.0,1145.0,413.0,219.0,69.0,110.0,31570.0
2022-08-30,296.0,311.0,139.0,289.0,382.0,5.0,1176.0,1252.0,320.0,290.0,0.0,145.0,98.0,1.0,285.0,430.0,363.0,622.0,806.0,1150.0,425.0,1216.0,1492.0,1206.0,1120.0,428.0,398.0,155.0,180.0,993.0,966.0,410.0,126.0,273.0,311.0,616.0,546.0,1382.0,1404.0,366.0,280.0,124.0,328.0,867.0,1115.0,134.0,196.0,695.0,552.0,100.0,176.0,308.0,292.0,963.0,778.0,1215.0,1158.0,399.0,229.0,77.0,140.0,32499.0
2022-08-31,247.0,236.0,126.0,233.0,377.0,6.0,920.0,1034.0,295.0,228.0,0.0,116.0,100.0,0.0,315.0,331.0,240.0,503.0,624.0,1110.0,378.0,1052.0,1286.0,0.0,0.0,409.0,384.0,161.0,196.0,805.0,821.0,398.0,129.0,233.0,285.0,478.0,446.0,1019.0,1020.0,290.0,210.0,113.0,289.0,699.0,951.0,153.0,198.0,476.0,435.0,0.0,0.0,215.0,223.0,624.0,503.0,842.0,739.0,308.0,157.0,63.0,83.0,24112.0
2022-09-01,224.0,252.0,126.0,223.0,299.0,4.0,912.0,1016.0,284.0,235.0,0.0,119.0,91.0,0.0,416.0,301.0,267.0,478.0,660.0,1036.0,368.0,956.0,1222.0,918.0,857.0,311.0,308.0,127.0,433.0,756.0,771.0,442.0,124.0,226.0,296.0,362.0,343.0,991.0,966.0,237.0,195.0,117.0,301.0,617.0,762.0,174.0,172.0,481.0,446.0,0.0,0.0,228.0,235.0,638.0,488.0,725.0,748.0,261.0,109.0,53.0,81.0,24788.0
2022-09-02,221.0,222.0,127.0,159.0,274.0,10.0,864.0,929.0,243.0,207.0,0.0,113.0,105.0,0.0,280.0,330.0,230.0,450.0,594.0,877.0,421.0,925.0,1088.0,896.0,779.0,292.0,320.0,148.0,197.0,805.0,783.0,419.0,87.0,192.0,221.0,315.0,296.0,1040.0,1073.0,269.0,207.0,63.0,240.0,541.0,715.0,204.0,132.0,448.0,345.0,0.0,0.0,226.0,220.0,705.0,550.0,745.0,778.0,302.0,154.0,61.0,83.0,23520.0
2022-09-03,174.0,213.0,154.0,143.0,252.0,10.0,636.0,640.0,147.0,151.0,0.0,152.0,49.0,0.0,128.0,513.0,397.0,411.0,527.0,962.0,370.0,792.0,1014.0,875.0,899.0,247.0,280.0,84.0,92.0,977.0,957.0,258.0,70.0,140.0,176.0,424.0,336.0,1606.0,1565.0,266.0,224.0,41.0,266.0,577.0,691.0,87.0,61.0,510.0,410.0,0.0,0.0,213.0,214.0,1208.0,1045.0,1390.0,1376.0,609.0,287.0,8.0,25.0,26329.0
2022-09-04,210.0,241.0,152.0,166.0,278.0,5.0,759.0,850.0,170.0,148.0,0.0,100.0,34.0,0.0,107.0,641.0,527.0,666.0,805.0,902.0,444.0,951.0,1101.0,1078.0,967.0,235.0,270.0,81.0,86.0,1258.0,1148.0,230.0,88.0,188.0,222.0,440.0,436.0,2015.0,2130.0,418.0,301.0,94.0,372.0,685.0,901.0,89.0,68.0,568.0,565.0,0.0,0.0,317.0,300.0,1560.0,1329.0,1868.0,1725.0,820.0,308.0,0.0,0.0,32417.0
2022-09-05,279.0,297.0,106.0,260.0,319.0,6.0,1034.0,1059.0,304.0,233.0,0.0,129.0,108.0,6.0,433.0,377.0,279.0,513.0,681.0,1147.0,417.0,1046.0,1290.0,1016.0,920.0,341.0,326.0,165.0,205.0,855.0,761.0,406.0,93.0,225.0,286.0,449.0,413.0,1098.0,1081.0,276.0,213.0,52.0,297.0,630.0,809.0,226.0,175.0,491.0,412.0,0.0,0.0,246.0,218.0,720.0,510.0,786.0,811.0,253.0,121.0,0.0,0.0,26209.0
2022-09-06,226.0,205.0,96.0,242.0,299.0,13.0,957.0,1044.0,211.0,174.0,0.0,165.0,73.0,0.0,179.0,340.0,299.0,461.0,609.0,1174.0,350.0,1036.0,1223.0,1005.0,916.0,382.0,366.0,118.0,1058.0,793.0,743.0,431.0,107.0,251.0,323.0,459.0,428.0,927.0,923.0,283.0,205.0,52.0,312.0,673.0,906.0,235.0,194.0,488.0,465.0,0.0,0.0,249.0,259.0,639.0,507.0,811.0,800.0,282.0,130.0,0.0,0.0,26096.0
2022-09-07,247.0,288.0,117.0,252.0,255.0,4.0,976.0,1108.0,259.0,229.0,0.0,153.0,155.0,0.0,167.0,408.0,316.0,538.0,720.0,1196.0,338.0,1118.0,1457.0,1096.0,1040.0,395.0,368.0,111.0,167.0,888.0,871.0,465.0,135.0,261.0,333.0,511.0,473.0,1225.0,1253.0,305.0,257.0,93.0,317.0,699.0,996.0,188.0,134.0,529.0,494.0,0.0,0.0,296.0,246.0,804.0,568.0,975.0,962.0,323.0,155.0,0.0,0.0,28234.0
2022-09-08,183.0,160.0,76.0,176.0,317.0,15.0,635.0,679.0,193.0,149.0,0.0,127.0,94.0,0.0,313.0,237.0,137.0,235.0,317.0,1049.0,264.0,586.0,698.0,533.0,469.0,297.0,254.0,102.0,152.0,491.0,471.0,398.0,80.0,149.0,146.0,171.0,168.0,489.0,542.0,181.0,122.0,68.0,179.0,315.0,370.0,147.0,99.0,227.0,200.0,0.0,0.0,147.0,142.0,289.0,261.0,241.0,243.0,116.0,45.0,9.0,19.0,14972.0
2022-09-09,179.0,165.0,102.0,185.0,460.0,8.0,625.0,695.0,203.0,162.0,0.0,93.0,47.0,1.0,570.0,183.0,156.0,225.0,314.0,987.0,315.0,594.0,720.0,569.0,543.0,126.0,177.0,105.0,121.0,503.0,503.0,444.0,89.0,147.0,201.0,226.0,186.0,598.0,601.0,182.0,132.0,47.0,167.0,358.0,458.0,150.0,94.0,314.0,217.0,8.0,6.0,141.0,117.0,391.0,336.0,351.0,397.0,161.0,123.0,29.0,43.0,16350.0
2022-09-10,126.0,135.0,78.0,95.0,321.0,3.0,444.0,481.0,123.0,110.0,0.0,60.0,27.0,1.0,82.0,345.0,253.0,257.0,335.0,833.0,401.0,547.0,684.0,597.0,553.0,140.0,191.0,57.0,58.0,617.0,594.0,190.0,68.0,90.0,104.0,228.0,209.0,906.0,911.0,174.0,153.0,79.0,153.0,314.0,389.0,72.0,36.0,213.0,235.0,119.0,137.0,84.0,80.0,582.0,544.0,318.0,594.0,321.0,152.0,54.0,90.0,16147.0
2022-09-11,125.0,122.0,80.0,128.0,225.0,0.0,388.0,444.0,87.0,59.0,0.0,87.0,41.0,3.0,157.0,321.0,258.0,302.0,395.0,665.0,340.0,494.0,642.0,529.0,502.0,159.0,174.0,45.0,73.0,675.0,638.0,228.0,72.0,104.0,106.0,175.0,178.0,913.0,993.0,152.0,125.0,91.0,191.0,326.0,516.0,58.0,56.0,294.0,259.0,145.0,157.0,70.0,74.0,582.0,566.0,345.0,689.0,301.0,172.0,71.0,101.0,16268.0
2022-09-12,221.0,239.0,87.0,225.0,367.0,0.0,919.0,935.0,222.0,211.0,0.0,121.0,95.0,0.0,665.0,372.0,279.0,408.0,531.0,1041.0,380.0,896.0,1089.0,895.0,767.0,332.0,311.0,115.0,149.0,761.0,742.0,387.0,83.0,190.0,228.0,325.0,361.0,1052.0,1032.0,287.0,208.0,124.0,287.0,619.0,759.0,131.0,133.0,399.0,393.0,139.0,177.0,239.0,205.0,711.0,532.0,406.0,668.0,298.0,164.0,48.0,75.0,24035.0
2022-09-13,236.0,239.0,169.0,233.0,367.0,1.0,930.0,1019.0,193.0,142.0,0.0,106.0,87.0,0.0,5851.0,416.0,315.0,460.0,598.0,1159.0,388.0,934.0,1242.0,957.0,882.0,228.0,241.0,139.0,168.0,816.0,738.0,459.0,137.0,251.0,247.0,404.0,366.0,1056.0,1064.0,282.0,215.0,134.0,278.0,669.0,863.0,244.0,188.0,486.0,445.0,177.0,190.0,227.0,132.0,672.0,539.0,706.0,835.0,329.0,127.0,51.0,73.0,31100.0
2022-09-14,76.0,79.0,37.0,70.0,249.0,1.0,260.0,264.0,73.0,77.0,0.0,79.0,100.0,0.0,7435.0,88.0,49.0,93.0,145.0,931.0,261.0,217.0,288.0,194.0,196.0,148.0,148.0,45.0,66.0,214.0,249.0,577.0,70.0,76.0,62.0,51.0,61.0,189.0,184.0,65.0,57.0,19.0,56.0,125.0,169.0,200.0,121.0,66.0,71.0,43.0,54.0,36.0,48.0,95.0,75.0,226.0,216.0,32.0,23.0,9.0,12.0,15220.0
2022-09-15,89.0,84.0,22.0,66.0,305.0,2.0,353.0,391.0,130.0,106.0,0.0,95.0,76.0,0.0,7176.0,122.0,71.0,122.0,157.0,1016.0,294.0,278.0,332.0,262.0,222.0,152.0,164.0,66.0,72.0,265.0,244.0,491.0,76.0,82.0,73.0,57.0,56.0,270.0,270.0,75.0,79.0,29.0,103.0,122.0,180.0,211.0,171.0,74.0,72.0,59.0,62.0,71.0,78.0,150.0,135.0,96.0,85.0,46.0,41.0,12.0,11.0,16071.0
2022-09-16,160.0,155.0,0.0,112.0,393.0,3.0,564.0,656.0,191.0,155.0,0.0,90.0,78.0,3.0,7383.0,209.0,182.0,254.0,344.0,981.0,302.0,565.0,681.0,530.0,516.0,286.0,236.0,102.0,112.0,563.0,524.0,377.0,106.0,149.0,165.0,195.0,177.0,651.0,686.0,144.0,113.0,78.0,160.0,381.0,503.0,133.0,144.0,253.0,239.0,109.0,147.0,131.0,121.0,398.0,338.0,387.0,455.0,197.0,140.0,43.0,63.0,23513.0
2022-09-17,71.0,56.0,0.0,65.0,416.0,0.0,212.0,211.0,45.0,43.0,0.0,108.0,45.0,0.0,5191.0,113.0,84.0,92.0,117.0,529.0,354.0,215.0,265.0,199.0,194.0,131.0,154.0,42.0,66.0,222.0,213.0,242.0,45.0,48.0,55.0,50.0,51.0,338.0,338.0,70.0,51.0,43.0,73.0,143.0,188.0,41.0,62.0,102.0,79.0,47.0,64.0,48.0,51.0,254.0,198.0,149.0,205.0,98.0,47.0,19.0,14.0,12666.0
2022-09-18,89.0,100.0,0.0,70.0,169.0,0.0,214.0,249.0,50.0,45.0,0.0,69.0,17.0,0.0,4682.0,169.0,121.0,141.0,172.0,421.0,331.0,209.0,319.0,219.0,214.0,119.0,117.0,33.0,53.0,314.0,346.0,233.0,58.0,57.0,66.0,84.0,86.0,442.0,465.0,96.0,74.0,44.0,74.0,153.0,219.0,81.0,83.0,142.0,115.0,85.0,75.0,82.0,80.0,308.0,284.0,294.0,265.0,134.0,71.0,25.0,34.0,13361.0
2022-09-19,124.0,127.0,0.0,87.0,256.0,6.0,359.0,377.0,172.0,119.0,0.0,65.0,42.0,0.0,6935.0,163.0,113.0,165.0,204.0,770.0,271.0,279.0,377.0,290.0,272.0,193.0,243.0,76.0,101.0,302.0,315.0,424.0,69.0,107.0,93.0,68.0,82.0,312.0,329.0,80.0,71.0,52.0,105.0,131.0,176.0,211.0,181.0,88.0,87.0,51.0,71.0,65.0,57.0,163.0,152.0,109.0,101.0,47.0,33.0,9.0,20.0,16347.0
2022-09-20,102.0,102.0,0.0,68.0,212.0,3.0,336.0,374.0,126.0,133.0,0.0,58.0,61.0,0.0,6878.0,139.0,91.0,126.0,173.0,825.0,264.0,306.0,389.0,292.0,286.0,175.0,156.0,71.0,79.0,275.0,266.0,591.0,81.0,109.0,122.0,76.0,66.0,279.0,265.0,63.0,46.0,39.0,103.0,155.0,203.0,208.0,183.0,99.0,98.0,45.0,58.0,70.0,76.0,163.0,136.0,104.0,94.0,58.0,46.0,15.0,11.0,16028.0
2022-09-21,147.0,124.0,94.0,89.0,285.0,12.0,523.0,542.0,155.0,177.0,0.0,63.0,72.0,0.0,2357.0,34.0,47.0,219.0,301.0,889.0,286.0,513.0,618.0,460.0,414.0,274.0,244.0,82.0,118.0,487.0,471.0,468.0,92.0,142.0,155.0,175.0,180.0,421.0,475.0,135.0,119.0,80.0,144.0,323.0,469.0,264.0,198.0,217.0,204.0,91.0,116.0,112.0,97.0,262.0,235.0,288.0,294.0,136.0,92.0,30.0,41.0,16152.0
2022-09-22,164.0,171.0,109.0,167.0,232.0,0.0,559.0,612.0,178.0,130.0,0.0,98.0,88.0,0.0,542.0,0.0,0.0,273.0,362.0,923.0,304.0,608.0,809.0,607.0,528.0,259.0,249.0,97.0,129.0,595.0,553.0,411.0,114.0,186.0,191.0,214.0,172.0,691.0,700.0,143.0,131.0,119.0,185.0,422.0,500.0,249.0,203.0,317.0,269.0,106.0,117.0,147.0,152.0,411.0,350.0,441.0,528.0,211.0,137.0,40.0,66.0,17269.0
2022-09-23,162.0,163.0,110.0,156.0,242.0,1.0,511.0,587.0,152.0,155.0,0.0,64.0,69.0,0.0,1284.0,0.0,0.0,216.0,301.0,906.0,271.0,548.0,703.0,534.0,477.0,253.0,249.0,87.0,130.0,503.0,470.0,408.0,86.0,168.0,188.0,229.0,208.0,689.0,663.0,173.0,137.0,76.0,185.0,368.0,517.0,216.0,162.0,287.0,239.0,93.0,104.0,136.0,154.0,467.0,379.0,346.0,374.0,191.0,118.0,38.0,42.0,16745.0
2022-09-24,135.0,181.0,90.0,97.0,209.0,8.0,466.0,517.0,116.0,114.0,0.0,65.0,35.0,0.0,129.0,0.0,0.0,283.0,401.0,798.0,369.0,534.0,732.0,603.0,545.0,198.0,257.0,53.0,67.0,808.0,784.0,202.0,76.0,118.0,117.0,260.0,253.0,1223.0,1215.0,198.0,120.0,82.0,205.0,332.0,540.0,127.0,157.0,315.0,285.0,128.0,254.0,175.0,170.0,887.0,748.0,631.0,942.0,370.0,276.0,67.0,98.0,19165.0
2022-09-25,125.0,127.0,75.0,90.0,182.0,9.0,392.0,442.0,91.0,94.0,0.0,77.0,28.0,0.0,92.0,0.0,0.0,307.0,392.0,659.0,353.0,469.0,554.0,534.0,472.0,160.0,180.0,36.0,54.0,685.0,680.0,201.0,54.0,116.0,119.0,230.0,189.0,1006.0,1083.0,189.0,154.0,86.0,183.0,368.0,452.0,72.0,57.0,296.0,292.0,152.0,174.0,174.0,174.0,734.0,666.0,623.0,1029.0,381.0,224.0,68.0,114.0,17019.0
2022-09-26,151.0,162.0,122.0,137.0,326.0,4.0,503.0,562.0,178.0,130.0,0.0,279.0,128.0,1.0,723.0,0.0,0.0,234.0,311.0,855.0,309.0,501.0,669.0,500.0,430.0,243.0,248.0,93.0,104.0,477.0,512.0,399.0,84.0,154.0,138.0,189.0,181.0,510.0,563.0,137.0,133.0,59.0,150.0,329.0,451.0,240.0,205.0,207.0,188.0,92.0,99.0,114.0,106.0,319.0,256.0,131.0,414.0,148.0,94.0,26.0,29.0,15037.0
2022-09-27,104.0,109.0,65.0,86.0,210.0,0.0,390.0,362.0,136.0,129.0,0.0,81.0,118.0,0.0,1448.0,0.0,0.0,136.0,180.0,746.0,281.0,299.0,449.0,278.0,263.0,196.0,212.0,72.0,84.0,269.0,294.0,419.0,80.0,91.0,101.0,98.0,85.0,247.0,231.0,75.0,79.0,40.0,107.0,189.0,246.0,210.0,162.0,113.0,99.0,50.0,68.0,70.0,73.0,150.0,129.0,5271.0,2767.0,48.0,32.0,10.0,18.0,18355.0
2022-09-28,80.0,81.0,38.0,62.0,120.0,6.0,200.0,211.0,60.0,70.0,0.0,56.0,37.0,0.0,1247.0,0.0,0.0,117.0,145.0,512.0,267.0,180.0,244.0,172.0,178.0,36.0,49.0,40.0,45.0,242.0,249.0,184.0,47.0,56.0,46.0,57.0,66.0,321.0,326.0,46.0,46.0,25.0,83.0,95.0,151.0,92.0,96.0,73.0,60.0,38.0,56.0,68.0,80.0,204.0,156.0,191.0,227.0,61.0,55.0,10.0,21.0,7781.0
2022-09-29,127.0,151.0,62.0,142.0,244.0,7.0,500.0,590.0,138.0,138.0,0.0,91.0,126.0,0.0,4551.0,1.0,1.0,243.0,307.0,799.0,346.0,505.0,676.0,494.0,428.0,274.0,252.0,103.0,103.0,470.0,451.0,371.0,85.0,125.0,142.0,163.0,167.0,513.0,601.0,124.0,124.0,56.0,147.0,336.0,447.0,183.0,168.0,263.0,229.0,95.0,118.0,129.0,124.0,339.0,304.0,383.0,399.0,170.0,123.0,29.0,63.0,18840.0
2022-09-30,134.0,140.0,90.0,124.0,265.0,1.0,458.0,526.0,139.0,111.0,0.0,89.0,153.0,0.0,6636.0,236.0,179.0,229.0,312.0,886.0,352.0,429.0,605.0,438.0,406.0,245.0,199.0,88.0,106.0,491.0,506.0,383.0,76.0,133.0,167.0,198.0,183.0,650.0,693.0,117.0,111.0,61.0,144.0,308.0,426.0,163.0,139.0,237.0,196.0,84.0,107.0,108.0,127.0,417.0,317.0,408.0,439.0,161.0,131.0,29.0,51.0,21337.0
2022-10-01,56.0,72.0,37.0,62.0,208.0,22.0,212.0,223.0,78.0,50.0,0.0,65.0,40.0,0.0,5488.0,170.0,126.0,122.0,166.0,640.0,313.0,240.0,324.0,239.0,212.0,200.0,175.0,37.0,49.0,238.0,240.0,298.0,56.0,73.0,97.0,117.0,98.0,347.0,345.0,74.0,43.0,46.0,116.0,199.0,244.0,59.0,45.0,161.0,142.0,61.0,89.0,59.0,73.0,252.0,198.0,325.0,323.0,153.0,92.0,38.0,35.0,14362.0
2022-10-02,87.0,83.0,66.0,69.0,200.0,14.0,276.0,322.0,72.0,57.0,0.0,71.0,59.0,1.0,4682.0,222.0,224.0,215.0,227.0,608.0,325.0,346.0,419.0,352.0,315.0,166.0,153.0,28.0,44.0,408.0,407.0,221.0,65.0,70.0,109.0,177.0,158.0,600.0,636.0,118.0,103.0,50.0,143.0,266.0,344.0,70.0,72.0,188.0,181.0,89.0,127.0,93.0,113.0,402.0,360.0,443.0,447.0,206.0,110.0,45.0,57.0,16581.0
2022-10-03,140.0,116.0,91.0,134.0,671.0,0.0,486.0,500.0,153.0,140.0,0.0,80.0,139.0,0.0,7538.0,154.0,120.0,186.0,239.0,808.0,319.0,410.0,579.0,362.0,339.0,262.0,269.0,101.0,109.0,366.0,361.0,444.0,42.0,121.0,125.0,136.0,157.0,332.0,347.0,102.0,95.0,54.0,109.0,222.0,312.0,258.0,253.0,128.0,130.0,48.0,79.0,86.0,92.0,162.0,133.0,190.0,195.0,89.0,49.0,18.0,21.0,19701.0
2022-10-04,177.0,175.0,99.0,167.0,365.0,3.0,612.0,686.0,155.0,130.0,0.0,114.0,162.0,0.0,7242.0,282.0,218.0,274.0,378.0,909.0,342.0,458.0,816.0,398.0,452.0,291.0,276.0,107.0,137.0,591.0,554.0,468.0,96.0,153.0,186.0,190.0,216.0,667.0,753.0,186.0,140.0,90.0,184.0,418.0,562.0,295.0,251.0,192.0,278.0,91.0,118.0,170.0,150.0,463.0,348.0,416.0,466.0,159.0,78.0,26.0,50.0,24430.0
2022-10-05,228.0,213.0,118.0,156.0,302.0,11.0,680.0,745.0,169.0,100.0,0.0,104.0,104.0,0.0,6536.0,345.0,269.0,380.0,488.0,947.0,313.0,498.0,995.0,429.0,577.0,309.0,339.0,126.0,138.0,688.0,658.0,480.0,35.0,197.0,235.0,379.0,347.0,818.0,862.0,234.0,197.0,119.0,229.0,588.0,794.0,348.0,242.0,187.0,365.0,109.0,135.0,200.0,178.0,571.0,463.0,637.0,659.0,266.0,134.0,38.0,66.0,27077.0
2022-10-06,203.0,225.0,82.0,156.0,330.0,15.0,645.0,709.0,121.0,102.0,0.0,93.0,172.0,2.0,6629.0,314.0,250.0,316.0,441.0,952.0,301.0,460.0,855.0,392.0,498.0,292.0,323.0,103.0,114.0,625.0,602.0,446.0,89.0,166.0,179.0,298.0,287.0,747.0,798.0,209.0,145.0,98.0,177.0,480.0,610.0,313.0,248.0,134.0,291.0,98.0,154.0,183.0,163.0,450.0,362.0,548.0,584.0,189.0,119.0,23.0,54.0,24964.0
2022-10-07,173.0,182.0,87.0,142.0,269.0,8.0,524.0,576.0,173.0,150.0,0.0,43.0,101.0,0.0,7137.0,305.0,247.0,282.0,345.0,900.0,362.0,374.0,748.0,305.0,449.0,247.0,265.0,93.0,103.0,599.0,536.0,387.0,119.0,122.0,120.0,222.0,224.0,767.0,809.0,176.0,156.0,105.0,174.0,392.0,549.0,287.0,212.0,128.0,229.0,95.0,131.0,139.0,125.0,475.0,393.0,561.0,583.0,226.0,169.0,33.0,67.0,23900.0
2022-10-08,92.0,115.0,66.0,79.0,189.0,7.0,366.0,364.0,78.0,46.0,0.0,82.0,68.0,0.0,5077.0,252.0,204.0,207.0,284.0,748.0,356.0,271.0,477.0,264.0,351.0,156.0,212.0,45.0,52.0,489.0,445.0,258.0,99.0,87.0,116.0,193.0,183.0,752.0,789.0,132.0,104.0,72.0,164.0,278.0,406.0,112.0,99.0,80.0,199.0,71.0,92.0,118.0,125.0,482.0,449.0,538.0,513.0,252.0,155.0,50.0,65.0,18475.0
2022-10-09,122.0,141.0,91.0,111.0,237.0,0.0,429.0,493.0,87.0,60.0,0.0,77.0,38.0,1.0,4802.0,560.0,410.0,392.0,494.0,594.0,340.0,447.0,748.0,442.0,587.0,158.0,178.0,51.0,67.0,874.0,773.0,277.0,95.0,117.0,153.0,401.0,338.0,1406.0,1402.0,252.0,184.0,136.0,242.0,453.0,619.0,194.0,125.0,135.0,339.0,150.0,192.0,222.0,229.0,1018.0,935.0,1081.0,932.0,479.0,231.0,99.0,149.0,26389.0
2022-10-10,201.0,186.0,101.0,111.0,234.0,3.0,595.0,695.0,125.0,123.0,0.0,99.0,120.0,1.0,7133.0,247.0,215.0,301.0,379.0,833.0,315.0,414.0,792.0,317.0,441.0,297.0,284.0,124.0,121.0,576.0,570.0,460.0,87.0,159.0,168.0,227.0,224.0,707.0,744.0,192.0,149.0,104.0,209.0,369.0,550.0,364.0,233.0,114.0,258.0,76.0,114.0,143.0,148.0,467.0,363.0,475.0,526.0,195.0,84.0,32.0,57.0,23951.0
2022-10-11,135.0,130.0,86.0,145.0,261.0,14.0,494.0,568.0,158.0,107.0,0.0,106.0,136.0,0.0,7395.0,211.0,113.0,266.0,302.0,860.0,327.0,324.0,641.0,263.0,344.0,257.0,262.0,101.0,108.0,410.0,415.0,439.0,97.0,143.0,127.0,172.0,166.0,496.0,494.0,133.0,114.0,84.0,169.0,308.0,395.0,320.0,245.0,59.0,183.0,94.0,135.0,130.0,137.0,299.0,232.0,204.0,254.0,100.0,49.0,19.0,29.0,20765.0
2022-10-12,159.0,179.0,115.0,150.0,286.0,11.0,656.0,679.0,147.0,115.0,0.0,114.0,229.0,0.0,7868.0,216.0,162.0,276.0,363.0,906.0,345.0,381.0,817.0,315.0,445.0,295.0,254.0,113.0,122.0,606.0,546.0,425.0,97.0,166.0,162.0,231.0,226.0,666.0,761.0,175.0,141.0,106.0,189.0,422.0,562.0,376.0,276.0,102.0,265.0,80.0,106.0,159.0,145.0,425.0,373.0,437.0,466.0,191.0,94.0,29.0,37.0,24760.0
2022-10-13,184.0,166.0,119.0,147.0,301.0,4.0,625.0,626.0,221.0,158.0,0.0,112.0,112.0,0.0,7498.0,274.0,224.0,248.0,356.0,990.0,351.0,405.0,751.0,329.0,414.0,280.0,251.0,119.0,174.0,488.0,467.0,442.0,105.0,156.0,155.0,230.0,203.0,576.0,602.0,170.0,129.0,83.0,163.0,390.0,496.0,378.0,238.0,132.0,238.0,81.0,100.0,157.0,131.0,375.0,309.0,396.0,439.0,174.0,92.0,32.0,48.0,23614.0
2022-10-14,127.0,157.0,99.0,144.0,309.0,5.0,487.0,505.0,162.0,124.0,0.0,66.0,138.0,0.0,7561.0,226.0,198.0,185.0,240.0,922.0,362.0,296.0,617.0,240.0,333.0,265.0,216.0,111.0,114.0,362.0,396.0,491.0,105.0,110.0,128.0,131.0,155.0,501.0,527.0,161.0,102.0,76.0,149.0,244.0,346.0,247.0,172.0,114.0,160.0,91.0,96.0,104.0,99.0,290.0,235.0,242.0,275.0,107.0,68.0,17.0,31.0,20541.0
2022-10-15,43.0,67.0,48.0,33.0,287.0,8.0,153.0,157.0,42.0,44.0,0.0,60.0,46.0,1.0,5500.0,81.0,55.0,56.0,74.0,727.0,321.0,99.0,197.0,81.0,119.0,107.0,94.0,26.0,16.0,151.0,157.0,295.0,67.0,28.0,36.0,55.0,68.0,164.0,170.0,48.0,33.0,26.0,57.0,59.0,97.0,118.0,93.0,59.0,39.0,33.0,29.0,25.0,35.0,100.0,109.0,130.0,127.0,47.0,49.0,15.0,26.0,11087.0
2022-10-16,125.0,134.0,102.0,122.0,217.0,8.0,374.0,444.0,111.0,89.0,0.0,81.0,43.0,0.0,4887.0,580.0,497.0,330.0,485.0,810.0,355.0,350.0,660.0,361.0,508.0,152.0,173.0,44.0,69.0,837.0,804.0,274.0,83.0,118.0,143.0,290.0,265.0,1368.0,1432.0,192.0,158.0,136.0,233.0,493.0,616.0,121.0,80.0,189.0,369.0,153.0,189.0,209.0,204.0,951.0,831.0,970.0,899.0,561.0,187.0,93.0,125.0,25684.0
2022-10-17,184.0,218.0,157.0,2.0,530.0,11.0,807.0,869.0,230.0,192.0,0.0,104.0,115.0,0.0,7334.0,447.0,376.0,384.0,472.0,1063.0,357.0,517.0,1019.0,439.0,586.0,349.0,332.0,115.0,148.0,780.0,762.0,405.0,108.0,200.0,222.0,332.0,332.0,1180.0,1179.0,269.0,180.0,120.0,224.0,608.0,756.0,392.0,225.0,216.0,385.0,133.0,186.0,220.0,213.0,737.0,529.0,697.0,835.0,373.0,155.0,77.0,77.0,30464.0
2022-10-18,151.0,139.0,42.0,2.0,239.0,5.0,473.0,489.0,119.0,69.0,0.0,89.0,195.0,0.0,7718.0,175.0,156.0,171.0,239.0,865.0,308.0,333.0,526.0,260.0,299.0,228.0,206.0,107.0,119.0,373.0,333.0,593.0,47.0,140.0,118.0,124.0,118.0,312.0,332.0,121.0,91.0,52.0,125.0,287.0,340.0,315.0,216.0,104.0,150.0,45.0,92.0,108.0,92.0,180.0,136.0,222.0,200.0,103.0,37.0,19.0,26.0,19273.0
2022-10-19,158.0,155.0,94.0,2.0,211.0,2.0,528.0,580.0,143.0,106.0,0.0,93.0,115.0,0.0,7979.0,263.0,195.0,175.0,255.0,829.0,353.0,356.0,676.0,285.0,346.0,238.0,220.0,111.0,108.0,481.0,438.0,577.0,85.0,158.0,162.0,205.0,165.0,436.0,460.0,139.0,101.0,81.0,141.0,359.0,426.0,263.0,219.0,97.0,189.0,106.0,124.0,104.0,98.0,239.0,229.0,243.0,279.0,132.0,78.0,17.0,38.0,21445.0
2022-10-20,179.0,182.0,60.0,7.0,252.0,5.0,538.0,594.0,169.0,193.0,0.0,132.0,99.0,0.0,7747.0,304.0,242.0,228.0,292.0,837.0,258.0,331.0,688.0,252.0,369.0,274.0,277.0,122.0,123.0,462.0,410.0,667.0,96.0,121.0,158.0,209.0,205.0,513.0,505.0,182.0,127.0,106.0,156.0,374.0,430.0,215.0,225.0,160.0,205.0,42.0,68.0,111.0,122.0,315.0,232.0,294.0,373.0,157.0,90.0,27.0,40.0,22151.0
2022-10-21,106.0,116.0,5.0,6.0,399.0,2.0,359.0,386.0,150.0,113.0,0.0,84.0,105.0,0.0,7563.0,156.0,122.0,120.0,164.0,849.0,310.0,228.0,446.0,162.0,238.0,165.0,203.0,90.0,79.0,288.0,270.0,497.0,91.0,73.0,91.0,102.0,101.0,216.0,240.0,93.0,75.0,80.0,101.0,207.0,228.0,199.0,151.0,80.0,100.0,69.0,93.0,63.0,60.0,117.0,92.0,119.0,125.0,68.0,29.0,16.0,13.0,16873.0
2022-10-22,54.0,47.0,4.0,46.0,126.0,3.0,209.0,249.0,50.0,35.0,0.0,74.0,48.0,6.0,5511.0,229.0,160.0,92.0,114.0,735.0,294.0,144.0,267.0,120.0,180.0,93.0,153.0,25.0,30.0,252.0,245.0,246.0,47.0,43.0,57.0,76.0,75.0,417.0,406.0,87.0,61.0,0.0,0.0,136.0,190.0,54.0,55.0,55.0,84.0,29.0,44.0,2.0,5.0,265.0,216.0,249.0,270.0,120.0,65.0,24.0,23.0,12996.0
2022-10-23,124.0,113.0,2.0,121.0,228.0,10.0,362.0,444.0,110.0,84.0,0.0,82.0,0.0,2.0,4929.0,590.0,536.0,320.0,409.0,682.0,380.0,310.0,695.0,318.0,484.0,166.0,172.0,58.0,61.0,702.0,658.0,249.0,0.0,156.0,154.0,352.0,325.0,1203.0,1282.0,248.0,179.0,0.0,1.0,533.0,661.0,64.0,88.0,198.0,347.0,145.0,193.0,174.0,167.0,780.0,712.0,295.0,975.0,520.0,253.0,84.0,106.0,23596.0
2022-10-24,102.0,94.0,13.0,81.0,234.0,5.0,341.0,383.0,87.0,70.0,0.0,110.0,0.0,0.0,7399.0,198.0,153.0,157.0,190.0,790.0,314.0,247.0,425.0,174.0,240.0,191.0,186.0,117.0,119.0,305.0,262.0,460.0,43.0,106.0,93.0,101.0,97.0,233.0,245.0,90.0,78.0,0.0,0.0,186.0,236.0,175.0,210.0,54.0,111.0,55.0,86.0,89.0,84.0,140.0,109.0,217.0,183.0,56.0,21.0,6.0,11.0,16562.0
2022-10-25,154.0,162.0,119.0,149.0,249.0,8.0,582.0,632.0,145.0,154.0,0.0,109.0,0.0,0.0,7539.0,413.0,353.0,262.0,364.0,867.0,341.0,381.0,762.0,309.0,394.0,262.0,274.0,186.0,238.0,559.0,553.0,508.0,88.0,170.0,184.0,218.0,211.0,716.0,759.0,137.0,131.0,0.0,0.0,410.0,504.0,202.0,200.0,168.0,290.0,106.0,126.0,150.0,138.0,411.0,335.0,344.0,496.0,184.0,108.0,32.0,54.0,23900.0
2022-10-26,123.0,142.0,77.0,106.0,188.0,9.0,460.0,511.0,172.0,133.0,0.0,84.0,0.0,7.0,6940.0,302.0,255.0,199.0,238.0,843.0,320.0,315.0,576.0,236.0,312.0,214.0,229.0,128.0,115.0,387.0,379.0,450.0,88.0,98.0,149.0,171.0,176.0,423.0,436.0,121.0,115.0,0.0,0.0,308.0,362.0,175.0,172.0,117.0,180.0,91.0,110.0,100.0,98.0,234.0,206.0,12496.0,946.0,97.0,57.0,26.0,21.0,32023.0
2022-10-27,129.0,136.0,76.0,119.0,257.0,1.0,463.0,498.0,163.0,154.0,0.0,90.0,0.0,2.0,7381.0,416.0,329.0,253.0,273.0,798.0,385.0,364.0,651.0,321.0,397.0,188.0,214.0,103.0,108.0,558.0,489.0,437.0,69.0,143.0,152.0,231.0,208.0,688.0,721.0,163.0,126.0,0.0,0.0,367.0,518.0,219.0,166.0,136.0,249.0,105.0,116.0,119.0,126.0,444.0,368.0,14913.0,1751.0,251.0,125.0,54.0,62.0,38343.0
2022-10-28,106.0,128.0,43.0,89.0,180.0,2.0,425.0,390.0,112.0,118.0,0.0,57.0,0.0,12.0,5250.0,549.0,457.0,291.0,354.0,705.0,273.0,290.0,547.0,291.0,402.0,152.0,205.0,51.0,54.0,569.0,485.0,242.0,65.0,90.0,113.0,248.0,243.0,925.0,994.0,158.0,137.0,0.0,0.0,368.0,434.0,88.0,88.0,161.0,234.0,128.0,200.0,124.0,146.0,629.0,516.0,682.0,713.0,351.0,173.0,73.0,87.0,20997.0
2022-10-29,76.0,97.0,50.0,105.0,180.0,0.0,315.0,357.0,101.0,97.0,0.0,55.0,0.0,2.0,4984.0,428.0,365.0,219.0,265.0,742.0,352.0,248.0,496.0,249.0,322.0,163.0,187.0,51.0,54.0,551.0,523.0,258.0,73.0,86.0,81.0,228.0,207.0,869.0,887.0,149.0,115.0,0.0,0.0,338.0,415.0,95.0,55.0,186.0,219.0,126.0,180.0,126.0,128.0,609.0,495.0,663.0,684.0,307.0,132.0,56.0,73.0,19474.0
2022-10-30,94.0,101.0,51.0,91.0,203.0,1.0,337.0,360.0,69.0,61.0,0.0,7.0,0.0,0.0,1253.0,429.0,379.0,218.0,277.0,667.0,328.0,268.0,528.0,232.0,344.0,170.0,152.0,48.0,52.0,497.0,430.0,279.0,66.0,80.0,132.0,255.0,212.0,814.0,827.0,178.0,116.0,0.0,1.0,381.0,502.0,103.0,71.0,211.0,255.0,115.0,159.0,128.0,103.0,522.0,489.0,745.0,689.0,361.0,172.0,63.0,114.0,15790.0
2022-10-31,131.0,145.0,47.0,109.0,242.0,3.0,507.0,569.0,143.0,132.0,0.0,0.0,0.0,0.0,190.0,358.0,310.0,222.0,290.0,704.0,237.0,371.0,691.0,299.0,380.0,267.0,249.0,126.0,149.0,412.0,480.0,577.0,59.0,176.0,165.0,231.0,219.0,495.0,498.0,180.0,125.0,102.0,136.0,381.0,507.0,403.0,294.0,122.0,253.0,104.0,125.0,108.0,109.0,254.0,203.0,344.0,415.0,208.0,100.0,31.0,46.0,14733.0
2022-11-01,138.0,133.0,70.0,84.0,266.0,5.0,510.0,555.0,153.0,175.0,0.0,0.0,0.0,0.0,186.0,268.0,189.0,199.0,257.0,773.0,279.0,320.0,602.0,238.0,308.0,269.0,261.0,115.0,135.0,373.0,353.0,569.0,88.0,160.0,154.0,187.0,178.0,365.0,391.0,121.0,93.0,103.0,139.0,307.0,417.0,295.0,232.0,148.0,191.0,96.0,100.0,119.0,100.0,179.0,144.0,213.0,229.0,107.0,46.0,16.0,20.0,12721.0
2022-11-02,146.0,143.0,121.0,111.0,240.0,5.0,531.0,596.0,150.0,123.0,0.0,0.0,0.0,0.0,186.0,253.0,204.0,228.0,287.0,811.0,339.0,357.0,699.0,272.0,369.0,290.0,217.0,115.0,154.0,434.0,473.0,615.0,82.0,154.0,174.0,199.0,188.0,447.0,496.0,131.0,115.0,112.0,160.0,350.0,433.0,282.0,227.0,218.0,219.0,106.0,112.0,134.0,131.0,270.0,222.0,234.0,316.0,148.0,57.0,0.0,0.0,14186.0
2022-11-03,140.0,142.0,83.0,103.0,199.0,2.0,474.0,504.0,169.0,161.0,0.0,0.0,0.0,0.0,157.0,219.0,176.0,194.0,271.0,738.0,305.0,316.0,604.0,244.0,332.0,235.0,209.0,104.0,138.0,406.0,413.0,456.0,100.0,141.0,138.0,169.0,163.0,351.0,373.0,128.0,100.0,112.0,132.0,271.0,370.0,329.0,221.0,196.0,185.0,84.0,83.0,109.0,127.0,228.0,203.0,236.0,259.0,124.0,71.0,20.0,23.0,12540.0
2022-11-04,42.0,59.0,33.0,30.0,206.0,10.0,136.0,141.0,67.0,66.0,0.0,0.0,0.0,0.0,55.0,105.0,79.0,46.0,60.0,821.0,300.0,102.0,182.0,76.0,80.0,100.0,99.0,65.0,74.0,152.0,155.0,625.0,86.0,63.0,69.0,31.0,36.0,83.0,102.0,47.0,38.0,34.0,44.0,72.0,91.0,263.0,163.0,42.0,37.0,35.0,43.0,37.0,26.0,38.0,37.0,26.0,17.0,20.0,4.0,3.0,7.0,5560.0
2022-11-05,57.0,68.0,54.0,63.0,348.0,11.0,185.0,218.0,72.0,68.0,0.0,0.0,0.0,0.0,71.0,311.0,239.0,136.0,186.0,606.0,306.0,170.0,332.0,151.0,180.0,123.0,182.0,44.0,31.0,257.0,263.0,242.0,84.0,83.0,93.0,97.0,94.0,429.0,454.0,92.0,61.0,66.0,100.0,173.0,192.0,65.0,84.0,97.0,103.0,54.0,77.0,74.0,75.0,266.0,246.0,211.0,283.0,140.0,73.0,22.0,36.0,8898.0
2022-11-06,66.0,93.0,58.0,53.0,158.0,14.0,220.0,263.0,63.0,72.0,0.0,0.0,0.0,0.0,76.0,423.0,354.0,172.0,242.0,433.0,286.0,176.0,358.0,157.0,213.0,112.0,143.0,30.0,48.0,362.0,324.0,250.0,88.0,74.0,106.0,175.0,161.0,597.0,628.0,129.0,87.0,99.0,129.0,261.0,375.0,71.0,98.0,202.0,182.0,75.0,104.0,92.0,98.0,392.0,353.0,420.0,466.0,252.0,134.0,54.0,52.0,11173.0
2022-11-07,137.0,122.0,73.0,61.0,229.0,16.0,457.0,479.0,148.0,143.0,0.0,0.0,0.0,1.0,127.0,334.0,250.0,168.0,252.0,701.0,310.0,281.0,526.0,213.0,260.0,241.0,241.0,112.0,149.0,377.0,357.0,448.0,116.0,127.0,120.0,141.0,141.0,356.0,378.0,120.0,83.0,89.0,132.0,239.0,319.0,197.0,196.0,173.0,150.0,86.0,102.0,105.0,99.0,212.0,170.0,136.0,231.0,104.0,47.0,21.0,26.0,11629.0
2022-11-08,151.0,157.0,69.0,118.0,213.0,22.0,563.0,583.0,157.0,122.0,0.0,0.0,0.0,0.0,153.0,439.0,386.0,217.0,280.0,836.0,346.0,309.0,681.0,227.0,332.0,228.0,215.0,108.0,152.0,449.0,478.0,642.0,119.0,168.0,198.0,208.0,203.0,547.0,593.0,172.0,136.0,110.0,163.0,327.0,460.0,226.0,217.0,216.0,201.0,124.0,138.0,136.0,113.0,340.0,280.0,258.0,355.0,185.0,95.0,30.0,39.0,14990.0
2022-11-09,132.0,135.0,8.0,95.0,253.0,1119.0,475.0,500.0,156.0,130.0,0.0,0.0,0.0,1.0,168.0,310.0,284.0,166.0,193.0,724.0,305.0,264.0,540.0,208.0,270.0,205.0,177.0,126.0,145.0,338.0,335.0,507.0,127.0,147.0,146.0,138.0,150.0,340.0,356.0,105.0,96.0,85.0,127.0,248.0,326.0,251.0,226.0,159.0,141.0,84.0,112.0,98.0,88.0,188.0,171.0,172.0,205.0,105.0,42.0,14.0,18.0,12734.0
2022-11-10,118.0,115.0,5.0,92.0,375.0,1802.0,440.0,465.0,195.0,192.0,0.0,37.0,37.0,0.0,135.0,336.0,279.0,131.0,189.0,865.0,309.0,263.0,510.0,193.0,256.0,204.0,185.0,113.0,133.0,349.0,340.0,546.0,54.0,118.0,113.0,135.0,119.0,329.0,347.0,121.0,92.0,91.0,132.0,194.0,276.0,245.0,221.0,150.0,137.0,73.0,91.0,94.0,88.0,182.0,170.0,166.0,191.0,104.0,53.0,21.0,16.0,13332.0
2022-11-11,104.0,112.0,8.0,98.0,224.0,1578.0,392.0,409.0,139.0,140.0,0.0,112.0,83.0,0.0,112.0,307.0,258.0,141.0,192.0,823.0,295.0,244.0,497.0,168.0,251.0,229.0,220.0,101.0,115.0,341.0,345.0,499.0,112.0,83.0,119.0,137.0,137.0,360.0,360.0,141.0,121.0,81.0,116.0,214.0,291.0,204.0,148.0,151.0,134.0,79.0,99.0,85.0,78.0,189.0,159.0,147.0,190.0,114.0,66.0,13.0,34.0,12699.0
2022-11-12,54.0,92.0,6.0,82.0,167.0,1271.0,175.0,200.0,84.0,62.0,0.0,79.0,49.0,0.0,72.0,289.0,252.0,97.0,127.0,575.0,249.0,137.0,326.0,128.0,154.0,152.0,123.0,42.0,60.0,289.0,275.0,294.0,80.0,70.0,93.0,121.0,118.0,372.0,433.0,107.0,95.0,49.0,60.0,187.0,304.0,131.0,125.0,147.0,141.0,58.0,86.0,47.0,68.0,225.0,229.0,299.0,310.0,176.0,101.0,31.0,54.0,10279.0
2022-11-13,63.0,64.0,2.0,41.0,178.0,1023.0,157.0,152.0,52.0,49.0,0.0,62.0,57.0,0.0,66.0,277.0,201.0,91.0,110.0,430.0,271.0,121.0,263.0,90.0,138.0,95.0,90.0,20.0,28.0,184.0,162.0,223.0,77.0,48.0,65.0,78.0,68.0,326.0,332.0,55.0,54.0,47.0,78.0,118.0,174.0,69.0,73.0,90.0,81.0,38.0,50.0,46.0,42.0,198.0,173.0,197.0,191.0,106.0,50.0,17.0,20.0,7721.0
2022-11-14,140.0,133.0,7.0,105.0,239.0,1301.0,420.0,452.0,177.0,131.0,0.0,140.0,111.0,1.0,138.0,378.0,321.0,183.0,240.0,712.0,282.0,295.0,491.0,0.0,0.0,211.0,205.0,123.0,142.0,383.0,374.0,450.0,111.0,119.0,103.0,174.0,177.0,394.0,388.0,152.0,101.0,80.0,127.0,240.0,329.0,300.0,201.0,185.0,164.0,85.0,112.0,101.0,87.0,222.0,182.0,215.0,246.0,121.0,66.0,7.0,11.0,13085.0
2022-11-15,93.0,103.0,25.0,65.0,229.0,204.0,359.0,417.0,120.0,98.0,0.0,129.0,105.0,41.0,257.0,304.0,218.0,123.0,157.0,707.0,213.0,198.0,401.0,0.0,0.0,177.0,188.0,105.0,118.0,254.0,265.0,528.0,111.0,116.0,87.0,116.0,113.0,235.0,235.0,89.0,81.0,77.0,99.0,186.0,212.0,224.0,194.0,109.0,100.0,68.0,76.0,66.0,75.0,125.0,108.0,77.0,109.0,61.0,28.0,0.0,0.0,9378.0
2022-11-16,71.0,78.0,18.0,37.0,210.0,22.0,210.0,255.0,86.0,80.0,0.0,68.0,74.0,59.0,199.0,190.0,141.0,71.0,90.0,628.0,181.0,162.0,266.0,0.0,0.0,114.0,137.0,87.0,87.0,177.0,195.0,753.0,76.0,106.0,61.0,51.0,35.0,124.0,109.0,68.0,50.0,50.0,62.0,56.0,54.0,343.0,226.0,63.0,54.0,37.0,43.0,40.0,43.0,60.0,62.0,51.0,42.0,24.0,13.0,9.0,2.0,6760.0
2022-11-17,46.0,45.0,19.0,18.0,147.0,12.0,85.0,102.0,76.0,80.0,0.0,25.0,30.0,47.0,107.0,177.0,116.0,36.0,44.0,492.0,251.0,77.0,143.0,0.0,0.0,65.0,92.0,37.0,25.0,87.0,77.0,330.0,64.0,38.0,39.0,26.0,28.0,97.0,94.0,35.0,26.0,20.0,47.0,52.0,58.0,80.0,60.0,30.0,24.0,18.0,23.0,21.0,28.0,50.0,49.0,67.0,56.0,38.0,25.0,15.0,7.0,4103.0
2022-11-18,39.0,32.0,10.0,23.0,178.0,11.0,87.0,96.0,104.0,80.0,0.0,28.0,31.0,40.0,91.0,104.0,77.0,28.0,51.0,525.0,231.0,67.0,135.0,0.0,0.0,68.0,75.0,48.0,21.0,97.0,88.0,419.0,25.0,41.0,43.0,15.0,24.0,46.0,50.0,30.0,28.0,23.0,36.0,42.0,54.0,114.0,123.0,29.0,27.0,21.0,21.0,22.0,27.0,27.0,23.0,31.0,23.0,14.0,8.0,2.0,4.0,3857.0
2022-11-19,22.0,29.0,10.0,23.0,135.0,16.0,58.0,58.0,47.0,38.0,0.0,33.0,28.0,22.0,68.0,125.0,90.0,23.0,36.0,346.0,263.0,112.0,134.0,0.0,0.0,71.0,65.0,18.0,20.0,47.0,54.0,177.0,60.0,18.0,36.0,26.0,33.0,89.0,82.0,29.0,26.0,31.0,45.0,39.0,55.0,46.0,47.0,20.0,23.0,17.0,16.0,18.0,25.0,52.0,43.0,0.0,2.0,33.0,14.0,7.0,8.0,3108.0
2022-11-20,29.0,24.0,23.0,27.0,130.0,8.0,45.0,74.0,47.0,39.0,0.0,18.0,14.0,33.0,79.0,160.0,129.0,28.0,38.0,291.0,208.0,189.0,104.0,2.0,3.0,52.0,75.0,21.0,13.0,74.0,55.0,167.0,56.0,25.0,35.0,34.0,26.0,108.0,120.0,27.0,28.0,31.0,56.0,58.0,61.0,42.0,61.0,27.0,21.0,22.0,17.0,26.0,33.0,82.0,66.0,0.0,0.0,37.0,16.0,8.0,11.0,3333.0
2022-11-21,75.0,64.0,34.0,52.0,183.0,15.0,207.0,216.0,78.0,76.0,0.0,94.0,73.0,62.0,184.0,209.0,147.0,75.0,102.0,576.0,208.0,544.0,255.0,99.0,125.0,109.0,116.0,78.0,71.0,183.0,207.0,660.0,24.0,65.0,82.0,44.0,39.0,112.0,122.0,69.0,44.0,34.0,54.0,82.0,110.0,187.0,173.0,43.0,38.0,33.0,49.0,47.0,39.0,57.0,51.0,0.0,0.0,19.0,9.0,4.0,3.0,6810.0
2022-11-22,92.0,112.0,47.0,59.0,210.0,19.0,235.0,270.0,105.0,81.0,0.0,91.0,83.0,56.0,228.0,195.0,174.0,81.0,116.0,600.0,178.0,522.0,321.0,119.0,147.0,135.0,156.0,91.0,105.0,198.0,208.0,481.0,69.0,101.0,83.0,84.0,68.0,148.0,154.0,69.0,49.0,51.0,67.0,130.0,158.0,319.0,189.0,71.0,61.0,52.0,59.0,45.0,48.0,89.0,74.0,0.0,0.0,47.0,22.0,11.0,8.0,7841.0
2022-11-23,81.0,68.0,49.0,62.0,231.0,20.0,249.0,276.0,99.0,97.0,0.0,95.0,67.0,74.0,192.0,250.0,189.0,96.0,137.0,615.0,231.0,569.0,344.0,126.0,150.0,128.0,149.0,86.0,91.0,253.0,255.0,420.0,86.0,107.0,81.0,71.0,76.0,174.0,179.0,72.0,60.0,49.0,70.0,134.0,158.0,279.0,170.0,75.0,72.0,55.0,56.0,51.0,52.0,86.0,86.0,71.0,74.0,48.0,17.0,8.0,15.0,8281.0
2022-11-24,76.0,80.0,49.0,52.0,253.0,18.0,225.0,254.0,86.0,75.0,0.0,63.0,81.0,71.0,191.0,205.0,161.0,71.0,104.0,677.0,244.0,568.0,269.0,73.0,37.0,134.0,141.0,69.0,89.0,210.0,211.0,572.0,88.0,64.0,68.0,60.0,54.0,134.0,128.0,55.0,42.0,48.0,76.0,111.0,133.0,279.0,164.0,63.0,66.0,44.0,46.0,44.0,48.0,54.0,57.0,48.0,54.0,34.0,16.0,13.0,9.0,7509.0
2022-11-25,89.0,107.0,45.0,44.0,228.0,21.0,248.0,260.0,94.0,95.0,0.0,111.0,75.0,78.0,205.0,241.0,194.0,107.0,139.0,677.0,218.0,590.0,382.0,0.0,0.0,128.0,121.0,96.0,81.0,239.0,254.0,466.0,84.0,89.0,76.0,90.0,88.0,276.0,254.0,82.0,56.0,56.0,79.0,109.0,154.0,224.0,176.0,91.0,71.0,58.0,62.0,46.0,47.0,164.0,132.0,113.0,143.0,76.0,37.0,9.0,17.0,8592.0
2022-11-26,53.0,49.0,30.0,51.0,186.0,16.0,127.0,178.0,51.0,48.0,0.0,56.0,43.0,92.0,160.0,272.0,211.0,74.0,108.0,588.0,242.0,372.0,249.0,0.0,0.0,113.0,105.0,33.0,28.0,202.0,197.0,251.0,70.0,58.0,74.0,70.0,62.0,313.0,307.0,68.0,45.0,59.0,68.0,51.0,124.0,115.0,170.0,74.0,85.0,39.0,45.0,42.0,49.0,195.0,174.0,177.0,153.0,110.0,59.0,15.0,21.0,7077.0
2022-11-27,57.0,56.0,38.0,41.0,172.0,9.0,129.0,151.0,76.0,69.0,0.0,54.0,40.0,59.0,130.0,285.0,236.0,89.0,105.0,452.0,215.0,325.0,224.0,0.0,0.0,74.0,81.0,31.0,33.0,194.0,169.0,188.0,84.0,44.0,63.0,80.0,76.0,339.0,373.0,80.0,52.0,56.0,81.0,43.0,143.0,71.0,79.0,73.0,77.0,52.0,56.0,62.0,52.0,239.0,216.0,148.0,160.0,106.0,54.0,16.0,22.0,6779.0
2022-11-28,83.0,96.0,56.0,61.0,212.0,30.0,258.0,283.0,108.0,75.0,0.0,99.0,80.0,72.0,209.0,197.0,169.0,88.0,123.0,549.0,244.0,580.0,338.0,0.0,0.0,138.0,141.0,77.0,116.0,262.0,253.0,458.0,90.0,71.0,80.0,70.0,69.0,171.0,180.0,55.0,43.0,46.0,65.0,43.0,130.0,256.0,181.0,81.0,88.0,55.0,68.0,49.0,52.0,94.0,72.0,71.0,76.0,37.0,18.0,2.0,0.0,7768.0
2022-11-29,85.0,103.0,41.0,48.0,202.0,20.0,254.0,284.0,104.0,93.0,0.0,89.0,58.0,45.0,195.0,247.0,184.0,92.0,140.0,663.0,200.0,575.0,352.0,0.0,0.0,149.0,162.0,85.0,100.0,216.0,224.0,466.0,89.0,102.0,88.0,72.0,65.0,182.0,169.0,84.0,61.0,56.0,72.0,37.0,115.0,243.0,187.0,82.0,66.0,52.0,69.0,59.0,59.0,94.0,76.0,52.0,56.0,52.0,13.0,0.0,0.0,7828.0
2022-11-30,105.0,120.0,36.0,68.0,230.0,14.0,294.0,315.0,129.0,104.0,0.0,102.0,83.0,56.0,246.0,279.0,238.0,97.0,117.0,562.0,226.0,607.0,440.0,0.0,0.0,147.0,142.0,86.0,84.0,276.0,282.0,381.0,42.0,94.0,108.0,67.0,77.0,209.0,223.0,80.0,59.0,70.0,89.0,44.0,142.0,233.0,187.0,92.0,74.0,66.0,64.0,56.0,60.0,127.0,113.0,95.0,96.0,46.0,28.0,0.0,0.0,8507.0
2022-12-01,88.0,89.0,34.0,71.0,199.0,20.0,274.0,303.0,110.0,87.0,0.0,116.0,81.0,60.0,200.0,211.0,185.0,79.0,107.0,596.0,195.0,631.0,334.0,0.0,0.0,135.0,141.0,72.0,80.0,214.0,213.0,420.0,92.0,97.0,93.0,78.0,73.0,200.0,182.0,72.0,52.0,59.0,69.0,28.0,136.0,208.0,173.0,105.0,82.0,53.0,60.0,52.0,36.0,102.0,81.0,74.0,100.0,63.0,43.0,0.0,0.0,7808.0
2022-12-02,79.0,70.0,1.0,32.0,186.0,15.0,205.0,224.0,89.0,72.0,0.0,64.0,60.0,57.0,174.0,176.0,171.0,73.0,86.0,611.0,198.0,539.0,272.0,0.0,0.0,104.0,118.0,65.0,52.0,138.0,179.0,501.0,73.0,68.0,64.0,48.0,51.0,164.0,142.0,52.0,37.0,39.0,54.0,28.0,93.0,208.0,224.0,70.0,63.0,42.0,47.0,47.0,47.0,83.0,70.0,63.0,81.0,37.0,12.0,0.0,0.0,6618.0
2022-12-03,21.0,23.0,2.0,15.0,132.0,2.0,34.0,51.0,16.0,25.0,0.0,29.0,9.0,36.0,69.0,114.0,70.0,25.0,37.0,512.0,177.0,213.0,93.0,0.0,0.0,78.0,75.0,19.0,22.0,71.0,72.0,324.0,42.0,31.0,46.0,12.0,14.0,56.0,156.0,12.0,21.0,13.0,40.0,13.0,27.0,62.0,65.0,12.0,16.0,13.0,21.0,17.0,17.0,40.0,176.0,31.0,25.0,11.0,9.0,0.0,0.0,3364.0
2022-12-04,40.0,34.0,10.0,20.0,138.0,5.0,59.0,84.0,34.0,35.0,0.0,23.0,13.0,31.0,89.0,187.0,165.0,44.0,67.0,436.0,266.0,241.0,150.0,0.0,0.0,68.0,80.0,13.0,18.0,89.0,96.0,195.0,59.0,36.0,49.0,51.0,45.0,154.0,161.0,51.0,36.0,26.0,54.0,31.0,90.0,73.0,77.0,33.0,34.0,28.0,29.0,28.0,27.0,107.0,92.0,107.0,90.0,65.0,31.0,0.0,0.0,4394.0
2022-12-05,91.0,74.0,17.0,58.0,205.0,4.0,248.0,262.0,91.0,87.0,0.0,100.0,61.0,48.0,210.0,219.0,174.0,73.0,95.0,574.0,187.0,599.0,323.0,0.0,0.0,145.0,154.0,107.0,105.0,220.0,203.0,379.0,80.0,63.0,72.0,68.0,53.0,172.0,179.0,78.0,50.0,39.0,59.0,34.0,107.0,108.0,89.0,75.0,64.0,32.0,41.0,39.0,50.0,92.0,88.0,60.0,85.0,40.0,21.0,0.0,0.0,7051.0
2022-12-06,68.0,69.0,15.0,39.0,175.0,6.0,88.0,72.0,38.0,22.0,0.0,64.0,38.0,39.0,122.0,138.0,108.0,32.0,30.0,597.0,198.0,430.0,204.0,0.0,0.0,97.0,101.0,44.0,47.0,105.0,81.0,556.0,64.0,56.0,63.0,13.0,13.0,47.0,55.0,22.0,24.0,27.0,45.0,4.0,24.0,156.0,95.0,28.0,14.0,14.0,22.0,13.0,15.0,52.0,48.0,15.0,16.0,15.0,4.0,0.0,0.0,4587.0
2022-12-07,72.0,78.0,20.0,52.0,210.0,13.0,254.0,281.0,81.0,83.0,0.0,116.0,66.0,64.0,226.0,255.0,207.0,90.0,117.0,612.0,178.0,629.0,337.0,0.0,0.0,157.0,125.0,66.0,84.0,241.0,210.0,580.0,88.0,93.0,84.0,65.0,59.0,179.0,212.0,68.0,51.0,43.0,84.0,30.0,115.0,244.0,189.0,89.0,76.0,58.0,47.0,47.0,54.0,117.0,101.0,70.0,76.0,53.0,19.0,0.0,0.0,7915.0
2022-12-08,74.0,85.0,17.0,55.0,235.0,15.0,259.0,265.0,97.0,70.0,0.0,111.0,65.0,61.0,200.0,234.0,205.0,87.0,121.0,666.0,206.0,596.0,341.0,0.0,0.0,133.0,141.0,74.0,114.0,216.0,201.0,609.0,83.0,77.0,95.0,60.0,63.0,198.0,202.0,40.0,43.0,43.0,60.0,25.0,120.0,172.0,193.0,75.0,72.0,50.0,64.0,45.0,40.0,99.0,100.0,70.0,90.0,48.0,25.0,0.0,0.0,7805.0
2022-12-09,71.0,79.0,29.0,48.0,197.0,17.0,186.0,189.0,98.0,82.0,0.0,66.0,48.0,41.0,196.0,192.0,160.0,65.0,91.0,588.0,197.0,490.0,261.0,0.0,0.0,111.0,105.0,61.0,53.0,174.0,163.0,418.0,100.0,55.0,55.0,54.0,61.0,142.0,139.0,59.0,52.0,29.0,60.0,13.0,93.0,80.0,119.0,59.0,51.0,24.0,35.0,33.0,38.0,78.0,57.0,0.0,0.0,36.0,20.0,0.0,0.0,6018.0
2022-12-10,36.0,38.0,20.0,25.0,140.0,25.0,81.0,85.0,46.0,39.0,0.0,45.0,32.0,42.0,124.0,161.0,134.0,47.0,68.0,454.0,246.0,276.0,186.0,0.0,0.0,115.0,98.0,36.0,32.0,92.0,84.0,224.0,57.0,42.0,61.0,37.0,41.0,162.0,180.0,49.0,35.0,33.0,59.0,17.0,65.0,18.0,44.0,38.0,40.0,19.0,32.0,23.0,41.0,102.0,104.0,0.0,0.0,62.0,22.0,0.0,0.0,4414.0
2022-12-11,34.0,41.0,30.0,29.0,148.0,17.0,66.0,73.0,27.0,28.0,0.0,10.0,15.0,32.0,81.0,184.0,132.0,28.0,52.0,327.0,261.0,216.0,157.0,0.0,0.0,60.0,63.0,12.0,20.0,81.0,75.0,157.0,51.0,37.0,59.0,31.0,23.0,109.0,114.0,52.0,44.0,30.0,52.0,12.0,61.0,20.0,61.0,31.0,27.0,23.0,14.0,28.0,30.0,76.0,71.0,0.0,0.0,40.0,29.0,0.0,0.0,3581.0
2022-12-12,29.0,39.0,14.0,19.0,118.0,15.0,94.0,105.0,41.0,31.0,0.0,44.0,32.0,12.0,97.0,106.0,86.0,20.0,28.0,426.0,184.0,572.0,163.0,0.0,0.0,67.0,64.0,41.0,33.0,84.0,93.0,388.0,57.0,58.0,60.0,20.0,21.0,58.0,48.0,35.0,25.0,29.0,44.0,17.0,36.0,28.0,177.0,27.0,22.0,22.0,42.0,26.0,25.0,22.0,20.0,0.0,0.0,20.0,12.0,0.0,0.0,3996.0
2022-12-13,38.0,33.0,10.0,15.0,166.0,9.0,92.0,106.0,37.0,30.0,0.0,42.0,24.0,21.0,107.0,113.0,87.0,20.0,28.0,414.0,142.0,448.0,180.0,0.0,0.0,81.0,76.0,42.0,32.0,84.0,87.0,476.0,73.0,50.0,55.0,19.0,28.0,81.0,49.0,29.0,23.0,21.0,34.0,15.0,26.0,62.0,168.0,21.0,18.0,19.0,30.0,16.0,25.0,16.0,21.0,0.0,0.0,14.0,12.0,0.0,0.0,3965.0
2022-12-14,25.0,33.0,7.0,9.0,151.0,8.0,88.0,99.0,31.0,34.0,0.0,29.0,31.0,14.0,135.0,90.0,61.0,12.0,14.0,486.0,109.0,863.0,158.0,0.0,0.0,52.0,53.0,37.0,31.0,94.0,75.0,614.0,60.0,64.0,43.0,20.0,17.0,33.0,38.0,18.0,23.0,17.0,41.0,11.0,31.0,87.0,208.0,17.0,19.0,29.0,30.0,15.0,20.0,14.0,18.0,0.0,0.0,4.0,3.0,0.0,0.0,4323.0
2022-12-15,32.0,29.0,2.0,10.0,156.0,9.0,87.0,81.0,45.0,36.0,0.0,32.0,27.0,11.0,107.0,123.0,94.0,14.0,23.0,450.0,138.0,615.0,112.0,0.0,0.0,64.0,57.0,24.0,20.0,78.0,88.0,634.0,49.0,58.0,32.0,18.0,8.0,147.0,72.0,25.0,27.0,24.0,39.0,25.0,30.0,69.0,86.0,25.0,21.0,13.0,20.0,18.0,30.0,12.0,16.0,0.0,0.0,11.0,8.0,0.0,0.0,4081.0
2022-12-16,27.0,20.0,2.0,2.0,139.0,12.0,86.0,67.0,45.0,28.0,0.0,23.0,19.0,11.0,87.0,66.0,47.0,12.0,16.0,525.0,165.0,846.0,108.0,0.0,0.0,66.0,55.0,27.0,5.0,49.0,44.0,734.0,31.0,43.0,45.0,23.0,25.0,22.0,21.0,24.0,20.0,20.0,35.0,12.0,25.0,17.0,75.0,13.0,15.0,10.0,23.0,10.0,12.0,8.0,11.0,0.0,0.0,6.0,3.0,0.0,0.0,3882.0
2022-12-17,22.0,14.0,1.0,5.0,115.0,8.0,21.0,25.0,11.0,13.0,0.0,10.0,3.0,8.0,32.0,92.0,61.0,5.0,10.0,398.0,162.0,217.0,57.0,0.0,0.0,60.0,71.0,13.0,4.0,38.0,33.0,211.0,27.0,19.0,24.0,10.0,10.0,39.0,30.0,8.0,14.0,17.0,35.0,7.0,23.0,5.0,26.0,12.0,21.0,7.0,4.0,9.0,18.0,20.0,24.0,0.0,0.0,6.0,7.0,0.0,0.0,2142.0
2022-12-18,17.0,15.0,0.0,2.0,119.0,2.0,30.0,26.0,19.0,15.0,0.0,12.0,7.0,15.0,36.0,97.0,79.0,3.0,17.0,255.0,217.0,129.0,56.0,0.0,0.0,37.0,54.0,8.0,2.0,33.0,28.0,149.0,37.0,22.0,24.0,14.0,15.0,21.0,24.0,9.0,11.0,16.0,28.0,5.0,12.0,6.0,19.0,8.0,6.0,10.0,6.0,11.0,15.0,18.0,21.0,0.0,0.0,5.0,10.0,0.0,0.0,1852.0
2022-12-19,20.0,23.0,0.0,14.0,160.0,18.0,64.0,55.0,38.0,41.0,0.0,30.0,30.0,13.0,118.0,84.0,62.0,7.0,17.0,510.0,149.0,295.0,106.0,0.0,0.0,34.0,40.0,30.0,10.0,85.0,99.0,792.0,58.0,56.0,32.0,13.0,12.0,59.0,29.0,19.0,13.0,14.0,35.0,13.0,23.0,42.0,76.0,13.0,13.0,12.0,7.0,9.0,20.0,7.0,7.0,0.0,0.0,10.0,5.0,1.0,1.0,3543.0
2022-12-20,11.0,27.0,2.0,15.0,160.0,9.0,72.0,64.0,40.0,25.0,0.0,27.0,19.0,25.0,122.0,82.0,67.0,8.0,18.0,492.0,171.0,338.0,102.0,0.0,0.0,53.0,56.0,38.0,12.0,87.0,90.0,619.0,42.0,51.0,25.0,14.0,11.0,26.0,25.0,16.0,18.0,22.0,28.0,14.0,14.0,51.0,83.0,10.0,7.0,4.0,4.0,8.0,17.0,5.0,4.0,0.0,0.0,8.0,3.0,1.0,0.0,3362.0
2022-12-21,10.0,4.0,6.0,15.0,142.0,11.0,52.0,42.0,25.0,30.0,0.0,31.0,20.0,19.0,140.0,50.0,26.0,7.0,6.0,656.0,166.0,452.0,89.0,0.0,0.0,39.0,48.0,43.0,27.0,76.0,62.0,611.0,77.0,48.0,45.0,6.0,3.0,15.0,23.0,16.0,15.0,12.0,23.0,5.0,7.0,36.0,56.0,7.0,9.0,6.0,9.0,9.0,16.0,1.0,5.0,0.0,0.0,2.0,1.0,1.0,0.0,3358.0
2022-12-22,23.0,35.0,5.0,29.0,163.0,11.0,78.0,101.0,45.0,46.0,0.0,44.0,37.0,44.0,131.0,84.0,57.0,10.0,18.0,641.0,186.0,339.0,126.0,0.0,0.0,43.0,68.0,37.0,25.0,101.0,120.0,507.0,51.0,39.0,47.0,10.0,5.0,71.0,59.0,23.0,13.0,16.0,37.0,8.0,26.0,44.0,51.0,20.0,20.0,11.0,14.0,11.0,17.0,30.0,30.0,0.0,0.0,9.0,3.0,5.0,1.0,3825.0
2022-12-23,42.0,31.0,12.0,19.0,204.0,5.0,79.0,84.0,37.0,29.0,0.0,39.0,18.0,47.0,132.0,107.0,85.0,25.0,30.0,571.0,229.0,311.0,151.0,0.0,0.0,95.0,83.0,32.0,39.0,121.0,111.0,496.0,64.0,53.0,82.0,29.0,31.0,108.0,109.0,33.0,35.0,30.0,43.0,18.0,60.0,38.0,34.0,31.0,31.0,22.0,26.0,21.0,29.0,67.0,58.0,0.0,0.0,31.0,23.0,9.0,6.0,4385.0
2022-12-24,34.0,24.0,3.0,32.0,96.0,4.0,57.0,69.0,28.0,14.0,0.0,22.0,32.0,23.0,67.0,164.0,137.0,50.0,68.0,448.0,229.0,207.0,125.0,0.0,0.0,132.0,127.0,10.0,19.0,147.0,129.0,114.0,28.0,42.0,50.0,45.0,42.0,236.0,258.0,40.0,29.0,28.0,39.0,9.0,83.0,17.0,20.0,37.0,42.0,25.0,22.0,21.0,26.0,163.0,135.0,0.0,0.0,49.0,25.0,11.0,13.0,4146.0
2022-12-25,29.0,38.0,33.0,32.0,81.0,5.0,64.0,86.0,38.0,71.0,0.0,31.0,19.0,25.0,35.0,225.0,146.0,77.0,93.0,413.0,164.0,220.0,197.0,129.0,120.0,89.0,84.0,10.0,19.0,135.0,129.0,117.0,21.0,37.0,43.0,53.0,43.0,253.0,277.0,28.0,23.0,33.0,63.0,19.0,95.0,27.0,29.0,77.0,64.0,34.0,45.0,24.0,30.0,187.0,150.0,0.0,0.0,77.0,56.0,10.0,32.0,4784.0
2022-12-26,35.0,30.0,36.0,36.0,133.0,6.0,71.0,84.0,18.0,26.0,0.0,27.0,12.0,33.0,67.0,182.0,134.0,55.0,69.0,448.0,194.0,269.0,177.0,133.0,117.0,63.0,65.0,11.0,16.0,107.0,119.0,115.0,40.0,35.0,49.0,49.0,56.0,209.0,190.0,29.0,36.0,28.0,49.0,17.0,81.0,32.0,25.0,54.0,59.0,20.0,36.0,24.0,31.0,127.0,103.0,0.0,0.0,58.0,40.0,12.0,22.0,4399.0
2022-12-27,47.0,40.0,32.0,40.0,153.0,14.0,92.0,116.0,44.0,61.0,0.0,51.0,30.0,33.0,84.0,209.0,169.0,56.0,75.0,480.0,192.0,346.0,252.0,137.0,162.0,133.0,110.0,18.0,26.0,183.0,163.0,218.0,34.0,57.0,45.0,69.0,69.0,228.0,218.0,66.0,38.0,40.0,73.0,22.0,112.0,43.0,50.0,49.0,53.0,26.0,32.0,24.0,36.0,146.0,128.0,0.0,0.0,103.0,38.0,17.0,26.0,5608.0
2022-12-28,57.0,56.0,47.0,50.0,148.0,14.0,87.0,120.0,48.0,47.0,0.0,28.0,26.0,31.0,65.0,185.0,159.0,43.0,63.0,476.0,192.0,352.0,232.0,106.0,104.0,95.0,99.0,31.0,33.0,161.0,145.0,202.0,30.0,37.0,70.0,53.0,54.0,174.0,184.0,47.0,53.0,38.0,44.0,18.0,99.0,40.0,59.0,52.0,48.0,22.0,24.0,28.0,33.0,127.0,104.0,0.0,0.0,66.0,37.0,17.0,23.0,5083.0
2022-12-29,63.0,64.0,34.0,37.0,171.0,20.0,128.0,162.0,55.0,42.0,0.0,45.0,55.0,49.0,120.0,254.0,235.0,66.0,112.0,572.0,212.0,410.0,278.0,191.0,163.0,98.0,107.0,33.0,53.0,179.0,187.0,213.0,52.0,57.0,70.0,82.0,88.0,292.0,307.0,61.0,50.0,34.0,51.0,29.0,138.0,73.0,63.0,72.0,76.0,45.0,64.0,36.0,38.0,193.0,158.0,0.0,0.0,94.0,72.0,25.0,37.0,6765.0
2022-12-30,44.0,55.0,40.0,59.0,155.0,14.0,140.0,154.0,51.0,41.0,0.0,48.0,58.0,52.0,97.0,248.0,202.0,87.0,139.0,549.0,218.0,370.0,264.0,0.0,0.0,101.0,99.0,31.0,37.0,230.0,206.0,244.0,31.0,47.0,72.0,100.0,75.0,326.0,368.0,77.0,61.0,30.0,60.0,31.0,152.0,40.0,42.0,103.0,98.0,56.0,64.0,49.0,40.0,232.0,211.0,0.0,0.0,121.0,58.0,32.0,37.0,6646.0
2022-12-31,53.0,64.0,71.0,59.0,162.0,9.0,183.0,185.0,34.0,37.0,0.0,52.0,29.0,78.0,128.0,363.0,299.0,139.0,189.0,634.0,121.0,356.0,291.0,0.0,0.0,93.0,117.0,32.0,60.0,308.0,257.0,131.0,13.0,59.0,71.0,140.0,136.0,487.0,529.0,90.0,62.0,70.0,101.0,52.0,230.0,40.0,45.0,158.0,157.0,46.0,67.0,71.0,70.0,342.0,293.0,0.0,0.0,202.0,113.0,38.0,69.0,8285.0
2023-01-01,65.0,91.0,59.0,80.0,142.0,11.0,224.0,217.0,61.0,54.0,0.0,80.0,48.0,59.0,115.0,502.0,425.0,189.0,266.0,629.0,241.0,502.0,405.0,0.0,0.0,109.0,126.0,25.0,40.0,443.0,376.0,125.0,53.0,92.0,131.0,190.0,172.0,750.0,778.0,110.0,84.0,112.0,154.0,63.0,326.0,58.0,24.0,211.0,227.0,64.0,88.0,117.0,105.0,534.0,462.0,0.0,0.0,337.0,161.0,61.0,94.0,11267.0
2023-01-02,95.0,93.0,28.0,94.0,184.0,9.0,335.0,361.0,107.0,100.0,0.0,118.0,99.0,68.0,189.0,396.0,340.0,160.0,236.0,594.0,267.0,643.0,522.0,0.0,0.0,170.0,160.0,52.0,72.0,337.0,374.0,229.0,60.0,98.0,99.0,123.0,134.0,418.0,441.0,129.0,96.0,80.0,105.0,44.0,222.0,61.0,76.0,151.0,160.0,58.0,69.0,74.0,86.0,271.0,215.0,0.0,0.0,137.0,58.0,12.0,24.0,9933.0
2023-01-03,104.0,107.0,27.0,99.0,176.0,15.0,344.0,404.0,116.0,105.0,0.0,158.0,98.0,36.0,193.0,402.0,372.0,132.0,191.0,573.0,284.0,683.0,551.0,0.0,0.0,175.0,184.0,83.0,164.0,330.0,329.0,291.0,52.0,119.0,109.0,139.0,140.0,375.0,400.0,115.0,84.0,98.0,129.0,33.0,212.0,68.0,92.0,146.0,139.0,62.0,76.0,87.0,91.0,257.0,201.0,0.0,0.0,112.0,65.0,15.0,38.0,10180.0
2023-01-04,100.0,100.0,50.0,70.0,91.0,19.0,257.0,276.0,89.0,82.0,0.0,95.0,107.0,33.0,169.0,254.0,231.0,103.0,128.0,573.0,194.0,573.0,353.0,0.0,0.0,148.0,152.0,79.0,64.0,235.0,212.0,304.0,76.0,101.0,102.0,106.0,93.0,200.0,203.0,78.0,57.0,67.0,86.0,23.0,132.0,54.0,83.0,103.0,86.0,59.0,55.0,42.0,40.0,94.0,88.0,0.0,0.0,62.0,27.0,9.0,16.0,7283.0
2023-01-05,68.0,65.0,48.0,65.0,553.0,24.0,289.0,285.0,122.0,114.0,0.0,91.0,89.0,21.0,185.0,243.0,221.0,95.0,131.0,589.0,267.0,603.0,379.0,0.0,0.0,166.0,152.0,76.0,62.0,244.0,238.0,354.0,67.0,97.0,72.0,73.0,70.0,199.0,186.0,71.0,56.0,63.0,83.0,21.0,132.0,55.0,78.0,102.0,90.0,56.0,49.0,51.0,51.0,106.0,94.0,0.0,0.0,57.0,20.0,11.0,17.0,7866.0
2023-01-06,63.0,82.0,22.0,62.0,196.0,17.0,221.0,246.0,97.0,90.0,0.0,91.0,64.0,35.0,137.0,271.0,213.0,93.0,135.0,699.0,272.0,562.0,366.0,0.0,0.0,143.0,136.0,69.0,63.0,221.0,212.0,317.0,75.0,62.0,65.0,75.0,66.0,210.0,211.0,78.0,62.0,57.0,86.0,17.0,104.0,61.0,97.0,96.0,79.0,46.0,49.0,45.0,45.0,128.0,98.0,0.0,0.0,57.0,30.0,9.0,14.0,7217.0
2023-01-07,62.0,80.0,43.0,79.0,156.0,14.0,176.0,242.0,46.0,56.0,0.0,78.0,60.0,31.0,147.0,424.0,388.0,154.0,183.0,531.0,283.0,493.0,345.0,0.0,0.0,112.0,117.0,58.0,46.0,317.0,356.0,201.0,68.0,75.0,98.0,132.0,125.0,539.0,559.0,108.0,71.0,84.0,118.0,46.0,242.0,45.0,55.0,137.0,153.0,69.0,107.0,75.0,94.0,400.0,306.0,0.0,0.0,250.0,165.0,48.0,73.0,9520.0
2023-01-08,34.0,37.0,33.0,44.0,130.0,12.0,118.0,132.0,45.0,45.0,0.0,43.0,34.0,33.0,124.0,315.0,252.0,111.0,121.0,309.0,247.0,301.0,217.0,0.0,0.0,79.0,70.0,29.0,36.0,200.0,193.0,158.0,23.0,48.0,55.0,86.0,70.0,349.0,370.0,50.0,45.0,57.0,99.0,28.0,100.0,27.0,44.0,63.0,67.0,40.0,39.0,62.0,66.0,242.0,236.0,0.0,0.0,96.0,44.0,27.0,37.0,5972.0
2023-01-09,73.0,81.0,46.0,55.0,172.0,12.0,221.0,230.0,96.0,74.0,0.0,109.0,103.0,26.0,162.0,257.0,189.0,94.0,133.0,508.0,296.0,529.0,331.0,0.0,0.0,119.0,121.0,72.0,81.0,248.0,229.0,310.0,73.0,83.0,75.0,59.0,64.0,160.0,158.0,64.0,52.0,41.0,69.0,20.0,83.0,61.0,124.0,79.0,70.0,41.0,51.0,41.0,49.0,82.0,83.0,0.0,0.0,42.0,17.0,2.0,9.0,6729.0
2023-01-10,88.0,101.0,77.0,92.0,209.0,30.0,282.0,333.0,108.0,96.0,0.0,124.0,147.0,41.0,185.0,1038.0,321.0,125.0,169.0,561.0,261.0,672.0,444.0,0.0,0.0,162.0,136.0,82.0,90.0,293.0,294.0,302.0,64.0,119.0,96.0,100.0,99.0,272.0,302.0,72.0,58.0,70.0,94.0,28.0,156.0,75.0,124.0,116.0,127.0,45.0,53.0,64.0,63.0,163.0,131.0,0.0,0.0,86.0,40.0,16.0,19.0,9515.0
2023-01-11,86.0,84.0,40.0,57.0,194.0,14.0,252.0,243.0,101.0,93.0,0.0,116.0,152.0,55.0,170.0,219.0,205.0,87.0,115.0,546.0,285.0,637.0,335.0,0.0,0.0,111.0,110.0,75.0,68.0,235.0,212.0,362.0,79.0,106.0,92.0,92.0,78.0,169.0,178.0,62.0,53.0,52.0,77.0,29.0,102.0,59.0,108.0,87.0,82.0,47.0,50.0,43.0,54.0,79.0,72.0,0.0,0.0,53.0,26.0,5.0,9.0,7202.0
2023-01-12,78.0,96.0,37.0,61.0,199.0,10.0,247.0,268.0,87.0,70.0,0.0,96.0,194.0,59.0,156.0,243.0,222.0,88.0,114.0,599.0,286.0,590.0,349.0,191.0,219.0,116.0,140.0,81.0,71.0,195.0,180.0,358.0,89.0,80.0,89.0,73.0,66.0,145.0,160.0,65.0,53.0,52.0,77.0,19.0,116.0,42.0,97.0,65.0,66.0,44.0,45.0,48.0,56.0,78.0,74.0,0.0,0.0,45.0,27.0,8.0,8.0,7487.0
2023-01-13,65.0,85.0,49.0,61.0,209.0,15.0,200.0,201.0,99.0,76.0,0.0,70.0,142.0,45.0,177.0,219.0,194.0,92.0,102.0,588.0,341.0,582.0,335.0,198.0,201.0,108.0,124.0,60.0,61.0,198.0,196.0,338.0,89.0,94.0,83.0,51.0,55.0,154.0,146.0,67.0,64.0,36.0,68.0,18.0,99.0,40.0,91.0,82.0,69.0,33.0,46.0,34.0,33.0,85.0,73.0,0.0,0.0,40.0,35.0,8.0,11.0,7135.0
2023-01-14,85.0,80.0,39.0,71.0,206.0,11.0,186.0,208.0,74.0,85.0,0.0,70.0,86.0,28.0,117.0,440.0,363.0,133.0,184.0,469.0,288.0,404.0,315.0,1.0,3.0,80.0,99.0,35.0,32.0,331.0,308.0,203.0,49.0,74.0,89.0,137.0,157.0,588.0,607.0,85.0,76.0,64.0,94.0,43.0,246.0,34.0,35.0,160.0,126.0,68.0,112.0,71.0,60.0,444.0,359.0,0.0,0.0,218.0,113.0,44.0,65.0,9252.0
2023-01-15,42.0,36.0,24.0,48.0,142.0,12.0,92.0,95.0,40.0,27.0,0.0,29.0,52.0,45.0,64.0,263.0,223.0,56.0,66.0,297.0,250.0,281.0,170.0,118.0,129.0,44.0,57.0,17.0,20.0,126.0,133.0,154.0,45.0,44.0,68.0,43.0,44.0,207.0,197.0,56.0,48.0,46.0,83.0,18.0,65.0,32.0,40.0,50.0,39.0,24.0,19.0,23.0,34.0,146.0,122.0,0.0,0.0,66.0,38.0,12.0,14.0,4775.0
2023-01-16,90.0,96.0,56.0,82.0,228.0,22.0,275.0,296.0,116.0,86.0,0.0,126.0,176.0,60.0,206.0,377.0,302.0,143.0,169.0,548.0,284.0,722.0,436.0,277.0,278.0,141.0,129.0,69.0,91.0,317.0,308.0,302.0,86.0,94.0,109.0,108.0,86.0,341.0,345.0,89.0,68.0,73.0,94.0,37.0,177.0,63.0,105.0,119.0,105.0,58.0,57.0,72.0,69.0,205.0,167.0,0.0,0.0,86.0,44.0,12.0,18.0,9695.0
2023-01-17,76.0,114.0,28.0,69.0,250.0,22.0,291.0,298.0,131.0,101.0,0.0,135.0,181.0,56.0,152.0,342.0,317.0,118.0,175.0,515.0,302.0,657.0,439.0,258.0,251.0,155.0,159.0,79.0,102.0,282.0,281.0,391.0,81.0,109.0,106.0,95.0,110.0,284.0,315.0,91.0,69.0,72.0,86.0,17.0,143.0,76.0,128.0,103.0,112.0,58.0,67.0,71.0,65.0,179.0,168.0,0.0,0.0,87.0,53.0,11.0,16.0,9499.0
2023-01-18,47.0,58.0,29.0,35.0,198.0,14.0,159.0,147.0,73.0,75.0,0.0,57.0,114.0,40.0,185.0,192.0,170.0,47.0,66.0,495.0,290.0,462.0,240.0,116.0,120.0,115.0,112.0,79.0,77.0,168.0,161.0,406.0,74.0,76.0,45.0,29.0,26.0,111.0,131.0,43.0,35.0,34.0,62.0,5.0,51.0,56.0,120.0,36.0,34.0,15.0,20.0,22.0,26.0,56.0,60.0,0.0,0.0,32.0,11.0,8.0,9.0,5774.0
2023-01-19,67.0,91.0,41.0,51.0,198.0,19.0,213.0,216.0,94.0,74.0,0.0,80.0,116.0,41.0,188.0,239.0,220.0,73.0,107.0,455.0,293.0,218.0,302.0,176.0,177.0,139.0,123.0,67.0,77.0,173.0,184.0,349.0,101.0,70.0,81.0,56.0,56.0,323.0,191.0,70.0,41.0,56.0,66.0,22.0,87.0,90.0,120.0,64.0,59.0,46.0,60.0,51.0,56.0,97.0,90.0,0.0,0.0,39.0,12.0,9.0,16.0,6890.0
2023-01-20,55.0,65.0,30.0,46.0,165.0,8.0,139.0,157.0,90.0,75.0,0.0,66.0,99.0,23.0,98.0,190.0,180.0,44.0,70.0,448.0,310.0,507.0,253.0,1.0,0.0,116.0,109.0,53.0,87.0,170.0,145.0,295.0,86.0,53.0,69.0,54.0,50.0,156.0,126.0,59.0,46.0,33.0,51.0,12.0,73.0,42.0,73.0,53.0,49.0,40.0,32.0,31.0,46.0,85.0,77.0,0.0,0.0,38.0,21.0,7.0,8.0,5564.0
2023-01-21,22.0,20.0,10.0,1.0,120.0,7.0,33.0,27.0,29.0,26.0,0.0,19.0,28.0,7.0,38.0,135.0,77.0,10.0,20.0,379.0,232.0,357.0,55.0,15.0,20.0,51.0,44.0,10.0,13.0,33.0,49.0,249.0,33.0,33.0,28.0,19.0,15.0,1106.0,62.0,17.0,13.0,16.0,43.0,9.0,20.0,30.0,57.0,14.0,13.0,9.0,14.0,12.0,21.0,30.0,30.0,0.0,0.0,11.0,24.0,1.0,3.0,3819.0
2023-01-22,21.0,8.0,8.0,8.0,95.0,12.0,24.0,29.0,22.0,9.0,0.0,9.0,14.0,1.0,44.0,143.0,102.0,0.0,0.0,262.0,199.0,192.0,55.0,19.0,14.0,28.0,39.0,10.0,12.0,20.0,20.0,174.0,51.0,26.0,38.0,9.0,13.0,28.0,34.0,15.0,21.0,20.0,42.0,5.0,12.0,35.0,47.0,11.0,7.0,7.0,8.0,13.0,26.0,23.0,26.0,0.0,0.0,2.0,6.0,3.0,2.0,2123.0
2023-01-23,37.0,40.0,32.0,30.0,210.0,18.0,109.0,128.0,66.0,63.0,0.0,58.0,80.0,9.0,111.0,164.0,120.0,0.0,0.0,441.0,280.0,440.0,190.0,78.0,88.0,68.0,81.0,59.0,37.0,97.0,95.0,247.0,74.0,56.0,65.0,25.0,29.0,80.0,88.0,30.0,22.0,25.0,43.0,4.0,32.0,60.0,111.0,25.0,26.0,20.0,18.0,26.0,31.0,33.0,31.0,0.0,0.0,13.0,6.0,1.0,3.0,4453.0
2023-01-24,61.0,63.0,6.0,48.0,174.0,12.0,135.0,157.0,73.0,69.0,0.0,70.0,102.0,12.0,122.0,191.0,193.0,56.0,70.0,494.0,212.0,567.0,281.0,160.0,149.0,105.0,118.0,60.0,44.0,145.0,140.0,351.0,85.0,67.0,74.0,29.0,36.0,142.0,143.0,44.0,35.0,37.0,58.0,14.0,71.0,90.0,96.0,46.0,40.0,27.0,32.0,38.0,38.0,66.0,73.0,0.0,0.0,32.0,18.0,11.0,9.0,5891.0
2023-01-25,83.0,78.0,30.0,50.0,201.0,13.0,175.0,188.0,97.0,82.0,0.0,87.0,142.0,19.0,141.0,237.0,191.0,77.0,94.0,544.0,244.0,556.0,297.0,168.0,165.0,94.0,110.0,55.0,65.0,190.0,172.0,361.0,70.0,80.0,99.0,39.0,52.0,173.0,169.0,43.0,38.0,45.0,56.0,20.0,93.0,70.0,108.0,50.0,57.0,40.0,39.0,45.0,41.0,95.0,84.0,0.0,0.0,41.0,24.0,6.0,12.0,6695.0
2023-01-26,55.0,66.0,39.0,48.0,207.0,19.0,140.0,154.0,80.0,80.0,0.0,83.0,99.0,23.0,134.0,197.0,153.0,63.0,83.0,502.0,254.0,574.0,276.0,160.0,153.0,116.0,125.0,58.0,61.0,146.0,131.0,330.0,90.0,77.0,89.0,50.0,54.0,120.0,116.0,31.0,41.0,42.0,50.0,17.0,87.0,54.0,82.0,55.0,49.0,41.0,35.0,37.0,40.0,59.0,66.0,0.0,0.0,29.0,24.0,10.0,12.0,6066.0
2023-01-27,69.0,58.0,30.0,37.0,191.0,15.0,100.0,112.0,74.0,61.0,0.0,45.0,110.0,35.0,125.0,160.0,127.0,55.0,58.0,494.0,224.0,404.0,202.0,97.0,103.0,35.0,34.0,53.0,53.0,100.0,103.0,370.0,74.0,62.0,41.0,24.0,31.0,102.0,85.0,37.0,31.0,19.0,38.0,4.0,34.0,39.0,86.0,28.0,23.0,21.0,19.0,21.0,33.0,55.0,39.0,0.0,0.0,22.0,11.0,5.0,5.0,4723.0
2023-01-28,23.0,32.0,33.0,16.0,159.0,11.0,48.0,60.0,27.0,28.0,0.0,25.0,44.0,27.0,67.0,142.0,116.0,40.0,61.0,335.0,255.0,246.0,138.0,57.0,50.0,57.0,75.0,25.0,29.0,70.0,68.0,196.0,46.0,27.0,44.0,29.0,42.0,674.0,165.0,30.0,32.0,28.0,40.0,17.0,45.0,16.0,27.0,25.0,19.0,20.0,18.0,12.0,31.0,79.0,84.0,0.0,0.0,31.0,25.0,9.0,10.0,4185.0
2023-01-29,27.0,30.0,25.0,20.0,159.0,14.0,42.0,67.0,25.0,23.0,0.0,21.0,46.0,33.0,47.0,174.0,165.0,51.0,49.0,229.0,239.0,254.0,147.0,65.0,86.0,65.0,63.0,17.0,16.0,73.0,75.0,108.0,28.0,24.0,56.0,24.0,31.0,146.0,164.0,35.0,27.0,34.0,54.0,10.0,51.0,14.0,38.0,24.0,26.0,26.0,17.0,29.0,36.0,106.0,111.0,0.0,0.0,42.0,23.0,16.0,20.0,3667.0
2023-01-30,63.0,69.0,36.0,43.0,165.0,15.0,129.0,141.0,73.0,65.0,0.0,73.0,107.0,53.0,139.0,157.0,143.0,52.0,83.0,434.0,190.0,525.0,233.0,133.0,129.0,114.0,115.0,59.0,60.0,143.0,147.0,336.0,70.0,49.0,74.0,37.0,41.0,91.0,93.0,38.0,36.0,33.0,53.0,13.0,53.0,33.0,72.0,50.0,45.0,29.0,28.0,29.0,43.0,49.0,52.0,0.0,0.0,27.0,12.0,7.0,5.0,5386.0
2023-01-31,71.0,71.0,33.0,45.0,220.0,9.0,143.0,148.0,89.0,62.0,0.0,53.0,104.0,66.0,158.0,165.0,179.0,63.0,93.0,472.0,194.0,478.0,253.0,120.0,133.0,116.0,170.0,58.0,71.0,147.0,141.0,419.0,85.0,56.0,75.0,32.0,42.0,121.0,121.0,48.0,35.0,37.0,60.0,8.0,71.0,42.0,92.0,35.0,43.0,27.0,30.0,33.0,37.0,61.0,65.0,0.0,0.0,26.0,10.0,4.0,5.0,5845.0
2023-02-01,65.0,66.0,33.0,44.0,193.0,7.0,158.0,157.0,83.0,66.0,0.0,66.0,126.0,59.0,126.0,179.0,165.0,71.0,80.0,498.0,220.0,513.0,267.0,145.0,144.0,121.0,132.0,62.0,79.0,153.0,158.0,294.0,74.0,61.0,54.0,38.0,38.0,103.0,109.0,42.0,37.0,33.0,56.0,14.0,62.0,74.0,114.0,53.0,51.0,27.0,35.0,36.0,34.0,55.0,57.0,0.0,0.0,31.0,11.0,6.0,2.0,5837.0
2023-02-02,57.0,58.0,44.0,38.0,242.0,1.0,142.0,160.0,78.0,62.0,0.0,78.0,91.0,38.0,141.0,221.0,203.0,73.0,92.0,512.0,285.0,515.0,244.0,123.0,115.0,142.0,123.0,63.0,52.0,160.0,149.0,359.0,73.0,56.0,77.0,37.0,38.0,136.0,145.0,38.0,44.0,31.0,60.0,13.0,64.0,39.0,107.0,37.0,33.0,35.0,31.0,28.0,28.0,69.0,65.0,0.0,0.0,27.0,15.0,10.0,12.0,6009.0
2023-02-03,36.0,37.0,28.0,33.0,239.0,3.0,56.0,77.0,49.0,46.0,0.0,24.0,67.0,28.0,111.0,112.0,81.0,0.0,0.0,586.0,245.0,357.0,126.0,55.0,54.0,63.0,88.0,63.0,34.0,117.0,110.0,357.0,58.0,53.0,50.0,18.0,12.0,42.0,49.0,30.0,23.0,25.0,36.0,2.0,18.0,35.0,48.0,21.0,18.0,15.0,16.0,14.0,14.0,28.0,33.0,0.0,0.0,7.0,6.0,1.0,3.0,3957.0
2023-02-04,39.0,29.0,16.0,27.0,133.0,0.0,59.0,92.0,41.0,35.0,0.0,41.0,47.0,57.0,77.0,203.0,203.0,0.0,0.0,319.0,297.0,215.0,140.0,80.0,73.0,88.0,62.0,17.0,27.0,110.0,103.0,177.0,41.0,31.0,44.0,28.0,44.0,159.0,157.0,39.0,27.0,34.0,59.0,16.0,59.0,59.0,42.0,42.0,35.0,10.0,28.0,24.0,28.0,115.0,110.0,0.0,0.0,49.0,37.0,14.0,17.0,4155.0
2023-02-05,26.0,37.0,10.0,26.0,146.0,1.0,48.0,86.0,32.0,26.0,0.0,18.0,30.0,33.0,73.0,192.0,196.0,0.0,0.0,247.0,214.0,243.0,166.0,91.0,83.0,60.0,84.0,15.0,31.0,107.0,90.0,111.0,55.0,37.0,39.0,46.0,51.0,330.0,219.0,51.0,31.0,32.0,55.0,19.0,72.0,33.0,34.0,53.0,45.0,27.0,38.0,28.0,32.0,130.0,129.0,0.0,0.0,60.0,42.0,16.0,20.0,4246.0
2023-02-06,61.0,58.0,21.0,27.0,208.0,6.0,122.0,150.0,66.0,71.0,0.0,74.0,102.0,39.0,115.0,148.0,143.0,0.0,0.0,368.0,251.0,495.0,225.0,129.0,118.0,113.0,109.0,78.0,60.0,103.0,109.0,259.0,85.0,47.0,38.0,40.0,40.0,373.0,112.0,36.0,40.0,31.0,45.0,11.0,60.0,55.0,93.0,39.0,34.0,31.0,30.0,32.0,34.0,58.0,55.0,0.0,0.0,36.0,13.0,2.0,0.0,5298.0
2023-02-07,61.0,75.0,28.0,37.0,626.0,4.0,103.0,132.0,83.0,68.0,0.0,47.0,92.0,39.0,130.0,194.0,181.0,0.0,0.0,418.0,228.0,544.0,262.0,143.0,133.0,102.0,112.0,41.0,214.0,146.0,147.0,313.0,74.0,56.0,67.0,35.0,40.0,154.0,144.0,54.0,44.0,41.0,65.0,20.0,70.0,81.0,107.0,52.0,42.0,35.0,38.0,42.0,47.0,72.0,66.0,0.0,0.0,48.0,17.0,8.0,10.0,6232.0
2023-02-08,72.0,67.0,31.0,33.0,190.0,3.0,134.0,149.0,71.0,78.0,0.0,54.0,101.0,37.0,135.0,176.0,156.0,51.0,74.0,439.0,217.0,536.0,264.0,132.0,127.0,120.0,121.0,49.0,65.0,127.0,109.0,317.0,59.0,52.0,72.0,49.0,53.0,330.0,127.0,52.0,38.0,35.0,48.0,9.0,69.0,86.0,95.0,57.0,50.0,30.0,44.0,34.0,42.0,73.0,70.0,0.0,0.0,41.0,19.0,8.0,13.0,5890.0
2023-02-09,71.0,58.0,26.0,38.0,157.0,4.0,139.0,161.0,75.0,74.0,0.0,74.0,109.0,48.0,162.0,191.0,182.0,52.0,73.0,477.0,198.0,583.0,253.0,144.0,126.0,111.0,130.0,49.0,48.0,134.0,134.0,258.0,63.0,59.0,80.0,55.0,54.0,256.0,159.0,48.0,33.0,31.0,44.0,11.0,66.0,67.0,80.0,56.0,63.0,28.0,48.0,40.0,42.0,93.0,83.0,0.0,0.0,48.0,20.0,11.0,12.0,5989.0
2023-02-10,67.0,60.0,30.0,23.0,189.0,0.0,107.0,113.0,70.0,64.0,0.0,38.0,75.0,26.0,115.0,177.0,150.0,51.0,71.0,420.0,224.0,490.0,231.0,115.0,107.0,42.0,28.0,51.0,30.0,145.0,116.0,294.0,78.0,49.0,67.0,49.0,53.0,144.0,117.0,57.0,35.0,25.0,40.0,7.0,74.0,64.0,81.0,47.0,47.0,26.0,29.0,30.0,34.0,83.0,68.0,0.0,0.0,33.0,21.0,5.0,11.0,5093.0
2023-02-11,37.0,37.0,27.0,22.0,175.0,2.0,69.0,99.0,45.0,31.0,0.0,40.0,48.0,29.0,78.0,169.0,157.0,48.0,76.0,363.0,260.0,291.0,188.0,114.0,101.0,65.0,71.0,20.0,25.0,119.0,93.0,166.0,44.0,43.0,55.0,59.0,57.0,165.0,182.0,34.0,28.0,32.0,56.0,16.0,92.0,45.0,45.0,37.0,40.0,36.0,25.0,28.0,30.0,123.0,117.0,0.0,0.0,61.0,45.0,10.0,23.0,4593.0
2023-02-12,49.0,51.0,34.0,47.0,170.0,1.0,110.0,99.0,42.0,44.0,0.0,34.0,64.0,48.0,94.0,245.0,246.0,80.0,100.0,330.0,222.0,329.0,227.0,127.0,137.0,70.0,89.0,21.0,26.0,179.0,139.0,161.0,56.0,56.0,62.0,82.0,76.0,273.0,266.0,57.0,45.0,27.0,83.0,19.0,107.0,44.0,42.0,69.0,53.0,44.0,48.0,38.0,43.0,192.0,159.0,0.0,0.0,99.0,48.0,21.0,28.0,5752.0
2023-02-13,78.0,88.0,48.0,69.0,182.0,1.0,210.0,238.0,110.0,112.0,0.0,99.0,145.0,62.0,160.0,253.0,245.0,118.0,149.0,602.0,199.0,656.0,415.0,253.0,236.0,140.0,167.0,80.0,78.0,227.0,236.0,310.0,84.0,75.0,93.0,92.0,79.0,207.0,227.0,87.0,70.0,63.0,83.0,32.0,117.0,81.0,103.0,94.0,77.0,41.0,46.0,59.0,64.0,126.0,103.0,0.0,0.0,66.0,36.0,9.0,21.0,8201.0
2023-02-14,87.0,102.0,81.0,67.0,209.0,2.0,198.0,244.0,84.0,83.0,0.0,112.0,154.0,65.0,199.0,249.0,231.0,99.0,139.0,666.0,202.0,663.0,341.0,241.0,218.0,166.0,178.0,92.0,88.0,209.0,205.0,407.0,72.0,104.0,98.0,90.0,76.0,210.0,217.0,71.0,62.0,50.0,82.0,26.0,114.0,62.0,76.0,98.0,98.0,42.0,41.0,55.0,48.0,106.0,93.0,0.0,0.0,66.0,29.0,7.0,16.0,8190.0
2023-02-15,85.0,100.0,44.0,57.0,206.0,2.0,244.0,227.0,95.0,91.0,0.0,83.0,126.0,58.0,156.0,265.0,235.0,98.0,118.0,593.0,213.0,704.0,392.0,234.0,240.0,154.0,157.0,81.0,73.0,249.0,225.0,427.0,84.0,80.0,105.0,88.0,84.0,203.0,184.0,84.0,68.0,51.0,74.0,25.0,111.0,33.0,76.0,98.0,88.0,37.0,58.0,40.0,45.0,94.0,97.0,0.0,0.0,61.0,41.0,8.0,17.0,8066.0
2023-02-16,86.0,96.0,41.0,75.0,180.0,1.0,243.0,256.0,103.0,80.0,0.0,104.0,182.0,57.0,164.0,299.0,286.0,115.0,149.0,641.0,200.0,727.0,402.0,268.0,247.0,177.0,194.0,83.0,72.0,281.0,280.0,363.0,83.0,82.0,89.0,117.0,113.0,326.0,314.0,97.0,61.0,82.0,99.0,20.0,151.0,11.0,28.0,124.0,115.0,35.0,70.0,58.0,64.0,200.0,145.0,0.0,0.0,99.0,50.0,10.0,39.0,9134.0
2023-02-17,68.0,59.0,70.0,44.0,250.0,1.0,147.0,179.0,93.0,65.0,0.0,83.0,121.0,40.0,121.0,169.0,154.0,64.0,83.0,715.0,220.0,551.0,269.0,161.0,169.0,145.0,154.0,74.0,78.0,182.0,170.0,440.0,67.0,67.0,57.0,55.0,60.0,146.0,125.0,70.0,52.0,42.0,71.0,7.0,73.0,68.0,88.0,70.0,68.0,35.0,41.0,28.0,28.0,77.0,68.0,0.0,0.0,44.0,16.0,3.0,11.0,6676.0
2023-02-18,56.0,49.0,34.0,39.0,182.0,0.0,125.0,132.0,36.0,53.0,0.0,54.0,62.0,45.0,119.0,241.0,199.0,86.0,129.0,584.0,257.0,379.0,230.0,188.0,152.0,99.0,122.0,33.0,46.0,178.0,193.0,277.0,40.0,60.0,60.0,88.0,107.0,255.0,276.0,85.0,39.0,38.0,62.0,36.0,126.0,27.0,47.0,75.0,68.0,37.0,39.0,36.0,41.0,163.0,154.0,0.0,0.0,102.0,46.0,24.0,37.0,6547.0
2023-02-19,38.0,34.0,21.0,20.0,150.0,0.0,47.0,66.0,28.0,23.0,0.0,23.0,37.0,28.0,74.0,215.0,182.0,48.0,57.0,390.0,264.0,245.0,125.0,76.0,83.0,43.0,81.0,15.0,37.0,90.0,80.0,206.0,28.0,36.0,25.0,21.0,32.0,129.0,140.0,40.0,27.0,37.0,57.0,8.0,42.0,16.0,40.0,20.0,26.0,17.0,15.0,26.0,26.0,105.0,118.0,0.0,0.0,26.0,37.0,15.0,15.0,3950.0
2023-02-20,105.0,93.0,58.0,82.0,198.0,1.0,230.0,278.0,108.0,85.0,0.0,89.0,173.0,26.0,205.0,273.0,245.0,127.0,176.0,671.0,196.0,706.0,418.0,264.0,260.0,182.0,173.0,89.0,82.0,286.0,277.0,464.0,76.0,95.0,114.0,87.0,99.0,248.0,286.0,79.0,53.0,59.0,105.0,10.0,123.0,52.0,86.0,103.0,100.0,49.0,59.0,48.0,53.0,152.0,149.0,0.0,0.0,77.0,37.0,4.0,13.0,9036.0
2023-02-21,110.0,118.0,81.0,99.0,218.0,0.0,279.0,334.0,106.0,103.0,0.0,145.0,159.0,67.0,211.0,357.0,348.0,152.0,205.0,751.0,208.0,871.0,521.0,356.0,323.0,231.0,210.0,98.0,102.0,334.0,371.0,408.0,84.0,119.0,169.0,144.0,121.0,340.0,341.0,88.0,77.0,77.0,116.0,35.0,187.0,148.0,116.0,147.0,160.0,57.0,72.0,72.0,70.0,224.0,172.0,0.0,0.0,119.0,72.0,19.0,33.0,11255.0
2023-02-22,135.0,139.0,57.0,82.0,229.0,0.0,297.0,341.0,117.0,110.0,0.0,124.0,140.0,83.0,215.0,354.0,336.0,176.0,216.0,729.0,216.0,864.0,566.0,392.0,342.0,233.0,205.0,87.0,94.0,397.0,380.0,441.0,81.0,136.0,154.0,150.0,161.0,420.0,407.0,119.0,73.0,99.0,119.0,29.0,199.0,85.0,134.0,179.0,182.0,56.0,79.0,80.0,79.0,239.0,206.0,0.0,0.0,138.0,66.0,20.0,35.0,11822.0
2023-02-23,122.0,126.0,67.0,78.0,209.0,0.0,284.0,321.0,127.0,110.0,0.0,126.0,157.0,67.0,206.0,357.0,349.0,158.0,207.0,795.0,218.0,769.0,500.0,330.0,317.0,177.0,223.0,86.0,97.0,380.0,377.0,329.0,81.0,107.0,120.0,121.0,125.0,431.0,407.0,107.0,74.0,94.0,134.0,29.0,174.0,78.0,91.0,166.0,148.0,59.0,64.0,93.0,86.0,266.0,206.0,0.0,0.0,133.0,56.0,20.0,38.0,11177.0
2023-02-24,102.0,86.0,21.0,69.0,270.0,0.0,219.0,235.0,121.0,77.0,0.0,104.0,155.0,75.0,198.0,228.0,239.0,109.0,133.0,804.0,197.0,657.0,425.0,264.0,272.0,166.0,193.0,50.0,99.0,253.0,256.0,357.0,70.0,92.0,105.0,93.0,93.0,255.0,270.0,94.0,59.0,58.0,91.0,25.0,125.0,68.0,84.0,136.0,105.0,49.0,61.0,52.0,61.0,135.0,105.0,0.0,0.0,76.0,48.0,13.0,27.0,8884.0
2023-02-25,28.0,29.0,13.0,30.0,187.0,0.0,69.0,69.0,40.0,29.0,0.0,46.0,46.0,46.0,97.0,173.0,149.0,48.0,66.0,442.0,210.0,292.0,167.0,90.0,87.0,84.0,96.0,31.0,18.0,126.0,108.0,229.0,48.0,45.0,79.0,44.0,35.0,165.0,155.0,44.0,28.0,36.0,56.0,7.0,58.0,22.0,20.0,34.0,39.0,24.0,31.0,28.0,37.0,97.0,96.0,0.0,0.0,36.0,27.0,14.0,19.0,4469.0
2023-02-26,24.0,32.0,13.0,18.0,132.0,0.0,52.0,43.0,22.0,26.0,0.0,14.0,28.0,21.0,58.0,162.0,104.0,43.0,52.0,307.0,243.0,245.0,122.0,55.0,63.0,63.0,61.0,21.0,15.0,88.0,61.0,131.0,43.0,27.0,38.0,27.0,22.0,114.0,101.0,37.0,24.0,16.0,37.0,6.0,33.0,15.0,14.0,26.0,25.0,19.0,20.0,23.0,23.0,63.0,53.0,0.0,0.0,26.0,20.0,6.0,7.0,3184.0
2023-02-27,78.0,77.0,39.0,43.0,177.0,3.0,174.0,192.0,98.0,90.0,0.0,73.0,114.0,46.0,140.0,189.0,177.0,68.0,96.0,528.0,218.0,1445.0,292.0,84.0,21.0,125.0,136.0,80.0,82.0,179.0,189.0,331.0,66.0,69.0,68.0,49.0,43.0,333.0,219.0,48.0,39.0,42.0,72.0,17.0,66.0,57.0,98.0,61.0,63.0,43.0,41.0,68.0,52.0,86.0,87.0,0.0,0.0,32.0,15.0,2.0,8.0,7428.0
2023-02-28,80.0,95.0,39.0,59.0,223.0,3.0,202.0,227.0,127.0,98.0,0.0,96.0,129.0,55.0,149.0,276.0,261.0,88.0,113.0,574.0,171.0,1718.0,225.0,0.0,0.0,169.0,173.0,92.0,92.0,247.0,236.0,417.0,71.0,90.0,103.0,87.0,82.0,350.0,234.0,77.0,58.0,54.0,76.0,24.0,87.0,44.0,46.0,99.0,67.0,54.0,69.0,63.0,64.0,125.0,112.0,0.0,0.0,70.0,48.0,4.0,13.0,8705.0
2023-03-01,87.0,100.0,69.0,73.0,216.0,4.0,204.0,231.0,92.0,84.0,0.0,92.0,148.0,59.0,192.0,261.0,259.0,107.0,140.0,600.0,235.0,1642.0,463.0,0.0,0.0,173.0,199.0,78.0,65.0,265.0,250.0,377.0,74.0,93.0,90.0,82.0,98.0,293.0,258.0,64.0,56.0,73.0,83.0,33.0,133.0,90.0,129.0,97.0,100.0,59.0,55.0,60.0,70.0,143.0,138.0,0.0,0.0,86.0,53.0,11.0,25.0,9311.0
2023-03-02,108.0,91.0,58.0,46.0,250.0,3.0,229.0,284.0,113.0,100.0,0.0,134.0,170.0,82.0,201.0,288.0,261.0,133.0,170.0,641.0,231.0,1545.0,449.0,0.0,0.0,195.0,187.0,79.0,80.0,289.0,290.0,329.0,71.0,116.0,122.0,124.0,110.0,482.0,384.0,97.0,76.0,80.0,126.0,27.0,161.0,87.0,136.0,137.0,123.0,44.0,56.0,72.0,80.0,199.0,166.0,0.0,0.0,92.0,48.0,9.0,18.0,10279.0
2023-03-03,101.0,95.0,50.0,65.0,256.0,2.0,191.0,209.0,122.0,80.0,0.0,106.0,128.0,85.0,180.0,243.0,244.0,120.0,147.0,597.0,248.0,1552.0,421.0,0.0,0.0,152.0,174.0,71.0,61.0,268.0,272.0,285.0,22.0,87.0,100.0,99.0,89.0,772.0,343.0,105.0,74.0,58.0,87.0,25.0,150.0,54.0,90.0,99.0,84.0,47.0,72.0,65.0,54.0,144.0,124.0,0.0,0.0,91.0,56.0,7.0,31.0,9554.0
2023-03-04,49.0,56.0,44.0,38.0,236.0,3.0,72.0,98.0,54.0,49.0,0.0,67.0,48.0,64.0,107.0,169.0,171.0,58.0,91.0,487.0,188.0,776.0,341.0,0.0,0.0,75.0,88.0,28.0,29.0,131.0,136.0,250.0,21.0,37.0,53.0,53.0,58.0,221.0,219.0,50.0,29.0,35.0,61.0,21.0,95.0,22.0,40.0,65.0,58.0,21.0,52.0,29.0,43.0,157.0,135.0,0.0,0.0,79.0,49.0,8.0,24.0,5738.0
2023-03-05,43.0,41.0,41.0,36.0,210.0,2.0,76.0,88.0,40.0,58.0,0.0,49.0,58.0,37.0,83.0,199.0,187.0,55.0,93.0,345.0,238.0,614.0,274.0,0.0,0.0,78.0,77.0,26.0,24.0,115.0,122.0,134.0,31.0,41.0,45.0,65.0,43.0,179.0,196.0,49.0,38.0,52.0,71.0,12.0,68.0,40.0,43.0,57.0,52.0,26.0,36.0,28.0,30.0,125.0,121.0,0.0,0.0,83.0,46.0,16.0,15.0,5051.0
2023-03-06,90.0,89.0,42.0,52.0,200.0,3.0,167.0,186.0,93.0,81.0,0.0,97.0,107.0,48.0,194.0,204.0,198.0,78.0,92.0,533.0,216.0,1708.0,314.0,0.0,0.0,165.0,184.0,14.0,8.0,209.0,188.0,270.0,74.0,103.0,61.0,60.0,70.0,140.0,142.0,65.0,48.0,51.0,78.0,12.0,78.0,68.0,88.0,80.0,70.0,33.0,36.0,44.0,48.0,75.0,83.0,0.0,0.0,33.0,9.0,5.0,10.0,7494.0
2023-03-07,100.0,100.0,0.0,73.0,228.0,0.0,209.0,231.0,102.0,87.0,0.0,97.0,145.0,27.0,210.0,285.0,269.0,110.0,129.0,631.0,203.0,1921.0,292.0,0.0,0.0,177.0,214.0,1.0,1.0,264.0,261.0,371.0,79.0,102.0,74.0,88.0,87.0,212.0,202.0,79.0,50.0,64.0,83.0,19.0,114.0,99.0,116.0,77.0,92.0,47.0,46.0,52.0,54.0,132.0,106.0,0.0,0.0,70.0,30.0,12.0,19.0,8943.0
2023-03-08,86.0,73.0,0.0,48.0,210.0,3.0,164.0,173.0,82.0,65.0,0.0,85.0,174.0,43.0,175.0,166.0,166.0,69.0,77.0,627.0,155.0,1830.0,227.0,0.0,0.0,128.0,156.0,83.0,76.0,165.0,169.0,470.0,75.0,115.0,76.0,47.0,52.0,121.0,126.0,43.0,31.0,41.0,58.0,52.0,110.0,70.0,85.0,57.0,46.0,35.0,30.0,50.0,55.0,63.0,58.0,0.0,0.0,36.0,14.0,4.0,8.0,7503.0
2023-03-09,67.0,68.0,0.0,54.0,195.0,0.0,145.0,153.0,71.0,63.0,0.0,78.0,128.0,32.0,114.0,205.0,167.0,62.0,93.0,795.0,229.0,1636.0,322.0,0.0,0.0,152.0,143.0,77.0,68.0,144.0,152.0,435.0,72.0,91.0,45.0,34.0,38.0,131.0,135.0,26.0,35.0,27.0,67.0,38.0,122.0,34.0,101.0,48.0,49.0,13.0,22.0,23.0,29.0,73.0,69.0,0.0,0.0,31.0,18.0,4.0,9.0,7232.0
2023-03-10,87.0,64.0,0.0,61.0,231.0,1.0,164.0,208.0,98.0,82.0,0.0,75.0,113.0,47.0,145.0,206.0,213.0,83.0,111.0,753.0,210.0,1602.0,308.0,0.0,0.0,139.0,164.0,52.0,63.0,208.0,228.0,426.0,52.0,106.0,75.0,85.0,96.0,237.0,226.0,81.0,55.0,57.0,83.0,54.0,164.0,62.0,70.0,65.0,77.0,34.0,30.0,49.0,55.0,139.0,132.0,0.0,0.0,63.0,41.0,7.0,17.0,8354.0
2023-03-11,48.0,27.0,0.0,27.0,193.0,0.0,60.0,56.0,30.0,16.0,0.0,32.0,59.0,25.0,241.0,129.0,107.0,42.0,67.0,413.0,263.0,666.0,226.0,0.0,0.0,96.0,98.0,16.0,26.0,80.0,81.0,273.0,40.0,32.0,42.0,23.0,31.0,102.0,111.0,30.0,20.0,30.0,48.0,0.0,0.0,35.0,38.0,35.0,28.0,17.0,32.0,21.0,22.0,76.0,55.0,0.0,0.0,29.0,23.0,6.0,15.0,4338.0
2023-03-12,64.0,44.0,0.0,40.0,143.0,1.0,113.0,145.0,32.0,52.0,0.0,60.0,69.0,38.0,115.0,331.0,285.0,130.0,166.0,401.0,263.0,827.0,389.0,0.0,0.0,98.0,118.0,19.0,21.0,281.0,238.0,135.0,46.0,34.0,49.0,82.0,87.0,625.0,422.0,93.0,54.0,74.0,116.0,0.0,0.0,30.0,63.0,98.0,89.0,37.0,56.0,40.0,74.0,315.0,284.0,0.0,0.0,118.0,65.0,21.0,36.0,7626.0
2023-03-13,100.0,107.0,0.0,69.0,223.0,5.0,263.0,258.0,112.0,79.0,0.0,119.0,151.0,56.0,228.0,337.0,294.0,162.0,191.0,649.0,271.0,1557.0,309.0,0.0,0.0,183.0,198.0,95.0,102.0,327.0,293.0,281.0,59.0,86.0,89.0,115.0,104.0,294.0,313.0,64.0,71.0,79.0,111.0,19.0,81.0,34.0,91.0,130.0,109.0,43.0,49.0,69.0,66.0,189.0,140.0,0.0,0.0,85.0,57.0,10.0,25.0,9601.0
2023-03-14,95.0,101.0,0.0,66.0,224.0,0.0,225.0,270.0,100.0,89.0,0.0,123.0,174.0,45.0,177.0,276.0,250.0,123.0,144.0,717.0,226.0,1514.0,218.0,0.0,0.0,206.0,184.0,81.0,88.0,269.0,260.0,349.0,32.0,69.0,114.0,114.0,95.0,214.0,237.0,78.0,81.0,61.0,96.0,95.0,207.0,46.0,71.0,107.0,90.0,38.0,48.0,68.0,65.0,124.0,110.0,0.0,0.0,73.0,26.0,9.0,15.0,8977.0
2023-03-15,66.0,83.0,0.0,59.0,190.0,6.0,187.0,191.0,79.0,69.0,0.0,90.0,143.0,51.0,172.0,247.0,226.0,96.0,98.0,631.0,216.0,1505.0,189.0,0.0,0.0,175.0,154.0,81.0,58.0,251.0,232.0,308.0,66.0,92.0,70.0,53.0,57.0,163.0,194.0,62.0,47.0,45.0,66.0,106.0,125.0,52.0,60.0,72.0,57.0,44.0,44.0,60.0,60.0,96.0,101.0,0.0,0.0,53.0,25.0,10.0,10.0,7743.0
2023-03-16,85.0,83.0,0.0,60.0,242.0,10.0,226.0,227.0,109.0,95.0,0.0,111.0,148.0,58.0,220.0,277.0,276.0,109.0,167.0,671.0,209.0,1391.0,274.0,0.0,0.0,163.0,188.0,87.0,83.0,303.0,287.0,309.0,71.0,66.0,94.0,73.0,76.0,487.0,321.0,81.0,59.0,28.0,81.0,124.0,169.0,68.0,110.0,98.0,82.0,39.0,42.0,62.0,66.0,191.0,164.0,0.0,0.0,87.0,42.0,9.0,15.0,9273.0
2023-03-17,109.0,122.0,0.0,83.0,241.0,7.0,245.0,305.0,93.0,98.0,0.0,157.0,143.0,63.0,234.0,467.0,400.0,195.0,234.0,762.0,218.0,1419.0,332.0,0.0,0.0,168.0,208.0,76.0,63.0,481.0,432.0,397.0,84.0,106.0,120.0,147.0,153.0,616.0,601.0,95.0,68.0,39.0,129.0,209.0,326.0,50.0,90.0,178.0,179.0,48.0,71.0,134.0,113.0,401.0,330.0,0.0,0.0,172.0,91.0,30.0,42.0,12374.0
2023-03-18,104.0,144.0,0.0,74.0,199.0,4.0,267.0,317.0,95.0,100.0,0.0,128.0,143.0,73.0,204.0,601.0,585.0,287.0,374.0,681.0,242.0,1029.0,356.0,0.0,0.0,145.0,170.0,44.0,54.0,634.0,602.0,251.0,74.0,96.0,150.0,239.0,235.0,1054.0,1060.0,154.0,96.0,59.0,194.0,244.0,409.0,29.0,54.0,258.0,242.0,80.0,134.0,162.0,143.0,758.0,667.0,0.0,0.0,366.0,179.0,69.0,92.0,15204.0
2023-03-19,109.0,122.0,0.0,85.0,186.0,5.0,197.0,231.0,93.0,69.0,0.0,76.0,106.0,63.0,185.0,512.0,501.0,241.0,305.0,566.0,265.0,852.0,317.0,0.0,0.0,156.0,153.0,48.0,44.0,565.0,517.0,179.0,83.0,96.0,106.0,223.0,196.0,854.0,929.0,122.0,106.0,97.0,184.0,187.0,394.0,24.0,55.0,219.0,203.0,78.0,105.0,158.0,151.0,574.0,541.0,0.0,0.0,251.0,148.0,41.0,81.0,12954.0
2023-03-20,132.0,119.0,0.0,96.0,217.0,7.0,319.0,354.0,135.0,105.0,0.0,143.0,178.0,63.0,243.0,374.0,343.0,180.0,224.0,825.0,229.0,1506.0,299.0,0.0,0.0,227.0,222.0,100.0,117.0,318.0,307.0,385.0,94.0,157.0,127.0,161.0,162.0,357.0,368.0,100.0,72.0,63.0,109.0,160.0,133.0,90.0,188.0,187.0,186.0,34.0,57.0,78.0,70.0,186.0,165.0,0.0,0.0,97.0,88.0,24.0,33.0,11313.0
2023-03-21,151.0,164.0,0.0,147.0,270.0,9.0,408.0,473.0,180.0,155.0,0.0,172.0,239.0,88.0,335.0,616.0,582.0,324.0,402.0,936.0,204.0,1689.0,367.0,0.0,0.0,313.0,322.0,121.0,115.0,555.0,548.0,489.0,97.0,211.0,178.0,258.0,271.0,761.0,748.0,188.0,124.0,113.0,177.0,251.0,85.0,62.0,166.0,235.0,244.0,60.0,84.0,136.0,130.0,463.0,315.0,0.0,0.0,212.0,147.0,27.0,67.0,16184.0
2023-03-22,212.0,228.0,0.0,180.0,269.0,12.0,546.0,621.0,206.0,190.0,0.0,243.0,450.0,118.0,354.0,776.0,719.0,452.0,549.0,983.0,208.0,2013.0,343.0,0.0,0.0,327.0,364.0,123.0,157.0,849.0,780.0,524.0,103.0,255.0,223.0,375.0,356.0,1068.0,1147.0,244.0,198.0,174.0,252.0,384.0,144.0,14.0,196.0,228.0,405.0,81.0,111.0,207.0,185.0,733.0,588.0,0.0,0.0,371.0,177.0,61.0,104.0,21180.0
2023-03-23,156.0,164.0,0.0,150.0,280.0,10.0,447.0,476.0,163.0,145.0,0.0,196.0,263.0,110.0,344.0,489.0,426.0,282.0,360.0,963.0,208.0,1837.0,461.0,0.0,0.0,307.0,285.0,134.0,156.0,511.0,498.0,409.0,123.0,174.0,173.0,250.0,229.0,530.0,551.0,183.0,150.0,121.0,159.0,256.0,83.0,77.0,223.0,231.0,244.0,69.0,83.0,152.0,113.0,347.0,271.0,0.0,0.0,179.0,77.0,28.0,39.0,15345.0
2023-03-24,135.0,135.0,0.0,110.0,253.0,20.0,308.0,351.0,150.0,115.0,0.0,158.0,183.0,78.0,268.0,352.0,359.0,221.0,265.0,935.0,193.0,1381.0,425.0,0.0,0.0,241.0,243.0,96.0,94.0,405.0,378.0,397.0,92.0,130.0,123.0,175.0,164.0,451.0,447.0,126.0,101.0,72.0,112.0,186.0,69.0,60.0,147.0,204.0,165.0,58.0,87.0,90.0,92.0,288.0,226.0,0.0,0.0,128.0,67.0,28.0,43.0,12180.0
2023-03-25,94.0,113.0,0.0,89.0,209.0,5.0,280.0,271.0,73.0,50.0,0.0,0.0,7.0,35.0,91.0,506.0,405.0,192.0,270.0,713.0,221.0,604.0,417.0,0.0,0.0,188.0,173.0,53.0,54.0,501.0,482.0,317.0,60.0,66.0,83.0,0.0,0.0,694.0,634.0,148.0,108.0,86.0,146.0,136.0,67.0,48.0,67.0,186.0,172.0,89.0,124.0,95.0,90.0,439.0,358.0,0.0,0.0,196.0,95.0,38.0,69.0,10707.0
2023-03-26,62.0,61.0,0.0,48.0,158.0,9.0,172.0,165.0,53.0,55.0,0.0,0.0,0.0,0.0,0.0,421.0,356.0,164.0,203.0,548.0,218.0,760.0,328.0,0.0,0.0,121.0,114.0,32.0,39.0,350.0,302.0,165.0,49.0,64.0,63.0,0.0,0.0,501.0,528.0,129.0,82.0,63.0,122.0,122.0,57.0,18.0,51.0,159.0,138.0,70.0,74.0,64.0,74.0,358.0,309.0,0.0,0.0,149.0,61.0,32.0,42.0,8283.0
2023-03-27,49.0,42.0,0.0,42.0,182.0,8.0,132.0,118.0,58.0,70.0,0.0,0.0,0.0,0.0,0.0,162.0,152.0,67.0,71.0,517.0,228.0,1261.0,201.0,0.0,0.0,126.0,159.0,61.0,87.0,148.0,132.0,333.0,63.0,87.0,63.0,0.0,0.0,75.0,85.0,42.0,30.0,35.0,54.0,29.0,8.0,68.0,131.0,31.0,28.0,22.0,20.0,28.0,34.0,51.0,47.0,0.0,0.0,23.0,23.0,7.0,8.0,5498.0
2023-03-28,92.0,93.0,0.0,50.0,189.0,15.0,184.0,187.0,72.0,87.0,0.0,0.0,0.0,0.0,0.0,239.0,225.0,72.0,95.0,491.0,242.0,1352.0,225.0,0.0,0.0,140.0,203.0,88.0,84.0,210.0,222.0,422.0,76.0,120.0,66.0,28.0,37.0,0.0,0.0,68.0,44.0,48.0,82.0,65.0,28.0,46.0,98.0,65.0,54.0,34.0,48.0,50.0,45.0,114.0,93.0,0.0,0.0,40.0,24.0,9.0,9.0,6670.0
2023-03-29,106.0,120.0,0.0,78.0,234.0,8.0,246.0,294.0,112.0,97.0,0.0,9.0,62.0,0.0,0.0,286.0,259.0,130.0,181.0,573.0,282.0,1590.0,229.0,0.0,0.0,206.0,196.0,96.0,83.0,303.0,253.0,378.0,75.0,121.0,95.0,0.0,0.0,0.0,0.0,95.0,72.0,80.0,108.0,115.0,48.0,35.0,110.0,130.0,109.0,51.0,61.0,80.0,66.0,181.0,143.0,0.0,0.0,86.0,42.0,20.0,21.0,8355.0
2023-03-30,102.0,103.0,0.0,72.0,228.0,13.0,222.0,241.0,93.0,78.0,0.0,107.0,180.0,5.0,10.0,230.0,227.0,123.0,147.0,786.0,227.0,1444.0,386.0,0.0,0.0,138.0,188.0,65.0,74.0,251.0,258.0,508.0,68.0,114.0,75.0,0.0,0.0,0.0,0.0,71.0,60.0,61.0,81.0,79.0,36.0,37.0,72.0,86.0,78.0,30.0,50.0,53.0,45.0,110.0,93.0,0.0,0.0,49.0,26.0,6.0,10.0,7896.0
2023-03-31,90.0,92.0,0.0,57.0,219.0,11.0,200.0,197.0,97.0,91.0,0.0,89.0,209.0,51.0,214.0,231.0,205.0,117.0,130.0,799.0,206.0,894.0,228.0,0.0,0.0,157.0,188.0,75.0,61.0,232.0,241.0,439.0,63.0,93.0,59.0,0.0,0.0,0.0,0.0,80.0,67.0,56.0,75.0,84.0,30.0,33.0,84.0,80.0,83.0,46.0,41.0,49.0,46.0,101.0,82.0,0.0,0.0,52.0,35.0,16.0,18.0,7193.0
2023-04-01,92.0,88.0,0.0,77.0,188.0,10.0,222.0,266.0,80.0,78.0,0.0,108.0,119.0,65.0,184.0,439.0,402.0,214.0,251.0,453.0,245.0,729.0,492.0,0.0,0.0,158.0,162.0,46.0,54.0,412.0,393.0,221.0,56.0,101.0,89.0,0.0,0.0,0.0,0.0,109.0,94.0,70.0,111.0,164.0,75.0,49.0,126.0,171.0,205.0,72.0,77.0,71.0,62.0,393.0,335.0,0.0,0.0,214.0,135.0,59.0,60.0,9146.0
2023-04-02,50.0,57.0,0.0,33.0,125.0,11.0,94.0,121.0,55.0,54.0,0.0,69.0,65.0,44.0,93.0,235.0,219.0,100.0,117.0,377.0,234.0,546.0,218.0,0.0,0.0,104.0,102.0,30.0,26.0,145.0,121.0,197.0,47.0,39.0,61.0,0.0,0.0,0.0,0.0,60.0,51.0,56.0,86.0,54.0,29.0,26.0,39.0,68.0,55.0,30.0,24.0,31.0,33.0,122.0,125.0,0.0,0.0,81.0,68.0,14.0,26.0,4867.0
2023-04-03,99.0,98.0,0.0,63.0,735.0,12.0,222.0,286.0,107.0,106.0,0.0,111.0,164.0,42.0,242.0,240.0,238.0,120.0,159.0,558.0,202.0,1345.0,261.0,0.0,0.0,182.0,223.0,92.0,108.0,267.0,286.0,302.0,87.0,86.0,96.0,0.0,0.0,116.0,107.0,93.0,73.0,65.0,95.0,106.0,39.0,53.0,93.0,117.0,109.0,57.0,81.0,62.0,58.0,102.0,98.0,0.0,0.0,82.0,49.0,12.0,21.0,8827.0
2023-04-04,99.0,106.0,0.0,67.0,226.0,6.0,278.0,291.0,129.0,109.0,0.0,118.0,192.0,39.0,210.0,299.0,267.0,133.0,168.0,591.0,226.0,1516.0,274.0,0.0,0.0,190.0,202.0,88.0,81.0,324.0,336.0,359.0,89.0,105.0,130.0,0.0,0.0,334.0,323.0,104.0,78.0,84.0,121.0,123.0,48.0,63.0,167.0,147.0,103.0,73.0,75.0,64.0,57.0,179.0,133.0,0.0,0.0,92.0,67.0,13.0,20.0,9716.0
2023-04-05,122.0,104.0,0.0,96.0,209.0,17.0,246.0,289.0,110.0,110.0,0.0,129.0,237.0,38.0,274.0,297.0,286.0,136.0,176.0,630.0,239.0,1572.0,246.0,0.0,0.0,176.0,202.0,92.0,90.0,358.0,345.0,351.0,86.0,125.0,121.0,134.0,122.0,469.0,305.0,86.0,79.0,74.0,96.0,129.0,59.0,67.0,219.0,151.0,132.0,65.0,63.0,72.0,69.0,208.0,151.0,0.0,0.0,106.0,67.0,8.0,33.0,10473.0
2023-04-06,113.0,106.0,0.0,102.0,211.0,10.0,279.0,287.0,128.0,113.0,0.0,130.0,194.0,78.0,271.0,344.0,344.0,173.0,219.0,586.0,229.0,1614.0,200.0,0.0,0.0,186.0,227.0,80.0,76.0,365.0,379.0,390.0,75.0,113.0,142.0,0.0,0.0,677.0,503.0,111.0,98.0,93.0,131.0,144.0,74.0,130.0,172.0,154.0,135.0,56.0,83.0,90.0,95.0,304.0,197.0,0.0,0.0,119.0,99.0,22.0,36.0,11287.0
2023-04-07,52.0,72.0,0.0,60.0,214.0,6.0,199.0,197.0,72.0,71.0,0.0,81.0,89.0,64.0,151.0,310.0,278.0,138.0,165.0,485.0,298.0,716.0,139.0,0.0,0.0,137.0,147.0,46.0,48.0,297.0,299.0,338.0,52.0,69.0,92.0,0.0,0.0,364.0,265.0,84.0,87.0,83.0,110.0,102.0,44.0,37.0,53.0,147.0,111.0,46.0,89.0,63.0,71.0,308.0,241.0,0.0,0.0,145.0,130.0,0.0,0.0,7962.0
2023-04-08,46.0,47.0,0.0,29.0,155.0,5.0,145.0,134.0,60.0,63.0,0.0,58.0,89.0,40.0,105.0,144.0,148.0,72.0,84.0,508.0,263.0,480.0,77.0,0.0,0.0,92.0,117.0,28.0,26.0,173.0,151.0,385.0,43.0,27.0,27.0,0.0,0.0,104.0,63.0,36.0,31.0,39.0,73.0,36.0,19.0,31.0,37.0,50.0,43.0,33.0,31.0,44.0,37.0,155.0,140.0,0.0,0.0,52.0,45.0,0.0,0.0,4920.0
2023-04-09,45.0,56.0,0.0,43.0,188.0,5.0,146.0,172.0,57.0,69.0,0.0,69.0,52.0,61.0,116.0,270.0,227.0,107.0,122.0,558.0,212.0,448.0,116.0,0.0,0.0,134.0,131.0,22.0,34.0,295.0,264.0,216.0,55.0,35.0,58.0,0.0,0.0,305.0,255.0,53.0,39.0,59.0,95.0,68.0,37.0,31.0,42.0,122.0,106.0,53.0,65.0,55.0,60.0,318.0,280.0,0.0,0.0,143.0,97.0,0.0,0.0,6666.0
2023-04-10,125.0,162.0,0.0,106.0,216.0,6.0,400.0,408.0,112.0,90.0,0.0,129.0,116.0,66.0,219.0,968.0,845.0,505.0,583.0,582.0,286.0,875.0,257.0,0.0,0.0,180.0,192.0,75.0,57.0,923.0,797.0,227.0,91.0,131.0,156.0,0.0,0.0,933.0,569.0,260.0,173.0,216.0,263.0,300.0,138.0,26.0,37.0,403.0,363.0,158.0,245.0,200.0,199.0,1242.0,1063.0,0.0,0.0,602.0,288.0,0.0,0.0,17563.0
2023-04-11,74.0,63.0,0.0,68.0,216.0,2.0,230.0,255.0,92.0,82.0,0.0,116.0,131.0,45.0,178.0,203.0,211.0,95.0,122.0,617.0,222.0,1478.0,110.0,0.0,0.0,176.0,253.0,96.0,82.0,277.0,271.0,334.0,77.0,97.0,104.0,0.0,0.0,52.0,88.0,75.0,63.0,58.0,100.0,79.0,38.0,61.0,121.0,102.0,72.0,37.0,51.0,66.0,54.0,90.0,96.0,0.0,0.0,47.0,24.0,5.0,13.0,7769.0
2023-04-12,153.0,164.0,0.0,143.0,254.0,8.0,409.0,456.0,166.0,143.0,0.0,176.0,211.0,84.0,276.0,443.0,451.0,281.0,318.0,783.0,208.0,1667.0,169.0,0.0,0.0,233.0,220.0,120.0,122.0,543.0,551.0,456.0,119.0,210.0,132.0,241.0,221.0,232.0,298.0,165.0,104.0,114.0,157.0,214.0,93.0,123.0,173.0,263.0,220.0,63.0,92.0,124.0,115.0,413.0,343.0,0.0,0.0,191.0,89.0,35.0,54.0,13806.0
2023-04-13,131.0,135.0,0.0,96.0,237.0,12.0,387.0,393.0,149.0,125.0,0.0,165.0,185.0,84.0,278.0,397.0,383.0,211.0,233.0,794.0,225.0,1620.0,156.0,0.0,0.0,222.0,218.0,102.0,115.0,436.0,413.0,408.0,91.0,161.0,606.0,170.0,138.0,152.0,204.0,112.0,97.0,106.0,139.0,154.0,72.0,103.0,166.0,181.0,161.0,57.0,74.0,100.0,110.0,285.0,240.0,0.0,0.0,133.0,93.0,17.0,42.0,12274.0
2023-04-14,41.0,32.0,0.0,24.0,188.0,12.0,66.0,82.0,60.0,65.0,0.0,38.0,86.0,29.0,129.0,68.0,66.0,26.0,28.0,786.0,228.0,1427.0,40.0,0.0,0.0,51.0,48.0,56.0,37.0,87.0,96.0,606.0,65.0,77.0,64.0,18.0,12.0,18.0,25.0,26.0,27.0,17.0,25.0,16.0,13.0,14.0,43.0,17.0,20.0,12.0,32.0,10.0,18.0,17.0,26.0,0.0,0.0,5.0,0.0,0.0,3.0,5122.0
2023-04-15,67.0,69.0,0.0,55.0,205.0,2.0,180.0,183.0,67.0,77.0,0.0,65.0,69.0,42.0,206.0,360.0,345.0,148.0,205.0,135.0,32.0,662.0,118.0,0.0,0.0,156.0,178.0,28.0,50.0,355.0,341.0,264.0,62.0,52.0,100.0,100.0,96.0,107.0,36.0,114.0,75.0,81.0,134.0,83.0,42.0,20.0,60.0,111.0,95.0,50.0,78.0,91.0,83.0,385.0,307.0,0.0,0.0,151.0,119.0,29.0,38.0,7363.0
2023-04-16,138.0,171.0,0.0,111.0,233.0,8.0,370.0,457.0,118.0,117.0,0.0,111.0,478.0,85.0,229.0,916.0,863.0,486.0,569.0,181.0,31.0,934.0,122.0,0.0,0.0,202.0,216.0,55.0,56.0,960.0,988.0,214.0,84.0,123.0,166.0,365.0,362.0,0.0,0.0,232.0,166.0,217.0,284.0,258.0,124.0,19.0,72.0,411.0,340.0,143.0,215.0,231.0,226.0,1120.0,892.0,0.0,0.0,504.0,271.0,75.0,151.0,16470.0
2023-04-17,147.0,125.0,0.0,91.0,230.0,4.0,336.0,389.0,150.0,116.0,0.0,140.0,178.0,83.0,223.0,332.0,315.0,190.0,221.0,205.0,68.0,1485.0,109.0,0.0,0.0,203.0,283.0,87.0,110.0,394.0,422.0,333.0,86.0,121.0,153.0,183.0,162.0,131.0,151.0,106.0,86.0,84.0,136.0,161.0,52.0,22.0,126.0,178.0,136.0,90.0,91.0,75.0,71.0,205.0,141.0,0.0,0.0,111.0,60.0,18.0,19.0,9924.0
2023-04-18,126.0,132.0,0.0,114.0,254.0,10.0,368.0,437.0,135.0,118.0,0.0,132.0,198.0,49.0,269.0,400.0,366.0,173.0,223.0,202.0,294.0,1537.0,89.0,0.0,0.0,217.0,394.0,109.0,117.0,417.0,453.0,382.0,77.0,115.0,153.0,152.0,146.0,148.0,195.0,108.0,92.0,92.0,129.0,114.0,52.0,44.0,160.0,174.0,173.0,93.0,92.0,98.0,79.0,199.0,140.0,0.0,0.0,114.0,91.0,21.0,28.0,10794.0
2023-04-19,125.0,161.0,0.0,107.0,233.0,16.0,406.0,437.0,152.0,125.0,0.0,154.0,220.0,86.0,292.0,457.0,419.0,208.0,293.0,115.0,71.0,1514.0,97.0,0.0,0.0,271.0,252.0,85.0,124.0,456.0,447.0,447.0,88.0,134.0,124.0,159.0,170.0,147.0,183.0,128.0,88.0,109.0,146.0,140.0,60.0,42.0,154.0,195.0,184.0,104.0,108.0,99.0,100.0,271.0,215.0,0.0,0.0,148.0,75.0,28.0,47.0,11216.0
2023-04-20,130.0,130.0,0.0,100.0,276.0,12.0,388.0,396.0,132.0,123.0,0.0,164.0,230.0,73.0,269.0,432.0,386.0,231.0,280.0,232.0,68.0,1435.0,97.0,0.0,0.0,241.0,270.0,106.0,101.0,461.0,413.0,397.0,94.0,123.0,149.0,155.0,172.0,112.0,153.0,84.0,82.0,118.0,145.0,166.0,51.0,32.0,133.0,185.0,155.0,92.0,102.0,122.0,115.0,256.0,194.0,0.0,0.0,147.0,75.0,25.0,33.0,10843.0
2023-04-21,185.0,215.0,0.0,162.0,274.0,6.0,583.0,654.0,187.0,171.0,0.0,273.0,256.0,122.0,399.0,888.0,791.0,435.0,531.0,189.0,69.0,1616.0,178.0,0.0,0.0,340.0,372.0,147.0,161.0,936.0,967.0,370.0,104.0,210.0,241.0,380.0,358.0,643.0,517.0,208.0,156.0,173.0,243.0,279.0,114.0,109.0,182.0,477.0,400.0,169.0,207.0,217.0,201.0,982.0,701.0,0.0,0.0,407.0,197.0,74.0,125.0,19551.0
2023-04-22,203.0,265.0,0.0,163.0,294.0,6.0,691.0,663.0,139.0,152.0,0.0,240.0,187.0,121.0,364.0,1747.0,1484.0,818.0,1038.0,387.0,100.0,1338.0,217.0,0.0,0.0,337.0,318.0,102.0,112.0,2085.0,1984.0,289.0,82.0,203.0,263.0,823.0,675.0,1300.0,562.0,392.0,263.0,299.0,413.0,358.0,149.0,43.0,80.0,948.0,801.0,483.0,564.0,380.0,349.0,2321.0,2011.0,0.0,0.0,1305.0,487.0,239.0,310.0,31947.0
2023-04-23,88.0,98.0,0.0,63.0,182.0,8.0,263.0,261.0,88.0,82.0,0.0,131.0,105.0,71.0,183.0,472.0,441.0,248.0,340.0,437.0,56.0,615.0,116.0,0.0,0.0,156.0,178.0,49.0,59.0,514.0,464.0,220.0,72.0,88.0,102.0,220.0,219.0,385.0,304.0,167.0,126.0,76.0,111.0,23.0,16.0,31.0,46.0,211.0,226.0,83.0,104.0,89.0,106.0,435.0,408.0,0.0,0.0,263.0,106.0,53.0,65.0,10123.0
2023-04-24,133.0,120.0,0.0,46.0,217.0,11.0,326.0,376.0,144.0,135.0,0.0,135.0,216.0,60.0,241.0,330.0,362.0,193.0,237.0,367.0,208.0,1186.0,86.0,0.0,0.0,227.0,221.0,80.0,103.0,405.0,408.0,395.0,89.0,121.0,134.0,128.0,130.0,86.0,141.0,102.0,82.0,77.0,129.0,66.0,24.0,33.0,156.0,171.0,138.0,50.0,59.0,87.0,88.0,215.0,200.0,0.0,0.0,89.0,47.0,20.0,30.0,9660.0
2023-04-25,161.0,171.0,0.0,2.0,233.0,11.0,452.0,497.0,167.0,145.0,0.0,185.0,251.0,79.0,291.0,437.0,407.0,254.0,305.0,731.0,250.0,1651.0,474.0,0.0,0.0,267.0,268.0,113.0,155.0,478.0,521.0,417.0,82.0,176.0,215.0,195.0,205.0,129.0,245.0,138.0,105.0,107.0,150.0,196.0,74.0,38.0,183.0,238.0,220.0,96.0,124.0,119.0,116.0,276.0,237.0,0.0,0.0,150.0,71.0,28.0,34.0,13320.0
2023-04-26,159.0,157.0,0.0,109.0,232.0,15.0,455.0,486.0,155.0,156.0,0.0,206.0,271.0,105.0,365.0,473.0,457.0,257.0,316.0,745.0,238.0,1532.0,230.0,0.0,0.0,270.0,282.0,119.0,154.0,530.0,586.0,454.0,37.0,172.0,191.0,241.0,221.0,142.0,251.0,171.0,103.0,117.0,164.0,237.0,80.0,45.0,194.0,268.0,240.0,95.0,117.0,113.0,114.0,282.0,213.0,0.0,0.0,213.0,73.0,33.0,38.0,13679.0
2023-04-27,163.0,179.0,0.0,118.0,282.0,7.0,467.0,348.0,207.0,170.0,0.0,196.0,238.0,97.0,342.0,560.0,539.0,317.0,426.0,843.0,225.0,1746.0,290.0,0.0,0.0,282.0,268.0,91.0,186.0,668.0,616.0,392.0,102.0,184.0,213.0,285.0,281.0,164.0,233.0,195.0,149.0,134.0,196.0,240.0,111.0,50.0,184.0,325.0,294.0,80.0,98.0,160.0,147.0,471.0,366.0,0.0,0.0,225.0,127.0,33.0,71.0,15381.0
2023-04-28,107.0,112.0,0.0,42.0,236.0,20.0,333.0,289.0,142.0,164.0,0.0,123.0,193.0,61.0,249.0,306.0,288.0,188.0,216.0,825.0,225.0,893.0,515.0,0.0,0.0,196.0,202.0,86.0,100.0,379.0,376.0,442.0,69.0,159.0,134.0,149.0,146.0,168.0,190.0,136.0,93.0,89.0,123.0,123.0,60.0,50.0,131.0,169.0,165.0,57.0,77.0,97.0,97.0,234.0,189.0,0.0,0.0,92.0,50.0,20.0,29.0,10404.0
2023-04-29,82.0,80.0,0.0,1.0,178.0,4.0,284.0,222.0,77.0,98.0,0.0,106.0,117.0,67.0,174.0,473.0,453.0,240.0,320.0,758.0,203.0,679.0,479.0,0.0,0.0,199.0,213.0,49.0,65.0,519.0,538.0,245.0,40.0,80.0,121.0,154.0,132.0,100.0,68.0,100.0,95.0,115.0,178.0,106.0,69.0,16.0,33.0,193.0,148.0,75.0,93.0,132.0,148.0,508.0,372.0,0.0,0.0,197.0,99.0,45.0,44.0,10384.0
2023-04-30,161.0,202.0,0.0,107.0,293.0,16.0,312.0,245.0,147.0,175.0,0.0,174.0,197.0,115.0,265.0,1151.0,1089.0,511.0,672.0,819.0,295.0,1155.0,1106.0,0.0,0.0,221.0,239.0,59.0,105.0,1275.0,1184.0,262.0,4.0,185.0,215.0,411.0,369.0,192.0,95.0,265.0,215.0,243.0,321.0,280.0,122.0,23.0,49.0,527.0,444.0,259.0,287.0,297.0,303.0,1498.0,1274.0,0.0,0.0,747.0,357.0,143.0,181.0,21858.0
2023-05-01,209.0,227.0,0.0,130.0,321.0,4.0,360.0,161.0,141.0,136.0,0.0,153.0,163.0,52.0,334.0,1377.0,1284.0,787.0,919.0,784.0,350.0,1491.0,1115.0,0.0,0.0,219.0,245.0,93.0,112.0,1438.0,1436.0,253.0,0.0,205.0,246.0,621.0,598.0,220.0,101.0,428.0,245.0,202.0,414.0,404.0,142.0,7.0,26.0,687.0,643.0,306.0,375.0,386.0,340.0,1731.0,1497.0,0.0,0.0,1054.0,365.0,161.0,233.0,25931.0
2023-05-02,156.0,158.0,0.0,158.0,300.0,10.0,579.0,524.0,184.0,174.0,0.0,215.0,250.0,102.0,373.0,579.0,573.0,445.0,510.0,870.0,254.0,1281.0,987.0,0.0,0.0,357.0,333.0,135.0,175.0,596.0,598.0,355.0,93.0,219.0,196.0,299.0,272.0,80.0,229.0,200.0,130.0,103.0,188.0,230.0,89.0,76.0,161.0,313.0,301.0,100.0,116.0,153.0,142.0,393.0,323.0,0.0,0.0,183.0,101.0,26.0,37.0,15984.0
2023-05-03,249.0,269.0,0.0,194.0,304.0,23.0,501.0,488.0,218.0,237.0,0.0,246.0,385.0,108.0,425.0,871.0,790.0,565.0,702.0,983.0,245.0,1765.0,1348.0,0.0,0.0,407.0,419.0,155.0,234.0,924.0,852.0,561.0,113.0,324.0,309.0,473.0,486.0,141.0,306.0,241.0,176.0,216.0,290.0,429.0,129.0,67.0,196.0,546.0,482.0,161.0,203.0,253.0,217.0,744.0,557.0,0.0,0.0,342.0,204.0,50.0,89.0,22212.0
2023-05-04,226.0,235.0,0.0,203.0,326.0,19.0,522.0,379.0,263.0,237.0,0.0,314.0,332.0,120.0,444.0,924.0,854.0,549.0,686.0,1065.0,332.0,1716.0,1411.0,0.0,0.0,409.0,472.0,148.0,179.0,997.0,978.0,450.0,106.0,322.0,280.0,546.0,480.0,139.0,263.0,269.0,189.0,191.0,279.0,439.0,143.0,79.0,171.0,593.0,495.0,160.0,217.0,255.0,205.0,894.0,573.0,0.0,0.0,409.0,192.0,68.0,102.0,22849.0
2023-05-05,253.0,262.0,0.0,204.0,462.0,9.0,338.0,288.0,224.0,209.0,0.0,290.0,299.0,127.0,298.0,1059.0,982.0,623.0,822.0,1053.0,296.0,1688.0,1439.0,0.0,0.0,324.0,334.0,163.0,192.0,1059.0,1057.0,391.0,111.0,323.0,294.0,555.0,516.0,122.0,218.0,336.0,249.0,242.0,321.0,431.0,153.0,112.0,122.0,605.0,517.0,195.0,228.0,287.0,241.0,1194.0,802.0,0.0,0.0,543.0,297.0,85.0,132.0,23976.0
2023-05-06,143.0,144.0,0.0,66.0,240.0,10.0,132.0,100.0,96.0,106.0,0.0,156.0,162.0,79.0,187.0,905.0,838.0,466.0,586.0,839.0,350.0,1042.0,833.0,0.0,0.0,186.0,267.0,58.0,77.0,949.0,852.0,244.0,68.0,132.0,137.0,270.0,298.0,45.0,44.0,189.0,118.0,153.0,232.0,194.0,125.0,36.0,51.0,393.0,323.0,187.0,225.0,186.0,202.0,984.0,822.0,0.0,0.0,447.0,223.0,73.0,134.0,16404.0
2023-05-07,117.0,147.0,0.0,2.0,179.0,33.0,347.0,254.0,110.0,81.0,0.0,126.0,139.0,91.0,142.0,826.0,708.0,374.0,481.0,388.0,200.0,891.0,631.0,0.0,0.0,180.0,200.0,48.0,55.0,720.0,753.0,194.0,59.0,151.0,149.0,305.0,299.0,72.0,58.0,190.0,142.0,112.0,242.0,239.0,90.0,25.0,47.0,378.0,352.0,169.0,201.0,206.0,166.0,1036.0,804.0,0.0,0.0,489.0,293.0,75.0,136.0,14902.0
2023-05-08,176.0,232.0,0.0,43.0,253.0,4.0,204.0,170.0,137.0,145.0,0.0,30.0,73.0,70.0,174.0,1380.0,1258.0,773.0,923.0,595.0,315.0,1490.0,1271.0,0.0,0.0,247.0,387.0,96.0,107.0,1545.0,1449.0,201.0,101.0,197.0,120.0,661.0,578.0,146.0,96.0,355.0,252.0,158.0,374.0,334.0,161.0,48.0,62.0,679.0,605.0,314.0,414.0,330.0,356.0,1854.0,1585.0,0.0,0.0,975.0,383.0,179.0,242.0,25307.0
2023-05-09,263.0,259.0,0.0,223.0,332.0,7.0,446.0,401.0,244.0,214.0,0.0,0.0,3.0,32.0,2.0,1091.0,1005.0,682.0,808.0,1021.0,202.0,2008.0,1474.0,0.0,0.0,458.0,534.0,168.0,193.0,1087.0,1010.0,409.0,100.0,374.0,236.0,568.0,554.0,118.0,268.0,347.0,219.0,116.0,328.0,453.0,156.0,70.0,168.0,526.0,556.0,181.0,213.0,251.0,227.0,1046.0,786.0,0.0,0.0,428.0,170.0,71.0,129.0,23235.0
2023-05-10,261.0,270.0,0.0,269.0,301.0,11.0,242.0,282.0,246.0,230.0,0.0,336.0,341.0,128.0,229.0,915.0,822.0,567.0,663.0,1093.0,73.0,1752.0,1379.0,0.0,0.0,460.0,619.0,161.0,199.0,985.0,916.0,517.0,110.0,385.0,311.0,499.0,464.0,112.0,250.0,311.0,229.0,121.0,293.0,468.0,130.0,84.0,231.0,318.0,488.0,156.0,190.0,229.0,207.0,768.0,577.0,0.0,0.0,386.0,150.0,37.0,82.0,21853.0
2023-05-11,234.0,193.0,0.0,212.0,550.0,6.0,208.0,249.0,252.0,202.0,0.0,296.0,269.0,140.0,230.0,795.0,766.0,514.0,600.0,1071.0,84.0,1623.0,1275.0,0.0,0.0,420.0,381.0,138.0,155.0,802.0,785.0,517.0,119.0,373.0,275.0,434.0,398.0,104.0,186.0,256.0,183.0,66.0,259.0,371.0,116.0,56.0,156.0,290.0,433.0,155.0,144.0,237.0,228.0,691.0,530.0,0.0,0.0,299.0,112.0,40.0,75.0,19553.0
2023-05-12,198.0,201.0,0.0,202.0,300.0,13.0,135.0,156.0,199.0,190.0,0.0,279.0,248.0,148.0,218.0,798.0,746.0,455.0,635.0,1065.0,151.0,1466.0,1135.0,0.0,0.0,370.0,382.0,123.0,188.0,822.0,855.0,563.0,113.0,324.0,219.0,353.0,379.0,99.0,174.0,218.0,200.0,43.0,214.0,349.0,130.0,86.0,142.0,363.0,407.0,156.0,197.0,204.0,183.0,754.0,599.0,0.0,0.0,289.0,122.0,36.0,77.0,18671.0
2023-05-13,135.0,151.0,0.0,104.0,290.0,10.0,371.0,390.0,141.0,100.0,0.0,152.0,136.0,77.0,151.0,806.0,798.0,334.0,472.0,787.0,305.0,1022.0,878.0,0.0,0.0,225.0,230.0,82.0,100.0,875.0,908.0,344.0,67.0,173.0,178.0,286.0,306.0,66.0,63.0,226.0,144.0,22.0,222.0,197.0,90.0,20.0,40.0,299.0,304.0,149.0,189.0,198.0,211.0,944.0,865.0,0.0,0.0,398.0,201.0,62.0,72.0,16366.0
2023-05-14,129.0,145.0,0.0,94.0,202.0,5.0,246.0,126.0,102.0,117.0,0.0,152.0,143.0,81.0,121.0,871.0,824.0,493.0,624.0,683.0,324.0,961.0,758.0,0.0,0.0,152.0,237.0,32.0,52.0,999.0,934.0,200.0,76.0,137.0,182.0,381.0,315.0,64.0,36.0,226.0,192.0,4.0,201.0,266.0,107.0,21.0,41.0,416.0,335.0,159.0,215.0,201.0,203.0,1168.0,1016.0,0.0,0.0,496.0,180.0,79.0,128.0,16652.0
2023-05-15,99.0,103.0,0.0,101.0,206.0,10.0,170.0,89.0,132.0,101.0,0.0,123.0,244.0,19.0,113.0,420.0,382.0,198.0,240.0,799.0,262.0,907.0,534.0,0.0,0.0,207.0,216.0,51.0,103.0,428.0,422.0,569.0,95.0,180.0,122.0,102.0,104.0,21.0,56.0,78.0,73.0,21.0,91.0,103.0,82.0,23.0,71.0,134.0,142.0,62.0,85.0,52.0,51.0,368.0,259.0,0.0,0.0,104.0,41.0,21.0,35.0,9824.0
2023-05-16,197.0,189.0,0.0,201.0,287.0,10.0,669.0,539.0,212.0,170.0,0.0,255.0,317.0,41.0,199.0,685.0,637.0,436.0,492.0,930.0,307.0,1488.0,1100.0,0.0,0.0,374.0,387.0,96.0,163.0,732.0,662.0,475.0,125.0,313.0,268.0,390.0,357.0,82.0,200.0,220.0,179.0,50.0,196.0,378.0,136.0,74.0,164.0,478.0,412.0,154.0,159.0,134.0,101.0,447.0,388.0,0.0,0.0,243.0,128.0,30.0,45.0,18101.0
2023-05-17,205.0,206.0,0.0,182.0,261.0,15.0,755.0,610.0,228.0,235.0,0.0,271.0,329.0,93.0,205.0,629.0,608.0,365.0,485.0,897.0,288.0,1395.0,1005.0,0.0,0.0,319.0,401.0,133.0,166.0,672.0,671.0,474.0,120.0,282.0,236.0,351.0,317.0,88.0,193.0,176.0,163.0,90.0,202.0,328.0,128.0,72.0,106.0,364.0,360.0,138.0,152.0,122.0,117.0,454.0,360.0,0.0,0.0,207.0,124.0,30.0,43.0,17426.0
2023-05-18,204.0,182.0,0.0,183.0,295.0,15.0,616.0,461.0,211.0,208.0,0.0,277.0,343.0,115.0,221.0,726.0,643.0,424.0,544.0,982.0,231.0,1385.0,980.0,0.0,0.0,379.0,379.0,112.0,143.0,759.0,707.0,486.0,114.0,307.0,23.0,364.0,336.0,94.0,206.0,205.0,161.0,90.0,218.0,343.0,151.0,72.0,143.0,449.0,351.0,124.0,167.0,117.0,83.0,665.0,506.0,0.0,0.0,264.0,187.0,49.0,60.0,18060.0
2023-05-19,183.0,184.0,0.0,180.0,277.0,10.0,458.0,269.0,200.0,189.0,0.0,235.0,275.0,106.0,271.0,729.0,649.0,433.0,549.0,1038.0,288.0,1428.0,1111.0,0.0,0.0,381.0,400.0,82.0,138.0,792.0,788.0,476.0,125.0,309.0,162.0,359.0,347.0,110.0,148.0,261.0,172.0,22.0,81.0,337.0,120.0,68.0,114.0,456.0,373.0,139.0,166.0,109.0,92.0,766.0,596.0,0.0,0.0,314.0,190.0,41.0,59.0,18155.0
2023-05-20,152.0,177.0,0.0,144.0,291.0,16.0,86.0,63.0,121.0,157.0,0.0,186.0,228.0,101.0,230.0,1181.0,1073.0,574.0,746.0,1129.0,273.0,1390.0,1142.0,0.0,0.0,312.0,286.0,63.0,79.0,1285.0,1140.0,399.0,112.0,166.0,227.0,477.0,432.0,70.0,67.0,285.0,245.0,4.0,104.0,324.0,193.0,42.0,47.0,547.0,500.0,285.0,388.0,196.0,162.0,1402.0,1262.0,0.0,0.0,749.0,458.0,3.0,5.0,21776.0
2023-05-21,187.0,242.0,0.0,159.0,300.0,54.0,70.0,30.0,183.0,150.0,0.0,205.0,173.0,80.0,259.0,1665.0,1480.0,834.0,1026.0,1124.0,380.0,1801.0,1372.0,0.0,0.0,277.0,275.0,63.0,93.0,1622.0,1572.0,338.0,120.0,232.0,271.0,708.0,561.0,66.0,53.0,416.0,321.0,13.0,131.0,445.0,177.0,36.0,36.0,800.0,739.0,399.0,521.0,410.0,373.0,2147.0,1829.0,0.0,0.0,1183.0,443.0,0.0,0.0,28444.0
2023-05-22,277.0,276.0,0.0,252.0,325.0,14.0,120.0,54.0,289.0,260.0,0.0,359.0,301.0,104.0,282.0,1246.0,1124.0,775.0,960.0,1230.0,341.0,1799.0,1089.0,0.0,0.0,460.0,522.0,113.0,207.0,1260.0,1188.0,527.0,114.0,290.0,405.0,705.0,577.0,66.0,216.0,395.0,284.0,28.0,79.0,510.0,153.0,68.0,137.0,731.0,605.0,239.0,282.0,322.0,272.0,1249.0,933.0,0.0,0.0,500.0,296.0,0.0,0.0,25210.0
2023-05-23,231.0,205.0,0.0,231.0,307.0,15.0,404.0,183.0,235.0,209.0,0.0,264.0,270.0,82.0,197.0,773.0,691.0,431.0,583.0,1064.0,257.0,1592.0,1150.0,0.0,0.0,382.0,367.0,105.0,175.0,799.0,799.0,506.0,132.0,284.0,247.0,375.0,348.0,748.0,747.0,251.0,169.0,59.0,159.0,318.0,98.0,71.0,111.0,417.0,396.0,139.0,141.0,193.0,184.0,576.0,434.0,0.0,0.0,230.0,108.0,23.0,52.0,19517.0
2023-05-24,245.0,266.0,0.0,244.0,326.0,19.0,555.0,470.0,263.0,194.0,0.0,248.0,333.0,71.0,246.0,837.0,806.0,548.0,682.0,1013.0,318.0,1660.0,1290.0,0.0,0.0,372.0,461.0,131.0,169.0,837.0,832.0,571.0,124.0,355.0,296.0,479.0,428.0,1068.0,1090.0,289.0,218.0,33.0,239.0,448.0,131.0,76.0,129.0,510.0,459.0,187.0,204.0,192.0,171.0,688.0,566.0,0.0,0.0,291.0,173.0,39.0,67.0,22957.0
2023-05-25,245.0,245.0,0.0,262.0,367.0,13.0,417.0,318.0,270.0,211.0,0.0,260.0,361.0,98.0,266.0,1053.0,940.0,661.0,841.0,1170.0,260.0,1686.0,1283.0,0.0,0.0,466.0,506.0,119.0,176.0,1189.0,1096.0,514.0,112.0,158.0,352.0,555.0,505.0,1623.0,1580.0,325.0,253.0,37.0,264.0,464.0,164.0,74.0,137.0,646.0,554.0,225.0,243.0,258.0,226.0,1091.0,885.0,0.0,0.0,450.0,221.0,78.0,111.0,26884.0
2023-05-26,222.0,225.0,0.0,193.0,335.0,18.0,318.0,191.0,252.0,203.0,0.0,260.0,268.0,119.0,255.0,970.0,925.0,570.0,748.0,1198.0,301.0,1113.0,1363.0,0.0,0.0,386.0,374.0,113.0,148.0,1034.0,980.0,513.0,128.0,259.0,292.0,433.0,432.0,1398.0,1416.0,283.0,216.0,52.0,265.0,326.0,126.0,31.0,28.0,541.0,450.0,194.0,222.0,234.0,229.0,942.0,773.0,0.0,0.0,416.0,189.0,60.0,92.0,23622.0
2023-05-27,163.0,189.0,0.0,166.0,308.0,21.0,230.0,116.0,164.0,124.0,0.0,171.0,210.0,87.0,228.0,1233.0,1158.0,640.0,763.0,1087.0,306.0,910.0,1210.0,0.0,0.0,264.0,292.0,62.0,98.0,1433.0,1380.0,353.0,85.0,211.0,242.0,529.0,441.0,2386.0,2341.0,299.0,242.0,4.0,224.0,355.0,180.0,0.0,0.0,712.0,562.0,348.0,403.0,295.0,304.0,1752.0,1414.0,0.0,0.0,881.0,402.0,163.0,203.0,28344.0
2023-05-28,170.0,210.0,0.0,196.0,322.0,22.0,157.0,66.0,167.0,154.0,0.0,187.0,216.0,114.0,238.0,1521.0,1371.0,813.0,1017.0,1078.0,358.0,567.0,941.0,0.0,0.0,213.0,259.0,63.0,84.0,1629.0,1499.0,307.0,130.0,261.0,299.0,655.0,525.0,2783.0,2863.0,442.0,294.0,1.0,241.0,474.0,195.0,0.0,0.0,718.0,670.0,398.0,458.0,369.0,272.0,2023.0,1896.0,0.0,0.0,1123.0,414.0,209.0,292.0,31944.0
2023-05-29,268.0,257.0,0.0,265.0,332.0,16.0,360.0,232.0,256.0,252.0,0.0,319.0,395.0,121.0,261.0,1176.0,1103.0,718.0,906.0,1197.0,205.0,1301.0,1427.0,0.0,0.0,523.0,515.0,123.0,198.0,1249.0,1108.0,582.0,118.0,357.0,360.0,565.0,522.0,1614.0,887.0,396.0,258.0,8.0,220.0,537.0,201.0,0.0,0.0,718.0,642.0,218.0,234.0,269.0,128.0,1129.0,934.0,0.0,0.0,537.0,255.0,84.0,112.0,26968.0
2023-05-30,244.0,287.0,0.0,283.0,309.0,88.0,492.0,137.0,326.0,317.0,0.0,338.0,312.0,114.0,298.0,1225.0,1135.0,762.0,966.0,1205.0,290.0,1297.0,1487.0,0.0,0.0,477.0,521.0,133.0,195.0,1261.0,1218.0,578.0,118.0,333.0,398.0,622.0,585.0,1622.0,1042.0,371.0,276.0,35.0,231.0,606.0,210.0,42.0,106.0,752.0,643.0,295.0,308.0,269.0,236.0,1099.0,870.0,0.0,0.0,535.0,252.0,97.0,156.0,28404.0
2023-05-31,306.0,316.0,0.0,280.0,397.0,155.0,373.0,207.0,311.0,273.0,0.0,350.0,431.0,138.0,284.0,1245.0,1165.0,805.0,1016.0,1253.0,296.0,1196.0,1348.0,0.0,0.0,513.0,513.0,139.0,181.0,1291.0,1201.0,622.0,125.0,377.0,410.0,662.0,600.0,1726.0,1776.0,380.0,277.0,2.0,163.0,603.0,177.0,63.0,149.0,763.0,661.0,236.0,224.0,295.0,276.0,1158.0,438.0,0.0,0.0,577.0,257.0,108.0,152.0,29240.0
2023-06-01,249.0,237.0,0.0,225.0,363.0,134.0,306.0,81.0,270.0,253.0,0.0,319.0,379.0,141.0,290.0,1136.0,1006.0,615.0,778.0,1355.0,228.0,822.0,708.0,0.0,0.0,487.0,507.0,129.0,192.0,1108.0,1002.0,557.0,135.0,280.0,333.0,562.0,486.0,1509.0,1445.0,340.0,238.0,7.0,211.0,512.0,142.0,62.0,129.0,649.0,555.0,229.0,226.0,290.0,278.0,1038.0,293.0,0.0,0.0,470.0,250.0,77.0,118.0,24741.0
2023-06-02,189.0,205.0,0.0,184.0,327.0,125.0,363.0,130.0,252.0,204.0,0.0,278.0,283.0,59.0,255.0,927.0,780.0,518.0,629.0,1172.0,187.0,866.0,1081.0,0.0,0.0,360.0,418.0,123.0,153.0,960.0,838.0,472.0,142.0,209.0,261.0,397.0,415.0,1265.0,1246.0,265.0,218.0,29.0,217.0,375.0,133.0,76.0,132.0,492.0,431.0,163.0,165.0,319.0,294.0,810.0,273.0,0.0,0.0,378.0,199.0,53.0,101.0,21396.0
2023-06-03,163.0,182.0,0.0,124.0,321.0,168.0,237.0,127.0,149.0,137.0,0.0,163.0,252.0,148.0,258.0,1220.0,1004.0,581.0,759.0,962.0,222.0,895.0,1077.0,0.0,0.0,327.0,466.0,87.0,111.0,1321.0,1282.0,271.0,115.0,168.0,224.0,630.0,572.0,2242.0,2161.0,347.0,262.0,3.0,81.0,370.0,170.0,48.0,52.0,683.0,557.0,281.0,320.0,277.0,287.0,1670.0,665.0,0.0,0.0,823.0,397.0,157.0,200.0,26776.0
2023-06-04,216.0,229.0,0.0,138.0,283.0,177.0,115.0,63.0,180.0,125.0,0.0,159.0,176.0,124.0,190.0,1421.0,1276.0,702.0,981.0,903.0,191.0,738.0,1087.0,0.0,0.0,180.0,180.0,72.0,97.0,1429.0,1273.0,254.0,74.0,195.0,255.0,584.0,567.0,2399.0,2440.0,436.0,306.0,6.0,147.0,434.0,187.0,40.0,60.0,702.0,632.0,286.0,319.0,350.0,373.0,1732.0,750.0,0.0,0.0,1017.0,372.0,190.0,250.0,28062.0
2023-06-05,111.0,141.0,0.0,106.0,237.0,64.0,325.0,149.0,137.0,110.0,0.0,204.0,199.0,71.0,143.0,375.0,390.0,321.0,282.0,936.0,209.0,561.0,470.0,0.0,0.0,231.0,248.0,59.0,94.0,478.0,453.0,600.0,86.0,123.0,170.0,188.0,206.0,478.0,524.0,135.0,81.0,41.0,98.0,185.0,74.0,26.0,62.0,204.0,140.0,57.0,59.0,128.0,112.0,289.0,110.0,0.0,0.0,155.0,59.0,20.0,13.0,11527.0
2023-06-06,100.0,116.0,0.0,81.0,260.0,65.0,383.0,433.0,110.0,121.0,0.0,112.0,227.0,65.0,123.0,423.0,312.0,150.0,238.0,1050.0,200.0,183.0,294.0,0.0,0.0,210.0,230.0,61.0,68.0,418.0,392.0,589.0,96.0,112.0,95.0,93.0,87.0,478.0,461.0,74.0,56.0,36.0,55.0,86.0,56.0,38.0,70.0,92.0,101.0,58.0,43.0,87.0,83.0,325.0,106.0,0.0,0.0,71.0,43.0,5.0,20.0,9941.0
2023-06-07,194.0,176.0,0.0,161.0,337.0,136.0,918.0,946.0,239.0,185.0,0.0,281.0,385.0,119.0,209.0,814.0,773.0,423.0,596.0,1127.0,272.0,622.0,678.0,0.0,0.0,386.0,415.0,90.0,134.0,913.0,868.0,542.0,136.0,194.0,244.0,291.0,317.0,1150.0,1203.0,238.0,163.0,9.0,102.0,325.0,133.0,85.0,111.0,377.0,367.0,167.0,142.0,224.0,181.0,725.0,186.0,0.0,0.0,257.0,156.0,0.0,0.0,20422.0
2023-06-08,197.0,206.0,0.0,201.0,374.0,155.0,1027.0,1071.0,229.0,200.0,0.0,270.0,318.0,127.0,230.0,926.0,807.0,501.0,688.0,1249.0,312.0,923.0,1166.0,0.0,0.0,405.0,406.0,122.0,137.0,1004.0,895.0,577.0,129.0,251.0,268.0,408.0,414.0,1279.0,1381.0,255.0,200.0,5.0,69.0,399.0,96.0,77.0,100.0,480.0,418.0,169.0,176.0,236.0,242.0,799.0,221.0,0.0,0.0,353.0,150.0,0.0,0.0,23298.0
2023-06-09,151.0,168.0,0.0,151.0,333.0,77.0,755.0,785.0,185.0,142.0,0.0,215.0,223.0,102.0,188.0,627.0,560.0,309.0,419.0,1271.0,236.0,649.0,636.0,0.0,0.0,308.0,336.0,107.0,133.0,800.0,690.0,564.0,95.0,154.0,198.0,272.0,280.0,801.0,929.0,248.0,201.0,8.0,59.0,299.0,111.0,75.0,108.0,325.0,300.0,145.0,154.0,163.0,173.0,500.0,181.0,0.0,0.0,224.0,136.0,0.0,0.0,17259.0
2023-06-10,131.0,155.0,0.0,178.0,311.0,135.0,700.0,694.0,138.0,142.0,0.0,157.0,185.0,99.0,144.0,972.0,824.0,440.0,591.0,1192.0,380.0,555.0,835.0,0.0,0.0,278.0,313.0,60.0,104.0,1020.0,917.0,540.0,85.0,131.0,159.0,306.0,335.0,1536.0,1590.0,222.0,156.0,3.0,73.0,276.0,109.0,76.0,121.0,435.0,403.0,209.0,247.0,219.0,212.0,1019.0,457.0,0.0,0.0,501.0,225.0,0.0,0.0,21295.0
2023-06-11,181.0,270.0,0.0,167.0,319.0,172.0,827.0,852.0,170.0,169.0,0.0,169.0,174.0,116.0,206.0,1415.0,1225.0,793.0,991.0,1047.0,427.0,699.0,1052.0,0.0,0.0,268.0,298.0,96.0,114.0,1461.0,1411.0,266.0,10.0,227.0,260.0,620.0,553.0,2568.0,2566.0,409.0,279.0,5.0,148.0,445.0,166.0,35.0,31.0,698.0,613.0,361.0,436.0,343.0,341.0,1824.0,708.0,0.0,0.0,1013.0,385.0,0.0,0.0,30399.0
2023-06-12,228.0,260.0,0.0,195.0,309.0,167.0,1103.0,1057.0,227.0,196.0,0.0,252.0,277.0,101.0,228.0,1073.0,901.0,572.0,785.0,1173.0,393.0,887.0,892.0,0.0,0.0,479.0,408.0,132.0,213.0,1105.0,1021.0,485.0,142.0,286.0,323.0,511.0,472.0,1474.0,1468.0,290.0,237.0,4.0,105.0,465.0,112.0,70.0,83.0,522.0,491.0,201.0,247.0,283.0,260.0,950.0,269.0,0.0,0.0,354.0,154.0,45.0,73.0,25010.0
2023-06-13,211.0,191.0,0.0,208.0,309.0,151.0,864.0,833.0,266.0,211.0,0.0,219.0,287.0,81.0,239.0,757.0,730.0,454.0,550.0,1117.0,313.0,798.0,617.0,0.0,0.0,432.0,433.0,143.0,205.0,758.0,715.0,589.0,128.0,250.0,302.0,405.0,402.0,894.0,948.0,286.0,204.0,0.0,51.0,340.0,111.0,80.0,102.0,469.0,403.0,149.0,203.0,226.0,205.0,615.0,403.0,0.0,0.0,293.0,144.0,41.0,59.0,20394.0
2023-06-14,239.0,260.0,0.0,244.0,345.0,146.0,884.0,590.0,255.0,198.0,0.0,234.0,301.0,100.0,273.0,960.0,871.0,521.0,700.0,1091.0,346.0,703.0,551.0,0.0,0.0,409.0,423.0,160.0,227.0,984.0,931.0,577.0,119.0,298.0,337.0,511.0,456.0,1278.0,1289.0,271.0,208.0,0.0,99.0,399.0,128.0,64.0,80.0,505.0,465.0,165.0,204.0,253.0,222.0,818.0,640.0,0.0,0.0,346.0,174.0,53.0,123.0,23028.0
2023-06-15,203.0,228.0,0.0,208.0,316.0,133.0,581.0,427.0,242.0,204.0,0.0,216.0,227.0,66.0,245.0,845.0,797.0,521.0,640.0,1125.0,370.0,697.0,544.0,0.0,0.0,397.0,431.0,180.0,216.0,847.0,890.0,431.0,126.0,206.0,252.0,453.0,409.0,1127.0,1213.0,274.0,221.0,2.0,107.0,335.0,193.0,83.0,110.0,517.0,418.0,157.0,204.0,283.0,256.0,729.0,592.0,0.0,0.0,355.0,159.0,51.0,100.0,21159.0
2023-06-16,192.0,198.0,0.0,147.0,347.0,93.0,476.0,243.0,178.0,192.0,0.0,121.0,194.0,110.0,192.0,603.0,538.0,350.0,458.0,1137.0,352.0,500.0,517.0,0.0,0.0,282.0,293.0,108.0,164.0,748.0,697.0,370.0,93.0,148.0,211.0,318.0,294.0,861.0,883.0,206.0,169.0,8.0,91.0,236.0,130.0,67.0,77.0,381.0,268.0,122.0,147.0,174.0,182.0,531.0,438.0,0.0,0.0,248.0,158.0,39.0,75.0,16355.0
2023-06-17,101.0,111.0,0.0,112.0,298.0,112.0,311.0,182.0,105.0,88.0,0.0,78.0,80.0,72.0,102.0,697.0,563.0,279.0,399.0,983.0,331.0,373.0,497.0,0.0,0.0,227.0,251.0,28.0,95.0,628.0,600.0,283.0,52.0,106.0,122.0,192.0,241.0,1128.0,1095.0,111.0,102.0,12.0,107.0,132.0,89.0,41.0,37.0,320.0,244.0,139.0,170.0,129.0,180.0,789.0,672.0,0.0,0.0,375.0,229.0,88.0,106.0,14994.0
2023-06-18,181.0,193.0,0.0,179.0,308.0,152.0,351.0,243.0,137.0,125.0,0.0,154.0,175.0,100.0,196.0,1552.0,1355.0,740.0,922.0,1014.0,419.0,376.0,712.0,0.0,0.0,303.0,298.0,95.0,145.0,1417.0,1295.0,271.0,104.0,227.0,260.0,546.0,539.0,2589.0,2583.0,432.0,295.0,0.0,57.0,267.0,171.0,36.0,42.0,705.0,695.0,289.0,408.0,363.0,387.0,1837.0,1571.0,0.0,0.0,1067.0,408.0,185.0,275.0,29746.0
2023-06-19,261.0,212.0,0.0,224.0,348.0,100.0,494.0,473.0,213.0,192.0,0.0,233.0,232.0,124.0,250.0,939.0,832.0,583.0,742.0,1300.0,361.0,615.0,433.0,0.0,0.0,390.0,447.0,160.0,215.0,1015.0,853.0,482.0,142.0,256.0,303.0,454.0,442.0,1238.0,1324.0,275.0,209.0,0.0,87.0,282.0,104.0,61.0,88.0,486.0,488.0,185.0,234.0,283.0,235.0,824.0,320.0,0.0,0.0,354.0,161.0,66.0,94.0,21718.0
2023-06-20,246.0,249.0,0.0,262.0,396.0,131.0,273.0,108.0,285.0,224.0,0.0,327.0,301.0,138.0,258.0,1099.0,1013.0,620.0,785.0,1476.0,376.0,738.0,544.0,0.0,0.0,462.0,514.0,204.0,245.0,1092.0,1078.0,646.0,138.0,295.0,380.0,545.0,521.0,1533.0,1565.0,328.0,278.0,1.0,55.0,100.0,46.0,61.0,110.0,549.0,583.0,217.0,278.0,303.0,254.0,970.0,229.0,0.0,0.0,477.0,248.0,74.0,109.0,24337.0
2023-06-21,169.0,176.0,0.0,223.0,352.0,114.0,305.0,104.0,196.0,170.0,0.0,241.0,277.0,127.0,197.0,660.0,613.0,413.0,507.0,1237.0,348.0,587.0,464.0,0.0,0.0,368.0,419.0,147.0,208.0,734.0,717.0,742.0,113.0,214.0,260.0,367.0,379.0,807.0,907.0,261.0,157.0,13.0,108.0,40.0,29.0,54.0,114.0,389.0,371.0,162.0,152.0,219.0,195.0,517.0,133.0,0.0,0.0,241.0,127.0,34.0,70.0,17248.0
2023-06-22,215.0,234.0,0.0,219.0,386.0,113.0,69.0,34.0,211.0,192.0,0.0,260.0,243.0,119.0,249.0,884.0,748.0,495.0,652.0,1448.0,389.0,612.0,499.0,68.0,49.0,393.0,427.0,163.0,212.0,809.0,769.0,551.0,139.0,244.0,312.0,384.0,345.0,1137.0,1068.0,258.0,200.0,48.0,241.0,106.0,43.0,57.0,72.0,494.0,430.0,179.0,195.0,220.0,172.0,723.0,135.0,0.0,0.0,342.0,195.0,62.0,93.0,19606.0
2023-06-23,142.0,149.0,0.0,160.0,335.0,103.0,334.0,105.0,184.0,149.0,0.0,225.0,200.0,128.0,198.0,484.0,421.0,267.0,425.0,1070.0,327.0,349.0,249.0,621.0,669.0,318.0,343.0,124.0,179.0,591.0,577.0,481.0,91.0,149.0,198.0,268.0,310.0,685.0,670.0,200.0,139.0,50.0,169.0,126.0,38.0,74.0,73.0,308.0,275.0,87.0,132.0,120.0,129.0,445.0,171.0,0.0,0.0,183.0,118.0,34.0,66.0,15215.0
2023-06-24,146.0,137.0,0.0,173.0,311.0,144.0,164.0,86.0,144.0,101.0,0.0,154.0,134.0,131.0,191.0,993.0,930.0,463.0,614.0,1061.0,402.0,283.0,542.0,956.0,918.0,269.0,274.0,54.0,98.0,1030.0,994.0,211.0,79.0,136.0,220.0,353.0,419.0,1747.0,1794.0,280.0,187.0,62.0,256.0,133.0,62.0,45.0,32.0,557.0,450.0,231.0,283.0,30.0,128.0,1216.0,404.0,0.0,0.0,659.0,402.0,0.0,0.0,22273.0
2023-06-25,151.0,175.0,0.0,193.0,324.0,125.0,71.0,43.0,134.0,92.0,0.0,160.0,146.0,117.0,221.0,1239.0,1118.0,635.0,791.0,987.0,404.0,303.0,535.0,1128.0,1135.0,227.0,284.0,74.0,138.0,1273.0,1204.0,248.0,81.0,181.0,231.0,454.0,433.0,2144.0,1108.0,352.0,222.0,67.0,354.0,131.0,54.0,29.0,43.0,616.0,584.0,237.0,346.0,76.0,207.0,1519.0,458.0,0.0,0.0,896.0,380.0,0.0,0.0,24878.0
2023-06-26,246.0,184.0,0.0,250.0,474.0,126.0,118.0,49.0,272.0,201.0,0.0,226.0,264.0,124.0,224.0,977.0,886.0,533.0,752.0,1277.0,399.0,586.0,409.0,1143.0,1110.0,469.0,469.0,160.0,255.0,969.0,975.0,512.0,100.0,272.0,304.0,457.0,437.0,1360.0,1371.0,280.0,231.0,78.0,301.0,75.0,33.0,80.0,80.0,469.0,483.0,166.0,211.0,39.0,119.0,846.0,217.0,0.0,0.0,408.0,179.0,0.0,0.0,23235.0
2023-06-27,238.0,222.0,0.0,231.0,360.0,146.0,458.0,155.0,249.0,216.0,0.0,253.0,276.0,111.0,227.0,796.0,779.0,489.0,627.0,1083.0,306.0,626.0,402.0,992.0,938.0,432.0,418.0,230.0,211.0,784.0,822.0,534.0,122.0,226.0,280.0,465.0,417.0,1047.0,1052.0,276.0,229.0,68.0,278.0,124.0,25.0,95.0,101.0,422.0,427.0,165.0,206.0,49.0,136.0,669.0,186.0,0.0,0.0,349.0,187.0,0.0,0.0,21212.0
2023-06-28,223.0,219.0,0.0,199.0,273.0,163.0,421.0,217.0,240.0,228.0,1.0,249.0,276.0,148.0,270.0,944.0,861.0,541.0,724.0,1101.0,298.0,621.0,399.0,1140.0,988.0,429.0,470.0,181.0,260.0,1004.0,950.0,559.0,107.0,267.0,320.0,453.0,385.0,1298.0,1320.0,273.0,214.0,80.0,283.0,94.0,11.0,84.0,87.0,478.0,442.0,208.0,266.0,197.0,208.0,857.0,265.0,0.0,0.0,414.0,179.0,0.0,0.0,23387.0
2023-06-29,228.0,239.0,0.0,250.0,373.0,137.0,228.0,117.0,289.0,216.0,1.0,222.0,303.0,144.0,268.0,994.0,937.0,535.0,739.0,1293.0,354.0,629.0,444.0,1167.0,1094.0,392.0,474.0,164.0,232.0,1013.0,1071.0,607.0,111.0,235.0,306.0,540.0,529.0,1529.0,1506.0,331.0,272.0,38.0,277.0,134.0,34.0,75.0,100.0,588.0,527.0,194.0,255.0,279.0,256.0,989.0,258.0,0.0,0.0,444.0,231.0,50.0,84.0,25326.0
2023-06-30,153.0,149.0,0.0,149.0,378.0,132.0,302.0,93.0,153.0,142.0,0.0,141.0,163.0,83.0,133.0,421.0,394.0,258.0,365.0,1153.0,361.0,406.0,328.0,639.0,543.0,278.0,323.0,70.0,94.0,486.0,522.0,434.0,98.0,146.0,167.0,242.0,234.0,625.0,571.0,172.0,145.0,20.0,166.0,81.0,20.0,72.0,72.0,253.0,217.0,90.0,91.0,117.0,107.0,365.0,112.0,0.0,0.0,155.0,71.0,21.0,36.0,13712.0
2023-07-01,54.0,52.0,0.0,127.0,160.0,88.0,35.0,11.0,172.0,137.0,0.0,158.0,172.0,57.0,73.0,324.0,473.0,381.0,518.0,516.0,171.0,41.0,98.0,955.0,1008.0,88.0,142.0,66.0,82.0,643.0,538.0,94.0,62.0,47.0,119.0,317.0,353.0,1639.0,1745.0,236.0,151.0,14.0,129.0,77.0,18.0,24.0,11.0,295.0,330.0,127.0,190.0,119.0,82.0,344.0,195.0,0.0,0.0,588.0,300.0,53.0,42.0,15041.0
2023-07-02,78.0,61.0,0.0,107.0,204.0,80.0,78.0,33.0,158.0,166.0,0.0,126.0,138.0,94.0,66.0,309.0,392.0,384.0,507.0,463.0,179.0,33.0,85.0,988.0,929.0,92.0,105.0,88.0,123.0,716.0,595.0,103.0,53.0,54.0,151.0,296.0,202.0,1608.0,1682.0,280.0,191.0,35.0,131.0,14.0,3.0,20.0,24.0,346.0,326.0,157.0,238.0,117.0,88.0,354.0,189.0,0.0,0.0,608.0,250.0,55.0,61.0,15013.0
2023-07-03,179.0,147.0,0.0,185.0,357.0,143.0,117.0,50.0,333.0,238.0,0.0,177.0,155.0,84.0,183.0,787.0,623.0,466.0,575.0,1031.0,421.0,565.0,468.0,939.0,969.0,346.0,344.0,140.0,160.0,816.0,769.0,327.0,105.0,170.0,233.0,399.0,378.0,1100.0,1102.0,234.0,175.0,57.0,204.0,150.0,30.0,55.0,41.0,434.0,387.0,192.0,241.0,223.0,198.0,717.0,197.0,0.0,0.0,359.0,128.0,61.0,99.0,19763.0
2023-07-04,183.0,159.0,0.0,210.0,316.0,110.0,75.0,21.0,329.0,257.0,0.0,193.0,207.0,93.0,162.0,767.0,666.0,417.0,563.0,1102.0,378.0,434.0,332.0,922.0,911.0,333.0,347.0,138.0,181.0,814.0,702.0,302.0,107.0,191.0,233.0,345.0,341.0,1057.0,412.0,216.0,175.0,44.0,238.0,15.0,2.0,43.0,49.0,390.0,345.0,219.0,199.0,205.0,184.0,800.0,201.0,0.0,0.0,354.0,144.0,58.0,80.0,18271.0
2023-07-05,122.0,136.0,0.0,133.0,344.0,67.0,52.0,13.0,212.0,155.0,0.0,91.0,100.0,66.0,59.0,689.0,537.0,330.0,381.0,695.0,335.0,241.0,352.0,609.0,674.0,204.0,242.0,70.0,142.0,617.0,572.0,195.0,85.0,128.0,171.0,230.0,220.0,1149.0,1075.0,161.0,122.0,38.0,148.0,22.0,8.0,39.0,26.0,290.0,243.0,154.0,196.0,127.0,130.0,839.0,294.0,0.0,0.0,333.0,155.0,54.0,88.0,14960.0
2023-07-06,126.0,147.0,0.0,151.0,145.0,123.0,57.0,34.0,200.0,188.0,0.0,107.0,90.0,89.0,97.0,840.0,761.0,425.0,571.0,772.0,382.0,331.0,499.0,916.0,901.0,205.0,214.0,99.0,103.0,825.0,818.0,197.0,77.0,171.0,199.0,391.0,375.0,1412.0,363.0,241.0,159.0,52.0,215.0,38.0,8.0,28.0,23.0,443.0,441.0,235.0,262.0,213.0,229.0,1161.0,371.0,0.0,0.0,647.0,278.0,126.0,168.0,18739.0
2023-07-07,128.0,136.0,0.0,142.0,326.0,142.0,91.0,55.0,194.0,171.0,0.0,159.0,123.0,82.0,96.0,619.0,546.0,275.0,345.0,1045.0,427.0,365.0,381.0,728.0,712.0,227.0,228.0,71.0,105.0,650.0,571.0,262.0,79.0,137.0,178.0,236.0,243.0,906.0,827.0,163.0,132.0,22.0,169.0,24.0,13.0,40.0,29.0,306.0,269.0,173.0,180.0,172.0,157.0,641.0,158.0,0.0,0.0,347.0,178.0,46.0,76.0,15303.0
2023-07-08,102.0,101.0,0.0,100.0,288.0,157.0,50.0,27.0,177.0,177.0,0.0,94.0,119.0,57.0,89.0,649.0,608.0,301.0,363.0,928.0,275.0,162.0,289.0,707.0,712.0,267.0,257.0,63.0,76.0,628.0,650.0,231.0,69.0,115.0,147.0,212.0,238.0,1186.0,1132.0,192.0,101.0,27.0,158.0,70.0,19.0,31.0,20.0,308.0,278.0,172.0,231.0,169.0,163.0,867.0,206.0,0.0,0.0,418.0,224.0,69.0,107.0,15633.0
2023-07-09,131.0,112.0,0.0,117.0,300.0,164.0,31.0,10.0,211.0,188.0,0.0,112.0,108.0,47.0,101.0,702.0,652.0,305.0,405.0,795.0,344.0,214.0,445.0,709.0,731.0,180.0,194.0,39.0,69.0,660.0,669.0,240.0,84.0,105.0,136.0,287.0,243.0,1300.0,1266.0,222.0,138.0,22.0,159.0,42.0,19.0,35.0,20.0,327.0,307.0,192.0,219.0,152.0,135.0,904.0,188.0,0.0,0.0,522.0,212.0,75.0,114.0,16410.0
2023-07-10,161.0,153.0,0.0,172.0,336.0,141.0,78.0,15.0,218.0,203.0,0.0,222.0,179.0,63.0,192.0,690.0,620.0,390.0,550.0,1150.0,349.0,458.0,308.0,821.0,821.0,387.0,347.0,112.0,121.0,695.0,679.0,410.0,93.0,188.0,248.0,344.0,333.0,890.0,838.0,236.0,177.0,35.0,210.0,18.0,3.0,56.0,51.0,406.0,344.0,132.0,157.0,217.0,182.0,555.0,111.0,0.0,0.0,249.0,148.0,38.0,63.0,17363.0
2023-07-11,204.0,187.0,0.0,240.0,363.0,115.0,75.0,26.0,241.0,230.0,1.0,223.0,220.0,97.0,256.0,934.0,914.0,518.0,689.0,1392.0,347.0,669.0,480.0,1236.0,1247.0,422.0,512.0,127.0,157.0,982.0,903.0,521.0,138.0,291.0,375.0,501.0,450.0,1325.0,1390.0,298.0,229.0,31.0,231.0,188.0,38.0,80.0,56.0,518.0,450.0,220.0,260.0,256.0,229.0,915.0,143.0,0.0,0.0,391.0,220.0,78.0,97.0,23926.0
2023-07-12,165.0,184.0,0.0,185.0,364.0,130.0,94.0,21.0,205.0,191.0,0.0,214.0,188.0,115.0,128.0,750.0,654.0,391.0,559.0,1175.0,329.0,416.0,303.0,905.0,884.0,320.0,410.0,99.0,158.0,823.0,747.0,413.0,117.0,202.0,267.0,321.0,301.0,1083.0,1102.0,242.0,201.0,67.0,194.0,145.0,33.0,59.0,52.0,423.0,403.0,173.0,236.0,181.0,201.0,705.0,132.0,0.0,0.0,344.0,149.0,73.0,95.0,19021.0
2023-07-13,228.0,207.0,0.0,166.0,353.0,103.0,157.0,51.0,259.0,212.0,0.0,215.0,232.0,50.0,258.0,924.0,928.0,490.0,665.0,1304.0,354.0,592.0,450.0,1072.0,1112.0,402.0,395.0,167.0,229.0,950.0,964.0,391.0,115.0,285.0,307.0,430.0,402.0,1385.0,1352.0,307.0,234.0,85.0,257.0,242.0,64.0,69.0,71.0,510.0,494.0,248.0,246.0,272.0,230.0,889.0,207.0,0.0,0.0,447.0,220.0,86.0,92.0,23426.0
2023-07-14,164.0,189.0,0.0,193.0,362.0,89.0,128.0,69.0,193.0,150.0,1.0,209.0,205.0,57.0,266.0,864.0,773.0,411.0,548.0,1244.0,378.0,524.0,467.0,934.0,918.0,344.0,389.0,109.0,175.0,1056.0,950.0,433.0,103.0,211.0,276.0,391.0,350.0,1265.0,1337.0,216.0,165.0,50.0,211.0,351.0,64.0,56.0,51.0,479.0,395.0,171.0,215.0,229.0,210.0,873.0,320.0,0.0,0.0,363.0,207.0,68.0,94.0,21513.0
2023-07-15,123.0,115.0,0.0,151.0,342.0,107.0,29.0,17.0,116.0,138.0,0.0,99.0,111.0,68.0,177.0,593.0,526.0,202.0,281.0,1077.0,447.0,213.0,314.0,545.0,591.0,169.0,236.0,48.0,94.0,558.0,556.0,249.0,68.0,115.0,137.0,206.0,198.0,1017.0,441.0,138.0,124.0,21.0,156.0,108.0,28.0,25.0,22.0,274.0,243.0,140.0,136.0,125.0,121.0,728.0,228.0,0.0,0.0,364.0,195.0,62.0,88.0,13800.0
2023-07-16,125.0,129.0,0.0,134.0,308.0,107.0,56.0,20.0,120.0,114.0,0.0,114.0,121.0,103.0,164.0,821.0,723.0,367.0,566.0,845.0,421.0,144.0,227.0,734.0,732.0,209.0,205.0,78.0,88.0,741.0,780.0,270.0,101.0,123.0,158.0,303.0,263.0,1371.0,1387.0,209.0,150.0,63.0,214.0,189.0,58.0,17.0,35.0,311.0,351.0,192.0,192.0,194.0,168.0,995.0,480.0,0.0,0.0,493.0,193.0,96.0,135.0,18007.0
2023-07-17,195.0,204.0,0.0,227.0,377.0,83.0,71.0,18.0,220.0,198.0,0.0,157.0,106.0,102.0,222.0,873.0,800.0,507.0,642.0,1117.0,425.0,581.0,370.0,1125.0,1029.0,380.0,374.0,166.0,181.0,914.0,907.0,404.0,120.0,218.0,292.0,403.0,385.0,1312.0,1349.0,250.0,199.0,100.0,244.0,254.0,35.0,28.0,68.0,464.0,404.0,229.0,253.0,238.0,237.0,857.0,345.0,0.0,0.0,386.0,138.0,71.0,75.0,21929.0
2023-07-18,246.0,254.0,0.0,299.0,393.0,139.0,234.0,104.0,263.0,216.0,0.0,97.0,99.0,60.0,277.0,1139.0,1006.0,638.0,835.0,1306.0,437.0,750.0,554.0,1344.0,1247.0,438.0,442.0,168.0,224.0,1129.0,1054.0,473.0,122.0,305.0,383.0,532.0,516.0,1592.0,1569.0,319.0,250.0,92.0,315.0,470.0,83.0,43.0,163.0,593.0,555.0,269.0,308.0,290.0,274.0,1074.0,361.0,0.0,0.0,485.0,237.0,86.0,117.0,27268.0
2023-07-19,214.0,208.0,0.0,258.0,370.0,124.0,201.0,80.0,260.0,210.0,0.0,97.0,111.0,72.0,246.0,915.0,828.0,481.0,631.0,1224.0,496.0,654.0,495.0,1132.0,996.0,393.0,402.0,220.0,209.0,927.0,901.0,528.0,127.0,237.0,282.0,437.0,389.0,1323.0,1290.0,266.0,202.0,101.0,267.0,401.0,66.0,64.0,66.0,507.0,445.0,228.0,274.0,270.0,225.0,876.0,192.0,0.0,0.0,351.0,198.0,13.0,18.0,22998.0
2023-07-20,214.0,183.0,0.0,242.0,321.0,119.0,317.0,141.0,275.0,259.0,0.0,85.0,85.0,107.0,241.0,2083.0,961.0,537.0,719.0,1178.0,452.0,574.0,410.0,1118.0,1041.0,399.0,455.0,160.0,194.0,1063.0,1022.0,452.0,118.0,253.0,302.0,441.0,415.0,1531.0,1592.0,286.0,222.0,128.0,283.0,417.0,90.0,66.0,64.0,546.0,443.0,247.0,294.0,269.0,245.0,971.0,302.0,0.0,0.0,456.0,270.0,58.0,85.0,25801.0
2023-07-21,167.0,166.0,0.0,170.0,330.0,114.0,231.0,149.0,219.0,179.0,0.0,103.0,38.0,102.0,195.0,780.0,703.0,423.0,558.0,1222.0,358.0,460.0,410.0,833.0,820.0,329.0,386.0,154.0,148.0,821.0,724.0,375.0,107.0,173.0,226.0,301.0,303.0,1126.0,1152.0,179.0,138.0,46.0,206.0,333.0,46.0,58.0,66.0,393.0,368.0,206.0,206.0,233.0,202.0,782.0,162.0,0.0,0.0,349.0,198.0,43.0,73.0,19342.0
2023-07-22,136.0,135.0,0.0,199.0,340.0,103.0,128.0,58.0,147.0,126.0,0.0,99.0,44.0,84.0,208.0,952.0,821.0,446.0,544.0,990.0,369.0,195.0,401.0,893.0,844.0,241.0,286.0,82.0,94.0,987.0,903.0,241.0,79.0,128.0,200.0,289.0,317.0,1598.0,513.0,251.0,169.0,85.0,236.0,285.0,122.0,35.0,39.0,391.0,415.0,216.0,341.0,162.0,206.0,1274.0,477.0,0.0,0.0,569.0,256.0,119.0,126.0,19994.0
2023-07-23,152.0,143.0,0.0,156.0,339.0,117.0,43.0,25.0,127.0,130.0,0.0,61.0,37.0,110.0,175.0,1061.0,865.0,461.0,586.0,926.0,364.0,219.0,423.0,986.0,975.0,241.0,265.0,65.0,78.0,1046.0,992.0,260.0,88.0,153.0,193.0,383.0,396.0,1739.0,1445.0,287.0,199.0,75.0,298.0,279.0,123.0,36.0,38.0,525.0,483.0,257.0,312.0,226.0,235.0,1301.0,440.0,0.0,0.0,692.0,250.0,118.0,157.0,22156.0
2023-07-24,184.0,170.0,0.0,183.0,317.0,92.0,195.0,41.0,231.0,215.0,0.0,102.0,72.0,138.0,258.0,736.0,688.0,399.0,506.0,1143.0,434.0,453.0,307.0,898.0,898.0,380.0,380.0,104.0,127.0,800.0,774.0,396.0,123.0,210.0,227.0,317.0,303.0,1030.0,1019.0,168.0,152.0,71.0,207.0,265.0,76.0,55.0,92.0,388.0,317.0,165.0,205.0,194.0,189.0,676.0,193.0,0.0,0.0,295.0,153.0,48.0,58.0,18817.0
2023-07-25,151.0,157.0,0.0,147.0,321.0,69.0,333.0,198.0,174.0,192.0,0.0,95.0,75.0,95.0,160.0,596.0,570.0,391.0,425.0,1030.0,337.0,483.0,291.0,801.0,689.0,318.0,331.0,89.0,113.0,592.0,549.0,449.0,106.0,165.0,204.0,311.0,327.0,728.0,751.0,212.0,141.0,75.0,169.0,256.0,108.0,55.0,91.0,349.0,294.0,136.0,160.0,154.0,172.0,469.0,142.0,0.0,0.0,237.0,119.0,44.0,61.0,16257.0
2023-07-26,186.0,179.0,0.0,188.0,365.0,108.0,834.0,771.0,197.0,170.0,0.0,114.0,86.0,117.0,234.0,769.0,673.0,386.0,508.0,1036.0,327.0,0.0,0.0,786.0,769.0,307.0,355.0,125.0,155.0,803.0,762.0,442.0,130.0,183.0,218.0,325.0,297.0,1083.0,909.0,173.0,156.0,116.0,222.0,274.0,130.0,46.0,87.0,355.0,307.0,193.0,229.0,190.0,174.0,748.0,223.0,0.0,0.0,232.0,167.0,34.0,45.0,18998.0
2023-07-27,168.0,164.0,0.0,198.0,326.0,102.0,768.0,589.0,207.0,165.0,0.0,268.0,68.0,68.0,230.0,706.0,668.0,387.0,505.0,1012.0,337.0,0.0,0.0,796.0,757.0,362.0,396.0,110.0,113.0,753.0,691.0,444.0,129.0,222.0,234.0,372.0,361.0,956.0,1062.0,193.0,153.0,69.0,170.0,367.0,150.0,55.0,95.0,430.0,369.0,181.0,208.0,159.0,184.0,666.0,281.0,0.0,0.0,291.0,150.0,14.0,11.0,18890.0
2023-07-28,112.0,132.0,0.0,130.0,323.0,103.0,400.0,224.0,140.0,110.0,0.0,74.0,42.0,75.0,176.0,579.0,480.0,277.0,379.0,1061.0,417.0,0.0,0.0,579.0,576.0,238.0,264.0,62.0,100.0,691.0,607.0,358.0,92.0,127.0,140.0,187.0,178.0,913.0,1004.0,137.0,106.0,62.0,162.0,186.0,86.0,52.0,77.0,238.0,197.0,136.0,147.0,140.0,127.0,587.0,211.0,0.0,0.0,252.0,131.0,0.0,0.0,14384.0
2023-07-29,134.0,140.0,0.0,169.0,402.0,118.0,296.0,174.0,140.0,146.0,0.0,84.0,40.0,88.0,181.0,921.0,745.0,388.0,505.0,1079.0,376.0,0.0,0.0,797.0,823.0,238.0,269.0,65.0,92.0,827.0,808.0,290.0,94.0,131.0,178.0,290.0,293.0,1465.0,1465.0,202.0,158.0,62.0,197.0,225.0,93.0,40.0,28.0,359.0,312.0,170.0,235.0,177.0,165.0,1077.0,433.0,0.0,0.0,511.0,226.0,0.0,0.0,18921.0
2023-07-30,68.0,82.0,0.0,110.0,263.0,57.0,119.0,83.0,94.0,103.0,0.0,55.0,31.0,106.0,110.0,615.0,519.0,284.0,355.0,804.0,288.0,0.0,0.0,479.0,526.0,183.0,200.0,29.0,43.0,610.0,577.0,293.0,72.0,106.0,132.0,195.0,169.0,979.0,942.0,149.0,137.0,70.0,166.0,153.0,53.0,44.0,27.0,190.0,208.0,114.0,155.0,234.0,199.0,728.0,279.0,0.0,0.0,270.0,111.0,0.0,0.0,12968.0
2023-07-31,194.0,185.0,0.0,218.0,365.0,79.0,54.0,57.0,225.0,203.0,0.0,73.0,74.0,109.0,238.0,827.0,690.0,436.0,573.0,987.0,390.0,0.0,0.0,948.0,903.0,337.0,347.0,137.0,121.0,852.0,840.0,411.0,131.0,203.0,256.0,405.0,403.0,1199.0,1160.0,221.0,177.0,85.0,233.0,342.0,102.0,75.0,84.0,439.0,412.0,204.0,228.0,217.0,163.0,842.0,240.0,0.0,0.0,396.0,148.0,47.0,97.0,19382.0
2023-08-01,142.0,144.0,0.0,188.0,290.0,48.0,79.0,48.0,163.0,146.0,51.0,33.0,70.0,86.0,196.0,486.0,432.0,275.0,388.0,971.0,335.0,0.0,0.0,603.0,647.0,301.0,293.0,87.0,98.0,578.0,590.0,453.0,114.0,155.0,189.0,214.0,216.0,665.0,546.0,134.0,118.0,50.0,149.0,74.0,23.0,52.0,62.0,238.0,203.0,113.0,139.0,123.0,111.0,446.0,107.0,0.0,0.0,187.0,252.0,42.0,46.0,12989.0
2023-08-02,166.0,158.0,0.0,168.0,303.0,72.0,65.0,46.0,174.0,174.0,248.0,79.0,79.0,101.0,171.0,615.0,554.0,372.0,405.0,960.0,329.0,0.0,0.0,745.0,720.0,323.0,336.0,103.0,144.0,650.0,578.0,571.0,110.0,165.0,210.0,290.0,283.0,765.0,762.0,171.0,145.0,77.0,171.0,2.0,0.0,41.0,57.0,309.0,274.0,122.0,159.0,173.0,125.0,504.0,180.0,0.0,0.0,245.0,306.0,37.0,60.0,15152.0
2023-08-03,202.0,208.0,0.0,203.0,383.0,97.0,111.0,64.0,203.0,193.0,362.0,94.0,68.0,95.0,245.0,1089.0,970.0,503.0,707.0,1160.0,346.0,0.0,0.0,1143.0,1101.0,396.0,380.0,101.0,144.0,1170.0,1120.0,415.0,138.0,248.0,303.0,501.0,461.0,1660.0,1799.0,276.0,220.0,107.0,255.0,245.0,81.0,48.0,82.0,543.0,511.0,240.0,288.0,261.0,227.0,1155.0,387.0,0.0,0.0,500.0,744.0,98.0,133.0,24784.0
2023-08-04,202.0,169.0,0.0,223.0,362.0,83.0,64.0,58.0,206.0,211.0,310.0,90.0,63.0,98.0,235.0,924.0,857.0,490.0,636.0,1127.0,363.0,0.0,0.0,966.0,936.0,368.0,329.0,124.0,126.0,969.0,937.0,410.0,115.0,203.0,250.0,415.0,389.0,1468.0,1564.0,302.0,218.0,89.0,250.0,157.0,54.0,62.0,78.0,472.0,422.0,205.0,283.0,253.0,213.0,1035.0,320.0,0.0,0.0,454.0,719.0,94.0,122.0,22142.0
2023-08-05,40.0,39.0,0.0,42.0,201.0,29.0,79.0,36.0,48.0,40.0,73.0,57.0,47.0,28.0,62.0,127.0,103.0,44.0,66.0,706.0,287.0,0.0,0.0,118.0,128.0,93.0,94.0,26.0,30.0,116.0,116.0,278.0,59.0,31.0,36.0,51.0,35.0,170.0,155.0,39.0,47.0,15.0,36.0,21.0,10.0,28.0,17.0,41.0,38.0,34.0,25.0,16.0,29.0,133.0,30.0,0.0,0.0,61.0,77.0,15.0,20.0,4422.0
2023-08-06,64.0,47.0,0.0,45.0,163.0,48.0,78.0,80.0,52.0,58.0,101.0,86.0,54.0,38.0,79.0,333.0,273.0,95.0,139.0,735.0,296.0,0.0,0.0,228.0,228.0,134.0,143.0,25.0,41.0,249.0,238.0,266.0,68.0,42.0,66.0,48.0,42.0,445.0,390.0,73.0,55.0,25.0,97.0,55.0,27.0,22.0,22.0,75.0,51.0,62.0,90.0,74.0,78.0,283.0,80.0,0.0,0.0,114.0,143.0,24.0,32.0,6999.0
2023-08-07,113.0,102.0,0.0,53.0,244.0,37.0,71.0,66.0,174.0,153.0,280.0,196.0,160.0,69.0,147.0,330.0,257.0,143.0,218.0,805.0,278.0,0.0,0.0,395.0,380.0,208.0,219.0,71.0,84.0,430.0,431.0,435.0,107.0,86.0,129.0,114.0,102.0,398.0,459.0,92.0,79.0,41.0,113.0,109.0,43.0,30.0,72.0,111.0,119.0,87.0,89.0,59.0,64.0,277.0,96.0,0.0,0.0,107.0,143.0,19.0,37.0,9731.0
2023-08-08,199.0,190.0,0.0,219.0,331.0,62.0,68.0,74.0,225.0,198.0,567.0,345.0,240.0,151.0,202.0,903.0,734.0,477.0,622.0,1049.0,366.0,18.0,28.0,891.0,950.0,369.0,334.0,87.0,138.0,930.0,850.0,502.0,125.0,247.0,306.0,454.0,386.0,1183.0,1248.0,254.0,188.0,118.0,259.0,336.0,104.0,54.0,87.0,502.0,469.0,213.0,289.0,194.0,190.0,818.0,246.0,0.0,0.0,480.0,590.0,85.0,107.0,21851.0
2023-08-09,124.0,125.0,0.0,79.0,261.0,32.0,84.0,75.0,156.0,155.0,335.0,168.0,166.0,113.0,144.0,519.0,428.0,223.0,343.0,858.0,301.0,0.0,0.0,431.0,444.0,219.0,207.0,45.0,91.0,548.0,515.0,689.0,112.0,132.0,152.0,167.0,151.0,867.0,843.0,122.0,117.0,63.0,130.0,36.0,30.0,44.0,69.0,218.0,184.0,110.0,116.0,99.0,106.0,546.0,151.0,0.0,0.0,194.0,320.0,38.0,50.0,13045.0
2023-08-10,230.0,220.0,0.0,250.0,363.0,53.0,82.0,57.0,218.0,234.0,566.0,415.0,317.0,107.0,250.0,978.0,916.0,553.0,746.0,1138.0,314.0,0.0,0.0,1043.0,1039.0,366.0,398.0,110.0,131.0,1029.0,1071.0,520.0,115.0,230.0,273.0,451.0,457.0,1634.0,1648.0,276.0,232.0,113.0,265.0,178.0,47.0,41.0,72.0,392.0,273.0,226.0,284.0,245.0,207.0,1180.0,302.0,0.0,0.0,534.0,740.0,100.0,125.0,24354.0
2023-08-11,161.0,169.0,0.0,209.0,275.0,54.0,81.0,51.0,172.0,161.0,422.0,301.0,230.0,121.0,194.0,839.0,728.0,421.0,598.0,1284.0,402.0,0.0,0.0,984.0,944.0,320.0,325.0,102.0,122.0,995.0,869.0,391.0,86.0,192.0,231.0,410.0,378.0,1350.0,1179.0,262.0,188.0,100.0,258.0,83.0,27.0,37.0,45.0,483.0,414.0,221.0,222.0,236.0,202.0,966.0,255.0,0.0,0.0,450.0,653.0,93.0,106.0,21052.0
2023-08-12,135.0,173.0,0.0,150.0,298.0,41.0,167.0,110.0,155.0,101.0,426.0,242.0,184.0,97.0,185.0,851.0,733.0,418.0,530.0,1322.0,333.0,0.0,0.0,852.0,851.0,212.0,248.0,63.0,66.0,861.0,821.0,280.0,0.0,135.0,168.0,340.0,339.0,1543.0,1490.0,141.0,63.0,67.0,235.0,45.0,20.0,27.0,28.0,417.0,398.0,223.0,318.0,216.0,226.0,1190.0,363.0,0.0,0.0,671.0,787.0,49.0,86.0,20490.0
2023-08-13,161.0,151.0,0.0,156.0,299.0,60.0,263.0,100.0,124.0,126.0,448.0,206.0,147.0,94.0,197.0,943.0,808.0,433.0,548.0,1112.0,361.0,0.0,0.0,850.0,836.0,257.0,281.0,63.0,70.0,914.0,783.0,254.0,0.0,145.0,189.0,365.0,311.0,1547.0,1665.0,0.0,0.0,92.0,259.0,16.0,15.0,21.0,33.0,384.0,397.0,230.0,276.0,246.0,215.0,1176.0,370.0,0.0,0.0,687.0,698.0,0.0,0.0,20382.0
2023-08-14,198.0,217.0,0.0,201.0,326.0,33.0,192.0,96.0,239.0,196.0,522.0,350.0,282.0,56.0,227.0,856.0,772.0,440.0,586.0,1381.0,400.0,0.0,0.0,986.0,982.0,367.0,361.0,126.0,136.0,942.0,914.0,498.0,0.0,208.0,261.0,430.0,395.0,1268.0,1226.0,0.0,0.0,99.0,231.0,55.0,18.0,59.0,97.0,503.0,421.0,202.0,240.0,223.0,192.0,862.0,143.0,0.0,0.0,403.0,571.0,0.0,0.0,20989.0
2023-08-15,222.0,241.0,0.0,242.0,334.0,25.0,157.0,82.0,242.0,199.0,555.0,336.0,500.0,87.0,240.0,912.0,847.0,496.0,693.0,1452.0,343.0,0.0,0.0,0.0,0.0,430.0,404.0,128.0,151.0,1021.0,990.0,544.0,0.0,263.0,366.0,488.0,460.0,1335.0,1159.0,279.0,241.0,96.0,259.0,23.0,10.0,36.0,84.0,576.0,516.0,236.0,269.0,267.0,246.0,917.0,151.0,0.0,0.0,483.0,665.0,45.0,47.0,21390.0
2023-08-16,185.0,182.0,0.0,168.0,317.0,51.0,248.0,129.0,200.0,175.0,427.0,261.0,258.0,41.0,194.0,641.0,590.0,400.0,463.0,1349.0,270.0,151.0,210.0,866.0,808.0,339.0,395.0,94.0,126.0,754.0,674.0,639.0,0.0,254.0,314.0,421.0,408.0,852.0,405.0,244.0,175.0,98.0,222.0,56.0,23.0,41.0,66.0,449.0,365.0,174.0,184.0,204.0,183.0,569.0,112.0,0.0,0.0,341.0,487.0,46.0,57.0,18355.0
2023-08-17,179.0,194.0,0.0,179.0,348.0,44.0,582.0,365.0,204.0,166.0,472.0,323.0,267.0,70.0,221.0,737.0,643.0,390.0,598.0,1343.0,286.0,478.0,360.0,865.0,886.0,278.0,357.0,115.0,120.0,845.0,777.0,549.0,0.0,186.0,238.0,379.0,362.0,1204.0,1196.0,250.0,158.0,126.0,267.0,48.0,17.0,54.0,58.0,408.0,366.0,199.0,245.0,228.0,176.0,761.0,211.0,0.0,0.0,373.0,529.0,67.0,83.0,21430.0
2023-08-18,162.0,181.0,0.0,199.0,321.0,39.0,277.0,195.0,211.0,148.0,473.0,253.0,229.0,43.0,209.0,749.0,714.0,378.0,526.0,1295.0,345.0,361.0,316.0,790.0,819.0,318.0,370.0,82.0,130.0,869.0,868.0,380.0,0.0,175.0,249.0,350.0,348.0,1225.0,1326.0,222.0,157.0,109.0,208.0,22.0,5.0,48.0,60.0,418.0,352.0,195.0,230.0,201.0,172.0,853.0,214.0,0.0,0.0,357.0,504.0,49.0,91.0,20390.0
2023-08-19,113.0,107.0,0.0,158.0,310.0,49.0,72.0,36.0,130.0,125.0,387.0,213.0,176.0,92.0,164.0,742.0,618.0,358.0,453.0,1114.0,299.0,230.0,359.0,805.0,785.0,218.0,290.0,53.0,108.0,832.0,746.0,228.0,0.0,140.0,153.0,309.0,264.0,1377.0,1349.0,205.0,153.0,71.0,173.0,18.0,6.0,25.0,20.0,358.0,332.0,199.0,219.0,179.0,173.0,996.0,245.0,0.0,0.0,583.0,699.0,94.0,135.0,18845.0
2023-08-20,99.0,114.0,0.0,161.0,307.0,72.0,60.0,13.0,122.0,106.0,400.0,184.0,141.0,85.0,162.0,771.0,732.0,403.0,502.0,933.0,209.0,231.0,356.0,0.0,0.0,36.0,35.0,51.0,71.0,795.0,706.0,246.0,0.0,124.0,146.0,329.0,303.0,1459.0,1406.0,211.0,172.0,68.0,247.0,17.0,12.0,24.0,27.0,401.0,353.0,220.0,251.0,231.0,210.0,1040.0,240.0,0.0,0.0,576.0,677.0,124.0,144.0,17115.0
2023-08-21,205.0,196.0,0.0,215.0,334.0,120.0,83.0,12.0,214.0,181.0,489.0,302.0,228.0,96.0,224.0,836.0,719.0,455.0,667.0,1235.0,335.0,606.0,410.0,1005.0,988.0,300.0,332.0,136.0,159.0,882.0,775.0,485.0,0.0,229.0,275.0,402.0,379.0,1126.0,1181.0,260.0,218.0,100.0,239.0,31.0,5.0,42.0,58.0,506.0,458.0,188.0,210.0,236.0,195.0,741.0,125.0,0.0,0.0,344.0,473.0,51.0,73.0,21369.0
2023-08-22,210.0,193.0,0.0,220.0,336.0,136.0,130.0,55.0,245.0,197.0,515.0,371.0,267.0,104.0,241.0,928.0,829.0,528.0,718.0,1323.0,417.0,707.0,499.0,1157.0,1127.0,444.0,440.0,124.0,135.0,993.0,919.0,565.0,0.0,275.0,317.0,507.0,484.0,1322.0,1315.0,296.0,198.0,96.0,231.0,54.0,15.0,51.0,82.0,608.0,495.0,236.0,247.0,266.0,250.0,931.0,150.0,0.0,0.0,402.0,579.0,65.0,102.0,24647.0
2023-08-23,202.0,216.0,0.0,224.0,317.0,105.0,173.0,57.0,240.0,210.0,587.0,364.0,262.0,102.0,270.0,943.0,872.0,530.0,742.0,1218.0,381.0,647.0,476.0,1111.0,1070.0,384.0,423.0,134.0,167.0,986.0,963.0,531.0,0.0,263.0,311.0,514.0,477.0,1393.0,1380.0,283.0,231.0,84.0,238.0,35.0,20.0,39.0,74.0,520.0,451.0,249.0,319.0,266.0,236.0,963.0,167.0,0.0,0.0,488.0,639.0,64.0,98.0,24709.0
2023-08-24,211.0,189.0,0.0,226.0,355.0,152.0,151.0,117.0,213.0,210.0,527.0,320.0,180.0,120.0,239.0,871.0,787.0,491.0,636.0,1253.0,400.0,619.0,477.0,1061.0,973.0,147.0,171.0,114.0,140.0,947.0,931.0,495.0,0.0,245.0,269.0,420.0,430.0,1390.0,1358.0,297.0,195.0,100.0,249.0,47.0,26.0,47.0,71.0,583.0,503.0,217.0,272.0,244.0,220.0,915.0,187.0,785.0,893.0,445.0,624.0,73.0,93.0,24921.0
2023-08-25,150.0,160.0,0.0,181.0,282.0,120.0,99.0,34.0,179.0,133.0,359.0,255.0,165.0,115.0,154.0,606.0,543.0,339.0,466.0,1160.0,174.0,389.0,354.0,740.0,708.0,288.0,339.0,117.0,102.0,719.0,699.0,408.0,0.0,178.0,195.0,281.0,313.0,1008.0,870.0,181.0,141.0,87.0,216.0,38.0,10.0,40.0,67.0,296.0,308.0,155.0,186.0,176.0,182.0,721.0,151.0,1097.0,1008.0,325.0,404.0,48.0,66.0,19285.0
2023-08-26,115.0,105.0,0.0,113.0,247.0,88.0,78.0,30.0,107.0,92.0,323.0,143.0,113.0,64.0,99.0,683.0,617.0,317.0,454.0,883.0,157.0,134.0,182.0,623.0,640.0,172.0,195.0,59.0,57.0,643.0,716.0,246.0,0.0,124.0,141.0,260.0,251.0,1223.0,317.0,165.0,132.0,62.0,169.0,39.0,21.0,29.0,27.0,336.0,308.0,148.0,207.0,167.0,145.0,921.0,241.0,1265.0,1157.0,488.0,627.0,63.0,130.0,17658.0
2023-08-27,44.0,25.0,0.0,37.0,190.0,68.0,180.0,100.0,44.0,52.0,101.0,57.0,28.0,16.0,34.0,202.0,199.0,90.0,127.0,592.0,207.0,41.0,75.0,143.0,133.0,93.0,108.0,29.0,47.0,127.0,117.0,263.0,0.0,31.0,40.0,38.0,35.0,244.0,252.0,43.0,44.0,20.0,56.0,0.0,0.0,13.0,31.0,34.0,36.0,36.0,42.0,35.0,53.0,153.0,53.0,281.0,231.0,47.0,53.0,13.0,16.0,5499.0
2023-08-28,51.0,45.0,0.0,33.0,174.0,46.0,168.0,133.0,68.0,61.0,80.0,89.0,48.0,19.0,38.0,108.0,78.0,61.0,69.0,813.0,202.0,77.0,81.0,83.0,105.0,105.0,144.0,69.0,62.0,153.0,185.0,764.0,0.0,50.0,62.0,37.0,45.0,149.0,97.0,41.0,48.0,14.0,29.0,7.0,5.0,23.0,38.0,38.0,31.0,27.0,36.0,34.0,29.0,92.0,19.0,140.0,142.0,34.0,27.0,7.0,6.0,5519.0
2023-08-29,99.0,74.0,0.0,75.0,212.0,63.0,207.0,176.0,115.0,76.0,245.0,148.0,98.0,38.0,102.0,287.0,250.0,128.0,220.0,845.0,280.0,152.0,157.0,287.0,297.0,14.0,30.0,86.0,82.0,337.0,326.0,463.0,0.0,74.0,110.0,115.0,111.0,347.0,358.0,86.0,65.0,48.0,109.0,80.0,32.0,43.0,96.0,108.0,99.0,56.0,53.0,72.0,65.0,215.0,62.0,355.0,397.0,73.0,125.0,17.0,34.0,9374.0
2023-08-30,128.0,126.0,0.0,162.0,237.0,44.0,83.0,72.0,171.0,159.0,374.0,267.0,135.0,73.0,189.0,604.0,548.0,343.0,442.0,933.0,323.0,300.0,303.0,548.0,549.0,275.0,297.0,85.0,147.0,675.0,637.0,562.0,0.0,155.0,183.0,260.0,226.0,812.0,849.0,149.0,94.0,82.0,169.0,197.0,39.0,47.0,104.0,237.0,255.0,145.0,160.0,176.0,153.0,583.0,162.0,971.0,824.0,187.0,340.0,27.0,63.0,17440.0
2023-08-31,156.0,156.0,0.0,168.0,266.0,96.0,96.0,90.0,181.0,146.0,402.0,259.0,135.0,85.0,166.0,611.0,532.0,310.0,479.0,931.0,314.0,322.0,221.0,716.0,724.0,327.0,299.0,86.0,136.0,698.0,598.0,591.0,0.0,200.0,247.0,327.0,315.0,826.0,866.0,208.0,146.0,58.0,161.0,180.0,55.0,57.0,101.0,347.0,333.0,170.0,169.0,146.0,120.0,579.0,207.0,1297.0,1182.0,331.0,492.0,59.0,118.0,19594.0
2023-09-01,144.0,141.0,0.0,146.0,257.0,97.0,98.0,88.0,150.0,132.0,333.0,251.0,167.0,50.0,176.0,562.0,534.0,258.0,419.0,932.0,428.0,0.0,0.0,655.0,656.0,117.0,111.0,93.0,105.0,716.0,664.0,423.0,0.0,181.0,200.0,270.0,286.0,892.0,883.0,158.0,128.0,81.0,163.0,202.0,67.0,76.0,85.0,330.0,289.0,146.0,182.0,148.0,135.0,629.0,201.0,981.0,936.0,217.0,418.0,36.0,61.0,17284.0
2023-09-02,147.0,164.0,0.0,144.0,257.0,79.0,66.0,66.0,186.0,200.0,444.0,216.0,140.0,39.0,173.0,969.0,844.0,493.0,652.0,944.0,382.0,0.0,0.0,869.0,831.0,253.0,241.0,88.0,87.0,1062.0,977.0,252.0,0.0,134.0,184.0,399.0,353.0,1709.0,1675.0,250.0,175.0,94.0,215.0,103.0,46.0,24.0,39.0,464.0,396.0,243.0,336.0,224.0,239.0,1238.0,367.0,1702.0,1600.0,695.0,877.0,123.0,161.0,25330.0
2023-09-03,133.0,135.0,0.0,138.0,294.0,79.0,109.0,66.0,127.0,94.0,485.0,228.0,157.0,91.0,177.0,1003.0,965.0,547.0,719.0,859.0,384.0,0.0,0.0,922.0,881.0,209.0,197.0,437.0,55.0,1060.0,1062.0,227.0,0.0,157.0,210.0,377.0,352.0,1755.0,1834.0,298.0,218.0,141.0,326.0,246.0,32.0,38.0,56.0,507.0,399.0,258.0,360.0,304.0,309.0,1228.0,438.0,462.0,666.0,700.0,857.0,126.0,150.0,24644.0
2023-09-04,233.0,231.0,0.0,242.0,368.0,67.0,112.0,52.0,261.0,231.0,584.0,421.0,238.0,124.0,200.0,1013.0,908.0,619.0,815.0,992.0,464.0,523.0,933.0,1059.0,981.0,403.0,413.0,150.0,189.0,1106.0,1009.0,435.0,0.0,266.0,313.0,489.0,423.0,1418.0,1441.0,324.0,244.0,135.0,290.0,112.0,10.0,47.0,112.0,502.0,484.0,239.0,288.0,274.0,246.0,978.0,250.0,27.0,24.0,417.0,578.0,71.0,117.0,25495.0
2023-09-05,245.0,258.0,0.0,265.0,379.0,112.0,71.0,62.0,258.0,233.0,707.0,419.0,203.0,139.0,230.0,1124.0,981.0,611.0,858.0,978.0,431.0,1308.0,1565.0,1311.0,1228.0,443.0,419.0,148.0,247.0,1162.0,1102.0,631.0,0.0,298.0,361.0,582.0,510.0,1615.0,1434.0,306.0,293.0,125.0,302.0,108.0,17.0,17.0,97.0,664.0,562.0,256.0,339.0,326.0,289.0,1089.0,255.0,0.0,0.0,554.0,698.0,97.0,140.0,29462.0
2023-09-06,229.0,235.0,0.0,226.0,382.0,116.0,92.0,48.0,255.0,216.0,651.0,399.0,202.0,135.0,260.0,1041.0,943.0,640.0,829.0,1075.0,482.0,1202.0,1435.0,1225.0,1073.0,214.0,239.0,161.0,219.0,1142.0,1006.0,607.0,0.0,321.0,350.0,592.0,585.0,1532.0,1607.0,380.0,315.0,125.0,314.0,77.0,20.0,24.0,123.0,633.0,562.0,307.0,335.0,287.0,243.0,1052.0,251.0,23.0,11.0,510.0,689.0,81.0,115.0,28443.0
2023-09-07,183.0,198.0,0.0,220.0,347.0,118.0,75.0,29.0,255.0,217.0,611.0,393.0,217.0,118.0,265.0,934.0,868.0,593.0,752.0,1258.0,319.0,1110.0,1376.0,1123.0,1079.0,420.0,429.0,126.0,204.0,1019.0,908.0,581.0,0.0,260.0,305.0,540.0,486.0,1387.0,826.0,322.0,248.0,138.0,302.0,36.0,15.0,49.0,171.0,627.0,519.0,270.0,340.0,277.0,271.0,959.0,206.0,0.0,0.0,448.0,670.0,67.0,139.0,26223.0
2023-09-08,0.0,0.0,0.0,211.0,341.0,114.0,122.0,55.0,200.0,205.0,498.0,289.0,167.0,92.0,228.0,851.0,798.0,466.0,637.0,1255.0,422.0,1001.0,1278.0,981.0,1026.0,316.0,329.0,164.0,162.0,873.0,944.0,483.0,0.0,235.0,316.0,404.0,402.0,1325.0,1274.0,278.0,192.0,103.0,258.0,53.0,12.0,109.0,103.0,590.0,457.0,231.0,261.0,257.0,225.0,948.0,217.0,0.0,0.0,455.0,745.0,72.0,105.0,24135.0
2023-09-09,0.0,0.0,0.0,162.0,305.0,121.0,92.0,50.0,135.0,142.0,508.0,242.0,127.0,63.0,166.0,963.0,890.0,529.0,611.0,1016.0,387.0,956.0,1116.0,1045.0,1067.0,265.0,314.0,62.0,105.0,1062.0,975.0,247.0,0.0,166.0,232.0,449.0,436.0,1700.0,453.0,266.0,201.0,103.0,277.0,69.0,34.0,11.0,52.0,565.0,514.0,272.0,346.0,251.0,273.0,1237.0,389.0,0.0,0.0,854.0,1082.0,165.0,214.0,24334.0
2023-09-10,0.0,0.0,0.0,164.0,275.0,123.0,53.0,20.0,138.0,115.0,533.0,241.0,116.0,96.0,163.0,1141.0,1046.0,528.0,779.0,873.0,416.0,933.0,1027.0,996.0,977.0,274.0,304.0,81.0,72.0,1133.0,1022.0,238.0,0.0,179.0,271.0,525.0,426.0,2032.0,1794.0,328.0,220.0,122.0,316.0,78.0,35.0,11.0,53.0,574.0,562.0,281.0,385.0,305.0,263.0,1452.0,399.0,0.0,0.0,894.0,1019.0,159.0,227.0,26787.0
2023-09-11,0.0,0.0,0.0,227.0,314.0,65.0,128.0,121.0,239.0,219.0,488.0,370.0,253.0,163.0,0.0,855.0,816.0,571.0,729.0,1131.0,411.0,1123.0,1327.0,1092.0,1026.0,385.0,378.0,162.0,163.0,940.0,902.0,570.0,0.0,260.0,290.0,492.0,490.0,1189.0,371.0,311.0,231.0,116.0,285.0,22.0,18.0,20.0,96.0,530.0,422.0,232.0,283.0,257.0,241.0,856.0,193.0,0.0,0.0,378.0,493.0,56.0,97.0,23397.0
2023-09-12,0.0,0.0,0.0,250.0,417.0,149.0,81.0,66.0,266.0,212.0,603.0,404.0,246.0,99.0,1.0,1062.0,962.0,586.0,816.0,1247.0,397.0,1232.0,1514.0,1188.0,1203.0,426.0,453.0,159.0,214.0,1070.0,972.0,588.0,0.0,291.0,359.0,566.0,552.0,1562.0,1553.0,324.0,240.0,149.0,314.0,37.0,11.0,21.0,141.0,619.0,565.0,239.0,314.0,303.0,259.0,1109.0,199.0,0.0,0.0,468.0,650.0,3.0,4.0,27735.0
2023-09-13,0.0,0.0,0.0,147.0,400.0,97.0,456.0,173.0,229.0,210.0,414.0,323.0,180.0,94.0,1.0,612.0,578.0,414.0,504.0,1099.0,355.0,831.0,995.0,799.0,716.0,374.0,335.0,106.0,169.0,696.0,680.0,614.0,0.0,228.0,241.0,318.0,311.0,818.0,874.0,222.0,184.0,94.0,209.0,64.0,17.0,38.0,128.0,352.0,315.0,172.0,200.0,186.0,174.0,550.0,115.0,0.0,0.0,249.0,324.0,0.0,0.0,18984.0
2023-09-14,0.0,0.0,0.0,157.0,367.0,143.0,539.0,482.0,235.0,161.0,495.0,362.0,213.0,40.0,0.0,689.0,683.0,400.0,562.0,990.0,361.0,885.0,1054.0,839.0,783.0,215.0,224.0,128.0,161.0,722.0,697.0,628.0,0.0,192.0,258.0,334.0,326.0,945.0,1000.0,228.0,152.0,113.0,236.0,230.0,92.0,32.0,69.0,406.0,345.0,172.0,195.0,218.0,176.0,601.0,153.0,0.0,0.0,325.0,475.0,0.0,0.0,20488.0
2023-09-15,0.0,0.0,0.0,191.0,347.0,112.0,377.0,324.0,199.0,183.0,470.0,307.0,149.0,52.0,0.0,672.0,688.0,403.0,528.0,1126.0,404.0,809.0,1051.0,793.0,787.0,279.0,337.0,125.0,133.0,826.0,801.0,654.0,0.0,191.0,282.0,366.0,308.0,1076.0,1137.0,204.0,199.0,92.0,229.0,17.0,6.0,18.0,77.0,409.0,344.0,201.0,218.0,203.0,206.0,736.0,224.0,225.0,235.0,321.0,484.0,50.0,56.0,21241.0
2023-09-16,0.0,0.0,0.0,129.0,263.0,110.0,145.0,110.0,139.0,141.0,439.0,275.0,100.0,64.0,0.0,1053.0,914.0,481.0,649.0,955.0,305.0,814.0,1018.0,950.0,916.0,229.0,235.0,100.0,96.0,1211.0,1189.0,270.0,0.0,138.0,193.0,436.0,369.0,1813.0,1589.0,254.0,189.0,103.0,264.0,91.0,55.0,21.0,86.0,461.0,450.0,289.0,404.0,252.0,209.0,1312.0,456.0,0.0,0.0,701.0,887.0,120.0,173.0,24615.0
2023-09-17,0.0,0.0,0.0,193.0,284.0,77.0,121.0,60.0,105.0,109.0,475.0,242.0,146.0,36.0,0.0,1271.0,1136.0,648.0,836.0,855.0,385.0,951.0,1110.0,1117.0,1034.0,259.0,292.0,99.0,134.0,1436.0,1312.0,244.0,0.0,158.0,229.0,427.0,431.0,2285.0,2327.0,324.0,213.0,104.0,282.0,49.0,18.0,13.0,48.0,616.0,559.0,287.0,410.0,304.0,265.0,1604.0,523.0,0.0,0.0,877.0,959.0,185.0,222.0,28686.0
2023-09-18,0.0,0.0,0.0,198.0,401.0,106.0,324.0,316.0,236.0,199.0,347.0,314.0,187.0,37.0,0.0,763.0,727.0,463.0,600.0,1185.0,338.0,1008.0,1172.0,964.0,889.0,422.0,407.0,159.0,194.0,861.0,791.0,580.0,0.0,293.0,290.0,372.0,360.0,1010.0,1075.0,248.0,177.0,108.0,246.0,24.0,9.0,26.0,117.0,473.0,429.0,231.0,285.0,237.0,220.0,703.0,136.0,0.0,0.0,388.0,484.0,63.0,80.0,22272.0
2023-09-19,0.0,0.0,0.0,193.0,393.0,101.0,568.0,374.0,223.0,193.0,364.0,287.0,179.0,54.0,1.0,789.0,679.0,390.0,542.0,1097.0,315.0,877.0,1096.0,845.0,811.0,378.0,361.0,154.0,180.0,839.0,711.0,571.0,0.0,249.0,299.0,326.0,321.0,983.0,1021.0,264.0,182.0,103.0,229.0,50.0,24.0,23.0,116.0,384.0,350.0,197.0,238.0,238.0,207.0,634.0,130.0,0.0,0.0,298.0,385.0,42.0,75.0,20933.0
2023-09-20,0.0,0.0,0.0,257.0,330.0,63.0,436.0,335.0,235.0,213.0,415.0,313.0,197.0,47.0,1.0,925.0,847.0,488.0,695.0,1082.0,310.0,1142.0,1321.0,1131.0,1071.0,289.0,353.0,123.0,192.0,991.0,907.0,840.0,0.0,323.0,356.0,475.0,425.0,1371.0,1437.0,312.0,218.0,118.0,277.0,38.0,12.0,29.0,120.0,524.0,467.0,233.0,286.0,258.0,230.0,872.0,225.0,0.0,0.0,420.0,576.0,64.0,125.0,25340.0
2023-09-21,0.0,0.0,0.0,216.0,304.0,45.0,141.0,96.0,230.0,166.0,350.0,319.0,200.0,43.0,0.0,805.0,794.0,446.0,577.0,1264.0,325.0,985.0,1172.0,953.0,915.0,401.0,470.0,147.0,198.0,824.0,809.0,616.0,0.0,250.0,254.0,399.0,374.0,1177.0,1216.0,279.0,209.0,98.0,225.0,96.0,20.0,28.0,133.0,490.0,420.0,199.0,263.0,244.0,232.0,834.0,209.0,0.0,0.0,354.0,528.0,38.0,57.0,22437.0
2023-09-22,0.0,0.0,0.0,83.0,272.0,112.0,99.0,99.0,164.0,126.0,175.0,179.0,125.0,28.0,1.0,398.0,351.0,215.0,306.0,1054.0,301.0,430.0,610.0,400.0,421.0,263.0,251.0,86.0,99.0,414.0,397.0,535.0,0.0,125.0,135.0,173.0,153.0,459.0,418.0,131.0,102.0,54.0,119.0,162.0,61.0,36.0,89.0,198.0,165.0,94.0,114.0,112.0,113.0,263.0,93.0,0.0,0.0,130.0,166.0,0.0,0.0,11659.0
2023-09-23,0.0,0.0,0.0,73.0,268.0,105.0,111.0,82.0,129.0,137.0,168.0,187.0,101.0,27.0,0.0,613.0,564.0,306.0,451.0,759.0,348.0,454.0,634.0,483.0,519.0,205.0,236.0,67.0,59.0,699.0,584.0,221.0,0.0,95.0,132.0,218.0,185.0,988.0,1147.0,174.0,130.0,86.0,178.0,156.0,64.0,26.0,40.0,271.0,234.0,123.0,199.0,148.0,175.0,651.0,281.0,0.0,0.0,344.0,450.0,0.0,0.0,15085.0
2023-09-24,0.0,0.0,0.0,131.0,324.0,134.0,104.0,54.0,114.0,118.0,260.0,179.0,99.0,29.0,0.0,1029.0,895.0,515.0,636.0,732.0,312.0,708.0,881.0,815.0,753.0,137.0,128.0,63.0,92.0,956.0,875.0,230.0,0.0,135.0,72.0,363.0,375.0,1602.0,1687.0,211.0,175.0,120.0,244.0,324.0,128.0,12.0,59.0,412.0,400.0,262.0,289.0,274.0,224.0,1126.0,403.0,0.0,0.0,63.0,223.0,0.0,0.0,20486.0
2023-09-25,0.0,0.0,0.0,99.0,320.0,44.0,232.0,54.0,183.0,156.0,273.0,254.0,160.0,54.0,0.0,687.0,649.0,413.0,509.0,968.0,310.0,772.0,981.0,755.0,739.0,312.0,334.0,169.0,199.0,737.0,660.0,572.0,0.0,271.0,214.0,315.0,290.0,930.0,933.0,184.0,159.0,110.0,216.0,226.0,78.0,46.0,159.0,362.0,339.0,202.0,245.0,202.0,177.0,587.0,140.0,10.0,14.0,83.0,59.0,31.0,72.0,18249.0
2023-09-26,0.0,0.0,0.0,180.0,327.0,1.0,119.0,59.0,207.0,200.0,298.0,345.0,208.0,63.0,0.0,796.0,794.0,405.0,597.0,1105.0,270.0,941.0,1119.0,917.0,867.0,364.0,402.0,168.0,200.0,846.0,809.0,621.0,0.0,250.0,273.0,379.0,407.0,1146.0,1284.0,292.0,199.0,115.0,232.0,0.0,0.0,35.0,153.0,471.0,411.0,116.0,161.0,231.0,197.0,744.0,170.0,0.0,0.0,49.0,11.0,54.0,84.0,20692.0
2023-09-27,0.0,0.0,0.0,172.0,367.0,29.0,102.0,113.0,237.0,217.0,266.0,331.0,171.0,87.0,0.0,678.0,664.0,395.0,555.0,1152.0,273.0,891.0,1082.0,851.0,801.0,235.0,369.0,147.0,219.0,802.0,794.0,840.0,0.0,284.0,288.0,354.0,361.0,962.0,1047.0,239.0,192.0,112.0,250.0,0.0,0.0,37.0,166.0,421.0,382.0,131.0,149.0,214.0,181.0,644.0,175.0,0.0,0.0,0.0,0.0,48.0,77.0,19554.0
2023-09-28,0.0,0.0,0.0,16.0,273.0,142.0,63.0,62.0,158.0,136.0,235.0,292.0,119.0,65.0,0.0,1301.0,1232.0,584.0,801.0,878.0,327.0,874.0,1093.0,1016.0,1053.0,263.0,313.0,80.0,91.0,1239.0,1191.0,213.0,0.0,166.0,210.0,451.0,455.0,2271.0,2254.0,279.0,190.0,120.0,289.0,0.0,0.0,16.0,48.0,579.0,451.0,130.0,179.0,283.0,300.0,1498.0,534.0,0.0,0.0,0.0,0.0,129.0,208.0,25150.0
2023-09-29,0.0,0.0,0.0,116.0,312.0,67.0,87.0,46.0,167.0,160.0,182.0,225.0,118.0,40.0,0.0,680.0,610.0,322.0,446.0,978.0,376.0,660.0,799.0,679.0,674.0,261.0,277.0,77.0,85.0,763.0,669.0,320.0,0.0,138.0,162.0,306.0,289.0,1117.0,1197.0,260.0,186.0,81.0,196.0,0.0,0.0,31.0,50.0,385.0,323.0,151.0,121.0,201.0,176.0,838.0,263.0,0.0,0.0,0.0,0.0,87.0,121.0,16875.0
2023-09-30,0.0,0.0,0.0,88.0,263.0,124.0,202.0,117.0,120.0,146.0,113.0,144.0,95.0,56.0,0.0,623.0,546.0,273.0,316.0,731.0,276.0,428.0,568.0,506.0,524.0,177.0,260.0,54.0,65.0,609.0,558.0,230.0,0.0,67.0,101.0,153.0,149.0,1034.0,1000.0,160.0,115.0,72.0,126.0,0.0,0.0,16.0,18.0,216.0,186.0,89.0,139.0,146.0,122.0,727.0,250.0,0.0,0.0,0.0,0.0,50.0,74.0,13222.0
2023-10-01,0.0,0.0,0.0,128.0,252.0,96.0,137.0,54.0,139.0,130.0,203.0,197.0,77.0,54.0,0.0,807.0,704.0,385.0,515.0,812.0,293.0,592.0,731.0,669.0,640.0,161.0,217.0,85.0,83.0,843.0,760.0,246.0,0.0,134.0,164.0,333.0,268.0,1424.0,1456.0,188.0,149.0,112.0,242.0,0.0,0.0,31.0,53.0,319.0,311.0,45.0,90.0,221.0,227.0,1005.0,365.0,0.0,0.0,0.0,0.0,88.0,144.0,17379.0
2023-10-02,0.0,0.0,0.0,199.0,329.0,72.0,170.0,100.0,237.0,190.0,326.0,362.0,190.0,49.0,0.0,773.0,721.0,441.0,605.0,1107.0,227.0,915.0,1117.0,879.0,885.0,391.0,459.0,176.0,310.0,917.0,887.0,587.0,0.0,291.0,272.0,398.0,355.0,1059.0,641.0,254.0,198.0,129.0,241.0,0.0,0.0,52.0,98.0,424.0,352.0,121.0,159.0,209.0,174.0,709.0,188.0,0.0,0.0,0.0,0.0,0.0,0.0,19945.0
2023-10-03,0.0,0.0,0.0,216.0,321.0,99.0,146.0,136.0,250.0,197.0,368.0,332.0,193.0,57.0,2.0,900.0,812.0,498.0,670.0,1083.0,258.0,1044.0,1234.0,1034.0,979.0,377.0,474.0,168.0,232.0,928.0,862.0,647.0,0.0,329.0,291.0,419.0,429.0,1187.0,1304.0,270.0,203.0,141.0,253.0,0.0,0.0,17.0,97.0,477.0,461.0,125.0,109.0,248.0,208.0,785.0,194.0,0.0,0.0,0.0,0.0,0.0,0.0,22064.0
2023-10-04,0.0,0.0,0.0,176.0,334.0,109.0,152.0,104.0,206.0,177.0,300.0,278.0,136.0,70.0,0.0,567.0,608.0,339.0,506.0,896.0,253.0,752.0,919.0,687.0,696.0,355.0,333.0,181.0,249.0,623.0,645.0,764.0,0.0,243.0,242.0,292.0,276.0,706.0,834.0,189.0,137.0,132.0,200.0,0.0,0.0,18.0,116.0,297.0,250.0,92.0,110.0,159.0,137.0,397.0,112.0,0.0,0.0,0.0,0.0,0.0,0.0,16354.0
2023-10-05,115.0,81.0,0.0,185.0,309.0,105.0,149.0,155.0,244.0,156.0,318.0,259.0,125.0,49.0,1.0,564.0,530.0,339.0,394.0,905.0,294.0,687.0,844.0,672.0,593.0,299.0,374.0,149.0,255.0,558.0,516.0,481.0,0.0,189.0,228.0,243.0,244.0,605.0,689.0,175.0,122.0,108.0,187.0,0.0,0.0,62.0,91.0,300.0,250.0,25.0,47.0,157.0,146.0,400.0,136.0,466.0,580.0,0.0,0.0,22.0,45.0,16222.0
2023-10-06,148.0,138.0,0.0,161.0,299.0,100.0,126.0,141.0,193.0,149.0,273.0,272.0,127.0,79.0,0.0,614.0,503.0,312.0,395.0,960.0,285.0,609.0,807.0,598.0,635.0,266.0,280.0,141.0,165.0,665.0,607.0,498.0,0.0,206.0,220.0,264.0,251.0,803.0,832.0,175.0,138.0,119.0,181.0,0.0,0.0,54.0,116.0,333.0,290.0,30.0,56.0,140.0,143.0,541.0,160.0,911.0,877.0,0.0,0.0,45.0,82.0,17513.0
2023-10-07,112.0,123.0,0.0,140.0,284.0,128.0,103.0,37.0,116.0,130.0,210.0,201.0,91.0,45.0,0.0,687.0,581.0,316.0,419.0,716.0,319.0,503.0,675.0,604.0,578.0,204.0,229.0,72.0,85.0,664.0,729.0,271.0,0.0,104.0,174.0,298.0,306.0,1097.0,1012.0,233.0,146.0,93.0,176.0,0.0,1.0,18.0,158.0,300.0,273.0,131.0,167.0,140.0,136.0,809.0,294.0,590.0,780.0,0.0,0.0,105.0,129.0,17042.0
2023-10-08,72.0,62.0,0.0,54.0,199.0,76.0,124.0,72.0,63.0,77.0,158.0,119.0,43.0,34.0,1.0,320.0,267.0,174.0,199.0,561.0,282.0,247.0,329.0,236.0,259.0,90.0,120.0,44.0,63.0,337.0,307.0,190.0,0.0,56.0,88.0,115.0,82.0,456.0,457.0,94.0,71.0,71.0,132.0,0.0,0.0,12.0,45.0,101.0,102.0,37.0,34.0,104.0,98.0,314.0,96.0,0.0,0.0,0.0,0.0,37.0,28.0,7809.0
2023-10-09,97.0,97.0,0.0,77.0,228.0,80.0,107.0,94.0,97.0,97.0,149.0,149.0,80.0,38.0,2.0,200.0,164.0,108.0,119.0,824.0,210.0,301.0,326.0,280.0,240.0,135.0,192.0,113.0,149.0,273.0,264.0,519.0,0.0,133.0,96.0,76.0,76.0,167.0,196.0,67.0,51.0,34.0,82.0,0.0,0.0,20.0,83.0,112.0,79.0,31.0,43.0,53.0,44.0,87.0,32.0,87.0,167.0,0.0,0.0,6.0,4.0,7635.0
2023-10-10,144.0,140.0,0.0,145.0,271.0,88.0,340.0,251.0,187.0,170.0,261.0,276.0,123.0,47.0,0.0,542.0,504.0,245.0,361.0,931.0,315.0,622.0,785.0,611.0,579.0,284.0,310.0,125.0,238.0,548.0,526.0,514.0,0.0,202.0,188.0,211.0,237.0,624.0,678.0,186.0,126.0,93.0,162.0,0.0,0.0,46.0,137.0,221.0,218.0,83.0,118.0,145.0,126.0,392.0,73.0,772.0,783.0,0.0,0.0,32.0,44.0,16380.0
2023-10-11,214.0,217.0,0.0,181.0,328.0,182.0,346.0,124.0,242.0,213.0,415.0,352.0,190.0,41.0,0.0,945.0,873.0,454.0,662.0,1095.0,351.0,1012.0,1223.0,954.0,939.0,368.0,463.0,143.0,214.0,953.0,871.0,526.0,0.0,300.0,283.0,429.0,406.0,1381.0,1419.0,255.0,189.0,132.0,268.0,0.0,0.0,41.0,119.0,511.0,447.0,166.0,175.0,247.0,222.0,877.0,188.0,513.0,341.0,0.0,0.0,73.0,130.0,24203.0
2023-10-12,151.0,157.0,0.0,121.0,234.0,77.0,122.0,109.0,181.0,166.0,246.0,252.0,127.0,32.0,0.0,383.0,369.0,218.0,260.0,940.0,328.0,553.0,680.0,507.0,507.0,80.0,74.0,138.0,152.0,377.0,377.0,527.0,0.0,175.0,161.0,165.0,169.0,387.0,398.0,136.0,104.0,71.0,147.0,0.0,0.0,44.0,86.0,205.0,182.0,79.0,92.0,111.0,102.0,225.0,54.0,0.0,0.0,0.0,0.0,0.0,0.0,11538.0
2023-10-13,160.0,151.0,0.0,159.0,326.0,101.0,327.0,155.0,176.0,145.0,265.0,278.0,156.0,63.0,0.0,624.0,564.0,306.0,452.0,1115.0,331.0,668.0,832.0,655.0,656.0,258.0,318.0,134.0,167.0,622.0,605.0,500.0,0.0,189.0,204.0,258.0,247.0,826.0,855.0,201.0,155.0,97.0,184.0,0.0,0.0,48.0,96.0,313.0,305.0,87.0,102.0,202.0,169.0,588.0,129.0,225.0,320.0,0.0,0.0,34.0,88.0,17191.0
2023-10-14,67.0,87.0,0.0,68.0,266.0,78.0,209.0,128.0,51.0,58.0,115.0,109.0,68.0,42.0,0.0,377.0,316.0,170.0,229.0,800.0,282.0,246.0,389.0,261.0,300.0,113.0,105.0,52.0,57.0,360.0,328.0,308.0,0.0,73.0,124.0,131.0,146.0,507.0,526.0,116.0,73.0,52.0,90.0,0.0,0.0,15.0,47.0,155.0,165.0,46.0,53.0,66.0,80.0,316.0,128.0,0.0,0.0,0.0,0.0,44.0,52.0,9044.0
2023-10-15,89.0,89.0,0.0,85.0,221.0,81.0,300.0,243.0,81.0,86.0,179.0,136.0,61.0,56.0,0.0,496.0,394.0,210.0,294.0,500.0,249.0,329.0,412.0,367.0,332.0,138.0,171.0,40.0,57.0,442.0,436.0,179.0,0.0,73.0,90.0,202.0,165.0,750.0,734.0,130.0,81.0,87.0,138.0,0.0,0.0,23.0,59.0,160.0,156.0,32.0,48.0,131.0,130.0,474.0,195.0,0.0,0.0,0.0,0.0,47.0,58.0,10716.0
2023-10-16,105.0,111.0,0.0,98.0,244.0,95.0,503.0,449.0,145.0,135.0,212.0,183.0,117.0,70.0,0.0,347.0,319.0,185.0,256.0,737.0,294.0,451.0,607.0,413.0,421.0,216.0,236.0,118.0,156.0,383.0,398.0,369.0,0.0,142.0,144.0,145.0,143.0,437.0,432.0,146.0,120.0,76.0,124.0,0.0,0.0,48.0,119.0,175.0,158.0,31.0,53.0,102.0,76.0,252.0,79.0,0.0,0.0,0.0,0.0,24.0,29.0,11428.0
2023-10-17,141.0,149.0,0.0,133.0,289.0,103.0,526.0,506.0,146.0,151.0,210.0,207.0,105.0,54.0,0.0,345.0,349.0,186.0,271.0,685.0,222.0,469.0,589.0,434.0,397.0,225.0,262.0,121.0,153.0,365.0,347.0,425.0,0.0,163.0,148.0,155.0,173.0,434.0,422.0,139.0,101.0,87.0,130.0,0.0,0.0,63.0,136.0,194.0,153.0,23.0,53.0,116.0,108.0,262.0,71.0,0.0,0.0,0.0,0.0,19.0,31.0,11746.0
2023-10-18,130.0,165.0,0.0,97.0,260.0,68.0,521.0,496.0,163.0,123.0,264.0,212.0,89.0,84.0,0.0,401.0,340.0,197.0,284.0,754.0,252.0,479.0,620.0,434.0,405.0,207.0,291.0,148.0,206.0,417.0,407.0,448.0,0.0,160.0,136.0,173.0,171.0,463.0,417.0,115.0,87.0,71.0,130.0,0.0,0.0,37.0,125.0,184.0,191.0,71.0,78.0,104.0,96.0,253.0,78.0,416.0,478.0,0.0,0.0,26.0,30.0,13052.0
2023-10-19,90.0,109.0,0.0,54.0,248.0,68.0,263.0,271.0,95.0,99.0,164.0,133.0,53.0,58.0,4.0,182.0,165.0,105.0,122.0,816.0,294.0,274.0,370.0,240.0,249.0,178.0,298.0,109.0,123.0,224.0,234.0,494.0,0.0,112.0,89.0,69.0,75.0,191.0,190.0,81.0,62.0,37.0,92.0,0.0,0.0,24.0,88.0,102.0,87.0,21.0,42.0,62.0,57.0,108.0,32.0,288.0,302.0,0.0,0.0,10.0,17.0,8424.0
2023-10-20,93.0,77.0,0.0,51.0,249.0,63.0,374.0,276.0,107.0,110.0,146.0,168.0,97.0,33.0,1.0,280.0,250.0,126.0,163.0,942.0,352.0,328.0,453.0,309.0,316.0,158.0,189.0,82.0,196.0,295.0,296.0,389.0,0.0,107.0,133.0,101.0,115.0,298.0,309.0,91.0,77.0,42.0,94.0,0.0,0.0,14.0,66.0,130.0,122.0,10.0,15.0,72.0,72.0,168.0,53.0,384.0,415.0,0.0,0.0,6.0,13.0,9876.0
2023-10-21,129.0,144.0,0.0,161.0,262.0,76.0,224.0,111.0,122.0,121.0,267.0,193.0,95.0,70.0,0.0,884.0,796.0,417.0,530.0,944.0,353.0,651.0,839.0,726.0,673.0,49.0,54.0,69.0,63.0,928.0,798.0,265.0,0.0,155.0,167.0,372.0,383.0,1469.0,1509.0,234.0,157.0,123.0,195.0,0.0,0.0,29.0,52.0,397.0,357.0,170.0,172.0,221.0,198.0,997.0,423.0,1827.0,1590.0,0.0,0.0,117.0,151.0,22479.0
2023-10-22,93.0,83.0,0.0,95.0,226.0,75.0,263.0,175.0,79.0,56.0,194.0,150.0,47.0,37.0,1.0,572.0,486.0,238.0,284.0,648.0,315.0,404.0,489.0,458.0,430.0,134.0,180.0,50.0,81.0,549.0,467.0,222.0,0.0,72.0,106.0,184.0,178.0,824.0,926.0,137.0,105.0,113.0,169.0,0.0,0.0,11.0,38.0,202.0,178.0,51.0,86.0,150.0,158.0,563.0,253.0,1035.0,935.0,0.0,0.0,71.0,82.0,14208.0
2023-10-23,156.0,173.0,0.0,163.0,270.0,106.0,665.0,636.0,181.0,153.0,273.0,282.0,134.0,69.0,0.0,627.0,536.0,324.0,424.0,814.0,306.0,649.0,864.0,617.0,632.0,275.0,309.0,120.0,153.0,605.0,538.0,359.0,0.0,181.0,214.0,272.0,255.0,783.0,829.0,169.0,132.0,119.0,193.0,0.0,0.0,45.0,104.0,292.0,266.0,94.0,69.0,168.0,131.0,478.0,134.0,906.0,878.0,0.0,0.0,36.0,78.0,18239.0
2023-10-24,127.0,124.0,0.0,104.0,248.0,91.0,473.0,489.0,154.0,115.0,227.0,187.0,105.0,50.0,0.0,330.0,310.0,180.0,217.0,878.0,272.0,424.0,551.0,381.0,369.0,103.0,120.0,117.0,155.0,377.0,385.0,422.0,0.0,138.0,141.0,139.0,144.0,309.0,349.0,109.0,89.0,71.0,123.0,0.0,0.0,39.0,90.0,177.0,152.0,52.0,51.0,106.0,95.0,185.0,52.0,272.0,334.0,0.0,0.0,17.0,26.0,11345.0
2023-10-25,132.0,144.0,0.0,110.0,261.0,94.0,584.0,596.0,148.0,101.0,279.0,235.0,120.0,65.0,0.0,499.0,441.0,208.0,315.0,860.0,305.0,543.0,677.0,504.0,489.0,234.0,326.0,135.0,187.0,488.0,453.0,446.0,0.0,130.0,147.0,191.0,185.0,577.0,589.0,158.0,98.0,73.0,152.0,0.0,0.0,52.0,99.0,233.0,208.0,50.0,80.0,123.0,104.0,360.0,116.0,686.0,672.0,0.0,0.0,27.0,53.0,15142.0
2023-10-26,107.0,120.0,0.0,90.0,217.0,99.0,485.0,483.0,144.0,125.0,234.0,188.0,95.0,70.0,1.0,315.0,284.0,182.0,256.0,791.0,263.0,435.0,560.0,403.0,365.0,225.0,262.0,121.0,180.0,385.0,371.0,374.0,0.0,117.0,141.0,131.0,150.0,404.0,405.0,113.0,77.0,62.0,108.0,0.0,0.0,49.0,93.0,148.0,159.0,69.0,72.0,52.0,31.0,206.0,64.0,462.0,473.0,0.0,0.0,17.0,37.0,11870.0
2023-10-27,63.0,50.0,0.0,1.0,202.0,36.0,196.0,197.0,77.0,77.0,94.0,64.0,53.0,25.0,2.0,98.0,92.0,34.0,61.0,754.0,286.0,112.0,205.0,106.0,123.0,77.0,125.0,59.0,35.0,142.0,136.0,459.0,0.0,26.0,59.0,19.0,24.0,89.0,106.0,28.0,32.0,17.0,41.0,0.0,0.0,27.0,50.0,44.0,23.0,7.0,8.0,8.0,6.0,47.0,20.0,184.0,184.0,0.0,0.0,5.0,7.0,5102.0
2023-10-28,51.0,59.0,0.0,2.0,235.0,48.0,298.0,281.0,88.0,82.0,129.0,128.0,45.0,55.0,1.0,292.0,309.0,129.0,178.0,686.0,274.0,289.0,381.0,302.0,302.0,115.0,129.0,57.0,45.0,320.0,297.0,242.0,0.0,56.0,85.0,99.0,97.0,428.0,429.0,71.0,54.0,39.0,80.0,0.0,0.0,25.0,49.0,134.0,125.0,57.0,80.0,57.0,54.0,264.0,96.0,779.0,617.0,0.0,0.0,37.0,46.0,9707.0
2023-10-29,81.0,91.0,0.0,4.0,230.0,49.0,334.0,351.0,98.0,60.0,163.0,173.0,74.0,66.0,0.0,524.0,472.0,239.0,277.0,697.0,311.0,383.0,511.0,418.0,429.0,160.0,188.0,39.0,43.0,517.0,451.0,275.0,0.0,118.0,184.0,242.0,206.0,931.0,904.0,156.0,120.0,94.0,147.0,0.0,0.0,26.0,43.0,258.0,254.0,75.0,131.0,135.0,49.0,589.0,170.0,1023.0,895.0,0.0,0.0,66.0,101.0,14625.0
2023-10-30,141.0,142.0,0.0,3.0,246.0,76.0,159.0,167.0,175.0,130.0,253.0,293.0,142.0,68.0,0.0,525.0,502.0,254.0,381.0,940.0,231.0,571.0,792.0,557.0,542.0,130.0,187.0,153.0,224.0,517.0,556.0,438.0,0.0,168.0,190.0,230.0,231.0,647.0,657.0,180.0,146.0,98.0,160.0,0.0,0.0,36.0,135.0,304.0,246.0,88.0,109.0,145.0,96.0,403.0,99.0,0.0,0.0,0.0,0.0,29.0,63.0,13955.0
2023-10-31,134.0,119.0,0.0,3.0,281.0,142.0,136.0,148.0,156.0,127.0,227.0,286.0,116.0,88.0,3.0,300.0,281.0,142.0,189.0,830.0,233.0,409.0,511.0,390.0,354.0,194.0,261.0,112.0,208.0,339.0,320.0,601.0,0.0,135.0,122.0,104.0,88.0,263.0,278.0,106.0,81.0,63.0,112.0,0.0,0.0,66.0,135.0,132.0,110.0,25.0,42.0,61.0,62.0,140.0,39.0,198.0,289.0,0.0,0.0,9.0,15.0,10315.0
2023-11-01,158.0,185.0,0.0,4.0,289.0,105.0,110.0,92.0,178.0,158.0,282.0,304.0,165.0,30.0,0.0,493.0,425.0,237.0,275.0,918.0,232.0,558.0,720.0,535.0,501.0,277.0,253.0,130.0,165.0,502.0,466.0,434.0,0.0,180.0,169.0,193.0,188.0,564.0,577.0,128.0,120.0,96.0,151.0,0.0,0.0,52.0,139.0,203.0,209.0,66.0,93.0,116.0,103.0,331.0,81.0,770.0,672.0,0.0,0.0,39.0,52.0,14473.0
2023-11-02,129.0,144.0,0.0,22.0,296.0,104.0,95.0,112.0,152.0,122.0,254.0,238.0,104.0,52.0,0.0,378.0,340.0,179.0,263.0,852.0,212.0,461.0,598.0,431.0,436.0,223.0,279.0,93.0,112.0,388.0,376.0,488.0,0.0,138.0,161.0,143.0,156.0,383.0,384.0,129.0,100.0,92.0,141.0,0.0,0.0,76.0,165.0,205.0,173.0,47.0,62.0,93.0,86.0,229.0,60.0,555.0,557.0,0.0,0.0,23.0,23.0,12114.0
2023-11-03,65.0,62.0,0.0,28.0,224.0,65.0,92.0,73.0,69.0,65.0,97.0,133.0,43.0,17.0,3.0,156.0,109.0,47.0,68.0,877.0,197.0,134.0,225.0,112.0,133.0,95.0,115.0,82.0,56.0,218.0,158.0,473.0,0.0,78.0,56.0,32.0,28.0,114.0,118.0,46.0,40.0,32.0,55.0,0.0,0.0,29.0,68.0,40.0,41.0,3.0,18.0,30.0,26.0,55.0,18.0,194.0,186.0,0.0,0.0,3.0,4.0,5605.0
2023-11-04,61.0,82.0,0.0,72.0,258.0,71.0,97.0,98.0,79.0,70.0,199.0,122.0,46.0,40.0,0.0,523.0,429.0,187.0,241.0,636.0,280.0,412.0,490.0,424.0,395.0,128.0,137.0,62.0,65.0,445.0,395.0,303.0,0.0,95.0,125.0,176.0,167.0,713.0,757.0,94.0,84.0,92.0,144.0,0.0,0.0,29.0,39.0,185.0,176.0,74.0,61.0,90.0,90.0,528.0,231.0,839.0,740.0,0.0,0.0,48.0,72.0,12496.0
2023-11-05,52.0,71.0,0.0,58.0,195.0,73.0,77.0,64.0,70.0,84.0,162.0,107.0,33.0,27.0,0.0,331.0,292.0,160.0,186.0,511.0,219.0,249.0,353.0,263.0,283.0,118.0,130.0,28.0,30.0,278.0,261.0,202.0,0.0,69.0,88.0,98.0,95.0,426.0,436.0,67.0,52.0,58.0,96.0,0.0,0.0,26.0,36.0,126.0,138.0,48.0,67.0,68.0,72.0,293.0,96.0,576.0,474.0,0.0,0.0,40.0,55.0,8567.0
2023-11-06,118.0,133.0,0.0,101.0,245.0,85.0,78.0,111.0,165.0,134.0,221.0,231.0,118.0,48.0,0.0,384.0,369.0,190.0,255.0,789.0,204.0,471.0,602.0,450.0,425.0,217.0,215.0,107.0,129.0,389.0,335.0,426.0,0.0,127.0,155.0,147.0,154.0,377.0,454.0,121.0,98.0,83.0,133.0,0.0,0.0,56.0,104.0,208.0,181.0,31.0,40.0,99.0,88.0,229.0,75.0,0.0,0.0,0.0,0.0,17.0,27.0,10749.0
2023-11-07,126.0,129.0,0.0,101.0,270.0,89.0,104.0,103.0,157.0,123.0,263.0,226.0,114.0,58.0,2.0,410.0,406.0,232.0,309.0,755.0,242.0,503.0,685.0,441.0,479.0,237.0,238.0,88.0,555.0,395.0,397.0,417.0,0.0,164.0,160.0,183.0,174.0,415.0,483.0,134.0,99.0,94.0,160.0,0.0,0.0,68.0,119.0,193.0,171.0,38.0,58.0,113.0,108.0,258.0,86.0,356.0,472.0,0.0,0.0,15.0,31.0,12806.0
2023-11-08,131.0,126.0,0.0,89.0,248.0,53.0,102.0,102.0,125.0,115.0,221.0,193.0,141.0,60.0,1.0,358.0,325.0,186.0,237.0,728.0,257.0,452.0,560.0,391.0,400.0,217.0,214.0,93.0,116.0,383.0,364.0,459.0,0.0,140.0,139.0,156.0,145.0,267.0,313.0,115.0,91.0,91.0,116.0,77.0,27.0,70.0,121.0,172.0,153.0,15.0,42.0,88.0,81.0,161.0,55.0,418.0,403.0,0.0,0.0,10.0,26.0,10939.0
2023-11-09,112.0,105.0,0.0,88.0,177.0,72.0,94.0,75.0,126.0,106.0,206.0,197.0,108.0,58.0,0.0,353.0,328.0,166.0,226.0,745.0,260.0,416.0,556.0,389.0,393.0,204.0,187.0,90.0,97.0,346.0,300.0,457.0,0.0,128.0,137.0,146.0,143.0,401.0,389.0,128.0,84.0,72.0,103.0,94.0,19.0,84.0,119.0,177.0,157.0,25.0,39.0,85.0,84.0,229.0,72.0,562.0,496.0,0.0,0.0,21.0,17.0,11048.0
2023-11-10,103.0,99.0,0.0,83.0,181.0,96.0,96.0,82.0,127.0,112.0,181.0,168.0,81.0,52.0,0.0,306.0,281.0,119.0,177.0,719.0,269.0,301.0,461.0,279.0,314.0,171.0,202.0,67.0,138.0,365.0,305.0,343.0,0.0,85.0,106.0,0.0,0.0,332.0,316.0,88.0,81.0,70.0,106.0,113.0,37.0,69.0,96.0,119.0,120.0,17.0,31.0,70.0,64.0,187.0,42.0,361.0,340.0,0.0,0.0,10.0,22.0,9160.0
2023-11-11,32.0,29.0,0.0,33.0,162.0,45.0,61.0,63.0,39.0,30.0,81.0,68.0,34.0,16.0,1.0,145.0,156.0,70.0,77.0,568.0,288.0,117.0,208.0,95.0,116.0,83.0,99.0,25.0,30.0,115.0,137.0,317.0,0.0,37.0,61.0,0.0,0.0,195.0,175.0,54.0,45.0,19.0,45.0,33.0,20.0,24.0,28.0,37.0,39.0,12.0,9.0,26.0,31.0,108.0,44.0,216.0,198.0,0.0,0.0,8.0,17.0,4821.0
2023-11-12,77.0,79.0,0.0,65.0,196.0,73.0,66.0,66.0,86.0,54.0,150.0,86.0,38.0,22.0,0.0,382.0,354.0,155.0,205.0,475.0,312.0,267.0,363.0,271.0,280.0,96.0,110.0,35.0,35.0,335.0,311.0,235.0,0.0,66.0,57.0,0.0,0.0,533.0,544.0,97.0,77.0,77.0,110.0,98.0,36.0,34.0,37.0,154.0,136.0,35.0,35.0,113.0,83.0,377.0,133.0,665.0,583.0,0.0,0.0,36.0,58.0,9453.0
2023-11-13,54.0,50.0,0.0,37.0,209.0,41.0,234.0,245.0,70.0,65.0,121.0,119.0,56.0,26.0,3.0,173.0,144.0,70.0,82.0,596.0,255.0,229.0,274.0,194.0,184.0,125.0,166.0,54.0,89.0,191.0,194.0,466.0,0.0,92.0,46.0,0.0,0.0,137.0,135.0,70.0,56.0,46.0,67.0,0.0,0.0,40.0,67.0,59.0,43.0,8.0,28.0,48.0,47.0,64.0,25.0,0.0,0.0,0.0,0.0,8.0,5.0,5907.0
2023-11-14,113.0,116.0,0.0,80.0,50.0,63.0,391.0,422.0,131.0,92.0,163.0,187.0,97.0,55.0,2.0,281.0,287.0,126.0,193.0,708.0,292.0,378.0,507.0,343.0,338.0,198.0,198.0,66.0,83.0,282.0,321.0,435.0,0.0,124.0,99.0,0.0,0.0,278.0,297.0,84.0,80.0,74.0,106.0,0.0,0.0,69.0,106.0,145.0,137.0,22.0,32.0,96.0,75.0,171.0,45.0,0.0,0.0,0.0,0.0,16.0,17.0,9071.0
2023-11-15,86.0,82.0,0.0,64.0,0.0,51.0,293.0,299.0,93.0,77.0,171.0,144.0,70.0,41.0,1.0,170.0,159.0,66.0,113.0,715.0,250.0,244.0,310.0,199.0,196.0,118.0,171.0,89.0,77.0,213.0,199.0,715.0,0.0,94.0,1.0,0.0,0.0,142.0,159.0,76.0,72.0,43.0,61.0,0.0,0.0,54.0,103.0,72.0,64.0,8.0,32.0,34.0,39.0,71.0,28.0,0.0,0.0,0.0,0.0,6.0,6.0,6641.0
2023-11-16,102.0,100.0,0.0,85.0,0.0,80.0,335.0,363.0,103.0,83.0,194.0,183.0,98.0,43.0,1.0,260.0,252.0,121.0,167.0,742.0,314.0,336.0,446.0,294.0,271.0,171.0,166.0,75.0,68.0,332.0,312.0,838.0,0.0,113.0,78.0,0.0,0.0,312.0,332.0,91.0,81.0,58.0,87.0,0.0,0.0,71.0,126.0,152.0,122.0,20.0,28.0,76.0,76.0,184.0,74.0,0.0,0.0,0.0,0.0,12.0,19.0,9047.0
2023-11-17,62.0,48.0,0.0,53.0,0.0,33.0,242.0,168.0,53.0,46.0,97.0,91.0,41.0,52.0,0.0,254.0,169.0,70.0,116.0,510.0,251.0,196.0,279.0,168.0,173.0,90.0,118.0,42.0,38.0,266.0,205.0,200.0,0.0,55.0,74.0,0.0,0.0,315.0,278.0,67.0,48.0,52.0,70.0,0.0,0.0,35.0,49.0,84.0,65.0,12.0,17.0,58.0,51.0,162.0,56.0,0.0,0.0,0.0,0.0,18.0,21.0,5718.0
2023-11-18,53.0,38.0,0.0,43.0,0.0,44.0,146.0,150.0,47.0,57.0,104.0,99.0,42.0,53.0,0.0,228.0,183.0,69.0,111.0,471.0,310.0,148.0,251.0,154.0,138.0,97.0,85.0,22.0,25.0,173.0,160.0,170.0,0.0,49.0,58.0,0.0,0.0,323.0,310.0,60.0,47.0,71.0,80.0,0.0,0.0,19.0,42.0,67.0,65.0,11.0,12.0,53.0,48.0,213.0,84.0,0.0,0.0,0.0,0.0,19.0,37.0,5339.0
2023-11-19,49.0,49.0,0.0,40.0,0.0,31.0,165.0,142.0,53.0,46.0,102.0,59.0,27.0,56.0,1.0,208.0,169.0,51.0,73.0,414.0,246.0,159.0,208.0,150.0,151.0,87.0,81.0,18.0,27.0,157.0,135.0,196.0,0.0,47.0,66.0,0.0,0.0,259.0,259.0,56.0,55.0,31.0,67.0,0.0,0.0,24.0,32.0,73.0,70.0,14.0,16.0,32.0,35.0,149.0,66.0,0.0,0.0,0.0,0.0,14.0,25.0,4740.0
2023-11-20,104.0,96.0,0.0,71.0,0.0,46.0,364.0,393.0,110.0,101.0,182.0,200.0,93.0,66.0,0.0,242.0,252.0,98.0,160.0,654.0,278.0,312.0,426.0,257.0,290.0,157.0,201.0,91.0,73.0,303.0,295.0,379.0,0.0,128.0,88.0,0.0,0.0,236.0,274.0,91.0,69.0,66.0,96.0,0.0,0.0,54.0,114.0,98.0,95.0,20.0,26.0,64.0,61.0,114.0,57.0,0.0,0.0,0.0,0.0,8.0,18.0,8071.0
2023-11-21,102.0,99.0,0.0,67.0,0.0,65.0,330.0,356.0,106.0,102.0,178.0,306.0,100.0,64.0,1.0,233.0,205.0,129.0,161.0,666.0,269.0,343.0,428.0,278.0,278.0,169.0,163.0,83.0,63.0,274.0,266.0,601.0,0.0,141.0,139.0,0.0,0.0,205.0,218.0,72.0,67.0,73.0,90.0,0.0,0.0,42.0,105.0,102.0,97.0,16.0,31.0,72.0,75.0,97.0,26.0,0.0,0.0,0.0,0.0,8.0,13.0,8174.0
2023-11-22,74.0,100.0,0.0,30.0,0.0,66.0,306.0,317.0,113.0,71.0,173.0,169.0,88.0,66.0,0.0,194.0,184.0,87.0,134.0,541.0,251.0,297.0,367.0,242.0,219.0,134.0,166.0,88.0,66.0,210.0,216.0,457.0,0.0,88.0,101.0,0.0,0.0,163.0,186.0,79.0,57.0,46.0,72.0,0.0,0.0,48.0,149.0,98.0,74.0,19.0,30.0,61.0,59.0,83.0,35.0,167.0,240.0,0.0,0.0,6.0,4.0,7291.0
2023-11-23,75.0,81.0,0.0,58.0,0.0,64.0,312.0,322.0,103.0,86.0,168.0,190.0,70.0,77.0,0.0,209.0,184.0,110.0,152.0,612.0,245.0,308.0,387.0,245.0,274.0,156.0,151.0,102.0,83.0,212.0,208.0,578.0,0.0,80.0,99.0,0.0,0.0,146.0,179.0,78.0,55.0,57.0,80.0,0.0,0.0,57.0,137.0,99.0,92.0,20.0,31.0,57.0,45.0,81.0,33.0,319.0,326.0,0.0,0.0,6.0,11.0,7910.0
2023-11-24,57.0,62.0,0.0,35.0,0.0,68.0,283.0,235.0,86.0,67.0,132.0,168.0,56.0,60.0,2.0,176.0,164.0,69.0,89.0,594.0,260.0,181.0,283.0,135.0,161.0,115.0,119.0,69.0,72.0,218.0,215.0,469.0,0.0,73.0,86.0,0.0,0.0,145.0,155.0,58.0,46.0,49.0,72.0,0.0,0.0,46.0,114.0,44.0,48.0,12.0,37.0,52.0,50.0,68.0,26.0,243.0,224.0,0.0,0.0,10.0,7.0,6365.0
2023-11-25,42.0,42.0,0.0,48.0,0.0,42.0,105.0,99.0,29.0,46.0,86.0,86.0,17.0,58.0,3.0,145.0,129.0,42.0,57.0,457.0,326.0,105.0,159.0,80.0,82.0,68.0,90.0,20.0,31.0,108.0,93.0,269.0,0.0,36.0,53.0,0.0,0.0,164.0,157.0,41.0,29.0,16.0,40.0,0.0,0.0,28.0,46.0,26.0,37.0,7.0,4.0,25.0,25.0,97.0,35.0,380.0,277.0,0.0,0.0,20.0,13.0,4520.0
2023-11-26,24.0,30.0,0.0,15.0,0.0,26.0,73.0,63.0,42.0,32.0,68.0,62.0,16.0,26.0,0.0,134.0,114.0,26.0,39.0,382.0,233.0,75.0,122.0,51.0,54.0,66.0,58.0,24.0,27.0,76.0,66.0,179.0,0.0,32.0,32.0,0.0,0.0,102.0,116.0,20.0,21.0,26.0,48.0,0.0,0.0,26.0,60.0,17.0,23.0,4.0,4.0,27.0,27.0,58.0,30.0,218.0,171.0,0.0,0.0,7.0,7.0,3279.0
2023-11-27,68.0,55.0,0.0,25.0,0.0,37.0,174.0,175.0,67.0,64.0,138.0,76.0,49.0,25.0,3.0,135.0,114.0,49.0,65.0,543.0,217.0,149.0,245.0,114.0,138.0,77.0,98.0,73.0,63.0,157.0,122.0,408.0,0.0,61.0,41.0,0.0,0.0,96.0,110.0,51.0,42.0,30.0,46.0,0.0,0.0,41.0,145.0,42.0,30.0,5.0,12.0,42.0,33.0,49.0,18.0,199.0,171.0,0.0,0.0,9.0,3.0,4999.0
2023-11-28,39.0,49.0,0.0,0.0,0.0,21.0,154.0,156.0,54.0,36.0,134.0,84.0,36.0,22.0,4.0,115.0,103.0,44.0,52.0,565.0,159.0,130.0,190.0,109.0,97.0,84.0,80.0,62.0,101.0,102.0,129.0,661.0,0.0,84.0,39.0,0.0,0.0,54.0,72.0,35.0,44.0,20.0,40.0,0.0,0.0,49.0,211.0,30.0,25.0,8.0,32.0,27.0,30.0,21.0,10.0,0.0,0.0,0.0,0.0,0.0,3.0,4406.0
2023-11-29,29.0,25.0,0.0,13.0,0.0,38.0,113.0,117.0,44.0,35.0,120.0,103.0,14.0,15.0,1.0,127.0,99.0,23.0,27.0,474.0,191.0,138.0,198.0,101.0,97.0,75.0,80.0,53.0,37.0,109.0,116.0,530.0,0.0,44.0,49.0,0.0,0.0,54.0,56.0,43.0,30.0,30.0,37.0,0.0,0.0,60.0,139.0,26.0,20.0,4.0,13.0,28.0,24.0,17.0,21.0,62.0,85.0,0.0,0.0,1.0,5.0,3990.0
2023-11-30,40.0,34.0,0.0,28.0,0.0,35.0,50.0,75.0,68.0,65.0,170.0,110.0,46.0,27.0,1.0,121.0,111.0,29.0,35.0,548.0,184.0,134.0,211.0,97.0,115.0,75.0,93.0,62.0,46.0,129.0,151.0,474.0,0.0,56.0,69.0,0.0,0.0,78.0,83.0,32.0,30.0,23.0,30.0,0.0,0.0,78.0,148.0,23.0,26.0,5.0,14.0,21.0,26.0,34.0,16.0,195.0,196.0,0.0,0.0,6.0,6.0,4559.0
2023-12-01,34.0,31.0,0.0,17.0,0.0,17.0,84.0,104.0,39.0,36.0,92.0,83.0,22.0,19.0,3.0,97.0,104.0,15.0,26.0,570.0,150.0,65.0,164.0,58.0,70.0,69.0,61.0,42.0,29.0,86.0,99.0,576.0,0.0,56.0,38.0,0.0,0.0,66.0,73.0,38.0,27.0,27.0,50.0,0.0,0.0,54.0,270.0,29.0,18.0,14.0,23.0,17.0,29.0,22.0,12.0,156.0,144.0,0.0,0.0,0.0,4.0,4029.0
2023-12-02,8.0,12.0,0.0,4.0,0.0,3.0,21.0,13.0,11.0,6.0,48.0,28.0,6.0,5.0,2.0,70.0,57.0,5.0,11.0,370.0,122.0,15.0,67.0,15.0,13.0,28.0,32.0,14.0,1.0,39.0,49.0,302.0,0.0,19.0,21.0,0.0,0.0,37.0,162.0,17.0,9.0,1.0,28.0,0.0,0.0,11.0,110.0,0.0,0.0,4.0,21.0,14.0,12.0,15.0,82.0,114.0,97.0,0.0,0.0,0.0,0.0,2151.0
2023-12-03,11.0,4.0,0.0,3.0,0.0,3.0,21.0,19.0,12.0,5.0,73.0,39.0,4.0,4.0,3.0,56.0,47.0,0.0,0.0,344.0,155.0,25.0,62.0,24.0,10.0,45.0,50.0,5.0,6.0,33.0,32.0,154.0,0.0,35.0,4.0,0.0,0.0,21.0,32.0,11.0,12.0,9.0,26.0,0.0,0.0,7.0,51.0,0.0,0.0,4.0,3.0,13.0,16.0,18.0,17.0,120.0,81.0,0.0,0.0,9.0,1.0,1739.0
2023-12-04,13.0,24.0,0.0,12.0,0.0,11.0,58.0,60.0,20.0,207.0,104.0,42.0,16.0,13.0,19.0,69.0,57.0,0.0,0.0,380.0,133.0,37.0,114.0,34.0,36.0,45.0,54.0,34.0,10.0,84.0,73.0,355.0,0.0,49.0,11.0,7.0,4.0,30.0,39.0,20.0,16.0,20.0,23.0,0.0,0.0,49.0,178.0,3.0,13.0,7.0,30.0,11.0,16.0,12.0,10.0,79.0,58.0,0.0,0.0,0.0,0.0,2799.0
2023-12-05,14.0,18.0,0.0,14.0,0.0,19.0,60.0,68.0,28.0,58.0,100.0,64.0,19.0,9.0,32.0,68.0,64.0,0.0,0.0,540.0,118.0,40.0,107.0,35.0,36.0,59.0,58.0,22.0,7.0,78.0,80.0,562.0,0.0,62.0,17.0,9.0,10.0,24.0,33.0,17.0,13.0,10.0,40.0,0.0,0.0,29.0,166.0,17.0,18.0,11.0,13.0,14.0,26.0,6.0,4.0,70.0,73.0,0.0,0.0,3.0,2.0,3064.0
2023-12-06,13.0,16.0,0.0,15.0,0.0,38.0,72.0,73.0,48.0,44.0,122.0,91.0,10.0,14.0,24.0,79.0,56.0,0.0,0.0,641.0,167.0,46.0,137.0,41.0,33.0,53.0,59.0,48.0,18.0,90.0,74.0,652.0,0.0,70.0,18.0,10.0,14.0,27.0,43.0,12.0,21.0,22.0,35.0,0.0,0.0,43.0,91.0,0.0,0.0,9.0,19.0,13.0,13.0,6.0,8.0,148.0,141.0,0.0,0.0,1.0,0.0,3538.0
2023-12-07,18.0,18.0,0.0,18.0,0.0,43.0,80.0,63.0,43.0,32.0,113.0,79.0,11.0,23.0,0.0,64.0,61.0,0.0,0.0,614.0,197.0,44.0,131.0,42.0,37.0,72.0,78.0,46.0,18.0,76.0,68.0,649.0,0.0,56.0,23.0,7.0,8.0,27.0,44.0,20.0,17.0,22.0,30.0,0.0,0.0,31.0,85.0,0.0,0.0,9.0,16.0,15.0,17.0,10.0,13.0,138.0,95.0,0.0,0.0,1.0,0.0,3422.0
2023-12-08,24.0,20.0,0.0,15.0,0.0,43.0,30.0,32.0,47.0,36.0,82.0,111.0,14.0,20.0,22.0,63.0,43.0,0.0,0.0,600.0,166.0,34.0,96.0,26.0,28.0,56.0,76.0,40.0,20.0,88.0,79.0,681.0,0.0,31.0,20.0,5.0,8.0,24.0,26.0,17.0,32.0,19.0,35.0,0.0,0.0,42.0,141.0,0.0,0.0,8.0,8.0,13.0,21.0,3.0,1.0,108.0,102.0,0.0,0.0,0.0,0.0,3256.0
2023-12-09,8.0,6.0,0.0,12.0,0.0,45.0,33.0,14.0,26.0,11.0,84.0,60.0,9.0,33.0,36.0,75.0,52.0,0.0,0.0,550.0,210.0,33.0,80.0,15.0,22.0,77.0,90.0,19.0,9.0,42.0,30.0,319.0,0.0,33.0,19.0,7.0,7.0,24.0,31.0,11.0,19.0,18.0,27.0,0.0,0.0,15.0,34.0,0.0,0.0,3.0,6.0,9.0,16.0,8.0,5.0,125.0,160.0,0.0,0.0,1.0,5.0,2583.0
2023-12-10,12.0,17.0,0.0,18.0,0.0,25.0,47.0,54.0,23.0,26.0,82.0,49.0,9.0,35.0,28.0,91.0,71.0,0.0,0.0,374.0,192.0,51.0,79.0,39.0,47.0,42.0,51.0,6.0,6.0,44.0,45.0,202.0,0.0,27.0,26.0,4.0,5.0,64.0,67.0,28.0,16.0,23.0,34.0,0.0,0.0,11.0,29.0,0.0,0.0,6.0,7.0,16.0,14.0,23.0,17.0,109.0,95.0,0.0,0.0,0.0,0.0,2386.0
2023-12-11,54.0,59.0,0.0,45.0,0.0,63.0,216.0,224.0,67.0,75.0,115.0,134.0,54.0,50.0,80.0,165.0,142.0,0.0,0.0,624.0,210.0,179.0,265.0,147.0,152.0,108.0,132.0,60.0,48.0,172.0,172.0,508.0,0.0,55.0,65.0,27.0,24.0,149.0,159.0,37.0,37.0,35.0,49.0,0.0,0.0,42.0,89.0,0.0,0.0,33.0,48.0,31.0,32.0,62.0,29.0,0.0,0.0,0.0,0.0,9.0,8.0,5340.0
2023-12-12,98.0,83.0,0.0,55.0,0.0,65.0,253.0,245.0,67.0,76.0,149.0,151.0,67.0,72.0,81.0,251.0,206.0,78.0,102.0,665.0,215.0,218.0,305.0,184.0,173.0,112.0,142.0,55.0,70.0,266.0,212.0,593.0,0.0,51.0,79.0,68.0,63.0,249.0,267.0,52.0,41.0,50.0,75.0,0.0,0.0,35.0,109.0,0.0,0.0,59.0,64.0,54.0,49.0,125.0,34.0,3.0,4.0,0.0,0.0,13.0,8.0,6861.0
2023-12-13,76.0,59.0,0.0,37.0,0.0,81.0,235.0,230.0,82.0,77.0,192.0,154.0,52.0,50.0,91.0,167.0,149.0,62.0,83.0,769.0,181.0,226.0,279.0,189.0,179.0,122.0,114.0,65.0,51.0,203.0,202.0,835.0,0.0,49.0,72.0,46.0,45.0,167.0,161.0,47.0,38.0,45.0,59.0,0.0,0.0,53.0,102.0,0.0,0.0,38.0,64.0,30.0,34.0,71.0,24.0,0.0,0.0,0.0,0.0,9.0,9.0,6455.0
2023-12-14,63.0,49.0,0.0,46.0,0.0,55.0,199.0,210.0,81.0,59.0,157.0,150.0,45.0,42.0,77.0,137.0,134.0,61.0,81.0,688.0,174.0,171.0,251.0,138.0,126.0,120.0,115.0,62.0,50.0,152.0,155.0,669.0,0.0,44.0,73.0,27.0,23.0,119.0,113.0,46.0,41.0,36.0,56.0,0.0,0.0,52.0,116.0,0.0,0.0,45.0,64.0,32.0,28.0,55.0,19.0,0.0,0.0,0.0,0.0,6.0,3.0,5515.0
2023-12-15,62.0,64.0,0.0,35.0,0.0,30.0,183.0,178.0,63.0,57.0,129.0,145.0,46.0,71.0,74.0,152.0,145.0,64.0,89.0,624.0,182.0,168.0,260.0,130.0,146.0,112.0,103.0,65.0,68.0,142.0,148.0,635.0,0.0,41.0,67.0,27.0,38.0,143.0,117.0,58.0,46.0,40.0,66.0,0.0,0.0,69.0,132.0,0.0,0.0,43.0,50.0,39.0,31.0,72.0,19.0,0.0,0.0,0.0,0.0,8.0,11.0,5487.0
2023-12-16,36.0,35.0,0.0,27.0,0.0,15.0,110.0,102.0,46.0,39.0,82.0,46.0,22.0,41.0,12.0,173.0,160.0,35.0,58.0,552.0,231.0,100.0,182.0,84.0,88.0,84.0,114.0,36.0,25.0,129.0,118.0,284.0,0.0,26.0,67.0,50.0,43.0,205.0,190.0,54.0,41.0,34.0,56.0,0.0,0.0,34.0,38.0,0.0,0.0,28.0,28.0,22.0,34.0,122.0,40.0,0.0,0.0,0.0,0.0,15.0,17.0,4210.0
2023-12-17,47.0,44.0,0.0,50.0,0.0,35.0,157.0,154.0,44.0,27.0,118.0,101.0,62.0,57.0,9.0,281.0,256.0,81.0,114.0,480.0,223.0,177.0,226.0,160.0,150.0,81.0,126.0,42.0,45.0,223.0,187.0,205.0,0.0,37.0,89.0,90.0,86.0,346.0,387.0,67.0,55.0,66.0,106.0,0.0,0.0,29.0,50.0,0.0,0.0,62.0,52.0,54.0,63.0,229.0,77.0,0.0,0.0,0.0,0.0,23.0,43.0,5973.0
2023-12-18,89.0,79.0,0.0,61.0,0.0,45.0,271.0,320.0,76.0,56.0,183.0,154.0,66.0,28.0,71.0,262.0,252.0,115.0,149.0,732.0,180.0,310.0,409.0,248.0,261.0,117.0,115.0,87.0,102.0,251.0,232.0,597.0,0.0,65.0,109.0,82.0,74.0,266.0,304.0,64.0,50.0,61.0,87.0,0.0,0.0,47.0,112.0,0.0,0.0,55.0,72.0,68.0,55.0,139.0,49.0,0.0,0.0,0.0,0.0,20.0,24.0,7721.0
2023-12-19,77.0,90.0,0.0,70.0,0.0,51.0,289.0,286.0,98.0,88.0,168.0,141.0,86.0,89.0,94.0,240.0,226.0,94.0,125.0,652.0,194.0,264.0,353.0,214.0,242.0,140.0,126.0,82.0,78.0,238.0,238.0,600.0,0.0,46.0,111.0,64.0,62.0,217.0,246.0,68.0,57.0,56.0,72.0,0.0,0.0,72.0,113.0,0.0,0.0,56.0,61.0,50.0,76.0,121.0,46.0,0.0,0.0,0.0,0.0,2.0,15.0,7344.0
2023-12-20,48.0,55.0,0.0,24.0,0.0,42.0,171.0,178.0,54.0,47.0,122.0,96.0,68.0,47.0,46.0,92.0,71.0,48.0,79.0,457.0,164.0,114.0,153.0,118.0,137.0,69.0,78.0,70.0,50.0,117.0,143.0,256.0,0.0,34.0,58.0,21.0,19.0,111.0,108.0,46.0,34.0,16.0,25.0,0.0,0.0,34.0,65.0,0.0,0.0,16.0,32.0,21.0,21.0,39.0,11.0,0.0,0.0,0.0,0.0,8.0,5.0,3938.0
2023-12-21,25.0,26.0,0.0,31.0,0.0,34.0,143.0,153.0,44.0,30.0,83.0,167.0,30.0,49.0,47.0,93.0,72.0,36.0,45.0,314.0,108.0,106.0,124.0,94.0,85.0,73.0,85.0,56.0,48.0,102.0,119.0,555.0,0.0,42.0,60.0,15.0,21.0,62.0,54.0,42.0,39.0,27.0,42.0,0.0,0.0,26.0,73.0,0.0,0.0,24.0,29.0,18.0,26.0,20.0,20.0,0.0,0.0,0.0,0.0,2.0,2.0,3621.0
2023-12-22,34.0,40.0,0.0,18.0,0.0,32.0,93.0,96.0,30.0,28.0,67.0,101.0,23.0,44.0,32.0,72.0,65.0,29.0,32.0,639.0,242.0,84.0,151.0,71.0,54.0,96.0,71.0,43.0,29.0,82.0,108.0,834.0,0.0,33.0,68.0,12.0,9.0,55.0,50.0,29.0,17.0,17.0,33.0,0.0,0.0,27.0,58.0,0.0,0.0,20.0,30.0,9.0,12.0,20.0,12.0,0.0,0.0,0.0,0.0,6.0,4.0,3861.0
2023-12-23,13.0,21.0,0.0,3.0,0.0,15.0,11.0,21.0,9.0,11.0,19.0,34.0,5.0,29.0,11.0,48.0,52.0,3.0,4.0,519.0,227.0,17.0,57.0,6.0,15.0,26.0,27.0,12.0,5.0,25.0,21.0,250.0,0.0,25.0,32.0,2.0,1.0,1.0,0.0,8.0,8.0,6.0,5.0,0.0,0.0,8.0,24.0,0.0,0.0,2.0,2.0,4.0,8.0,7.0,5.0,0.0,0.0,0.0,0.0,3.0,2.0,1669.0
2023-12-24,18.0,22.0,0.0,12.0,0.0,24.0,57.0,59.0,15.0,20.0,59.0,29.0,19.0,32.0,16.0,99.0,92.0,21.0,42.0,450.0,185.0,55.0,71.0,43.0,34.0,87.0,114.0,7.0,17.0,56.0,65.0,105.0,0.0,25.0,40.0,11.0,28.0,2.0,0.0,12.0,8.0,10.0,43.0,0.0,0.0,25.0,35.0,0.0,0.0,9.0,17.0,13.0,22.0,71.0,34.0,0.0,0.0,0.0,0.0,11.0,9.0,2350.0
2023-12-25,43.0,33.0,0.0,28.0,0.0,32.0,80.0,84.0,24.0,26.0,52.0,48.0,22.0,38.0,20.0,156.0,113.0,68.0,80.0,472.0,190.0,99.0,152.0,103.0,92.0,68.0,80.0,10.0,12.0,113.0,96.0,114.0,0.0,29.0,51.0,35.0,31.0,2.0,6.0,36.0,36.0,27.0,55.0,0.0,0.0,28.0,38.0,0.0,0.0,15.0,28.0,27.0,38.0,106.0,51.0,0.0,0.0,0.0,0.0,9.0,15.0,3211.0
2023-12-26,43.0,37.0,0.0,28.0,0.0,36.0,85.0,103.0,32.0,42.0,70.0,70.0,22.0,50.0,50.0,171.0,192.0,76.0,115.0,474.0,205.0,128.0,159.0,112.0,115.0,59.0,91.0,15.0,16.0,151.0,164.0,106.0,0.0,49.0,70.0,61.0,59.0,3.0,7.0,47.0,41.0,33.0,78.0,0.0,0.0,30.0,41.0,0.0,0.0,25.0,45.0,36.0,40.0,165.0,40.0,0.0,0.0,0.0,0.0,18.0,38.0,3943.0
2023-12-27,52.0,52.0,0.0,41.0,0.0,42.0,153.0,164.0,48.0,31.0,78.0,78.0,45.0,65.0,57.0,241.0,215.0,107.0,124.0,576.0,191.0,184.0,266.0,173.0,144.0,96.0,142.0,38.0,37.0,234.0,202.0,205.0,0.0,55.0,86.0,93.0,103.0,325.0,333.0,68.0,49.0,54.0,81.0,0.0,0.0,34.0,61.0,0.0,0.0,58.0,67.0,67.0,60.0,210.0,64.0,0.0,0.0,0.0,0.0,24.0,44.0,6017.0
2023-12-28,36.0,35.0,0.0,42.0,0.0,60.0,67.0,71.0,46.0,37.0,60.0,84.0,31.0,54.0,56.0,153.0,142.0,57.0,77.0,553.0,227.0,142.0,222.0,137.0,129.0,112.0,123.0,31.0,29.0,163.0,150.0,186.0,0.0,58.0,71.0,63.0,59.0,155.0,190.0,38.0,34.0,33.0,59.0,0.0,0.0,33.0,75.0,0.0,0.0,30.0,32.0,36.0,39.0,92.0,33.0,0.0,0.0,0.0,0.0,23.0,27.0,4492.0
2023-12-29,66.0,62.0,0.0,71.0,0.0,69.0,97.0,107.0,64.0,65.0,103.0,71.0,46.0,78.0,56.0,285.0,237.0,105.0,139.0,591.0,214.0,189.0,262.0,192.0,204.0,110.0,134.0,37.0,26.0,235.0,231.0,244.0,0.0,63.0,83.0,106.0,95.0,339.0,391.0,60.0,64.0,66.0,82.0,0.0,0.0,45.0,49.0,0.0,0.0,60.0,66.0,55.0,58.0,241.0,76.0,0.0,0.0,0.0,0.0,11.0,8.0,6408.0
2023-12-30,56.0,61.0,0.0,37.0,0.0,41.0,83.0,67.0,50.0,25.0,77.0,70.0,43.0,52.0,52.0,264.0,263.0,111.0,128.0,580.0,225.0,155.0,250.0,165.0,148.0,100.0,129.0,28.0,43.0,209.0,203.0,172.0,0.0,57.0,75.0,90.0,89.0,370.0,375.0,58.0,52.0,52.0,83.0,0.0,0.0,19.0,33.0,0.0,0.0,60.0,81.0,67.0,54.0,255.0,77.0,0.0,0.0,0.0,0.0,0.0,0.0,5834.0
2023-12-31,31.0,36.0,0.0,28.0,0.0,40.0,103.0,117.0,45.0,41.0,86.0,81.0,19.0,40.0,25.0,219.0,210.0,95.0,102.0,455.0,177.0,144.0,189.0,125.0,118.0,128.0,111.0,18.0,30.0,189.0,193.0,114.0,0.0,37.0,50.0,95.0,87.0,293.0,290.0,69.0,47.0,49.0,65.0,0.0,0.0,15.0,41.0,0.0,0.0,35.0,68.0,46.0,57.0,195.0,69.0,0.0,0.0,0.0,0.0,0.0,0.0,4917.0
2024-01-01,59.0,55.0,0.0,55.0,0.0,68.0,101.0,96.0,52.0,50.0,149.0,109.0,39.0,57.0,38.0,303.0,286.0,121.0,164.0,512.0,236.0,188.0,240.0,184.0,160.0,88.0,103.0,24.0,32.0,244.0,240.0,112.0,0.0,66.0,78.0,114.0,106.0,425.0,428.0,53.0,75.0,51.0,96.0,0.0,0.0,9.0,54.0,0.0,0.0,50.0,79.0,59.0,63.0,264.0,113.0,0.0,0.0,0.0,0.0,0.0,0.0,6348.0
2024-01-02,50.0,35.0,0.0,22.0,0.0,28.0,94.0,89.0,35.0,32.0,83.0,68.0,31.0,19.0,8.0,117.0,90.0,29.0,34.0,528.0,250.0,88.0,137.0,68.0,68.0,73.0,79.0,41.0,24.0,104.0,111.0,268.0,0.0,54.0,53.0,28.0,26.0,76.0,68.0,22.0,29.0,28.0,39.0,0.0,0.0,16.0,42.0,0.0,0.0,19.0,24.0,27.0,33.0,31.0,13.0,0.0,0.0,0.0,0.0,1.0,2.0,3334.0
2024-01-03,84.0,78.0,0.0,37.0,0.0,75.0,268.0,290.0,95.0,84.0,162.0,145.0,50.0,71.0,48.0,295.0,233.0,144.0,179.0,617.0,210.0,262.0,319.0,215.0,199.0,142.0,163.0,58.0,72.0,237.0,225.0,312.0,0.0,86.0,88.0,84.0,83.0,256.0,247.0,67.0,50.0,51.0,78.0,0.0,0.0,43.0,110.0,0.0,0.0,40.0,57.0,50.0,64.0,145.0,49.0,272.0,317.0,22.0,22.0,12.0,18.0,7680.0
2024-01-04,63.0,63.0,0.0,52.0,0.0,45.0,154.0,183.0,72.0,72.0,110.0,119.0,65.0,42.0,31.0,164.0,173.0,84.0,108.0,657.0,214.0,179.0,250.0,156.0,151.0,126.0,134.0,49.0,46.0,184.0,195.0,440.0,0.0,96.0,61.0,40.0,45.0,132.0,141.0,45.0,38.0,38.0,59.0,0.0,0.0,17.0,91.0,0.0,0.0,40.0,51.0,45.0,40.0,77.0,25.0,218.0,207.0,47.0,50.0,8.0,9.0,6001.0
2024-01-05,78.0,72.0,0.0,63.0,0.0,60.0,208.0,228.0,90.0,65.0,159.0,106.0,70.0,56.0,8.0,255.0,225.0,136.0,173.0,672.0,293.0,215.0,296.0,192.0,194.0,136.0,156.0,48.0,52.0,234.0,213.0,324.0,0.0,63.0,71.0,75.0,76.0,95.0,94.0,51.0,53.0,79.0,98.0,0.0,0.0,45.0,97.0,0.0,0.0,52.0,64.0,59.0,63.0,129.0,44.0,360.0,321.0,82.0,127.0,12.0,21.0,7308.0
2024-01-06,33.0,34.0,0.0,13.0,0.0,48.0,75.0,85.0,27.0,30.0,93.0,51.0,23.0,43.0,8.0,191.0,158.0,64.0,67.0,501.0,285.0,111.0,144.0,64.0,66.0,81.0,106.0,17.0,23.0,106.0,105.0,163.0,0.0,26.0,33.0,16.0,17.0,0.0,0.0,27.0,16.0,25.0,41.0,0.0,0.0,11.0,48.0,0.0,0.0,22.0,22.0,30.0,34.0,101.0,44.0,295.0,248.0,55.0,72.0,6.0,8.0,4012.0
2024-01-07,31.0,29.0,0.0,15.0,0.0,42.0,64.0,62.0,19.0,22.0,122.0,44.0,5.0,41.0,35.0,164.0,136.0,35.0,45.0,238.0,196.0,105.0,118.0,0.0,0.0,58.0,62.0,21.0,13.0,56.0,61.0,116.0,0.0,27.0,19.0,14.0,16.0,0.0,0.0,21.0,23.0,18.0,47.0,0.0,0.0,13.0,48.0,0.0,0.0,9.0,20.0,18.0,37.0,41.0,33.0,235.0,187.0,26.0,41.0,5.0,5.0,2858.0
2024-01-08,72.0,48.0,0.0,24.0,0.0,25.0,131.0,154.0,58.0,57.0,120.0,138.0,43.0,35.0,59.0,137.0,139.0,58.0,68.0,320.0,259.0,127.0,188.0,81.0,54.0,74.0,77.0,58.0,50.0,170.0,155.0,289.0,0.0,53.0,60.0,27.0,27.0,0.0,0.0,21.0,34.0,33.0,41.0,0.0,0.0,19.0,140.0,0.0,0.0,26.0,32.0,34.0,40.0,32.0,28.0,86.0,55.0,20.0,30.0,10.0,3.0,4119.0
2024-01-09,49.0,54.0,0.0,34.0,0.0,37.0,124.0,130.0,65.0,54.0,135.0,108.0,45.0,41.0,6.0,136.0,130.0,47.0,52.0,332.0,250.0,145.0,178.0,0.0,1.0,74.0,90.0,43.0,32.0,107.0,98.0,281.0,0.0,55.0,67.0,27.0,25.0,91.0,79.0,29.0,27.0,32.0,51.0,10.0,16.0,51.0,134.0,32.0,40.0,20.0,25.0,38.0,36.0,38.0,26.0,135.0,131.0,25.0,35.0,2.0,4.0,4159.0
2024-01-10,50.0,57.0,0.0,14.0,0.0,83.0,147.0,156.0,62.0,59.0,131.0,141.0,48.0,48.0,14.0,139.0,137.0,44.0,58.0,404.0,252.0,144.0,210.0,76.0,75.0,95.0,84.0,50.0,44.0,131.0,127.0,266.0,0.0,54.0,51.0,38.0,34.0,158.0,102.0,36.0,25.0,41.0,52.0,48.0,57.0,44.0,143.0,7.0,11.0,25.0,31.0,26.0,35.0,51.0,30.0,205.0,195.0,20.0,39.0,5.0,7.0,4916.0
2024-01-11,62.0,66.0,0.0,27.0,0.0,81.0,148.0,161.0,61.0,157.0,151.0,150.0,45.0,58.0,13.0,141.0,116.0,44.0,62.0,442.0,239.0,132.0,198.0,90.0,84.0,83.0,85.0,41.0,33.0,115.0,117.0,331.0,0.0,52.0,57.0,27.0,26.0,297.0,115.0,39.0,29.0,37.0,46.0,41.0,65.0,31.0,127.0,41.0,41.0,32.0,52.0,32.0,40.0,60.0,29.0,202.0,196.0,22.0,49.0,7.0,10.0,5335.0
2024-01-12,82.0,65.0,0.0,36.0,0.0,50.0,125.0,145.0,78.0,54.0,114.0,107.0,30.0,54.0,9.0,145.0,125.0,60.0,74.0,446.0,264.0,134.0,206.0,101.0,111.0,85.0,79.0,59.0,52.0,113.0,104.0,247.0,0.0,66.0,62.0,39.0,37.0,86.0,70.0,43.0,28.0,37.0,55.0,53.0,69.0,13.0,127.0,0.0,0.0,28.0,31.0,30.0,34.0,52.0,30.0,232.0,204.0,24.0,61.0,4.0,10.0,4879.0
2024-01-13,26.0,41.0,0.0,23.0,0.0,55.0,84.0,95.0,26.0,20.0,133.0,57.0,14.0,43.0,18.0,188.0,162.0,55.0,55.0,282.0,238.0,99.0,155.0,83.0,94.0,86.0,77.0,18.0,28.0,110.0,127.0,148.0,0.0,35.0,47.0,35.0,53.0,0.0,0.0,41.0,32.0,33.0,52.0,6.0,2.0,19.0,54.0,0.0,0.0,21.0,22.0,22.0,30.0,107.0,56.0,350.0,291.0,52.0,88.0,11.0,18.0,4117.0
2024-01-14,35.0,29.0,0.0,30.0,0.0,40.0,76.0,81.0,30.0,26.0,110.0,55.0,7.0,38.0,23.0,185.0,146.0,54.0,60.0,227.0,245.0,101.0,124.0,74.0,58.0,59.0,49.0,14.0,23.0,121.0,92.0,138.0,0.0,32.0,32.0,36.0,41.0,145.0,124.0,37.0,37.0,45.0,75.0,3.0,2.0,19.0,39.0,0.0,0.0,20.0,27.0,29.0,31.0,119.0,52.0,262.0,213.0,39.0,60.0,10.0,13.0,3892.0
2024-01-15,63.0,62.0,0.0,37.0,0.0,63.0,195.0,215.0,71.0,53.0,164.0,133.0,42.0,50.0,71.0,140.0,145.0,70.0,111.0,383.0,275.0,198.0,242.0,142.0,143.0,121.0,107.0,52.0,50.0,148.0,173.0,252.0,0.0,58.0,61.0,43.0,44.0,0.0,0.0,45.0,39.0,39.0,64.0,0.0,0.0,48.0,117.0,0.0,0.0,41.0,42.0,30.0,34.0,68.0,29.0,123.0,76.0,33.0,38.0,7.0,9.0,5059.0
2024-01-16,58.0,70.0,0.0,44.0,0.0,63.0,196.0,219.0,71.0,64.0,173.0,121.0,60.0,54.0,44.0,173.0,173.0,67.0,90.0,461.0,265.0,195.0,267.0,138.0,153.0,124.0,126.0,62.0,54.0,135.0,144.0,334.0,0.0,75.0,85.0,43.0,54.0,105.0,103.0,44.0,46.0,36.0,63.0,0.0,0.0,25.0,110.0,0.0,0.0,36.0,45.0,33.0,36.0,65.0,29.0,118.0,151.0,43.0,44.0,8.0,11.0,5606.0
2024-01-17,35.0,44.0,0.0,27.0,0.0,163.0,127.0,154.0,48.0,53.0,133.0,163.0,34.0,29.0,9.0,112.0,98.0,54.0,55.0,448.0,268.0,120.0,190.0,19.0,48.0,80.0,86.0,45.0,40.0,364.0,101.0,371.0,0.0,62.0,59.0,25.0,18.0,31.0,45.0,37.0,33.0,27.0,57.0,0.0,0.0,27.0,110.0,0.0,0.0,20.0,39.0,26.0,34.0,26.0,13.0,188.0,176.0,20.0,22.0,4.0,5.0,4622.0
2024-01-18,14.0,22.0,0.0,13.0,0.0,47.0,72.0,65.0,23.0,22.0,104.0,166.0,21.0,28.0,29.0,83.0,57.0,15.0,22.0,501.0,192.0,51.0,123.0,52.0,37.0,41.0,42.0,50.0,27.0,83.0,79.0,404.0,0.0,47.0,61.0,7.0,13.0,0.0,0.0,29.0,27.0,15.0,27.0,0.0,0.0,25.0,192.0,0.0,0.0,19.0,18.0,11.0,14.0,11.0,9.0,123.0,104.0,5.0,6.0,1.0,1.0,3250.0
2024-01-19,16.0,18.0,0.0,15.0,0.0,35.0,66.0,78.0,34.0,28.0,96.0,112.0,23.0,26.0,27.0,104.0,54.0,22.0,36.0,401.0,276.0,48.0,112.0,44.0,32.0,37.0,46.0,50.0,16.0,229.0,82.0,304.0,0.0,48.0,44.0,2.0,5.0,160.0,24.0,32.0,26.0,26.0,40.0,0.0,0.0,26.0,145.0,0.0,0.0,19.0,15.0,19.0,22.0,26.0,17.0,169.0,155.0,9.0,11.0,2.0,4.0,3513.0
2024-01-20,27.0,22.0,0.0,18.0,0.0,26.0,38.0,46.0,25.0,15.0,101.0,47.0,13.0,28.0,8.0,128.0,86.0,21.0,31.0,288.0,298.0,37.0,102.0,1.0,0.0,41.0,49.0,12.0,8.0,262.0,40.0,395.0,0.0,26.0,39.0,0.0,0.0,88.0,42.0,24.0,15.0,20.0,38.0,0.0,0.0,36.0,37.0,0.0,0.0,18.0,14.0,9.0,19.0,37.0,23.0,196.0,150.0,26.0,35.0,4.0,5.0,3114.0
2024-01-21,17.0,24.0,0.0,10.0,0.0,23.0,38.0,40.0,19.0,15.0,101.0,52.0,8.0,28.0,0.0,98.0,76.0,25.0,33.0,226.0,232.0,52.0,105.0,26.0,27.0,39.0,43.0,9.0,7.0,309.0,45.0,127.0,0.0,27.0,21.0,0.0,0.0,46.0,23.0,21.0,13.0,18.0,33.0,0.0,0.0,33.0,44.0,0.0,0.0,11.0,12.0,17.0,20.0,29.0,23.0,168.0,126.0,16.0,12.0,4.0,3.0,2574.0
2024-01-22,39.0,25.0,0.0,17.0,0.0,50.0,125.0,128.0,49.0,42.0,139.0,119.0,30.0,38.0,39.0,126.0,84.0,29.0,41.0,472.0,257.0,107.0,175.0,73.0,79.0,64.0,67.0,46.0,39.0,854.0,138.0,310.0,0.0,60.0,35.0,0.0,0.0,76.0,49.0,30.0,21.0,27.0,36.0,0.0,0.0,52.0,109.0,0.0,0.0,19.0,26.0,10.0,23.0,23.0,16.0,194.0,165.0,12.0,13.0,3.0,4.0,4804.0
2024-01-23,38.0,47.0,0.0,42.0,0.0,56.0,168.0,190.0,76.0,61.0,155.0,98.0,36.0,40.0,43.0,195.0,175.0,47.0,74.0,563.0,292.0,167.0,250.0,128.0,133.0,93.0,108.0,66.0,59.0,184.0,121.0,325.0,0.0,59.0,54.0,0.0,0.0,110.0,103.0,24.0,30.0,47.0,71.0,0.0,0.0,34.0,108.0,0.0,0.0,30.0,39.0,43.0,44.0,60.0,21.0,261.0,231.0,37.0,47.0,6.0,7.0,5496.0
2024-01-24,62.0,60.0,0.0,38.0,0.0,75.0,202.0,213.0,78.0,56.0,157.0,145.0,49.0,55.0,76.0,211.0,202.0,68.0,106.0,604.0,292.0,208.0,264.0,151.0,159.0,98.0,128.0,66.0,61.0,181.0,188.0,373.0,71.0,76.0,56.0,0.0,0.0,0.0,0.0,46.0,32.0,47.0,62.0,0.0,0.0,34.0,108.0,0.0,0.0,50.0,54.0,37.0,45.0,93.0,42.0,289.0,261.0,62.0,85.0,13.0,14.0,6203.0
2024-01-25,89.0,76.0,0.0,73.0,0.0,69.0,241.0,257.0,80.0,80.0,180.0,200.0,57.0,61.0,50.0,243.0,231.0,89.0,135.0,652.0,304.0,273.0,347.0,230.0,220.0,124.0,131.0,74.0,66.0,248.0,202.0,343.0,61.0,67.0,95.0,0.0,0.0,0.0,0.0,54.0,47.0,41.0,71.0,0.0,0.0,47.0,121.0,0.0,0.0,57.0,59.0,46.0,53.0,97.0,38.0,402.0,379.0,71.0,102.0,13.0,20.0,7366.0
2024-01-26,56.0,57.0,0.0,41.0,0.0,61.0,163.0,177.0,75.0,58.0,116.0,106.0,27.0,80.0,15.0,166.0,144.0,73.0,94.0,681.0,107.0,171.0,216.0,137.0,125.0,93.0,103.0,45.0,51.0,166.0,161.0,378.0,66.0,51.0,45.0,0.0,0.0,146.0,130.0,55.0,47.0,37.0,48.0,0.0,0.0,39.0,61.0,0.0,0.0,41.0,40.0,29.0,37.0,70.0,26.0,228.0,224.0,45.0,50.0,5.0,10.0,5473.0
2024-01-27,46.0,53.0,0.0,64.0,0.0,50.0,147.0,141.0,43.0,37.0,152.0,81.0,34.0,59.0,30.0,275.0,241.0,87.0,128.0,492.0,23.0,164.0,233.0,140.0,138.0,78.0,86.0,34.0,18.0,207.0,178.0,198.0,56.0,45.0,41.0,0.0,0.0,307.0,324.0,53.0,41.0,56.0,88.0,0.0,0.0,23.0,57.0,0.0,0.0,48.0,63.0,48.0,46.0,192.0,84.0,605.0,542.0,157.0,198.0,37.0,29.0,6797.0
2024-01-28,42.0,59.0,0.0,41.0,0.0,43.0,133.0,151.0,58.0,47.0,182.0,77.0,31.0,47.0,4.0,342.0,336.0,136.0,158.0,384.0,24.0,192.0,243.0,178.0,163.0,87.0,103.0,24.0,23.0,240.0,226.0,143.0,52.0,60.0,69.0,0.0,0.0,437.0,454.0,79.0,62.0,55.0,90.0,0.0,0.0,28.0,60.0,0.0,0.0,72.0,78.0,55.0,64.0,292.0,115.0,365.0,383.0,162.0,253.0,31.0,57.0,7290.0
2024-01-29,49.0,48.0,0.0,31.0,0.0,63.0,198.0,231.0,78.0,52.0,187.0,141.0,69.0,25.0,31.0,190.0,191.0,85.0,106.0,495.0,8.0,192.0,281.0,140.0,135.0,111.0,120.0,55.0,52.0,164.0,154.0,293.0,96.0,70.0,51.0,0.0,0.0,474.0,174.0,66.0,64.0,39.0,58.0,0.0,0.0,56.0,180.0,92.0,57.0,44.0,45.0,47.0,47.0,85.0,32.0,151.0,200.0,49.0,75.0,9.0,10.0,6246.0
2024-01-30,56.0,52.0,0.0,40.0,0.0,59.0,197.0,164.0,78.0,59.0,140.0,106.0,47.0,40.0,56.0,173.0,175.0,68.0,86.0,500.0,9.0,183.0,260.0,46.0,98.0,108.0,122.0,51.0,38.0,135.0,144.0,389.0,108.0,59.0,70.0,0.0,0.0,119.0,130.0,41.0,34.0,38.0,60.0,0.0,0.0,38.0,106.0,0.0,0.0,22.0,37.0,35.0,36.0,63.0,22.0,267.0,238.0,35.0,51.0,10.0,7.0,5305.0
2024-01-31,57.0,48.0,0.0,38.0,0.0,65.0,174.0,200.0,70.0,60.0,191.0,182.0,39.0,45.0,76.0,172.0,141.0,48.0,73.0,600.0,142.0,178.0,242.0,137.0,130.0,88.0,110.0,58.0,54.0,173.0,187.0,370.0,83.0,58.0,55.0,0.0,0.0,145.0,134.0,51.0,35.0,34.0,56.0,0.0,0.0,28.0,88.0,0.0,0.0,32.0,36.0,41.0,41.0,73.0,33.0,278.0,266.0,40.0,54.0,10.0,10.0,5829.0
2024-02-01,60.0,60.0,0.0,38.0,0.0,72.0,166.0,170.0,72.0,47.0,178.0,140.0,29.0,31.0,38.0,175.0,163.0,57.0,81.0,625.0,265.0,158.0,232.0,126.0,138.0,111.0,113.0,49.0,35.0,148.0,165.0,358.0,70.0,49.0,80.0,0.0,0.0,125.0,134.0,45.0,46.0,33.0,55.0,11.0,11.0,28.0,111.0,0.0,0.0,41.0,44.0,38.0,42.0,72.0,24.0,250.0,227.0,46.0,56.0,4.0,7.0,5749.0
2024-02-02,61.0,47.0,0.0,44.0,0.0,63.0,192.0,194.0,79.0,57.0,133.0,94.0,41.0,74.0,74.0,203.0,171.0,99.0,106.0,554.0,297.0,171.0,263.0,140.0,165.0,114.0,115.0,51.0,42.0,167.0,158.0,290.0,80.0,60.0,92.0,0.0,0.0,159.0,166.0,50.0,44.0,46.0,65.0,31.0,30.0,47.0,106.0,0.0,0.0,52.0,42.0,34.0,38.0,97.0,20.0,258.0,257.0,57.0,63.0,10.0,13.0,6176.0
2024-02-03,63.0,46.0,0.0,50.0,0.0,45.0,176.0,211.0,53.0,53.0,109.0,91.0,38.0,78.0,32.0,312.0,260.0,100.0,144.0,467.0,298.0,197.0,262.0,177.0,162.0,71.0,88.0,13.0,14.0,231.0,224.0,170.0,47.0,56.0,60.0,0.0,0.0,357.0,383.0,47.0,56.0,40.0,79.0,0.0,0.0,28.0,46.0,0.0,0.0,37.0,66.0,43.0,66.0,261.0,107.0,495.0,437.0,168.0,218.0,26.0,49.0,7407.0
2024-02-04,39.0,37.0,0.0,29.0,0.0,29.0,103.0,97.0,23.0,23.0,107.0,44.0,16.0,30.0,11.0,202.0,185.0,67.0,75.0,379.0,249.0,138.0,191.0,110.0,113.0,77.0,76.0,0.0,0.0,121.0,114.0,144.0,54.0,43.0,57.0,0.0,0.0,203.0,191.0,37.0,30.0,30.0,57.0,0.0,0.0,20.0,32.0,0.0,0.0,37.0,38.0,21.0,30.0,153.0,58.0,298.0,278.0,89.0,104.0,20.0,32.0,4741.0
2024-02-05,96.0,81.0,0.0,59.0,0.0,68.0,249.0,298.0,72.0,114.0,163.0,144.0,78.0,84.0,81.0,259.0,218.0,135.0,177.0,597.0,326.0,238.0,317.0,195.0,202.0,155.0,133.0,0.0,0.0,252.0,206.0,278.0,64.0,58.0,69.0,0.0,0.0,0.0,0.0,46.0,39.0,58.0,78.0,0.0,0.0,52.0,107.0,0.0,0.0,49.0,55.0,43.0,52.0,122.0,32.0,0.0,0.0,89.0,102.0,0.0,0.0,6390.0
2024-02-06,81.0,99.0,0.0,70.0,0.0,81.0,296.0,344.0,87.0,73.0,184.0,198.0,58.0,87.0,112.0,276.0,247.0,130.0,168.0,576.0,268.0,288.0,370.0,223.0,223.0,163.0,170.0,0.0,0.0,252.0,227.0,341.0,108.0,71.0,60.0,0.0,0.0,167.0,193.0,58.0,49.0,53.0,82.0,0.0,0.0,49.0,106.0,0.0,0.0,65.0,80.0,63.0,61.0,139.0,45.0,260.0,271.0,79.0,100.0,6.0,18.0,7875.0
2024-02-07,46.0,45.0,0.0,24.0,0.0,41.0,155.0,174.0,51.0,62.0,123.0,191.0,35.0,53.0,70.0,120.0,123.0,72.0,75.0,605.0,301.0,123.0,176.0,100.0,92.0,78.0,143.0,0.0,0.0,197.0,172.0,393.0,79.0,50.0,60.0,0.0,0.0,96.0,128.0,33.0,30.0,23.0,38.0,0.0,0.0,30.0,67.0,0.0,0.0,22.0,35.0,34.0,41.0,53.0,13.0,187.0,157.0,32.0,28.0,5.0,1.0,5082.0
2024-02-08,32.0,34.0,0.0,22.0,0.0,19.0,85.0,90.0,39.0,41.0,108.0,84.0,20.0,47.0,37.0,111.0,82.0,33.0,44.0,641.0,257.0,62.0,138.0,44.0,49.0,56.0,72.0,0.0,0.0,84.0,76.0,402.0,73.0,54.0,52.0,0.0,0.0,62.0,55.0,16.0,13.0,23.0,25.0,0.0,0.0,8.0,43.0,0.0,0.0,17.0,13.0,22.0,26.0,26.0,10.0,140.0,131.0,2.0,8.0,4.0,4.0,3636.0
2024-02-09,56.0,61.0,0.0,58.0,0.0,55.0,182.0,207.0,58.0,47.0,143.0,86.0,38.0,62.0,82.0,181.0,179.0,77.0,107.0,756.0,293.0,151.0,248.0,121.0,129.0,85.0,114.0,0.0,0.0,164.0,172.0,348.0,44.0,55.0,65.0,0.0,0.0,16.0,32.0,59.0,31.0,42.0,71.0,0.0,0.0,44.0,60.0,0.0,0.0,41.0,43.0,28.0,41.0,90.0,24.0,274.0,254.0,63.0,74.0,11.0,13.0,5735.0
2024-02-10,71.0,67.0,0.0,77.0,0.0,46.0,245.0,262.0,59.0,50.0,206.0,141.0,55.0,68.0,81.0,578.0,517.0,217.0,264.0,649.0,267.0,355.0,391.0,379.0,331.0,100.0,144.0,0.0,0.0,429.0,422.0,276.0,70.0,101.0,95.0,0.0,0.0,17.0,11.0,110.0,87.0,95.0,131.0,0.0,0.0,23.0,49.0,0.0,0.0,95.0,128.0,107.0,104.0,602.0,229.0,960.0,909.0,386.0,499.0,64.0,107.0,11726.0
2024-02-11,25.0,17.0,0.0,10.0,0.0,14.0,45.0,48.0,17.0,36.0,57.0,19.0,6.0,27.0,25.0,93.0,82.0,17.0,21.0,398.0,244.0,44.0,85.0,23.0,26.0,58.0,56.0,0.0,0.0,33.0,25.0,170.0,55.0,23.0,30.0,0.0,0.0,48.0,43.0,22.0,19.0,9.0,23.0,0.0,0.0,19.0,17.0,0.0,0.0,11.0,15.0,10.0,14.0,39.0,12.0,178.0,129.0,12.0,15.0,3.0,4.0,2471.0
2024-02-12,91.0,93.0,0.0,52.0,0.0,65.0,276.0,275.0,80.0,82.0,131.0,117.0,62.0,74.0,89.0,240.0,219.0,102.0,133.0,651.0,295.0,277.0,289.0,235.0,207.0,120.0,133.0,0.0,0.0,281.0,262.0,362.0,103.0,71.0,75.0,0.0,0.0,266.0,275.0,70.0,46.0,40.0,69.0,0.0,0.0,58.0,64.0,0.0,0.0,48.0,56.0,58.0,62.0,150.0,56.0,379.0,388.0,78.0,87.0,15.0,16.0,7823.0
2024-02-13,94.0,96.0,0.0,81.0,0.0,61.0,328.0,359.0,105.0,181.0,196.0,160.0,73.0,90.0,113.0,368.0,343.0,132.0,177.0,632.0,280.0,408.0,491.0,318.0,340.0,151.0,179.0,0.0,0.0,304.0,298.0,393.0,66.0,98.0,131.0,0.0,0.0,361.0,390.0,81.0,69.0,62.0,92.0,0.0,0.0,38.0,85.0,0.0,0.0,80.0,90.0,57.0,62.0,227.0,86.0,536.0,523.0,121.0,138.0,17.0,25.0,10186.0
2024-02-14,105.0,106.0,0.0,68.0,0.0,81.0,311.0,317.0,110.0,102.0,156.0,144.0,72.0,103.0,130.0,250.0,286.0,108.0,141.0,677.0,240.0,327.0,411.0,250.0,274.0,165.0,178.0,0.0,0.0,251.0,239.0,437.0,111.0,74.0,102.0,0.0,0.0,53.0,74.0,89.0,49.0,59.0,81.0,0.0,0.0,72.0,102.0,0.0,0.0,61.0,71.0,66.0,54.0,160.0,65.0,454.0,439.0,81.0,94.0,13.0,19.0,8482.0
2024-02-15,72.0,110.0,0.0,70.0,0.0,65.0,272.0,286.0,113.0,102.0,167.0,134.0,63.0,79.0,115.0,282.0,254.0,110.0,152.0,766.0,290.0,299.0,378.0,261.0,270.0,129.0,154.0,0.0,0.0,239.0,241.0,311.0,102.0,86.0,85.0,0.0,0.0,2.0,2.0,78.0,67.0,51.0,84.0,0.0,0.0,43.0,65.0,1.0,1.0,43.0,54.0,58.0,49.0,174.0,54.0,438.0,427.0,83.0,100.0,15.0,22.0,7968.0
2024-02-16,95.0,92.0,0.0,75.0,0.0,67.0,334.0,338.0,111.0,140.0,189.0,130.0,80.0,84.0,115.0,369.0,351.0,155.0,226.0,755.0,265.0,378.0,495.0,362.0,346.0,149.0,166.0,0.0,0.0,358.0,369.0,359.0,80.0,126.0,135.0,0.0,0.0,55.0,56.0,85.0,69.0,66.0,113.0,0.0,0.0,35.0,56.0,0.0,0.0,74.0,105.0,77.0,75.0,323.0,77.0,653.0,706.0,214.0,219.0,30.0,40.0,10422.0
2024-02-17,64.0,58.0,0.0,61.0,0.0,49.0,214.0,238.0,64.0,91.0,144.0,82.0,36.0,56.0,60.0,444.0,422.0,161.0,210.0,603.0,315.0,242.0,257.0,256.0,241.0,108.0,108.0,0.0,0.0,334.0,308.0,233.0,77.0,68.0,103.0,0.0,0.0,0.0,0.0,90.0,65.0,63.0,99.0,0.0,0.0,10.0,17.0,0.0,0.0,77.0,93.0,75.0,80.0,349.0,158.0,833.0,758.0,235.0,274.0,41.0,49.0,9073.0
2024-02-18,77.0,88.0,0.0,105.0,0.0,55.0,299.0,335.0,106.0,98.0,244.0,152.0,66.0,70.0,94.0,676.0,629.0,295.0,348.0,578.0,323.0,442.0,578.0,486.0,462.0,126.0,141.0,0.0,0.0,585.0,507.0,204.0,75.0,123.0,112.0,0.0,0.0,13.0,7.0,153.0,110.0,135.0,181.0,0.0,0.0,8.0,33.0,0.0,0.0,125.0,152.0,129.0,131.0,662.0,256.0,327.0,480.0,424.0,482.0,88.0,99.0,12474.0
2024-02-19,86.0,84.0,0.0,66.0,0.0,77.0,393.0,373.0,113.0,106.0,156.0,162.0,92.0,90.0,123.0,275.0,248.0,123.0,157.0,564.0,311.0,356.0,423.0,316.0,308.0,171.0,194.0,0.0,0.0,285.0,284.0,265.0,114.0,81.0,86.0,26.0,22.0,0.0,0.0,81.0,50.0,55.0,83.0,0.0,0.0,7.0,44.0,0.0,0.0,50.0,62.0,48.0,48.0,109.0,38.0,248.0,316.0,72.0,92.0,11.0,12.0,7956.0
2024-02-20,104.0,111.0,0.0,92.0,0.0,85.0,375.0,411.0,108.0,95.0,240.0,197.0,77.0,74.0,115.0,324.0,304.0,180.0,196.0,718.0,277.0,380.0,506.0,315.0,328.0,185.0,195.0,0.0,0.0,316.0,297.0,464.0,114.0,106.0,75.0,122.0,114.0,0.0,0.0,111.0,82.0,76.0,109.0,0.0,0.0,59.0,70.0,0.0,0.0,76.0,82.0,69.0,74.0,149.0,46.0,437.0,485.0,89.0,109.0,13.0,20.0,9756.0
2024-02-21,109.0,123.0,0.0,80.0,0.0,123.0,433.0,442.0,147.0,116.0,285.0,167.0,103.0,92.0,171.0,356.0,331.0,152.0,209.0,758.0,273.0,403.0,517.0,367.0,383.0,179.0,220.0,0.0,0.0,356.0,354.0,358.0,100.0,118.0,116.0,131.0,128.0,0.0,0.0,86.0,71.0,80.0,118.0,0.0,0.0,73.0,110.0,0.0,0.0,82.0,78.0,97.0,100.0,250.0,71.0,576.0,591.0,162.0,165.0,21.0,38.0,10969.0
2024-02-22,56.0,54.0,0.0,32.0,0.0,49.0,233.0,247.0,89.0,75.0,169.0,116.0,39.0,62.0,69.0,191.0,158.0,58.0,90.0,772.0,232.0,189.0,238.0,144.0,150.0,109.0,134.0,0.0,0.0,146.0,141.0,452.0,90.0,83.0,74.0,44.0,41.0,0.0,0.0,57.0,42.0,45.0,62.0,0.0,0.0,30.0,58.0,0.0,0.0,28.0,32.0,33.0,34.0,49.0,30.0,243.0,245.0,36.0,44.0,9.0,5.0,5908.0
2024-02-23,99.0,93.0,0.0,71.0,0.0,69.0,296.0,305.0,123.0,111.0,157.0,140.0,51.0,88.0,95.0,253.0,231.0,127.0,162.0,710.0,280.0,292.0,356.0,243.0,245.0,143.0,153.0,0.0,0.0,240.0,252.0,442.0,97.0,81.0,62.0,67.0,77.0,0.0,0.0,86.0,63.0,60.0,85.0,0.0,0.0,61.0,74.0,0.0,0.0,49.0,49.0,47.0,57.0,169.0,48.0,402.0,400.0,81.0,87.0,14.0,26.0,8069.0
2024-02-24,85.0,89.0,0.0,113.0,0.0,87.0,361.0,408.0,93.0,147.0,267.0,164.0,59.0,97.0,97.0,715.0,666.0,309.0,439.0,697.0,257.0,469.0,595.0,545.0,471.0,201.0,182.0,0.0,0.0,626.0,574.0,314.0,82.0,93.0,122.0,199.0,223.0,1084.0,1000.0,166.0,108.0,120.0,194.0,0.0,0.0,32.0,45.0,0.0,0.0,126.0,175.0,108.0,137.0,783.0,335.0,1384.0,1244.0,412.0,476.0,83.0,122.0,17980.0
2024-02-25,72.0,79.0,0.0,66.0,0.0,63.0,218.0,289.0,74.0,88.0,212.0,146.0,34.0,72.0,71.0,514.0,455.0,227.0,263.0,515.0,315.0,349.0,393.0,303.0,291.0,84.0,130.0,0.0,0.0,430.0,383.0,197.0,97.0,88.0,112.0,132.0,157.0,668.0,732.0,102.0,78.0,90.0,128.0,0.0,0.0,27.0,46.0,8.0,7.0,94.0,120.0,113.0,93.0,460.0,198.0,887.0,824.0,177.0,303.0,50.0,63.0,12187.0
2024-02-26,98.0,101.0,0.0,56.0,0.0,59.0,297.0,344.0,110.0,120.0,168.0,146.0,92.0,47.0,105.0,265.0,250.0,132.0,168.0,593.0,301.0,305.0,401.0,238.0,257.0,147.0,171.0,0.0,0.0,209.0,197.0,357.0,106.0,95.0,91.0,90.0,74.0,230.0,242.0,67.0,60.0,48.0,89.0,0.0,0.0,50.0,83.0,0.0,0.0,66.0,77.0,64.0,53.0,132.0,54.0,151.0,245.0,51.0,47.0,8.0,18.0,8025.0
2024-02-27,92.0,115.0,0.0,82.0,0.0,96.0,354.0,389.0,95.0,94.0,195.0,181.0,83.0,80.0,127.0,343.0,302.0,142.0,178.0,688.0,245.0,361.0,441.0,297.0,302.0,158.0,169.0,0.0,0.0,253.0,264.0,424.0,112.0,93.0,116.0,93.0,92.0,41.0,76.0,88.0,63.0,66.0,105.0,0.0,0.0,55.0,79.0,0.0,0.0,66.0,80.0,72.0,69.0,172.0,43.0,468.0,469.0,60.0,82.0,16.0,22.0,9248.0
2024-02-28,112.0,106.0,0.0,72.0,0.0,93.0,375.0,406.0,110.0,84.0,223.0,201.0,119.0,55.0,147.0,291.0,275.0,119.0,153.0,692.0,302.0,392.0,495.0,310.0,325.0,164.0,164.0,0.0,0.0,306.0,269.0,467.0,118.0,112.0,99.0,103.0,89.0,240.0,279.0,94.0,74.0,60.0,93.0,0.0,0.0,62.0,102.0,0.0,0.0,70.0,83.0,69.0,87.0,142.0,47.0,454.0,461.0,67.0,71.0,6.0,21.0,9930.0
2024-02-29,92.0,99.0,0.0,56.0,0.0,83.0,335.0,377.0,111.0,94.0,143.0,190.0,92.0,68.0,122.0,293.0,287.0,127.0,178.0,678.0,288.0,324.0,435.0,257.0,275.0,170.0,173.0,0.0,0.0,270.0,270.0,438.0,85.0,82.0,99.0,104.0,90.0,268.0,261.0,77.0,74.0,69.0,97.0,0.0,0.0,55.0,108.0,0.0,0.0,63.0,93.0,57.0,60.0,160.0,32.0,452.0,434.0,74.0,70.0,10.0,24.0,9323.0
2024-03-01,98.0,81.0,0.0,57.0,0.0,52.0,269.0,319.0,95.0,81.0,0.0,154.0,70.0,53.0,97.0,294.0,256.0,121.0,153.0,780.0,344.0,274.0,389.0,237.0,263.0,141.0,165.0,0.0,0.0,275.0,278.0,409.0,112.0,88.0,86.0,90.0,85.0,25.0,45.0,81.0,65.0,66.0,80.0,0.0,0.0,41.0,63.0,0.0,0.0,74.0,73.0,64.0,63.0,197.0,53.0,428.0,453.0,78.0,77.0,16.0,20.0,8328.0
2024-03-02,69.0,66.0,0.0,61.0,0.0,56.0,288.0,294.0,61.0,63.0,0.0,130.0,36.0,67.0,95.0,491.0,450.0,235.0,277.0,718.0,329.0,344.0,458.0,376.0,338.0,116.0,146.0,0.0,0.0,403.0,381.0,279.0,88.0,80.0,96.0,179.0,132.0,0.0,0.0,113.0,87.0,98.0,161.0,0.0,0.0,41.0,36.0,0.0,0.0,89.0,115.0,100.0,106.0,510.0,155.0,970.0,886.0,275.0,322.0,60.0,79.0,11405.0
2024-03-03,92.0,136.0,0.0,110.0,0.0,65.0,368.0,358.0,94.0,76.0,0.0,208.0,58.0,86.0,105.0,783.0,697.0,333.0,446.0,611.0,347.0,496.0,621.0,534.0,506.0,126.0,161.0,0.0,0.0,677.0,606.0,195.0,72.0,122.0,130.0,235.0,224.0,0.0,0.0,155.0,98.0,120.0,192.0,0.0,0.0,39.0,48.0,307.0,283.0,133.0,196.0,179.0,161.0,778.0,278.0,1033.0,1172.0,348.0,478.0,94.0,137.0,15907.0
2024-03-04,140.0,147.0,0.0,102.0,0.0,77.0,513.0,564.0,137.0,100.0,0.0,224.0,107.0,88.0,149.0,522.0,476.0,245.0,308.0,825.0,317.0,523.0,689.0,454.0,481.0,206.0,215.0,0.0,0.0,539.0,489.0,395.0,120.0,160.0,157.0,163.0,161.0,25.0,65.0,116.0,104.0,103.0,150.0,0.0,0.0,62.0,109.0,0.0,0.0,103.0,121.0,124.0,127.0,430.0,101.0,600.0,698.0,131.0,183.0,38.0,47.0,13230.0
2024-03-05,106.0,119.0,0.0,96.0,0.0,91.0,425.0,476.0,104.0,102.0,0.0,235.0,95.0,67.0,135.0,363.0,356.0,180.0,240.0,750.0,291.0,434.0,535.0,352.0,328.0,185.0,220.0,0.0,0.0,275.0,274.0,492.0,98.0,102.0,92.0,116.0,127.0,0.0,0.0,90.0,79.0,74.0,106.0,0.0,0.0,53.0,115.0,0.0,0.0,92.0,90.0,84.0,88.0,178.0,57.0,459.0,477.0,65.0,69.0,17.0,18.0,10072.0
2024-03-06,123.0,139.0,0.0,96.0,0.0,82.0,420.0,458.0,127.0,103.0,0.0,216.0,99.0,99.0,141.0,383.0,358.0,178.0,234.0,713.0,293.0,456.0,572.0,397.0,386.0,188.0,210.0,0.0,0.0,355.0,349.0,419.0,105.0,131.0,136.0,125.0,134.0,428.0,404.0,86.0,86.0,71.0,107.0,0.0,0.0,67.0,77.0,0.0,0.0,82.0,101.0,90.0,92.0,219.0,57.0,606.0,646.0,81.0,118.0,14.0,28.0,11685.0
2024-03-07,107.0,102.0,41.0,65.0,0.0,74.0,357.0,378.0,114.0,105.0,0.0,169.0,83.0,92.0,136.0,256.0,262.0,132.0,164.0,587.0,260.0,342.0,428.0,268.0,279.0,164.0,177.0,0.0,0.0,277.0,286.0,677.0,105.0,112.0,94.0,82.0,85.0,249.0,245.0,92.0,86.0,69.0,86.0,0.0,0.0,52.0,69.0,0.0,0.0,79.0,94.0,62.0,67.0,131.0,25.0,374.0,398.0,81.0,70.0,10.0,16.0,9215.0
2024-03-08,101.0,115.0,61.0,61.0,0.0,92.0,352.0,361.0,102.0,102.0,0.0,221.0,80.0,84.0,128.0,310.0,284.0,144.0,186.0,684.0,269.0,325.0,432.0,273.0,303.0,143.0,210.0,0.0,0.0,302.0,282.0,489.0,105.0,99.0,112.0,72.0,87.0,355.0,353.0,86.0,72.0,61.0,82.0,0.0,0.0,45.0,64.0,0.0,0.0,12.0,71.0,67.0,61.0,201.0,62.0,508.0,530.0,95.0,123.0,20.0,34.0,9873.0
2024-03-09,69.0,88.0,60.0,62.0,0.0,66.0,271.0,289.0,70.0,86.0,0.0,165.0,53.0,95.0,108.0,503.0,485.0,178.0,227.0,638.0,272.0,359.0,447.0,381.0,359.0,154.0,140.0,0.0,0.0,423.0,381.0,299.0,87.0,70.0,90.0,135.0,134.0,696.0,713.0,109.0,87.0,80.0,115.0,0.0,0.0,20.0,51.0,0.0,0.0,1.0,24.0,98.0,109.0,507.0,196.0,1009.0,884.0,134.0,234.0,56.0,70.0,12437.0
2024-03-10,88.0,91.0,100.0,89.0,0.0,71.0,312.0,369.0,79.0,95.0,0.0,165.0,83.0,87.0,113.0,713.0,649.0,274.0,396.0,591.0,266.0,459.0,565.0,469.0,522.0,124.0,174.0,0.0,0.0,588.0,515.0,211.0,91.0,117.0,103.0,243.0,197.0,2.0,2.0,142.0,117.0,145.0,182.0,0.0,0.0,23.0,40.0,0.0,0.0,0.0,25.0,159.0,162.0,704.0,212.0,1411.0,1236.0,220.0,368.0,67.0,105.0,14331.0
2024-03-11,141.0,160.0,109.0,129.0,0.0,84.0,498.0,582.0,146.0,132.0,0.0,230.0,130.0,86.0,134.0,505.0,461.0,236.0,316.0,778.0,304.0,533.0,703.0,485.0,508.0,232.0,219.0,0.0,0.0,490.0,450.0,384.0,110.0,144.0,148.0,142.0,172.0,545.0,609.0,117.0,110.0,107.0,155.0,0.0,0.0,53.0,77.0,0.0,0.0,0.0,44.0,119.0,104.0,335.0,99.0,715.0,745.0,112.0,110.0,21.0,56.0,14114.0
2024-03-12,124.0,138.0,67.0,98.0,0.0,93.0,457.0,527.0,170.0,123.0,0.0,207.0,98.0,83.0,142.0,373.0,382.0,201.0,246.0,708.0,267.0,486.0,604.0,388.0,390.0,209.0,259.0,37.0,44.0,338.0,370.0,439.0,93.0,110.0,124.0,112.0,118.0,387.0,424.0,108.0,94.0,75.0,88.0,0.0,0.0,48.0,93.0,65.0,102.0,0.0,38.0,93.0,87.0,231.0,56.0,511.0,549.0,64.0,48.0,48.0,38.0,11872.0
2024-03-13,158.0,156.0,96.0,147.0,0.0,95.0,529.0,591.0,145.0,132.0,126.0,361.0,134.0,13.0,184.0,523.0,496.0,259.0,326.0,796.0,277.0,593.0,734.0,510.0,508.0,214.0,186.0,96.0,86.0,561.0,536.0,551.0,113.0,137.0,160.0,135.0,174.0,646.0,638.0,133.0,123.0,101.0,141.0,0.0,0.0,57.0,88.0,242.0,225.0,1.0,34.0,115.0,101.0,419.0,109.0,881.0,868.0,133.0,108.0,54.0,50.0,16105.0
2024-03-14,111.0,117.0,81.0,105.0,0.0,97.0,517.0,575.0,150.0,143.0,0.0,241.0,96.0,0.0,174.0,441.0,403.0,222.0,267.0,808.0,309.0,481.0,611.0,441.0,413.0,212.0,214.0,110.0,85.0,425.0,412.0,493.0,143.0,125.0,161.0,152.0,169.0,490.0,482.0,104.0,105.0,89.0,128.0,0.0,0.0,64.0,69.0,194.0,182.0,1.0,44.0,118.0,115.0,319.0,76.0,616.0,647.0,96.0,70.0,30.0,26.0,13569.0
2024-03-15,158.0,153.0,109.0,100.0,0.0,98.0,562.0,641.0,144.0,118.0,0.0,237.0,129.0,0.0,187.0,616.0,580.0,308.0,390.0,931.0,300.0,568.0,800.0,541.0,597.0,234.0,232.0,120.0,96.0,606.0,646.0,553.0,131.0,141.0,147.0,248.0,220.0,878.0,912.0,191.0,141.0,129.0,160.0,0.0,0.0,50.0,61.0,295.0,254.0,3.0,45.0,147.0,128.0,605.0,159.0,1103.0,1093.0,126.0,148.0,43.0,64.0,18376.0
2024-03-16,83.0,100.0,37.0,55.0,0.0,74.0,306.0,299.0,54.0,61.0,0.0,148.0,47.0,0.0,91.0,570.0,516.0,225.0,304.0,650.0,339.0,384.0,451.0,421.0,378.0,111.0,145.0,38.0,51.0,523.0,484.0,390.0,77.0,93.0,110.0,185.0,182.0,886.0,947.0,149.0,125.0,113.0,156.0,0.0,0.0,32.0,34.0,235.0,191.0,1.0,19.0,127.0,123.0,569.0,225.0,1047.0,951.0,174.0,268.0,53.0,90.0,14497.0
2024-03-17,111.0,140.0,38.0,86.0,0.0,84.0,329.0,352.0,87.0,79.0,0.0,166.0,70.0,0.0,103.0,723.0,674.0,362.0,469.0,585.0,322.0,459.0,625.0,541.0,503.0,131.0,156.0,47.0,64.0,726.0,677.0,231.0,106.0,111.0,116.0,206.0,242.0,1132.0,1218.0,155.0,128.0,157.0,226.0,0.0,0.0,27.0,47.0,275.0,264.0,1.0,51.0,144.0,149.0,732.0,267.0,1381.0,1292.0,194.0,350.0,74.0,115.0,18100.0
2024-03-18,115.0,140.0,71.0,82.0,0.0,75.0,458.0,504.0,145.0,137.0,0.0,210.0,105.0,0.0,149.0,400.0,364.0,212.0,277.0,714.0,312.0,477.0,606.0,427.0,419.0,177.0,242.0,113.0,146.0,435.0,423.0,409.0,132.0,112.0,92.0,84.0,51.0,444.0,448.0,110.0,82.0,83.0,120.0,0.0,0.0,44.0,83.0,187.0,162.0,0.0,36.0,77.0,88.0,284.0,78.0,664.0,647.0,62.0,69.0,8.0,39.0,12630.0
2024-03-19,140.0,155.0,86.0,86.0,193.0,111.0,435.0,462.0,132.0,118.0,0.0,256.0,117.0,17.0,32.0,467.0,449.0,226.0,249.0,765.0,270.0,539.0,643.0,469.0,435.0,204.0,253.0,352.0,269.0,443.0,425.0,516.0,100.0,165.0,97.0,173.0,150.0,534.0,569.0,106.0,107.0,92.0,145.0,0.0,0.0,40.0,97.0,202.0,202.0,0.0,34.0,103.0,121.0,344.0,89.0,769.0,763.0,95.0,66.0,14.0,44.0,14535.0
2024-03-20,143.0,155.0,131.0,115.0,262.0,95.0,554.0,452.0,158.0,149.0,0.0,248.0,149.0,49.0,128.0,576.0,502.0,279.0,350.0,823.0,195.0,580.0,711.0,541.0,506.0,211.0,310.0,118.0,89.0,500.0,529.0,570.0,139.0,136.0,131.0,155.0,162.0,731.0,699.0,160.0,133.0,120.0,159.0,0.0,0.0,47.0,82.0,249.0,227.0,1.0,39.0,111.0,116.0,481.0,109.0,867.0,879.0,93.0,99.0,33.0,59.0,16395.0
2024-03-21,151.0,154.0,120.0,102.0,257.0,101.0,487.0,493.0,169.0,136.0,0.0,263.0,119.0,99.0,164.0,486.0,452.0,248.0,327.0,919.0,92.0,532.0,631.0,484.0,461.0,208.0,251.0,105.0,100.0,541.0,523.0,656.0,123.0,115.0,77.0,134.0,141.0,619.0,645.0,128.0,94.0,83.0,134.0,0.0,0.0,37.0,90.0,196.0,183.0,0.0,31.0,122.0,112.0,369.0,75.0,676.0,679.0,93.0,81.0,21.0,38.0,14927.0
2024-03-22,158.0,177.0,93.0,110.0,232.0,85.0,534.0,523.0,166.0,124.0,0.0,241.0,142.0,91.0,165.0,588.0,531.0,297.0,382.0,865.0,47.0,577.0,747.0,515.0,550.0,217.0,241.0,118.0,94.0,546.0,548.0,547.0,124.0,148.0,94.0,156.0,161.0,776.0,774.0,143.0,122.0,120.0,154.0,0.0,0.0,41.0,79.0,254.0,240.0,2.0,33.0,163.0,149.0,512.0,155.0,892.0,930.0,98.0,87.0,39.0,66.0,16763.0
2024-03-23,74.0,74.0,75.0,56.0,205.0,77.0,274.0,282.0,68.0,86.0,0.0,104.0,58.0,68.0,106.0,457.0,434.0,199.0,225.0,653.0,153.0,321.0,452.0,337.0,332.0,118.0,206.0,67.0,51.0,359.0,370.0,314.0,71.0,70.0,42.0,94.0,112.0,612.0,602.0,60.0,62.0,70.0,156.0,0.0,0.0,29.0,20.0,147.0,143.0,0.0,35.0,95.0,90.0,375.0,153.0,694.0,637.0,102.0,168.0,43.0,53.0,11390.0
2024-03-24,60.0,56.0,52.0,41.0,195.0,45.0,186.0,175.0,58.0,48.0,0.0,85.0,71.0,47.0,75.0,327.0,291.0,119.0,148.0,505.0,147.0,213.0,277.0,173.0,202.0,115.0,130.0,45.0,31.0,190.0,184.0,192.0,88.0,39.0,30.0,54.0,49.0,300.0,342.0,55.0,49.0,44.0,78.0,0.0,0.0,24.0,64.0,81.0,74.0,0.0,17.0,52.0,66.0,213.0,105.0,533.0,489.0,71.0,83.0,43.0,36.0,7562.0
2024-03-25,107.0,101.0,96.0,94.0,234.0,111.0,397.0,452.0,157.0,114.0,0.0,168.0,154.0,62.0,133.0,341.0,314.0,160.0,206.0,706.0,205.0,414.0,505.0,338.0,330.0,197.0,217.0,122.0,105.0,317.0,305.0,528.0,123.0,115.0,89.0,51.0,64.0,269.0,273.0,104.0,84.0,70.0,103.0,0.0,0.0,58.0,84.0,120.0,110.0,0.0,24.0,78.0,69.0,145.0,35.0,409.0,426.0,53.0,31.0,6.0,23.0,10706.0
2024-03-26,144.0,163.0,89.0,124.0,237.0,125.0,566.0,517.0,1156.0,121.0,0.0,241.0,409.0,72.0,194.0,556.0,496.0,272.0,339.0,843.0,243.0,590.0,727.0,535.0,538.0,212.0,267.0,134.0,106.0,425.0,432.0,574.0,134.0,156.0,128.0,90.0,122.0,637.0,656.0,166.0,103.0,100.0,133.0,0.0,0.0,60.0,111.0,229.0,202.0,0.0,39.0,114.0,99.0,406.0,102.0,835.0,835.0,76.0,71.0,21.0,60.0,17132.0
2024-03-27,189.0,182.0,67.0,145.0,444.0,116.0,571.0,450.0,1409.0,184.0,0.0,348.0,364.0,96.0,230.0,758.0,667.0,396.0,483.0,973.0,257.0,770.0,879.0,720.0,699.0,325.0,295.0,147.0,132.0,753.0,685.0,503.0,113.0,215.0,178.0,135.0,148.0,870.0,900.0,179.0,157.0,126.0,207.0,0.0,0.0,59.0,88.0,342.0,315.0,0.0,40.0,180.0,139.0,571.0,143.0,1112.0,1083.0,120.0,97.0,38.0,57.0,21849.0
2024-03-28,128.0,139.0,71.0,106.0,372.0,98.0,471.0,398.0,1260.0,94.0,0.0,338.0,223.0,99.0,159.0,408.0,377.0,212.0,257.0,770.0,271.0,468.0,567.0,379.0,405.0,221.0,279.0,127.0,84.0,455.0,456.0,495.0,129.0,102.0,74.0,100.0,106.0,402.0,424.0,95.0,87.0,88.0,122.0,0.0,0.0,39.0,98.0,188.0,161.0,0.0,31.0,113.0,104.0,275.0,119.0,616.0,597.0,62.0,81.0,24.0,34.0,14458.0
2024-03-29,127.0,188.0,84.0,105.0,254.0,76.0,247.0,169.0,150.0,110.0,0.0,224.0,150.0,147.0,158.0,758.0,689.0,340.0,436.0,751.0,303.0,655.0,712.0,693.0,665.0,180.0,250.0,86.0,62.0,795.0,735.0,769.0,94.0,92.0,124.0,160.0,200.0,1169.0,914.0,180.0,148.0,132.0,194.0,0.0,0.0,10.0,35.0,340.0,257.0,0.0,35.0,132.0,160.0,950.0,372.0,1440.0,1291.0,98.0,239.0,76.0,104.0,20014.0
2024-03-30,134.0,140.0,94.0,116.0,218.0,90.0,226.0,112.0,149.0,114.0,0.0,265.0,134.0,33.0,181.0,1054.0,875.0,430.0,545.0,899.0,266.0,771.0,899.0,854.0,894.0,187.0,266.0,84.0,66.0,1139.0,1030.0,494.0,71.0,133.0,143.0,167.0,302.0,1677.0,1550.0,218.0,186.0,162.0,205.0,0.0,0.0,13.0,19.0,492.0,407.0,0.0,28.0,225.0,197.0,1474.0,633.0,2078.0,1877.0,96.0,362.0,116.0,190.0,25780.0
2024-03-31,141.0,148.0,114.0,93.0,227.0,89.0,152.0,81.0,143.0,87.0,0.0,199.0,112.0,131.0,140.0,830.0,752.0,405.0,482.0,836.0,308.0,600.0,754.0,704.0,725.0,180.0,224.0,51.0,60.0,882.0,848.0,180.0,59.0,96.0,97.0,208.0,210.0,1466.0,1536.0,196.0,138.0,155.0,236.0,0.0,0.0,1.0,22.0,359.0,294.0,0.0,18.0,187.0,174.0,994.0,338.0,1256.0,1235.0,94.0,234.0,115.0,153.0,20549.0
2024-04-01,135.0,127.0,98.0,105.0,240.0,91.0,273.0,242.0,194.0,98.0,0.0,136.0,107.0,108.0,147.0,811.0,685.0,333.0,417.0,551.0,256.0,601.0,669.0,653.0,608.0,189.0,214.0,63.0,56.0,775.0,665.0,154.0,96.0,99.0,155.0,246.0,215.0,1192.0,1159.0,175.0,153.0,152.0,223.0,0.0,0.0,10.0,34.0,291.0,317.0,1.0,34.0,132.0,161.0,853.0,324.0,0.0,0.0,78.0,262.0,69.0,108.0,16340.0
2024-04-02,135.0,170.0,87.0,131.0,267.0,121.0,506.0,426.0,1312.0,113.0,0.0,244.0,257.0,144.0,206.0,450.0,430.0,251.0,341.0,776.0,277.0,599.0,691.0,505.0,501.0,287.0,320.0,133.0,127.0,456.0,444.0,514.0,98.0,151.0,87.0,110.0,114.0,266.0,322.0,154.0,122.0,86.0,151.0,0.0,0.0,47.0,89.0,231.0,199.0,0.0,41.0,89.0,92.0,264.0,78.0,378.0,491.0,76.0,56.0,7.0,17.0,15037.0
2024-04-03,136.0,151.0,115.0,135.0,243.0,114.0,627.0,551.0,814.0,141.0,0.0,305.0,259.0,135.0,183.0,576.0,468.0,285.0,371.0,823.0,293.0,626.0,721.0,561.0,502.0,282.0,369.0,146.0,134.0,529.0,472.0,694.0,101.0,195.0,128.0,133.0,149.0,328.0,367.0,147.0,117.0,103.0,151.0,0.0,0.0,47.0,89.0,268.0,228.0,2.0,33.0,143.0,140.0,304.0,74.0,651.0,665.0,94.0,74.0,22.0,30.0,16544.0
2024-04-04,149.0,130.0,88.0,120.0,257.0,100.0,573.0,539.0,788.0,128.0,0.0,212.0,268.0,98.0,175.0,429.0,416.0,274.0,348.0,840.0,296.0,589.0,716.0,528.0,526.0,261.0,288.0,125.0,120.0,465.0,461.0,673.0,119.0,138.0,134.0,109.0,131.0,328.0,368.0,125.0,120.0,92.0,114.0,0.0,0.0,65.0,103.0,202.0,203.0,1.0,28.0,88.0,92.0,290.0,74.0,605.0,608.0,85.0,85.0,16.0,34.0,15337.0
2024-04-05,173.0,198.0,19.0,153.0,249.0,108.0,442.0,349.0,869.0,153.0,0.0,723.0,452.0,116.0,168.0,766.0,687.0,398.0,527.0,1072.0,283.0,731.0,937.0,669.0,741.0,303.0,363.0,142.0,124.0,765.0,688.0,566.0,122.0,169.0,170.0,148.0,182.0,562.0,533.0,189.0,177.0,111.0,174.0,0.0,0.0,33.0,75.0,341.0,305.0,2.0,33.0,173.0,153.0,736.0,201.0,1073.0,1130.0,73.0,90.0,52.0,61.0,21002.0
2024-04-06,244.0,297.0,161.0,211.0,288.0,100.0,231.0,156.0,205.0,152.0,0.0,337.0,274.0,140.0,185.0,1564.0,1427.0,857.0,1109.0,849.0,232.0,1062.0,1202.0,1273.0,1212.0,295.0,333.0,103.0,76.0,1592.0,1539.0,370.0,119.0,194.0,213.0,330.0,457.0,2550.0,2304.0,319.0,256.0,295.0,447.0,0.0,0.0,18.0,79.0,695.0,607.0,0.0,42.0,338.0,378.0,2019.0,652.0,2872.0,2619.0,129.0,467.0,194.0,292.0,36961.0
2024-04-07,280.0,313.0,190.0,233.0,283.0,121.0,244.0,125.0,270.0,134.0,0.0,262.0,188.0,117.0,207.0,1935.0,1715.0,910.0,1159.0,985.0,391.0,1254.0,1436.0,1501.0,1420.0,282.0,303.0,126.0,99.0,1826.0,1715.0,269.0,109.0,169.0,275.0,410.0,479.0,3141.0,3280.0,457.0,299.0,299.0,434.0,0.0,0.0,17.0,36.0,870.0,753.0,2.0,53.0,432.0,393.0,2355.0,707.0,3366.0,2988.0,141.0,516.0,245.0,294.0,42813.0
2024-04-08,260.0,308.0,138.0,204.0,762.0,114.0,402.0,341.0,975.0,219.0,0.0,337.0,283.0,136.0,236.0,1055.0,966.0,626.0,738.0,1196.0,403.0,1013.0,1253.0,984.0,988.0,346.0,414.0,172.0,181.0,1022.0,924.0,481.0,132.0,206.0,174.0,233.0,262.0,1357.0,1424.0,286.0,231.0,178.0,257.0,0.0,0.0,60.0,82.0,530.0,490.0,1.0,53.0,251.0,228.0,921.0,139.0,1678.0,1512.0,118.0,70.0,59.0,90.0,28499.0
2024-04-09,276.0,297.0,120.0,245.0,324.0,79.0,526.0,305.0,943.0,189.0,0.0,359.0,315.0,151.0,298.0,1143.0,1103.0,625.0,823.0,1250.0,349.0,1198.0,1407.0,1130.0,1072.0,386.0,453.0,196.0,219.0,1137.0,1079.0,593.0,148.0,263.0,290.0,277.0,331.0,1532.0,1649.0,310.0,260.0,187.0,294.0,0.0,0.0,73.0,87.0,606.0,544.0,7.0,40.0,280.0,249.0,1036.0,177.0,1903.0,1862.0,127.0,100.0,58.0,113.0,31393.0
2024-04-10,138.0,150.0,76.0,124.0,271.0,74.0,459.0,502.0,1029.0,134.0,0.0,270.0,224.0,90.0,177.0,400.0,379.0,204.0,265.0,870.0,265.0,445.0,566.0,384.0,374.0,209.0,261.0,143.0,116.0,394.0,361.0,533.0,125.0,129.0,101.0,76.0,80.0,145.0,223.0,136.0,98.0,77.0,109.0,0.0,0.0,32.0,72.0,151.0,123.0,5.0,41.0,87.0,83.0,213.0,42.0,524.0,534.0,47.0,25.0,17.0,21.0,13203.0
2024-04-11,226.0,239.0,94.0,204.0,364.0,98.0,377.0,363.0,1149.0,236.0,0.0,358.0,268.0,110.0,212.0,865.0,835.0,456.0,629.0,1005.0,201.0,948.0,1119.0,893.0,854.0,346.0,467.0,158.0,94.0,860.0,822.0,656.0,151.0,203.0,195.0,236.0,274.0,407.0,491.0,237.0,172.0,158.0,256.0,0.0,0.0,43.0,101.0,439.0,359.0,2.0,55.0,192.0,186.0,800.0,190.0,1558.0,1431.0,114.0,74.0,42.0,111.0,23983.0
2024-04-12,236.0,247.0,112.0,197.0,358.0,86.0,374.0,356.0,971.0,196.0,0.0,262.0,274.0,129.0,218.0,944.0,801.0,552.0,695.0,1051.0,223.0,863.0,1134.0,855.0,879.0,330.0,326.0,142.0,118.0,990.0,966.0,502.0,140.0,206.0,178.0,289.0,289.0,520.0,525.0,291.0,183.0,173.0,233.0,0.0,0.0,52.0,67.0,457.0,416.0,176.0,27.0,242.0,237.0,977.0,207.0,1616.0,1603.0,114.0,111.0,78.0,107.0,24901.0
2024-04-13,207.0,205.0,190.0,174.0,314.0,104.0,312.0,192.0,197.0,136.0,0.0,239.0,196.0,109.0,175.0,1602.0,1368.0,722.0,900.0,1001.0,312.0,930.0,1249.0,1255.0,1164.0,195.0,335.0,116.0,107.0,1533.0,1481.0,346.0,113.0,156.0,199.0,381.0,460.0,1616.0,1009.0,350.0,265.0,221.0,383.0,0.0,0.0,19.0,54.0,744.0,580.0,283.0,50.0,311.0,339.0,1979.0,613.0,2619.0,2507.0,138.0,366.0,161.0,264.0,33546.0
2024-04-14,241.0,290.0,165.0,206.0,278.0,67.0,259.0,140.0,227.0,130.0,0.0,233.0,135.0,118.0,167.0,1473.0,1401.0,741.0,980.0,878.0,404.0,928.0,1175.0,1145.0,1138.0,240.0,239.0,95.0,70.0,1461.0,1480.0,227.0,100.0,167.0,216.0,426.0,456.0,1431.0,931.0,337.0,257.0,232.0,394.0,0.0,0.0,15.0,44.0,650.0,581.0,266.0,39.0,395.0,367.0,1625.0,575.0,1399.0,1621.0,120.0,346.0,180.0,209.0,30110.0
2024-04-15,153.0,151.0,94.0,122.0,366.0,67.0,435.0,352.0,871.0,135.0,0.0,187.0,216.0,74.0,152.0,439.0,400.0,238.0,300.0,846.0,283.0,526.0,617.0,447.0,432.0,205.0,273.0,144.0,150.0,477.0,473.0,396.0,98.0,141.0,110.0,55.0,68.0,133.0,195.0,119.0,92.0,67.0,132.0,0.0,0.0,49.0,83.0,178.0,155.0,108.0,47.0,125.0,114.0,366.0,90.0,521.0,506.0,33.0,20.0,20.0,34.0,13680.0
2024-04-16,131.0,134.0,81.0,92.0,229.0,49.0,436.0,448.0,1003.0,118.0,0.0,144.0,183.0,30.0,134.0,312.0,317.0,192.0,240.0,776.0,302.0,451.0,543.0,405.0,367.0,188.0,329.0,117.0,169.0,368.0,399.0,462.0,101.0,119.0,108.0,73.0,84.0,103.0,168.0,132.0,85.0,67.0,104.0,0.0,0.0,32.0,72.0,144.0,125.0,91.0,34.0,74.0,65.0,149.0,55.0,467.0,433.0,56.0,41.0,19.0,33.0,12183.0
2024-04-17,145.0,149.0,66.0,113.0,237.0,47.0,473.0,404.0,947.0,129.0,139.0,265.0,401.0,76.0,207.0,469.0,429.0,209.0,283.0,794.0,257.0,517.0,599.0,418.0,391.0,270.0,340.0,138.0,154.0,521.0,465.0,589.0,132.0,122.0,133.0,84.0,86.0,142.0,225.0,126.0,98.0,90.0,137.0,0.0,0.0,26.0,88.0,193.0,163.0,119.0,38.0,104.0,104.0,291.0,55.0,642.0,660.0,46.0,47.0,17.0,46.0,14655.0
2024-04-18,120.0,136.0,81.0,128.0,227.0,43.0,473.0,548.0,1037.0,127.0,318.0,255.0,410.0,80.0,180.0,404.0,405.0,247.0,304.0,743.0,265.0,452.0,612.0,365.0,414.0,231.0,294.0,139.0,104.0,404.0,380.0,539.0,129.0,119.0,132.0,81.0,91.0,157.0,194.0,127.0,104.0,81.0,134.0,0.0,0.0,14.0,67.0,203.0,157.0,106.0,30.0,88.0,79.0,242.0,65.0,636.0,657.0,62.0,39.0,17.0,28.0,14304.0
2024-04-19,91.0,77.0,75.0,67.0,214.0,38.0,285.0,278.0,738.0,93.0,172.0,101.0,264.0,67.0,107.0,245.0,167.0,98.0,126.0,750.0,286.0,250.0,312.0,210.0,195.0,143.0,222.0,91.0,79.0,260.0,202.0,412.0,82.0,75.0,66.0,39.0,49.0,99.0,142.0,86.0,54.0,33.0,58.0,0.0,0.0,18.0,56.0,80.0,60.0,65.0,22.0,44.0,45.0,96.0,38.0,282.0,275.0,38.0,35.0,3.0,9.0,8664.0
2024-04-20,65.0,53.0,38.0,31.0,169.0,19.0,117.0,117.0,68.0,40.0,99.0,60.0,95.0,41.0,68.0,205.0,193.0,57.0,76.0,608.0,267.0,90.0,126.0,62.0,73.0,82.0,117.0,34.0,32.0,113.0,98.0,371.0,61.0,42.0,42.0,5.0,19.0,53.0,57.0,63.0,35.0,32.0,55.0,0.0,0.0,8.0,22.0,34.0,29.0,31.0,7.0,23.0,30.0,85.0,51.0,239.0,233.0,11.0,20.0,11.0,11.0,4993.0
2024-04-21,68.0,108.0,83.0,70.0,163.0,47.0,263.0,221.0,132.0,83.0,204.0,119.0,126.0,62.0,123.0,528.0,484.0,234.0,290.0,499.0,296.0,341.0,435.0,336.0,322.0,123.0,138.0,49.0,42.0,452.0,481.0,190.0,96.0,90.0,97.0,61.0,82.0,311.0,205.0,118.0,82.0,69.0,142.0,0.0,0.0,17.0,26.0,202.0,164.0,95.0,28.0,117.0,110.0,511.0,133.0,801.0,804.0,44.0,129.0,56.0,56.0,11758.0
2024-04-22,139.0,115.0,57.0,96.0,187.0,36.0,444.0,325.0,755.0,109.0,286.0,224.0,388.0,94.0,135.0,344.0,321.0,207.0,274.0,640.0,276.0,417.0,524.0,366.0,337.0,197.0,395.0,124.0,100.0,363.0,369.0,373.0,114.0,115.0,94.0,45.0,45.0,96.0,170.0,137.0,87.0,54.0,103.0,0.0,0.0,36.0,64.0,141.0,114.0,99.0,23.0,66.0,74.0,238.0,58.0,227.0,284.0,41.0,26.0,2.0,0.0,11570.0
2024-04-23,135.0,147.0,63.0,113.0,253.0,51.0,501.0,508.0,929.0,119.0,311.0,229.0,426.0,23.0,164.0,407.0,393.0,218.0,260.0,727.0,275.0,452.0,565.0,376.0,381.0,231.0,357.0,129.0,112.0,392.0,394.0,477.0,92.0,116.0,96.0,42.0,61.0,94.0,149.0,113.0,84.0,64.0,110.0,0.0,0.0,35.0,101.0,183.0,156.0,95.0,32.0,98.0,66.0,278.0,86.0,511.0,594.0,44.0,29.0,15.0,27.0,13489.0
2024-04-24,147.0,149.0,96.0,107.0,224.0,55.0,516.0,520.0,893.0,119.0,295.0,279.0,437.0,25.0,235.0,402.0,378.0,214.0,318.0,802.0,294.0,504.0,635.0,471.0,469.0,281.0,259.0,133.0,133.0,453.0,444.0,434.0,16.0,129.0,157.0,45.0,53.0,106.0,174.0,132.0,109.0,66.0,109.0,0.0,0.0,62.0,101.0,175.0,161.0,103.0,40.0,105.0,85.0,270.0,84.0,810.0,705.0,55.0,47.0,24.0,43.0,14687.0
2024-04-25,139.0,146.0,66.0,96.0,250.0,54.0,523.0,530.0,1000.0,92.0,260.0,213.0,376.0,29.0,163.0,377.0,340.0,206.0,238.0,750.0,277.0,428.0,579.0,352.0,380.0,214.0,356.0,121.0,111.0,445.0,399.0,469.0,110.0,131.0,136.0,47.0,62.0,82.0,161.0,126.0,89.0,59.0,109.0,0.0,0.0,66.0,108.0,154.0,130.0,98.0,31.0,83.0,84.0,226.0,83.0,519.0,533.0,36.0,30.0,31.0,21.0,13324.0
2024-04-26,145.0,140.0,110.0,123.0,256.0,50.0,551.0,638.0,1085.0,126.0,261.0,288.0,344.0,27.0,208.0,558.0,524.0,307.0,435.0,834.0,287.0,604.0,722.0,563.0,572.0,261.0,261.0,132.0,95.0,585.0,646.0,520.0,137.0,112.0,121.0,39.0,60.0,162.0,193.0,160.0,153.0,94.0,154.0,0.0,0.0,31.0,100.0,241.0,179.0,145.0,44.0,134.0,119.0,494.0,133.0,964.0,932.0,63.0,74.0,23.0,65.0,17384.0
2024-04-27,154.0,198.0,162.0,144.0,336.0,73.0,679.0,571.0,170.0,128.0,360.0,304.0,246.0,105.0,188.0,1414.0,1227.0,667.0,880.0,997.0,316.0,932.0,1058.0,1068.0,1063.0,279.0,304.0,95.0,82.0,1421.0,1371.0,249.0,110.0,156.0,135.0,54.0,141.0,517.0,246.0,319.0,222.0,115.0,308.0,0.0,0.0,26.0,31.0,615.0,549.0,270.0,59.0,335.0,290.0,1699.0,620.0,2370.0,2157.0,4.0,3.0,143.0,244.0,28979.0
2024-04-28,185.0,268.0,148.0,151.0,273.0,65.0,737.0,517.0,332.0,126.0,350.0,295.0,257.0,59.0,231.0,1593.0,1398.0,762.0,963.0,990.0,378.0,1021.0,1181.0,1182.0,1149.0,277.0,294.0,108.0,121.0,1733.0,1635.0,256.0,132.0,203.0,196.0,57.0,116.0,639.0,272.0,337.0,277.0,133.0,371.0,0.0,0.0,34.0,39.0,736.0,655.0,282.0,32.0,284.0,264.0,1941.0,672.0,2638.0,2379.0,56.0,149.0,183.0,272.0,32384.0
2024-04-29,255.0,282.0,114.0,192.0,329.0,74.0,977.0,745.0,1403.0,173.0,420.0,376.0,351.0,64.0,270.0,1031.0,970.0,597.0,764.0,1192.0,325.0,1144.0,1279.0,1126.0,1020.0,414.0,436.0,180.0,207.0,1007.0,976.0,551.0,119.0,236.0,238.0,108.0,147.0,0.0,0.0,241.0,208.0,112.0,268.0,0.0,0.0,57.0,114.0,508.0,458.0,227.0,39.0,220.0,193.0,954.0,178.0,0.0,0.0,112.0,56.0,62.0,99.0,24198.0
2024-04-30,266.0,244.0,150.0,195.0,316.0,69.0,809.0,594.0,1513.0,213.0,510.0,465.0,411.0,139.0,278.0,1066.0,949.0,610.0,825.0,1251.0,350.0,1107.0,1358.0,1050.0,1122.0,380.0,483.0,171.0,197.0,1096.0,1031.0,574.0,146.0,263.0,251.0,147.0,169.0,0.0,0.0,282.0,246.0,85.0,303.0,0.0,0.0,62.0,124.0,543.0,466.0,251.0,32.0,231.0,222.0,973.0,257.0,1184.0,1367.0,118.0,52.0,42.0,111.0,27719.0
2024-05-01,249.0,348.0,141.0,167.0,298.0,60.0,891.0,706.0,361.0,156.0,422.0,354.0,212.0,79.0,268.0,1883.0,1620.0,928.0,1152.0,1017.0,342.0,1259.0,1362.0,1403.0,1475.0,255.0,327.0,133.0,112.0,1867.0,1783.0,276.0,127.0,166.0,193.0,202.0,277.0,0.0,0.0,441.0,336.0,107.0,400.0,0.0,0.0,15.0,36.0,846.0,734.0,373.0,40.0,421.0,353.0,2390.0,1065.0,2988.0,2584.0,36.0,84.0,237.0,307.0,36664.0
2024-05-02,226.0,252.0,142.0,190.0,313.0,3.0,1012.0,560.0,1398.0,192.0,388.0,391.0,301.0,126.0,250.0,933.0,812.0,526.0,685.0,1204.0,127.0,1089.0,1263.0,1052.0,1013.0,406.0,417.0,178.0,162.0,916.0,842.0,537.0,159.0,211.0,219.0,149.0,200.0,0.0,0.0,229.0,208.0,62.0,194.0,0.0,0.0,55.0,84.0,533.0,430.0,205.0,37.0,195.0,187.0,654.0,150.0,1367.0,1298.0,117.0,29.0,49.0,81.0,25008.0
2024-05-03,160.0,159.0,138.0,145.0,277.0,0.0,604.0,470.0,1271.0,140.0,211.0,316.0,274.0,101.0,178.0,526.0,435.0,279.0,356.0,1000.0,285.0,647.0,735.0,576.0,568.0,270.0,319.0,147.0,130.0,533.0,501.0,457.0,89.0,125.0,143.0,115.0,119.0,0.0,0.0,152.0,115.0,45.0,137.0,0.0,0.0,65.0,79.0,279.0,223.0,127.0,20.0,122.0,109.0,398.0,71.0,757.0,799.0,63.0,50.0,40.0,40.0,16490.0
2024-05-04,188.0,251.0,129.0,176.0,314.0,0.0,596.0,637.0,139.0,127.0,311.0,329.0,194.0,101.0,185.0,1249.0,1184.0,573.0,813.0,905.0,292.0,836.0,1028.0,1000.0,942.0,262.0,276.0,98.0,114.0,1168.0,1136.0,280.0,86.0,128.0,168.0,111.0,193.0,0.0,0.0,261.0,183.0,115.0,309.0,0.0,0.0,35.0,32.0,539.0,455.0,203.0,26.0,256.0,294.0,1431.0,425.0,2180.0,2026.0,33.0,92.0,133.0,208.0,25755.0
2024-05-05,167.0,198.0,123.0,175.0,290.0,1.0,603.0,498.0,203.0,115.0,330.0,4575.0,136.0,92.0,145.0,1145.0,985.0,558.0,720.0,443.0,279.0,711.0,807.0,852.0,758.0,217.0,273.0,83.0,100.0,1053.0,1004.0,202.0,104.0,152.0,158.0,276.0,286.0,0.0,0.0,312.0,208.0,119.0,349.0,0.0,0.0,28.0,36.0,453.0,447.0,186.0,30.0,275.0,253.0,1376.0,440.0,2034.0,1728.0,26.0,79.0,125.0,168.0,27489.0
2024-05-06,189.0,211.0,110.0,167.0,265.0,0.0,849.0,746.0,1367.0,187.0,327.0,342.0,254.0,98.0,175.0,719.0,621.0,389.0,518.0,1103.0,384.0,856.0,1035.0,794.0,795.0,306.0,353.0,144.0,168.0,662.0,659.0,455.0,116.0,162.0,182.0,190.0,218.0,632.0,492.0,247.0,171.0,57.0,156.0,0.0,0.0,27.0,107.0,345.0,305.0,175.0,26.0,136.0,143.0,452.0,99.0,1081.0,1046.0,103.0,43.0,31.0,57.0,22047.0
2024-05-07,54.0,53.0,34.0,58.0,240.0,1.0,284.0,236.0,1316.0,75.0,197.0,190.0,156.0,46.0,89.0,264.0,175.0,66.0,110.0,757.0,215.0,174.0,226.0,137.0,136.0,118.0,126.0,73.0,60.0,230.0,179.0,616.0,79.0,121.0,82.0,17.0,18.0,168.0,144.0,41.0,36.0,20.0,57.0,0.0,0.0,8.0,59.0,51.0,46.0,35.0,22.0,33.0,25.0,89.0,39.0,210.0,238.0,12.0,10.0,9.0,7.0,8367.0
2024-05-08,172.0,178.0,126.0,99.0,385.0,3.0,534.0,362.0,159.0,109.0,320.0,257.0,178.0,88.0,195.0,1214.0,1046.0,545.0,739.0,758.0,82.0,828.0,993.0,839.0,849.0,204.0,266.0,115.0,102.0,1046.0,1117.0,222.0,119.0,141.0,218.0,293.0,282.0,1902.0,1915.0,197.0,151.0,92.0,278.0,0.0,0.0,13.0,46.0,476.0,369.0,210.0,47.0,281.0,302.0,1381.0,438.0,1877.0,1806.0,27.0,117.0,110.0,128.0,27346.0
2024-05-09,238.0,260.0,91.0,234.0,375.0,0.0,1066.0,989.0,1199.0,234.0,442.0,410.0,316.0,137.0,272.0,1102.0,1051.0,587.0,836.0,1100.0,98.0,1131.0,1316.0,1128.0,1022.0,368.0,483.0,196.0,183.0,991.0,951.0,539.0,148.0,211.0,248.0,166.0,219.0,1464.0,1531.0,319.0,244.0,88.0,258.0,0.0,0.0,35.0,88.0,542.0,451.0,235.0,39.0,251.0,184.0,942.0,215.0,1646.0,1659.0,130.0,48.0,64.0,110.0,30880.0
2024-05-10,220.0,234.0,149.0,153.0,416.0,0.0,970.0,881.0,945.0,184.0,349.0,356.0,460.0,173.0,227.0,957.0,848.0,565.0,755.0,1192.0,296.0,962.0,1199.0,942.0,973.0,390.0,420.0,186.0,154.0,923.0,904.0,521.0,133.0,162.0,241.0,282.0,311.0,1494.0,1434.0,272.0,192.0,85.0,238.0,0.0,0.0,19.0,75.0,447.0,416.0,203.0,37.0,210.0,211.0,928.0,240.0,1570.0,1603.0,88.0,72.0,60.0,108.0,29035.0
2024-05-11,197.0,222.0,83.0,113.0,471.0,0.0,767.0,730.0,197.0,124.0,298.0,357.0,381.0,139.0,234.0,1270.0,1181.0,576.0,809.0,1067.0,307.0,882.0,1024.0,1010.0,928.0,309.0,350.0,107.0,91.0,1283.0,1164.0,236.0,9.0,147.0,240.0,144.0,241.0,2051.0,2103.0,257.0,197.0,151.0,355.0,0.0,0.0,21.0,37.0,473.0,472.0,208.0,33.0,387.0,392.0,1468.0,518.0,2164.0,1950.0,33.0,105.0,0.0,0.0,31063.0
2024-05-12,172.0,278.0,132.0,93.0,409.0,0.0,695.0,604.0,860.0,113.0,329.0,357.0,183.0,119.0,187.0,1296.0,1232.0,644.0,870.0,911.0,368.0,888.0,1085.0,1026.0,964.0,246.0,297.0,88.0,80.0,1271.0,1136.0,243.0,93.0,149.0,277.0,354.0,405.0,2243.0,2354.0,295.0,236.0,45.0,411.0,0.0,0.0,10.0,41.0,572.0,417.0,235.0,46.0,473.0,450.0,1589.0,578.0,784.0,1014.0,36.0,94.0,0.0,0.0,30377.0
2024-05-13,240.0,276.0,83.0,248.0,449.0,0.0,1190.0,1123.0,1623.0,208.0,540.0,407.0,297.0,170.0,269.0,1045.0,977.0,687.0,878.0,1129.0,352.0,1276.0,1451.0,1161.0,1181.0,472.0,516.0,166.0,224.0,1026.0,985.0,577.0,138.0,243.0,269.0,327.0,376.0,1465.0,1476.0,318.0,237.0,24.0,270.0,0.0,0.0,34.0,86.0,583.0,488.0,262.0,47.0,299.0,276.0,967.0,209.0,1330.0,1533.0,111.0,63.0,0.0,0.0,32657.0
2024-05-14,276.0,309.0,136.0,225.0,416.0,0.0,1230.0,1071.0,1608.0,187.0,498.0,500.0,429.0,187.0,530.0,1289.0,1186.0,678.0,929.0,1247.0,298.0,1548.0,1611.0,1322.0,1309.0,444.0,659.0,200.0,235.0,1228.0,1201.0,676.0,150.0,285.0,322.0,203.0,256.0,1698.0,1691.0,446.0,324.0,61.0,315.0,0.0,0.0,34.0,87.0,721.0,582.0,286.0,68.0,336.0,250.0,1188.0,257.0,2009.0,1995.0,144.0,71.0,76.0,118.0,37635.0
2024-05-15,275.0,300.0,166.0,230.0,411.0,1.0,1088.0,702.0,1441.0,80.0,437.0,482.0,399.0,165.0,486.0,1042.0,913.0,622.0,768.0,1180.0,279.0,1491.0,1453.0,1232.0,1216.0,429.0,540.0,196.0,239.0,1071.0,978.0,771.0,160.0,269.0,272.0,364.0,399.0,1382.0,1322.0,313.0,260.0,60.0,246.0,0.0,0.0,42.0,101.0,594.0,454.0,254.0,50.0,218.0,176.0,896.0,268.0,1636.0,1561.0,160.0,46.0,76.0,111.0,32773.0
2024-05-16,189.0,218.0,123.0,150.0,412.0,1.0,836.0,314.0,1357.0,61.0,361.0,462.0,348.0,146.0,492.0,692.0,611.0,424.0,533.0,1066.0,306.0,1074.0,1093.0,931.0,868.0,464.0,528.0,169.0,206.0,728.0,657.0,697.0,10.0,216.0,181.0,161.0,200.0,727.0,743.0,239.0,162.0,54.0,157.0,0.0,0.0,43.0,94.0,415.0,340.0,158.0,52.0,165.0,150.0,428.0,164.0,995.0,977.0,85.0,42.0,42.0,53.0,23570.0
2024-05-17,97.0,84.0,52.0,50.0,374.0,0.0,316.0,330.0,1325.0,36.0,155.0,176.0,133.0,47.0,242.0,213.0,195.0,124.0,177.0,790.0,218.0,349.0,351.0,203.0,259.0,146.0,191.0,97.0,77.0,240.0,257.0,715.0,76.0,77.0,89.0,57.0,75.0,193.0,231.0,64.0,58.0,13.0,76.0,0.0,0.0,31.0,57.0,117.0,91.0,58.0,14.0,56.0,46.0,114.0,37.0,297.0,333.0,23.0,13.0,11.0,14.0,10340.0
2024-05-18,73.0,93.0,82.0,104.0,360.0,0.0,427.0,288.0,229.0,27.0,178.0,145.0,151.0,114.0,250.0,532.0,463.0,203.0,297.0,758.0,269.0,479.0,495.0,446.0,441.0,154.0,243.0,71.0,54.0,532.0,530.0,251.0,93.0,86.0,113.0,78.0,90.0,754.0,721.0,103.0,113.0,35.0,118.0,0.0,0.0,31.0,32.0,190.0,179.0,100.0,21.0,88.0,85.0,498.0,202.0,790.0,760.0,18.0,44.0,92.0,56.0,14229.0
2024-05-19,151.0,168.0,144.0,110.0,305.0,0.0,608.0,504.0,659.0,43.0,288.0,262.0,170.0,134.0,298.0,1157.0,960.0,479.0,689.0,869.0,325.0,880.0,916.0,891.0,839.0,178.0,223.0,91.0,91.0,1148.0,1029.0,225.0,83.0,118.0,153.0,157.0,189.0,1948.0,2100.0,242.0,195.0,44.0,270.0,0.0,0.0,26.0,47.0,408.0,393.0,196.0,26.0,260.0,265.0,1339.0,548.0,10.0,9.0,26.0,88.0,157.0,154.0,24285.0
2024-05-20,283.0,316.0,190.0,270.0,756.0,0.0,1246.0,936.0,1554.0,111.0,468.0,529.0,338.0,101.0,475.0,1322.0,1195.0,667.0,887.0,1263.0,217.0,1508.0,1509.0,1256.0,1201.0,495.0,445.0,182.0,233.0,1189.0,1157.0,657.0,11.0,272.0,284.0,291.0,377.0,1798.0,1810.0,307.0,256.0,66.0,301.0,0.0,0.0,69.0,133.0,677.0,602.0,268.0,57.0,290.0,269.0,1186.0,246.0,1555.0,1761.0,148.0,66.0,118.0,116.0,36290.0
2024-05-21,164.0,180.0,108.0,144.0,384.0,0.0,738.0,485.0,1469.0,61.0,365.0,300.0,228.0,54.0,333.0,616.0,569.0,399.0,448.0,1080.0,296.0,973.0,847.0,764.0,689.0,326.0,344.0,135.0,145.0,607.0,548.0,712.0,129.0,175.0,168.0,161.0,228.0,745.0,682.0,214.0,156.0,36.0,159.0,0.0,0.0,39.0,81.0,324.0,262.0,140.0,39.0,177.0,142.0,424.0,81.0,813.0,873.0,104.0,47.0,38.0,28.0,20976.0
2024-05-22,168.0,189.0,138.0,161.0,302.0,0.0,649.0,311.0,1450.0,72.0,354.0,299.0,294.0,162.0,361.0,540.0,557.0,323.0,459.0,905.0,278.0,783.0,810.0,621.0,645.0,334.0,360.0,149.0,160.0,655.0,675.0,839.0,126.0,157.0,154.0,116.0,137.0,806.0,822.0,183.0,145.0,52.0,187.0,0.0,0.0,64.0,94.0,265.0,226.0,137.0,38.0,136.0,123.0,458.0,129.0,855.0,881.0,53.0,22.0,52.0,52.0,20473.0
2024-05-23,246.0,269.0,228.0,225.0,316.0,1.0,1045.0,802.0,1469.0,98.0,472.0,478.0,346.0,157.0,498.0,1050.0,1075.0,596.0,799.0,1234.0,309.0,1451.0,1481.0,1218.0,1170.0,438.0,486.0,150.0,181.0,1041.0,1065.0,613.0,155.0,231.0,284.0,290.0,336.0,1550.0,1609.0,318.0,251.0,69.0,286.0,0.0,0.0,71.0,98.0,587.0,482.0,254.0,53.0,292.0,260.0,1052.0,247.0,1692.0,1759.0,135.0,74.0,116.0,122.0,33680.0
2024-05-24,134.0,151.0,126.0,168.0,390.0,1.0,650.0,383.0,1124.0,69.0,306.0,460.0,238.0,128.0,346.0,601.0,502.0,320.0,437.0,1054.0,266.0,752.0,778.0,586.0,605.0,295.0,318.0,135.0,128.0,598.0,552.0,776.0,110.0,171.0,164.0,82.0,91.0,820.0,769.0,157.0,114.0,33.0,162.0,0.0,0.0,48.0,75.0,224.0,203.0,142.0,25.0,141.0,118.0,493.0,103.0,847.0,912.0,63.0,28.0,62.0,43.0,19577.0
2024-05-25,150.0,196.0,140.0,121.0,366.0,0.0,572.0,455.0,187.0,37.0,246.0,262.0,131.0,113.0,269.0,858.0,844.0,411.0,554.0,973.0,335.0,763.0,822.0,749.0,756.0,219.0,230.0,94.0,118.0,795.0,849.0,261.0,91.0,131.0,120.0,111.0,181.0,1422.0,1458.0,223.0,166.0,50.0,186.0,0.0,0.0,29.0,44.0,269.0,244.0,141.0,23.0,188.0,180.0,982.0,334.0,1520.0,1447.0,46.0,98.0,103.0,110.0,22773.0
2024-05-26,185.0,225.0,162.0,170.0,329.0,0.0,654.0,546.0,792.0,47.0,262.0,317.0,241.0,128.0,284.0,1149.0,988.0,535.0,681.0,957.0,409.0,928.0,916.0,942.0,847.0,265.0,311.0,83.0,92.0,1087.0,1011.0,236.0,117.0,150.0,127.0,129.0,158.0,1826.0,1933.0,243.0,171.0,53.0,268.0,0.0,0.0,26.0,30.0,424.0,415.0,220.0,37.0,269.0,264.0,1337.0,539.0,1239.0,1345.0,67.0,127.0,172.0,161.0,27626.0
2024-05-27,254.0,258.0,172.0,201.0,285.0,0.0,977.0,698.0,1485.0,81.0,412.0,416.0,306.0,140.0,398.0,846.0,752.0,487.0,693.0,1214.0,342.0,1154.0,1163.0,968.0,904.0,447.0,452.0,181.0,188.0,752.0,684.0,678.0,143.0,209.0,178.0,167.0,224.0,982.0,1086.0,295.0,203.0,78.0,232.0,0.0,0.0,55.0,90.0,431.0,337.0,198.0,36.0,207.0,166.0,605.0,139.0,803.0,1006.0,92.0,46.0,56.0,53.0,26105.0
2024-05-28,148.0,137.0,171.0,89.0,182.0,0.0,586.0,369.0,1431.0,66.0,319.0,258.0,226.0,102.0,322.0,539.0,495.0,308.0,429.0,1053.0,250.0,738.0,666.0,536.0,570.0,276.0,329.0,130.0,132.0,513.0,474.0,749.0,102.0,152.0,131.0,91.0,101.0,617.0,630.0,158.0,137.0,37.0,160.0,0.0,0.0,37.0,71.0,230.0,183.0,100.0,22.0,146.0,116.0,384.0,110.0,684.0,739.0,48.0,21.0,30.0,34.0,17864.0
2024-05-29,303.0,340.0,181.0,163.0,225.0,0.0,1165.0,990.0,1512.0,90.0,494.0,495.0,435.0,141.0,478.0,1295.0,1194.0,697.0,912.0,1201.0,263.0,1503.0,1504.0,1258.0,1236.0,497.0,555.0,201.0,199.0,1205.0,1150.0,740.0,159.0,273.0,274.0,184.0,238.0,1780.0,1938.0,380.0,301.0,77.0,289.0,0.0,0.0,55.0,75.0,652.0,583.0,273.0,70.0,289.0,263.0,1242.0,326.0,2175.0,2076.0,137.0,33.0,106.0,138.0,37008.0
2024-05-30,201.0,186.0,98.0,154.0,182.0,0.0,732.0,437.0,1454.0,130.0,381.0,526.0,371.0,61.0,336.0,681.0,636.0,335.0,488.0,1189.0,256.0,980.0,804.0,803.0,696.0,316.0,336.0,150.0,141.0,659.0,697.0,705.0,129.0,173.0,157.0,131.0,121.0,957.0,954.0,198.0,149.0,50.0,201.0,0.0,0.0,60.0,75.0,377.0,270.0,148.0,41.0,181.0,161.0,610.0,183.0,1017.0,1005.0,78.0,24.0,51.0,57.0,22679.0
2024-05-31,143.0,150.0,120.0,133.0,132.0,0.0,520.0,288.0,1054.0,112.0,259.0,264.0,260.0,62.0,281.0,454.0,465.0,268.0,343.0,1106.0,245.0,620.0,576.0,533.0,480.0,288.0,319.0,116.0,109.0,555.0,531.0,723.0,115.0,112.0,131.0,99.0,117.0,643.0,836.0,134.0,93.0,42.0,154.0,0.0,0.0,52.0,52.0,237.0,183.0,132.0,17.0,115.0,109.0,415.0,187.0,766.0,769.0,54.0,26.0,42.0,37.0,17178.0
2024-06-01,49.0,57.0,31.0,39.0,96.0,0.0,177.0,124.0,395.0,49.0,80.0,86.0,57.0,53.0,102.0,212.0,180.0,70.0,91.0,824.0,342.0,253.0,214.0,193.0,200.0,110.0,158.0,48.0,24.0,156.0,150.0,419.0,56.0,43.0,29.0,3.0,5.0,212.0,210.0,40.0,36.0,2.0,38.0,0.0,0.0,18.0,25.0,40.0,32.0,22.0,8.0,27.0,36.0,136.0,64.0,0.0,0.0,6.0,7.0,28.0,17.0,6179.0
2024-06-02,91.0,115.0,68.0,74.0,99.0,0.0,287.0,280.0,697.0,60.0,170.0,130.0,124.0,44.0,153.0,574.0,472.0,308.0,388.0,712.0,295.0,424.0,471.0,401.0,418.0,193.0,213.0,54.0,80.0,504.0,469.0,251.0,68.0,85.0,110.0,72.0,95.0,853.0,850.0,139.0,98.0,53.0,144.0,0.0,0.0,15.0,39.0,222.0,173.0,94.0,13.0,112.0,141.0,582.0,299.0,0.0,0.0,8.0,13.0,98.0,59.0,13054.0
2024-06-03,222.0,193.0,110.0,182.0,189.0,0.0,796.0,850.0,1384.0,163.0,326.0,298.0,215.0,107.0,351.0,672.0,660.0,378.0,529.0,853.0,283.0,765.0,845.0,733.0,696.0,330.0,352.0,149.0,167.0,680.0,658.0,498.0,136.0,214.0,128.0,86.0,106.0,902.0,876.0,217.0,159.0,57.0,184.0,0.0,0.0,57.0,87.0,344.0,269.0,160.0,30.0,138.0,133.0,564.0,218.0,619.0,793.0,80.0,20.0,42.0,41.0,21294.0
2024-06-04,242.0,262.0,176.0,230.0,276.0,0.0,991.0,1134.0,1381.0,181.0,447.0,393.0,325.0,173.0,459.0,1072.0,1008.0,539.0,799.0,1010.0,302.0,987.0,1202.0,943.0,934.0,431.0,528.0,182.0,168.0,1078.0,1032.0,611.0,61.0,304.0,235.0,166.0,128.0,1480.0,1500.0,300.0,230.0,83.0,266.0,0.0,0.0,49.0,106.0,515.0,424.0,253.0,49.0,263.0,228.0,933.0,321.0,1531.0,1524.0,79.0,27.0,113.0,111.0,30775.0
2024-06-05,286.0,256.0,113.0,264.0,214.0,0.0,1142.0,1194.0,1605.0,208.0,458.0,473.0,358.0,181.0,356.0,1124.0,1085.0,610.0,833.0,1088.0,309.0,1187.0,1399.0,1144.0,1100.0,498.0,462.0,186.0,207.0,1096.0,1040.0,667.0,172.0,278.0,262.0,162.0,177.0,1523.0,1586.0,327.0,251.0,86.0,286.0,0.0,0.0,47.0,93.0,633.0,530.0,251.0,45.0,272.0,249.0,954.0,303.0,1808.0,1695.0,86.0,34.0,118.0,141.0,33512.0
2024-06-06,215.0,206.0,94.0,221.0,254.0,0.0,1023.0,1128.0,1502.0,167.0,404.0,443.0,356.0,197.0,278.0,826.0,760.0,463.0,657.0,999.0,274.0,1035.0,1124.0,960.0,923.0,399.0,496.0,167.0,190.0,912.0,870.0,689.0,139.0,303.0,195.0,132.0,154.0,1143.0,1139.0,276.0,201.0,55.0,222.0,0.0,0.0,48.0,102.0,433.0,340.0,193.0,32.0,217.0,184.0,727.0,207.0,1263.0,1284.0,74.0,25.0,91.0,82.0,27493.0
2024-06-07,206.0,227.0,143.0,182.0,233.0,0.0,761.0,855.0,1594.0,180.0,337.0,372.0,179.0,152.0,221.0,772.0,745.0,404.0,632.0,1088.0,337.0,855.0,994.0,819.0,855.0,356.0,389.0,136.0,130.0,841.0,795.0,452.0,15.0,250.0,152.0,58.0,72.0,1081.0,1130.0,212.0,150.0,55.0,201.0,0.0,0.0,42.0,83.0,398.0,295.0,182.0,36.0,210.0,191.0,720.0,240.0,1404.0,1442.0,34.0,16.0,83.0,91.0,25085.0
2024-06-08,216.0,267.0,178.0,217.0,292.0,0.0,884.0,911.0,538.0,90.0,285.0,291.0,345.0,164.0,207.0,1379.0,1145.0,587.0,763.0,1075.0,372.0,1024.0,1135.0,1168.0,1040.0,274.0,360.0,113.0,82.0,1403.0,1243.0,281.0,115.0,152.0,183.0,18.0,20.0,2116.0,2113.0,326.0,251.0,69.0,344.0,0.0,0.0,24.0,50.0,637.0,574.0,266.0,37.0,297.0,316.0,1586.0,562.0,2402.0,2198.0,13.0,31.0,237.0,219.0,33485.0
2024-06-09,224.0,241.0,135.0,166.0,206.0,0.0,791.0,799.0,481.0,136.0,341.0,362.0,207.0,179.0,247.0,1456.0,1203.0,655.0,963.0,960.0,363.0,946.0,1075.0,1055.0,1014.0,277.0,333.0,100.0,83.0,1470.0,1282.0,249.0,133.0,152.0,161.0,417.0,290.0,2302.0,2299.0,297.0,236.0,63.0,371.0,0.0,0.0,33.0,43.0,624.0,543.0,219.0,41.0,359.0,323.0,1674.0,597.0,2271.0,2126.0,7.0,10.0,255.0,158.0,34003.0
2024-06-10,238.0,255.0,184.0,243.0,200.0,0.0,968.0,973.0,1401.0,177.0,416.0,298.0,289.0,177.0,272.0,906.0,802.0,513.0,722.0,1167.0,375.0,1044.0,1200.0,1005.0,956.0,361.0,381.0,184.0,223.0,921.0,854.0,452.0,10.0,283.0,203.0,76.0,86.0,1190.0,1247.0,244.0,193.0,66.0,258.0,0.0,0.0,56.0,68.0,419.0,359.0,184.0,54.0,243.0,236.0,811.0,222.0,0.0,0.0,65.0,12.0,71.0,68.0,24881.0
2024-06-11,247.0,256.0,207.0,246.0,248.0,0.0,981.0,1128.0,1460.0,190.0,414.0,413.0,334.0,184.0,314.0,820.0,785.0,453.0,685.0,1110.0,273.0,1138.0,1228.0,990.0,904.0,410.0,471.0,169.0,179.0,806.0,822.0,619.0,168.0,276.0,221.0,346.0,336.0,1005.0,1065.0,294.0,210.0,70.0,262.0,0.0,0.0,71.0,86.0,463.0,374.0,209.0,49.0,246.0,211.0,656.0,210.0,752.0,897.0,71.0,24.0,40.0,72.0,27168.0
2024-06-12,241.0,241.0,164.0,213.0,193.0,0.0,895.0,855.0,1500.0,190.0,416.0,501.0,377.0,156.0,301.0,887.0,823.0,466.0,652.0,1129.0,260.0,1147.0,1207.0,969.0,955.0,273.0,297.0,190.0,225.0,848.0,802.0,921.0,139.0,276.0,202.0,61.0,70.0,1142.0,1136.0,244.0,180.0,73.0,245.0,0.0,0.0,62.0,129.0,473.0,378.0,205.0,95.0,232.0,200.0,742.0,183.0,1449.0,1431.0,74.0,28.0,75.0,97.0,27915.0
2024-06-13,200.0,212.0,135.0,174.0,342.0,0.0,693.0,542.0,1625.0,173.0,343.0,247.0,248.0,104.0,258.0,611.0,591.0,309.0,412.0,1077.0,331.0,929.0,926.0,751.0,700.0,288.0,343.0,153.0,169.0,634.0,600.0,659.0,140.0,275.0,167.0,16.0,11.0,740.0,809.0,253.0,186.0,49.0,177.0,0.0,0.0,48.0,89.0,346.0,269.0,150.0,50.0,167.0,190.0,454.0,208.0,1010.0,1012.0,63.0,20.0,82.0,70.0,21830.0
2024-06-14,207.0,195.0,151.0,177.0,399.0,1.0,717.0,739.0,1409.0,146.0,285.0,293.0,324.0,134.0,283.0,652.0,587.0,283.0,457.0,1040.0,307.0,863.0,919.0,729.0,723.0,278.0,343.0,159.0,138.0,627.0,627.0,519.0,149.0,218.0,128.0,59.0,63.0,884.0,920.0,203.0,151.0,44.0,187.0,0.0,0.0,56.0,89.0,354.0,260.0,126.0,29.0,171.0,150.0,574.0,232.0,1131.0,1096.0,64.0,38.0,61.0,68.0,22216.0
2024-06-15,136.0,178.0,103.0,151.0,386.0,0.0,517.0,316.0,177.0,95.0,214.0,206.0,189.0,99.0,226.0,808.0,783.0,360.0,585.0,1000.0,345.0,801.0,878.0,801.0,752.0,259.0,276.0,88.0,86.0,762.0,807.0,475.0,10.0,106.0,152.0,28.0,73.0,1431.0,1394.0,227.0,155.0,64.0,245.0,0.0,0.0,42.0,91.0,358.0,304.0,150.0,25.0,177.0,189.0,973.0,413.0,1531.0,1511.0,26.0,46.0,172.0,128.0,22880.0
2024-06-16,228.0,267.0,130.0,214.0,421.0,0.0,759.0,531.0,643.0,131.0,299.0,283.0,211.0,108.0,247.0,1355.0,1243.0,612.0,848.0,977.0,371.0,1060.0,1149.0,1091.0,1046.0,272.0,296.0,119.0,101.0,1244.0,1175.0,232.0,95.0,137.0,181.0,17.0,56.0,2373.0,2420.0,237.0,210.0,94.0,397.0,0.0,0.0,23.0,38.0,580.0,536.0,235.0,39.0,336.0,330.0,1747.0,756.0,2520.0,2151.0,13.0,22.0,247.0,170.0,33623.0
2024-06-17,256.0,230.0,120.0,220.0,491.0,1.0,876.0,447.0,1466.0,190.0,450.0,402.0,316.0,148.0,324.0,971.0,908.0,512.0,722.0,1186.0,337.0,1172.0,1205.0,1034.0,1005.0,375.0,385.0,170.0,174.0,897.0,943.0,506.0,179.0,256.0,196.0,143.0,151.0,1268.0,1192.0,266.0,204.0,60.0,257.0,0.0,0.0,52.0,62.0,499.0,382.0,243.0,38.0,248.0,247.0,859.0,243.0,1454.0,1437.0,92.0,29.0,84.0,77.0,28657.0
2024-06-18,301.0,314.0,170.0,268.0,419.0,1.0,702.0,575.0,1633.0,202.0,441.0,538.0,352.0,161.0,346.0,1127.0,1040.0,603.0,843.0,1421.0,287.0,1308.0,1530.0,1204.0,1230.0,433.0,448.0,191.0,189.0,1174.0,1158.0,618.0,168.0,348.0,209.0,165.0,168.0,1687.0,1759.0,357.0,261.0,88.0,316.0,0.0,0.0,40.0,51.0,630.0,561.0,253.0,34.0,300.0,260.0,1168.0,253.0,1829.0,1733.0,76.0,17.0,140.0,115.0,34213.0
2024-06-19,285.0,245.0,199.0,227.0,373.0,0.0,957.0,747.0,1590.0,217.0,433.0,484.0,367.0,167.0,307.0,918.0,876.0,502.0,693.0,1240.0,278.0,1123.0,1204.0,1035.0,901.0,362.0,393.0,192.0,177.0,808.0,786.0,536.0,150.0,303.0,174.0,118.0,107.0,1222.0,1266.0,303.0,246.0,76.0,267.0,0.0,0.0,0.0,18.0,498.0,389.0,215.0,29.0,264.0,225.0,745.0,137.0,1558.0,1581.0,27.0,10.0,100.0,82.0,28732.0
2024-06-20,271.0,249.0,153.0,212.0,333.0,0.0,938.0,901.0,1619.0,192.0,428.0,397.0,344.0,143.0,345.0,1036.0,977.0,575.0,746.0,1254.0,241.0,1117.0,1295.0,999.0,1038.0,378.0,411.0,165.0,218.0,691.0,634.0,515.0,163.0,279.0,195.0,55.0,47.0,1395.0,1486.0,290.0,221.0,61.0,232.0,0.0,0.0,1.0,12.0,536.0,400.0,214.0,57.0,246.0,238.0,911.0,214.0,1575.0,1653.0,72.0,21.0,113.0,119.0,29621.0
2024-06-21,198.0,179.0,142.0,144.0,304.0,0.0,439.0,423.0,1528.0,175.0,256.0,306.0,271.0,67.0,209.0,598.0,546.0,299.0,400.0,1356.0,151.0,728.0,809.0,650.0,621.0,237.0,289.0,140.0,124.0,440.0,413.0,441.0,124.0,192.0,129.0,10.0,10.0,840.0,821.0,208.0,152.0,44.0,173.0,0.0,0.0,1.0,6.0,340.0,236.0,131.0,27.0,179.0,159.0,560.0,105.0,939.0,1019.0,30.0,26.0,52.0,42.0,19438.0
2024-06-22,165.0,193.0,152.0,177.0,374.0,0.0,644.0,485.0,273.0,98.0,247.0,311.0,147.0,139.0,191.0,1159.0,925.0,535.0,713.0,1110.0,49.0,829.0,774.0,905.0,824.0,177.0,263.0,133.0,66.0,749.0,628.0,275.0,92.0,117.0,147.0,9.0,6.0,1800.0,1782.0,194.0,166.0,75.0,248.0,0.0,0.0,9.0,33.0,399.0,363.0,170.0,36.0,187.0,226.0,1243.0,488.0,1765.0,1665.0,12.0,19.0,167.0,138.0,25266.0
2024-06-23,231.0,261.0,168.0,158.0,339.0,0.0,592.0,537.0,661.0,134.0,279.0,299.0,224.0,147.0,239.0,1420.0,1316.0,635.0,920.0,1070.0,118.0,1037.0,1165.0,1167.0,1069.0,248.0,323.0,126.0,104.0,911.0,878.0,298.0,108.0,174.0,165.0,543.0,452.0,2453.0,2490.0,291.0,238.0,76.0,372.0,0.0,0.0,31.0,42.0,594.0,520.0,287.0,41.0,306.0,317.0,1723.0,598.0,1855.0,1953.0,23.0,28.0,223.0,251.0,33228.0
2024-06-24,255.0,295.0,176.0,239.0,313.0,3.0,1021.0,808.0,1706.0,171.0,410.0,427.0,250.0,158.0,319.0,1047.0,937.0,560.0,785.0,1110.0,286.0,1200.0,1365.0,1146.0,1073.0,361.0,397.0,213.0,210.0,652.0,641.0,568.0,150.0,302.0,276.0,116.0,151.0,1349.0,1373.0,293.0,197.0,76.0,313.0,0.0,0.0,48.0,80.0,553.0,449.0,227.0,48.0,302.0,260.0,912.0,217.0,1354.0,1486.0,87.0,49.0,114.0,109.0,29993.0
2024-06-25,286.0,339.0,130.0,267.0,329.0,1.0,860.0,454.0,1624.0,167.0,489.0,407.0,305.0,182.0,413.0,1186.0,1104.0,615.0,891.0,1118.0,301.0,1413.0,1493.0,1302.0,1202.0,406.0,584.0,209.0,217.0,717.0,678.0,644.0,156.0,330.0,315.0,136.0,153.0,1549.0,1559.0,386.0,270.0,70.0,321.0,0.0,0.0,40.0,71.0,637.0,559.0,270.0,39.0,325.0,285.0,1075.0,221.0,1919.0,1833.0,102.0,30.0,114.0,126.0,33224.0
2024-06-26,261.0,275.0,171.0,123.0,258.0,25.0,708.0,519.0,1749.0,211.0,466.0,489.0,249.0,175.0,354.0,970.0,935.0,524.0,743.0,1433.0,341.0,1213.0,1339.0,1092.0,1134.0,375.0,450.0,169.0,216.0,664.0,646.0,616.0,181.0,317.0,210.0,398.0,321.0,1424.0,1371.0,305.0,240.0,51.0,250.0,0.0,0.0,89.0,75.0,494.0,424.0,239.0,33.0,266.0,245.0,948.0,154.0,1683.0,1545.0,76.0,41.0,92.0,92.0,30457.0
2024-06-27,165.0,171.0,82.0,135.0,256.0,43.0,601.0,583.0,1680.0,132.0,354.0,334.0,324.0,138.0,220.0,630.0,539.0,353.0,392.0,1271.0,277.0,854.0,813.0,731.0,640.0,284.0,377.0,162.0,169.0,377.0,337.0,640.0,130.0,262.0,165.0,25.0,21.0,666.0,650.0,317.0,194.0,49.0,165.0,0.0,0.0,107.0,75.0,309.0,242.0,133.0,21.0,184.0,158.0,403.0,82.0,1036.0,893.0,28.0,12.0,52.0,34.0,20477.0
2024-06-28,179.0,188.0,140.0,178.0,278.0,96.0,759.0,782.0,1418.0,170.0,291.0,291.0,230.0,141.0,233.0,705.0,646.0,339.0,523.0,1043.0,322.0,849.0,960.0,698.0,731.0,290.0,323.0,173.0,128.0,464.0,466.0,424.0,145.0,185.0,119.0,28.0,16.0,961.0,904.0,245.0,167.0,44.0,169.0,0.0,0.0,155.0,75.0,309.0,272.0,144.0,21.0,169.0,173.0,638.0,167.0,1190.0,1258.0,24.0,17.0,79.0,69.0,22201.0
2024-06-29,80.0,86.0,97.0,99.0,197.0,103.0,454.0,400.0,266.0,95.0,97.0,228.0,240.0,109.0,111.0,350.0,429.0,294.0,428.0,525.0,251.0,588.0,405.0,783.0,905.0,94.0,114.0,111.0,76.0,281.0,220.0,136.0,79.0,48.0,120.0,14.0,10.0,1469.0,1422.0,198.0,155.0,24.0,109.0,0.0,0.0,29.0,16.0,307.0,295.0,72.0,11.0,134.0,91.0,393.0,127.0,813.0,551.0,12.0,14.0,88.0,74.0,15327.0
2024-06-30,128.0,151.0,150.0,145.0,266.0,85.0,465.0,448.0,402.0,115.0,141.0,213.0,145.0,112.0,125.0,846.0,751.0,316.0,477.0,584.0,327.0,805.0,819.0,744.0,723.0,160.0,224.0,58.0,64.0,543.0,541.0,246.0,91.0,142.0,163.0,7.0,9.0,1432.0,1458.0,181.0,145.0,62.0,204.0,0.0,0.0,13.0,27.0,395.0,309.0,152.0,27.0,194.0,184.0,1093.0,331.0,435.0,623.0,7.0,9.0,123.0,93.0,19228.0
2024-07-01,195.0,182.0,93.0,118.0,218.0,81.0,710.0,654.0,1478.0,228.0,166.0,292.0,234.0,131.0,231.0,549.0,515.0,271.0,392.0,955.0,358.0,764.0,792.0,693.0,652.0,260.0,309.0,169.0,165.0,434.0,410.0,402.0,113.0,153.0,140.0,4.0,2.0,768.0,809.0,188.0,169.0,64.0,159.0,0.0,0.0,77.0,61.0,259.0,230.0,119.0,22.0,158.0,149.0,500.0,206.0,0.0,0.0,21.0,3.0,0.0,0.0,17475.0
2024-07-02,248.0,244.0,185.0,134.0,270.0,128.0,1000.0,981.0,1559.0,228.0,219.0,408.0,351.0,84.0,237.0,877.0,779.0,419.0,640.0,975.0,380.0,1099.0,1162.0,966.0,952.0,284.0,340.0,183.0,123.0,534.0,484.0,423.0,130.0,194.0,189.0,12.0,7.0,1125.0,1107.0,268.0,180.0,70.0,219.0,0.0,0.0,77.0,63.0,423.0,356.0,153.0,32.0,245.0,202.0,734.0,203.0,1048.0,1136.0,38.0,13.0,79.0,72.0,25271.0
2024-07-03,213.0,254.0,153.0,162.0,230.0,86.0,751.0,702.0,1498.0,214.0,186.0,321.0,267.0,86.0,235.0,726.0,637.0,341.0,495.0,1014.0,373.0,892.0,950.0,807.0,743.0,294.0,382.0,167.0,121.0,433.0,491.0,530.0,123.0,201.0,214.0,14.0,2.0,997.0,965.0,228.0,161.0,69.0,184.0,0.0,0.0,75.0,50.0,340.0,268.0,183.0,30.0,181.0,182.0,644.0,168.0,1156.0,1163.0,17.0,12.0,83.0,61.0,22525.0
2024-07-04,217.0,186.0,93.0,153.0,239.0,59.0,660.0,478.0,1217.0,164.0,164.0,262.0,224.0,104.0,201.0,580.0,602.0,303.0,414.0,939.0,379.0,821.0,812.0,668.0,622.0,231.0,281.0,153.0,105.0,446.0,429.0,470.0,117.0,129.0,156.0,9.0,5.0,814.0,837.0,167.0,139.0,31.0,160.0,0.0,0.0,53.0,54.0,341.0,273.0,137.0,31.0,183.0,159.0,524.0,269.0,984.0,979.0,26.0,18.0,72.0,62.0,19405.0
2024-07-05,154.0,148.0,139.0,141.0,325.0,69.0,542.0,403.0,230.0,244.0,167.0,200.0,197.0,117.0,159.0,815.0,704.0,345.0,467.0,877.0,368.0,741.0,800.0,762.0,776.0,215.0,247.0,91.0,91.0,488.0,488.0,229.0,112.0,105.0,133.0,6.0,3.0,1346.0,1280.0,148.0,119.0,35.0,163.0,0.0,0.0,41.0,23.0,354.0,310.0,150.0,26.0,167.0,151.0,941.0,386.0,1502.0,1428.0,7.0,14.0,133.0,130.0,20952.0
2024-07-06,131.0,129.0,119.0,118.0,285.0,90.0,230.0,161.0,143.0,107.0,138.0,162.0,177.0,73.0,72.0,730.0,659.0,291.0,423.0,946.0,356.0,679.0,733.0,701.0,712.0,145.0,193.0,77.0,52.0,511.0,369.0,210.0,56.0,116.0,160.0,4.0,2.0,915.0,972.0,145.0,112.0,34.0,140.0,0.0,0.0,35.0,24.0,320.0,292.0,140.0,16.0,159.0,187.0,941.0,371.0,1552.0,1298.0,5.0,8.0,138.0,113.0,18177.0
2024-07-07,120.0,89.0,61.0,78.0,272.0,74.0,397.0,380.0,347.0,77.0,127.0,157.0,178.0,107.0,26.0,452.0,373.0,149.0,229.0,704.0,321.0,377.0,418.0,333.0,355.0,133.0,148.0,46.0,54.0,322.0,352.0,216.0,99.0,68.0,57.0,4.0,2.0,779.0,793.0,112.0,85.0,21.0,135.0,0.0,0.0,50.0,23.0,104.0,90.0,76.0,20.0,113.0,99.0,527.0,227.0,645.0,629.0,4.0,2.0,57.0,30.0,12323.0
2024-07-08,246.0,297.0,137.0,217.0,298.0,119.0,890.0,780.0,1632.0,179.0,357.0,398.0,345.0,160.0,66.0,1085.0,979.0,515.0,801.0,1163.0,376.0,1182.0,1303.0,1096.0,1056.0,348.0,420.0,146.0,152.0,620.0,665.0,522.0,13.0,225.0,226.0,12.0,5.0,1549.0,1511.0,281.0,220.0,92.0,245.0,0.0,0.0,82.0,58.0,524.0,418.0,204.0,47.0,288.0,274.0,1127.0,267.0,0.0,0.0,35.0,10.0,118.0,112.0,26493.0
2024-07-09,279.0,283.0,192.0,238.0,292.0,125.0,637.0,655.0,1541.0,211.0,406.0,411.0,370.0,119.0,48.0,1117.0,1076.0,544.0,831.0,1488.0,426.0,1354.0,1519.0,1253.0,1206.0,166.0,214.0,179.0,157.0,719.0,683.0,742.0,187.0,288.0,292.0,26.0,12.0,1574.0,1682.0,304.0,225.0,82.0,277.0,0.0,0.0,51.0,71.0,641.0,534.0,265.0,44.0,280.0,243.0,1117.0,261.0,0.0,0.0,14.0,2.0,16.0,10.0,27979.0
2024-07-10,218.0,188.0,143.0,141.0,225.0,63.0,635.0,563.0,1534.0,162.0,325.0,332.0,314.0,117.0,44.0,646.0,626.0,355.0,477.0,1214.0,388.0,888.0,955.0,809.0,783.0,276.0,364.0,123.0,160.0,393.0,398.0,1026.0,117.0,187.0,223.0,12.0,4.0,758.0,848.0,219.0,175.0,73.0,160.0,0.0,0.0,101.0,75.0,368.0,288.0,140.0,24.0,188.0,161.0,480.0,125.0,461.0,612.0,126.0,83.0,61.0,28.0,20982.0
2024-07-11,237.0,221.0,144.0,225.0,254.0,87.0,875.0,714.0,1535.0,199.0,378.0,404.0,309.0,119.0,73.0,873.0,811.0,456.0,626.0,1194.0,355.0,1108.0,1214.0,1028.0,902.0,326.0,364.0,168.0,138.0,496.0,466.0,548.0,156.0,244.0,244.0,414.0,389.0,1247.0,1200.0,276.0,218.0,132.0,215.0,0.0,0.0,63.0,89.0,469.0,354.0,178.0,31.0,236.0,236.0,802.0,182.0,1611.0,1492.0,331.0,197.0,121.0,102.0,28076.0
2024-07-12,133.0,137.0,154.0,130.0,210.0,86.0,424.0,410.0,1567.0,150.0,194.0,207.0,206.0,59.0,40.0,428.0,407.0,237.0,308.0,1125.0,302.0,600.0,632.0,524.0,511.0,236.0,277.0,113.0,90.0,319.0,338.0,513.0,93.0,155.0,134.0,196.0,212.0,693.0,656.0,184.0,140.0,54.0,104.0,0.0,0.0,72.0,52.0,251.0,168.0,100.0,19.0,107.0,108.0,436.0,87.0,819.0,854.0,186.0,105.0,64.0,26.0,17142.0
2024-07-13,141.0,169.0,155.0,147.0,272.0,91.0,575.0,533.0,348.0,117.0,221.0,171.0,187.0,27.0,46.0,988.0,860.0,366.0,524.0,886.0,305.0,830.0,733.0,873.0,770.0,214.0,263.0,82.0,71.0,583.0,549.0,225.0,86.0,122.0,113.0,301.0,285.0,1495.0,1445.0,196.0,142.0,87.0,194.0,0.0,0.0,50.0,26.0,395.0,292.0,159.0,20.0,224.0,188.0,1083.0,356.0,1758.0,1645.0,543.0,249.0,143.0,103.0,24022.0
2024-07-14,222.0,263.0,173.0,188.0,281.0,92.0,542.0,451.0,307.0,170.0,257.0,230.0,232.0,41.0,31.0,1303.0,1163.0,508.0,786.0,842.0,393.0,1026.0,1037.0,1102.0,1053.0,249.0,286.0,90.0,84.0,882.0,794.0,264.0,101.0,163.0,172.0,463.0,416.0,2142.0,2256.0,281.0,208.0,129.0,320.0,0.0,0.0,28.0,34.0,542.0,474.0,225.0,35.0,284.0,277.0,1596.0,565.0,2396.0,2183.0,895.0,372.0,254.0,186.0,32339.0
2024-07-15,279.0,284.0,215.0,236.0,301.0,108.0,562.0,528.0,1611.0,219.0,386.0,365.0,299.0,99.0,62.0,992.0,972.0,500.0,767.0,1228.0,394.0,1228.0,1410.0,1139.0,1142.0,381.0,467.0,203.0,150.0,635.0,631.0,649.0,152.0,293.0,209.0,475.0,422.0,1313.0,1386.0,273.0,213.0,112.0,259.0,0.0,0.0,74.0,82.0,517.0,447.0,217.0,30.0,272.0,233.0,907.0,200.0,1592.0,1563.0,417.0,216.0,104.0,106.0,30526.0
2024-07-16,257.0,274.0,180.0,253.0,252.0,103.0,781.0,775.0,1566.0,218.0,412.0,499.0,244.0,164.0,62.0,1030.0,944.0,526.0,755.0,1194.0,333.0,1289.0,1309.0,1156.0,1044.0,398.0,410.0,182.0,165.0,738.0,628.0,700.0,132.0,268.0,295.0,464.0,434.0,1380.0,1536.0,273.0,200.0,113.0,223.0,0.0,0.0,46.0,71.0,477.0,429.0,208.0,50.0,279.0,246.0,964.0,250.0,1732.0,1649.0,368.0,156.0,107.0,89.0,31280.0
2024-07-17,287.0,319.0,216.0,266.0,256.0,114.0,1113.0,1035.0,1451.0,216.0,415.0,411.0,397.0,144.0,66.0,1094.0,1042.0,545.0,800.0,1046.0,310.0,1298.0,1430.0,1158.0,1175.0,432.0,569.0,176.0,157.0,710.0,723.0,734.0,158.0,281.0,294.0,502.0,451.0,1500.0,1548.0,281.0,229.0,109.0,247.0,0.0,0.0,6.0,81.0,613.0,525.0,253.0,41.0,285.0,258.0,1027.0,326.0,1811.0,1642.0,464.0,172.0,156.0,132.0,33497.0
2024-07-18,239.0,267.0,195.0,253.0,234.0,111.0,646.0,580.0,1478.0,206.0,437.0,371.0,381.0,134.0,72.0,1170.0,1043.0,488.0,721.0,1150.0,361.0,1293.0,1352.0,1176.0,1079.0,337.0,395.0,200.0,178.0,763.0,729.0,638.0,85.0,237.0,214.0,471.0,444.0,1498.0,1618.0,266.0,226.0,126.0,246.0,0.0,0.0,14.0,61.0,611.0,519.0,233.0,28.0,259.0,234.0,1023.0,307.0,1771.0,1764.0,480.0,227.0,125.0,107.0,31871.0
2024-07-19,236.0,220.0,190.0,169.0,304.0,90.0,435.0,404.0,1220.0,183.0,262.0,333.0,267.0,148.0,58.0,864.0,786.0,398.0,628.0,1172.0,301.0,987.0,1157.0,958.0,947.0,327.0,430.0,158.0,134.0,550.0,510.0,557.0,151.0,178.0,182.0,398.0,349.0,1295.0,1338.0,217.0,196.0,95.0,209.0,0.0,0.0,12.0,55.0,452.0,374.0,180.0,32.0,218.0,233.0,865.0,192.0,1458.0,1520.0,322.0,210.0,84.0,84.0,26282.0
2024-07-20,174.0,218.0,135.0,177.0,288.0,100.0,358.0,234.0,209.0,162.0,213.0,224.0,142.0,136.0,36.0,967.0,821.0,328.0,509.0,1064.0,400.0,947.0,985.0,1006.0,959.0,269.0,316.0,104.0,90.0,628.0,527.0,280.0,88.0,122.0,152.0,346.0,351.0,1570.0,1581.0,203.0,151.0,88.0,218.0,0.0,0.0,7.0,32.0,468.0,384.0,199.0,25.0,199.0,223.0,1186.0,322.0,1796.0,1744.0,673.0,342.0,162.0,147.0,25785.0
2024-07-21,186.0,178.0,158.0,176.0,278.0,110.0,229.0,203.0,214.0,147.0,231.0,215.0,167.0,119.0,50.0,1006.0,851.0,391.0,579.0,952.0,431.0,902.0,936.0,924.0,801.0,282.0,288.0,88.0,85.0,537.0,535.0,260.0,101.0,112.0,166.0,326.0,323.0,1543.0,1448.0,224.0,156.0,93.0,197.0,0.0,0.0,10.0,25.0,433.0,402.0,159.0,27.0,218.0,204.0,1211.0,254.0,1766.0,1570.0,372.0,248.0,167.0,156.0,24420.0
2024-07-22,240.0,219.0,155.0,190.0,269.0,101.0,737.0,661.0,1499.0,220.0,308.0,286.0,247.0,112.0,60.0,801.0,719.0,408.0,591.0,1099.0,316.0,897.0,1043.0,896.0,819.0,327.0,441.0,162.0,145.0,546.0,498.0,617.0,151.0,205.0,162.0,305.0,295.0,1020.0,1113.0,178.0,161.0,97.0,180.0,0.0,0.0,74.0,62.0,352.0,298.0,155.0,25.0,205.0,180.0,662.0,144.0,631.0,495.0,306.0,335.0,83.0,58.0,23561.0
2024-07-23,296.0,289.0,229.0,263.0,297.0,87.0,846.0,747.0,1712.0,227.0,441.0,349.0,321.0,161.0,75.0,1195.0,1003.0,564.0,880.0,1175.0,372.0,1343.0,1461.0,1247.0,1206.0,473.0,488.0,207.0,201.0,773.0,720.0,639.0,153.0,258.0,188.0,577.0,513.0,1698.0,1708.0,281.0,208.0,121.0,279.0,0.0,0.0,132.0,69.0,618.0,541.0,223.0,34.0,288.0,261.0,1156.0,327.0,1275.0,1449.0,616.0,375.0,82.0,88.0,33805.0
2024-07-24,249.0,275.0,199.0,210.0,421.0,127.0,900.0,722.0,1295.0,201.0,370.0,488.0,340.0,120.0,70.0,1036.0,871.0,471.0,688.0,1156.0,335.0,1025.0,1112.0,957.0,905.0,240.0,327.0,178.0,135.0,649.0,570.0,853.0,142.0,213.0,156.0,389.0,356.0,1330.0,1434.0,254.0,181.0,117.0,218.0,0.0,0.0,89.0,69.0,445.0,390.0,182.0,46.0,218.0,218.0,884.0,252.0,1675.0,1574.0,381.0,298.0,104.0,105.0,29215.0
2024-07-25,262.0,284.0,227.0,253.0,426.0,161.0,661.0,631.0,1462.0,225.0,374.0,331.0,311.0,153.0,68.0,1174.0,1088.0,645.0,805.0,1267.0,333.0,1197.0,1349.0,1133.0,1091.0,378.0,476.0,171.0,138.0,674.0,626.0,572.0,157.0,242.0,284.0,510.0,440.0,1573.0,1709.0,294.0,199.0,140.0,286.0,0.0,0.0,130.0,74.0,597.0,496.0,231.0,34.0,276.0,244.0,1060.0,309.0,1896.0,1811.0,331.0,129.0,134.0,129.0,32661.0
2024-07-26,221.0,247.0,182.0,195.0,408.0,123.0,546.0,553.0,787.0,194.0,321.0,415.0,304.0,115.0,59.0,821.0,768.0,488.0,609.0,1299.0,359.0,1025.0,1095.0,1005.0,919.0,306.0,361.0,134.0,111.0,568.0,467.0,724.0,132.0,187.0,211.0,364.0,323.0,1130.0,1224.0,227.0,150.0,121.0,220.0,0.0,0.0,91.0,51.0,432.0,364.0,144.0,27.0,181.0,207.0,775.0,210.0,1483.0,1432.0,429.0,303.0,91.0,98.0,26336.0
2024-07-27,173.0,185.0,170.0,135.0,345.0,131.0,291.0,270.0,210.0,138.0,208.0,202.0,160.0,76.0,36.0,876.0,791.0,367.0,510.0,1184.0,390.0,834.0,909.0,846.0,825.0,216.0,266.0,88.0,59.0,525.0,525.0,303.0,81.0,101.0,100.0,319.0,291.0,1410.0,1428.0,167.0,142.0,101.0,202.0,0.0,0.0,52.0,38.0,385.0,323.0,177.0,19.0,208.0,201.0,1038.0,290.0,1621.0,1552.0,442.0,236.0,160.0,127.0,23455.0
2024-07-28,172.0,212.0,131.0,158.0,337.0,153.0,533.0,401.0,612.0,124.0,228.0,243.0,170.0,111.0,21.0,1034.0,874.0,415.0,531.0,878.0,358.0,748.0,839.0,836.0,834.0,208.0,238.0,86.0,90.0,655.0,549.0,268.0,111.0,101.0,157.0,298.0,266.0,1682.0,1714.0,152.0,153.0,161.0,227.0,0.0,0.0,62.0,26.0,340.0,319.0,179.0,27.0,202.0,202.0,1158.0,435.0,1822.0,1691.0,407.0,181.0,143.0,124.0,25387.0
2024-07-29,306.0,286.0,188.0,239.0,421.0,129.0,702.0,664.0,1504.0,242.0,400.0,389.0,336.0,135.0,88.0,1124.0,1027.0,631.0,797.0,1149.0,360.0,1193.0,1388.0,1162.0,1112.0,350.0,344.0,180.0,144.0,748.0,741.0,664.0,144.0,222.0,183.0,483.0,490.0,1578.0,1652.0,281.0,236.0,197.0,291.0,0.0,0.0,151.0,72.0,582.0,453.0,213.0,31.0,282.0,245.0,1103.0,283.0,1859.0,1822.0,545.0,188.0,122.0,109.0,32960.0
2024-07-30,297.0,281.0,191.0,269.0,443.0,122.0,620.0,674.0,1200.0,226.0,505.0,728.0,340.0,125.0,79.0,1272.0,1097.0,739.0,895.0,1417.0,353.0,1315.0,1514.0,1336.0,1251.0,476.0,535.0,175.0,185.0,750.0,771.0,974.0,157.0,255.0,238.0,595.0,508.0,1807.0,1806.0,283.0,234.0,206.0,322.0,0.0,0.0,61.0,71.0,665.0,560.0,247.0,41.0,297.0,267.0,1301.0,286.0,1981.0,1898.0,511.0,578.0,125.0,118.0,36573.0
2024-07-31,263.0,268.0,186.0,234.0,465.0,139.0,579.0,551.0,1320.0,197.0,465.0,503.0,281.0,53.0,39.0,1034.0,992.0,593.0,747.0,1364.0,398.0,1285.0,1497.0,1264.0,1133.0,401.0,399.0,172.0,152.0,558.0,572.0,843.0,149.0,266.0,231.0,505.0,444.0,1463.0,1516.0,266.0,208.0,158.0,256.0,0.0,0.0,95.0,59.0,545.0,456.0,235.0,34.0,299.0,268.0,1024.0,216.0,1931.0,1860.0,609.0,249.0,98.0,112.0,32499.0
2024-08-01,229.0,260.0,145.0,187.0,379.0,129.0,578.0,560.0,1564.0,144.0,343.0,350.0,263.0,119.0,45.0,898.0,857.0,471.0,625.0,1189.0,401.0,951.0,1050.0,939.0,881.0,356.0,410.0,144.0,140.0,544.0,552.0,918.0,142.0,194.0,195.0,325.0,312.0,1300.0,1384.0,193.0,164.0,122.0,199.0,0.0,0.0,104.0,51.0,396.0,335.0,161.0,34.0,216.0,186.0,925.0,242.0,1487.0,1379.0,397.0,307.0,97.0,79.0,27547.0
2024-08-02,128.0,145.0,96.0,122.0,301.0,80.0,461.0,554.0,1235.0,105.0,156.0,176.0,162.0,88.0,42.0,380.0,362.0,234.0,261.0,928.0,302.0,505.0,545.0,499.0,442.0,234.0,224.0,143.0,86.0,196.0,206.0,755.0,115.0,126.0,110.0,142.0,150.0,401.0,397.0,115.0,68.0,66.0,125.0,0.0,0.0,74.0,64.0,154.0,134.0,77.0,21.0,95.0,86.0,217.0,70.0,599.0,658.0,128.0,124.0,41.0,24.0,14534.0
2024-08-03,148.0,199.0,185.0,174.0,300.0,136.0,648.0,703.0,181.0,167.0,246.0,159.0,181.0,146.0,51.0,1244.0,1115.0,531.0,718.0,1076.0,348.0,981.0,1055.0,1053.0,1021.0,273.0,317.0,115.0,101.0,662.0,619.0,285.0,91.0,162.0,190.0,396.0,398.0,2021.0,2000.0,264.0,190.0,174.0,259.0,0.0,0.0,58.0,35.0,495.0,410.0,190.0,20.0,239.0,269.0,1455.0,466.0,2087.0,2048.0,794.0,587.0,190.0,149.0,30775.0
2024-08-04,102.0,97.0,73.0,75.0,260.0,87.0,364.0,374.0,145.0,65.0,141.0,120.0,146.0,83.0,30.0,577.0,533.0,284.0,348.0,942.0,314.0,394.0,383.0,417.0,437.0,126.0,185.0,51.0,48.0,380.0,344.0,328.0,67.0,90.0,170.0,132.0,146.0,902.0,965.0,125.0,107.0,66.0,132.0,0.0,0.0,43.0,28.0,147.0,141.0,64.0,11.0,132.0,122.0,657.0,290.0,726.0,738.0,401.0,162.0,82.0,68.0,14967.0
2024-08-05,226.0,267.0,121.0,208.0,378.0,80.0,971.0,963.0,1222.0,200.0,356.0,353.0,352.0,143.0,72.0,1018.0,884.0,571.0,689.0,1188.0,392.0,981.0,1100.0,1011.0,953.0,367.0,439.0,161.0,37.0,623.0,622.0,734.0,144.0,212.0,184.0,392.0,357.0,1376.0,1418.0,213.0,169.0,162.0,265.0,0.0,0.0,132.0,73.0,387.0,327.0,197.0,30.0,263.0,227.0,952.0,244.0,961.0,935.0,573.0,150.0,91.0,79.0,28195.0
2024-08-06,306.0,332.0,141.0,291.0,310.0,10.0,1248.0,1280.0,1414.0,247.0,475.0,419.0,396.0,140.0,74.0,1300.0,1160.0,755.0,929.0,1418.0,365.0,1394.0,1553.0,1331.0,1277.0,430.0,527.0,985.0,128.0,774.0,771.0,1046.0,184.0,273.0,293.0,614.0,556.0,1515.0,1570.0,147.0,42.0,207.0,324.0,0.0,0.0,146.0,104.0,685.0,562.0,295.0,56.0,332.0,298.0,1293.0,292.0,2203.0,2102.0,325.0,77.0,159.0,133.0,38013.0
2024-08-07,246.0,274.0,168.0,232.0,289.0,7.0,1109.0,1082.0,1192.0,179.0,380.0,333.0,318.0,99.0,49.0,1114.0,1029.0,615.0,800.0,1465.0,437.0,1091.0,1373.0,1059.0,1065.0,366.0,470.0,181.0,157.0,639.0,622.0,834.0,147.0,244.0,234.0,537.0,472.0,1327.0,1185.0,0.0,0.0,167.0,280.0,0.0,0.0,98.0,55.0,525.0,475.0,221.0,41.0,276.0,229.0,1053.0,188.0,1767.0,1615.0,387.0,336.0,126.0,64.0,31323.0
2024-08-08,200.0,200.0,135.0,168.0,289.0,2.0,868.0,850.0,1247.0,184.0,299.0,279.0,249.0,101.0,52.0,759.0,702.0,432.0,500.0,1265.0,400.0,791.0,805.0,795.0,732.0,314.0,383.0,153.0,41.0,451.0,428.0,924.0,119.0,177.0,167.0,266.0,289.0,852.0,943.0,0.0,0.0,115.0,175.0,0.0,0.0,184.0,66.0,353.0,308.0,162.0,27.0,189.0,157.0,559.0,153.0,1050.0,982.0,475.0,170.0,86.0,53.0,23075.0
2024-08-09,219.0,255.0,183.0,211.0,269.0,7.0,936.0,976.0,916.0,170.0,297.0,315.0,263.0,131.0,37.0,954.0,879.0,476.0,653.0,1156.0,354.0,865.0,1046.0,843.0,886.0,320.0,349.0,163.0,166.0,31.0,45.0,658.0,157.0,157.0,119.0,343.0,346.0,1308.0,1549.0,0.0,0.0,161.0,239.0,0.0,0.0,120.0,71.0,443.0,347.0,185.0,35.0,228.0,220.0,953.0,363.0,1447.0,1445.0,341.0,159.0,112.0,69.0,25946.0
2024-08-10,169.0,218.0,203.0,177.0,275.0,3.0,749.0,739.0,360.0,149.0,235.0,260.0,231.0,82.0,17.0,1050.0,916.0,476.0,570.0,1256.0,452.0,850.0,1014.0,964.0,846.0,137.0,159.0,106.0,93.0,204.0,164.0,349.0,92.0,145.0,144.0,362.0,356.0,1447.0,1541.0,0.0,0.0,175.0,243.0,0.0,0.0,62.0,48.0,408.0,326.0,217.0,29.0,249.0,242.0,1209.0,384.0,1883.0,1773.0,973.0,411.0,191.0,145.0,26528.0
2024-08-11,166.0,190.0,136.0,164.0,219.0,0.0,494.0,479.0,261.0,155.0,257.0,229.0,174.0,81.0,40.0,1106.0,1019.0,521.0,648.0,1143.0,421.0,917.0,1118.0,961.0,923.0,300.0,322.0,104.0,67.0,197.0,191.0,314.0,0.0,126.0,136.0,386.0,345.0,1646.0,1739.0,0.0,0.0,157.0,296.0,0.0,0.0,60.0,39.0,490.0,461.0,172.0,20.0,275.0,236.0,1297.0,322.0,1430.0,1565.0,791.0,180.0,206.0,164.0,25856.0
2024-08-12,247.0,275.0,183.0,219.0,238.0,0.0,623.0,561.0,1507.0,200.0,363.0,310.0,343.0,107.0,66.0,1051.0,911.0,497.0,642.0,1512.0,460.0,792.0,738.0,1119.0,1047.0,413.0,425.0,209.0,118.0,173.0,176.0,637.0,0.0,270.0,238.0,387.0,414.0,1376.0,1284.0,0.0,0.0,136.0,241.0,0.0,0.0,94.0,62.0,536.0,429.0,205.0,32.0,266.0,219.0,948.0,191.0,1216.0,1330.0,197.0,63.0,88.0,77.0,26461.0
2024-08-13,313.0,272.0,197.0,242.0,293.0,3.0,594.0,581.0,1613.0,177.0,357.0,283.0,345.0,127.0,82.0,995.0,932.0,556.0,710.0,1474.0,433.0,583.0,655.0,1167.0,1125.0,251.0,277.0,213.0,138.0,594.0,584.0,336.0,4.0,277.0,246.0,476.0,461.0,1286.0,1424.0,7.0,3.0,141.0,232.0,0.0,0.0,102.0,87.0,577.0,515.0,198.0,33.0,274.0,253.0,888.0,169.0,1650.0,1619.0,485.0,494.0,107.0,86.0,28596.0
2024-08-14,251.0,247.0,95.0,157.0,350.0,17.0,517.0,520.0,1669.0,213.0,322.0,309.0,320.0,136.0,59.0,955.0,837.0,516.0,626.0,1576.0,435.0,580.0,648.0,1106.0,1107.0,322.0,432.0,184.0,143.0,587.0,523.0,695.0,160.0,243.0,227.0,488.0,414.0,1105.0,814.0,0.0,0.0,126.0,231.0,0.0,0.0,78.0,64.0,511.0,409.0,194.0,33.0,237.0,211.0,799.0,152.0,1632.0,1646.0,286.0,130.0,93.0,93.0,26830.0
2024-08-15,199.0,204.0,180.0,196.0,247.0,139.0,635.0,436.0,1621.0,150.0,238.0,275.0,277.0,104.0,52.0,790.0,702.0,330.0,479.0,1270.0,368.0,415.0,454.0,816.0,782.0,322.0,340.0,140.0,108.0,0.0,0.0,39.0,33.0,185.0,152.0,270.0,298.0,1120.0,1156.0,0.0,0.0,100.0,160.0,0.0,0.0,77.0,56.0,338.0,305.0,134.0,17.0,150.0,145.0,792.0,147.0,1204.0,1236.0,499.0,227.0,119.0,63.0,21291.0
2024-08-16,203.0,217.0,214.0,210.0,304.0,86.0,514.0,440.0,1294.0,195.0,242.0,279.0,294.0,129.0,29.0,831.0,713.0,399.0,534.0,1482.0,461.0,431.0,462.0,851.0,818.0,329.0,365.0,149.0,93.0,491.0,483.0,572.0,130.0,188.0,162.0,326.0,338.0,1135.0,1283.0,0.0,0.0,116.0,179.0,0.0,0.0,55.0,49.0,250.0,236.0,145.0,14.0,192.0,207.0,828.0,195.0,1398.0,1404.0,407.0,216.0,111.0,84.0,23762.0
2024-08-17,152.0,181.0,127.0,168.0,262.0,71.0,500.0,330.0,627.0,108.0,202.0,236.0,213.0,122.0,15.0,901.0,834.0,359.0,443.0,1214.0,425.0,352.0,416.0,717.0,705.0,226.0,288.0,96.0,72.0,479.0,498.0,268.0,92.0,126.0,150.0,232.0,264.0,1467.0,1559.0,0.0,0.0,101.0,201.0,0.0,0.0,50.0,20.0,347.0,280.0,160.0,18.0,185.0,166.0,1091.0,251.0,1399.0,1320.0,179.0,86.0,147.0,87.0,21585.0
2024-08-18,108.0,122.0,108.0,80.0,234.0,49.0,331.0,260.0,564.0,76.0,119.0,167.0,106.0,65.0,11.0,720.0,557.0,284.0,355.0,945.0,364.0,230.0,275.0,512.0,467.0,118.0,164.0,65.0,49.0,386.0,324.0,364.0,71.0,110.0,121.0,183.0,152.0,1030.0,1100.0,0.0,0.0,81.0,134.0,0.0,0.0,21.0,39.0,239.0,191.0,113.0,9.0,129.0,132.0,781.0,221.0,84.0,85.0,72.0,12.0,91.0,79.0,13859.0
2024-08-19,139.0,139.0,117.0,119.0,218.0,38.0,503.0,489.0,1457.0,124.0,235.0,146.0,141.0,104.0,52.0,494.0,434.0,167.0,227.0,1043.0,366.0,201.0,243.0,390.0,431.0,222.0,272.0,123.0,118.0,336.0,325.0,279.0,55.0,155.0,102.0,126.0,124.0,629.0,697.0,0.0,0.0,72.0,130.0,0.0,0.0,71.0,65.0,175.0,143.0,99.0,12.0,104.0,89.0,402.0,159.0,592.0,598.0,275.0,43.0,52.0,41.0,14702.0
2024-08-20,295.0,251.0,208.0,260.0,332.0,60.0,1157.0,1250.0,1497.0,202.0,456.0,342.0,354.0,154.0,37.0,1166.0,1094.0,510.0,568.0,1356.0,401.0,599.0,660.0,1186.0,1085.0,354.0,372.0,203.0,152.0,747.0,698.0,745.0,150.0,217.0,232.0,522.0,511.0,1632.0,1750.0,0.0,0.0,160.0,272.0,0.0,0.0,123.0,94.0,620.0,548.0,267.0,30.0,248.0,249.0,1138.0,309.0,1875.0,1786.0,190.0,61.0,123.0,127.0,31985.0
2024-08-21,254.0,250.0,233.0,244.0,272.0,75.0,957.0,1028.0,1310.0,237.0,402.0,334.0,373.0,147.0,80.0,995.0,932.0,311.0,234.0,1236.0,315.0,455.0,574.0,1021.0,966.0,354.0,456.0,174.0,161.0,577.0,536.0,759.0,172.0,219.0,176.0,438.0,402.0,1344.0,1455.0,0.0,0.0,142.0,233.0,0.0,0.0,206.0,87.0,507.0,434.0,233.0,44.0,210.0,202.0,875.0,287.0,1581.0,1500.0,0.0,0.0,101.0,97.0,27197.0
2024-08-22,262.0,290.0,173.0,209.0,291.0,66.0,963.0,921.0,1522.0,204.0,343.0,255.0,221.0,140.0,40.0,1042.0,945.0,338.0,197.0,1181.0,373.0,510.0,635.0,1066.0,989.0,339.0,425.0,177.0,139.0,637.0,567.0,720.0,173.0,218.0,220.0,432.0,458.0,1485.0,1564.0,0.0,0.0,182.0,257.0,0.0,0.0,105.0,65.0,509.0,437.0,191.0,38.0,264.0,232.0,1025.0,331.0,1670.0,1641.0,0.0,0.0,141.0,105.0,27923.0
2024-08-23,211.0,223.0,164.0,205.0,289.0,43.0,545.0,479.0,1017.0,175.0,259.0,277.0,248.0,120.0,36.0,865.0,753.0,0.0,0.0,1289.0,405.0,461.0,537.0,953.0,912.0,337.0,371.0,178.0,116.0,571.0,549.0,604.0,156.0,155.0,177.0,345.0,321.0,1264.0,1271.0,0.0,0.0,109.0,188.0,0.0,0.0,120.0,50.0,422.0,333.0,169.0,34.0,230.0,216.0,881.0,251.0,1384.0,1385.0,0.0,0.0,114.0,86.0,22853.0
2024-08-24,161.0,176.0,137.0,165.0,235.0,49.0,272.0,209.0,123.0,101.0,255.0,188.0,151.0,137.0,14.0,905.0,748.0,0.0,0.0,1214.0,447.0,427.0,432.0,844.0,802.0,218.0,270.0,106.0,81.0,448.0,428.0,293.0,108.0,104.0,136.0,356.0,318.0,1399.0,836.0,0.0,0.0,92.0,186.0,0.0,0.0,20.0,52.0,423.0,356.0,157.0,21.0,197.0,182.0,1071.0,282.0,1600.0,1496.0,0.0,0.0,149.0,132.0,19709.0
2024-08-25,148.0,169.0,106.0,130.0,201.0,34.0,426.0,461.0,298.0,91.0,176.0,120.0,83.0,62.0,16.0,740.0,707.0,0.0,0.0,875.0,386.0,281.0,296.0,606.0,540.0,159.0,237.0,78.0,55.0,405.0,386.0,292.0,90.0,83.0,122.0,239.0,192.0,1110.0,1184.0,0.0,0.0,119.0,241.0,0.0,0.0,43.0,42.0,252.0,238.0,131.0,16.0,193.0,169.0,828.0,282.0,547.0,516.0,0.0,0.0,143.0,90.0,15434.0
2024-08-26,216.0,206.0,144.0,137.0,258.0,58.0,809.0,827.0,1366.0,135.0,300.0,220.0,196.0,102.0,40.0,756.0,704.0,0.0,0.0,1089.0,402.0,413.0,470.0,792.0,730.0,344.0,347.0,200.0,135.0,510.0,506.0,773.0,119.0,180.0,187.0,287.0,306.0,873.0,972.0,0.0,0.0,114.0,217.0,0.0,0.0,118.0,96.0,362.0,288.0,173.0,32.0,173.0,182.0,626.0,191.0,0.0,0.0,0.0,0.0,12.0,10.0,18703.0
2024-08-27,285.0,303.0,195.0,234.0,291.0,91.0,887.0,761.0,1525.0,191.0,466.0,364.0,357.0,138.0,67.0,1243.0,1160.0,0.0,0.0,1261.0,394.0,616.0,765.0,1228.0,1175.0,451.0,517.0,220.0,205.0,742.0,698.0,805.0,134.0,278.0,302.0,505.0,547.0,1783.0,1826.0,0.0,0.0,182.0,303.0,0.0,0.0,137.0,93.0,604.0,508.0,255.0,37.0,277.0,265.0,1160.0,307.0,0.0,0.0,0.0,0.0,0.0,0.0,27138.0
2024-08-28,269.0,271.0,186.0,205.0,262.0,81.0,677.0,648.0,1696.0,202.0,420.0,389.0,379.0,138.0,66.0,1126.0,1015.0,0.0,0.0,1444.0,466.0,582.0,682.0,1197.0,1087.0,424.0,441.0,193.0,180.0,626.0,656.0,803.0,147.0,253.0,261.0,512.0,473.0,1550.0,1605.0,0.0,0.0,142.0,259.0,0.0,0.0,113.0,67.0,570.0,474.0,245.0,57.0,245.0,235.0,1060.0,220.0,1507.0,1529.0,0.0,0.0,88.0,101.0,28524.0
2024-08-29,286.0,270.0,173.0,235.0,277.0,52.0,543.0,526.0,1691.0,193.0,367.0,305.0,517.0,126.0,56.0,973.0,903.0,0.0,0.0,1300.0,418.0,948.0,1132.0,1120.0,1012.0,366.0,396.0,185.0,147.0,613.0,587.0,791.0,148.0,265.0,189.0,424.0,446.0,1279.0,1398.0,0.0,0.0,142.0,248.0,0.0,0.0,164.0,90.0,514.0,479.0,243.0,43.0,232.0,214.0,859.0,186.0,1606.0,1584.0,0.0,0.0,105.0,90.0,27456.0
2024-08-30,225.0,291.0,120.0,187.0,215.0,67.0,409.0,399.0,1257.0,150.0,266.0,289.0,442.0,132.0,56.0,824.0,764.0,0.0,0.0,1041.0,408.0,1002.0,1113.0,882.0,874.0,331.0,384.0,158.0,121.0,606.0,556.0,597.0,158.0,189.0,234.0,346.0,347.0,1093.0,1084.0,0.0,0.0,112.0,204.0,0.0,0.0,151.0,72.0,424.0,317.0,185.0,44.0,213.0,193.0,751.0,134.0,1342.0,1390.0,0.0,0.0,112.0,60.0,23321.0
2024-08-31,176.0,200.0,165.0,162.0,305.0,132.0,343.0,322.0,154.0,136.0,205.0,288.0,183.0,58.0,51.0,1043.0,869.0,0.0,0.0,884.0,361.0,865.0,962.0,934.0,910.0,270.0,341.0,104.0,89.0,723.0,592.0,272.0,96.0,151.0,125.0,370.0,356.0,1660.0,1749.0,0.0,0.0,142.0,230.0,0.0,0.0,54.0,29.0,431.0,417.0,215.0,22.0,224.0,246.0,1186.0,381.0,1885.0,1827.0,0.0,0.0,174.0,158.0,24227.0
2024-09-01,187.0,236.0,144.0,132.0,305.0,140.0,337.0,285.0,211.0,130.0,240.0,182.0,159.0,81.0,50.0,686.0,622.0,0.0,0.0,1045.0,404.0,942.0,1018.0,983.0,921.0,242.0,265.0,120.0,132.0,757.0,780.0,320.0,120.0,137.0,186.0,415.0,368.0,1947.0,1678.0,0.0,0.0,164.0,315.0,0.0,0.0,51.0,62.0,509.0,437.0,207.0,36.0,284.0,233.0,1469.0,440.0,2179.0,1995.0,0.0,0.0,199.0,154.0,25641.0
2024-09-02,265.0,277.0,152.0,251.0,363.0,146.0,717.0,643.0,1419.0,177.0,391.0,229.0,228.0,106.0,69.0,920.0,795.0,0.0,0.0,1278.0,452.0,1242.0,1260.0,1089.0,948.0,397.0,420.0,168.0,164.0,105.0,74.0,737.0,134.0,281.0,198.0,415.0,382.0,1223.0,1213.0,0.0,0.0,151.0,264.0,0.0,0.0,61.0,42.0,476.0,436.0,229.0,24.0,251.0,198.0,848.0,168.0,1433.0,1466.0,0.0,0.0,90.0,63.0,25528.0
2024-09-03,277.0,273.0,178.0,223.0,377.0,140.0,724.0,809.0,1619.0,193.0,442.0,277.0,251.0,116.0,59.0,1023.0,915.0,0.0,0.0,1404.0,389.0,1386.0,1367.0,1153.0,1041.0,460.0,456.0,186.0,122.0,565.0,584.0,998.0,156.0,315.0,245.0,425.0,421.0,1225.0,848.0,0.0,0.0,160.0,266.0,0.0,0.0,89.0,108.0,561.0,498.0,209.0,37.0,310.0,256.0,786.0,177.0,1534.0,1550.0,195.0,157.0,122.0,80.0,28737.0
2024-09-04,296.0,257.0,189.0,228.0,368.0,139.0,660.0,721.0,1545.0,173.0,424.0,273.0,315.0,132.0,74.0,966.0,965.0,312.0,521.0,1525.0,445.0,1391.0,1510.0,1169.0,1144.0,441.0,447.0,190.0,211.0,622.0,689.0,844.0,115.0,325.0,261.0,464.0,436.0,1354.0,1421.0,0.0,0.0,165.0,269.0,244.0,100.0,158.0,113.0,541.0,499.0,238.0,49.0,285.0,239.0,918.0,209.0,1654.0,1617.0,2.0,0.0,109.0,84.0,31055.0
2024-09-05,269.0,263.0,189.0,222.0,360.0,106.0,650.0,672.0,1382.0,147.0,425.0,245.0,347.0,107.0,63.0,966.0,913.0,0.0,0.0,1471.0,377.0,1243.0,1365.0,1104.0,1064.0,450.0,442.0,178.0,152.0,129.0,161.0,871.0,89.0,311.0,302.0,420.0,415.0,1294.0,1339.0,0.0,0.0,138.0,263.0,262.0,112.0,79.0,40.0,517.0,427.0,244.0,31.0,283.0,229.0,852.0,184.0,1559.0,1540.0,0.0,0.0,93.0,70.0,27426.0
2024-09-06,256.0,281.0,154.0,214.0,343.0,138.0,479.0,485.0,1584.0,157.0,292.0,247.0,219.0,134.0,70.0,835.0,737.0,0.0,0.0,1325.0,310.0,1092.0,1200.0,942.0,951.0,347.0,453.0,164.0,131.0,65.0,83.0,757.0,153.0,230.0,255.0,332.0,355.0,1190.0,1264.0,0.0,0.0,133.0,227.0,207.0,95.0,82.0,23.0,453.0,397.0,212.0,42.0,255.0,217.0,865.0,178.0,1385.0,1464.0,0.0,0.0,107.0,86.0,24652.0
2024-09-07,155.0,204.0,138.0,141.0,315.0,105.0,330.0,254.0,199.0,95.0,217.0,196.0,325.0,105.0,39.0,808.0,722.0,0.0,0.0,1179.0,406.0,974.0,1037.0,956.0,971.0,231.0,369.0,83.0,70.0,220.0,251.0,348.0,110.0,168.0,225.0,395.0,359.0,1581.0,774.0,0.0,0.0,141.0,230.0,208.0,116.0,43.0,29.0,493.0,425.0,201.0,42.0,313.0,311.0,1158.0,401.0,1940.0,1745.0,0.0,0.0,197.0,135.0,23183.0
2024-09-08,194.0,223.0,181.0,194.0,329.0,113.0,349.0,297.0,642.0,151.0,266.0,175.0,196.0,79.0,36.0,1124.0,992.0,0.0,0.0,1054.0,431.0,1034.0,1089.0,1003.0,975.0,281.0,321.0,93.0,61.0,143.0,164.0,320.0,105.0,159.0,215.0,435.0,426.0,1947.0,1982.0,0.0,0.0,179.0,305.0,255.0,132.0,62.0,24.0,577.0,530.0,226.0,25.0,272.0,264.0,1418.0,417.0,2201.0,1950.0,0.0,0.0,184.0,194.0,26994.0
2024-09-09,109.0,94.0,74.0,114.0,263.0,59.0,440.0,415.0,1379.0,98.0,171.0,121.0,162.0,59.0,44.0,335.0,263.0,0.0,0.0,993.0,286.0,457.0,428.0,307.0,335.0,147.0,200.0,114.0,105.0,59.0,74.0,1105.0,108.0,166.0,126.0,81.0,82.0,403.0,349.0,0.0,0.0,46.0,95.0,58.0,34.0,91.0,89.0,111.0,78.0,68.0,19.0,84.0,74.0,240.0,56.0,435.0,449.0,0.0,0.0,32.0,25.0,12209.0
2024-09-10,230.0,242.0,157.0,191.0,368.0,90.0,923.0,888.0,1461.0,163.0,374.0,218.0,272.0,110.0,72.0,841.0,720.0,0.0,0.0,1197.0,335.0,1070.0,1109.0,859.0,786.0,364.0,436.0,168.0,166.0,70.0,73.0,1006.0,140.0,245.0,268.0,296.0,298.0,1085.0,1098.0,0.0,0.0,144.0,229.0,235.0,115.0,141.0,108.0,403.0,357.0,188.0,38.0,242.0,208.0,752.0,191.0,1278.0,1323.0,0.0,0.0,95.0,62.0,24498.0
2024-09-11,241.0,225.0,155.0,179.0,315.0,104.0,835.0,925.0,1395.0,145.0,326.0,245.0,240.0,78.0,61.0,692.0,626.0,0.0,0.0,1078.0,331.0,1045.0,986.0,765.0,751.0,319.0,396.0,148.0,153.0,334.0,318.0,972.0,115.0,241.0,165.0,310.0,321.0,742.0,808.0,0.0,0.0,126.0,223.0,240.0,119.0,155.0,122.0,348.0,325.0,183.0,50.0,185.0,149.0,463.0,178.0,1113.0,1095.0,0.0,0.0,58.0,34.0,22251.0
2024-09-12,111.0,96.0,76.0,75.0,249.0,51.0,350.0,305.0,1278.0,89.0,180.0,135.0,166.0,70.0,45.0,298.0,270.0,0.0,0.0,940.0,273.0,423.0,364.0,211.0,245.0,140.0,220.0,95.0,79.0,42.0,49.0,934.0,124.0,107.0,70.0,60.0,58.0,285.0,303.0,0.0,0.0,35.0,86.0,61.0,42.0,90.0,61.0,92.0,84.0,59.0,10.0,61.0,69.0,171.0,69.0,455.0,433.0,59.0,21.0,24.0,12.0,10860.0
2024-09-13,40.0,30.0,23.0,18.0,314.0,15.0,75.0,85.0,1189.0,29.0,85.0,26.0,226.0,31.0,19.0,53.0,40.0,0.0,0.0,994.0,280.0,138.0,158.0,48.0,55.0,39.0,35.0,49.0,37.0,68.0,81.0,1039.0,70.0,113.0,48.0,11.0,6.0,35.0,64.0,0.0,0.0,12.0,22.0,10.0,8.0,33.0,31.0,12.0,12.0,12.0,2.0,10.0,13.0,28.0,27.0,278.0,344.0,6.0,0.0,7.0,5.0,6538.0
2024-09-14,23.0,24.0,22.0,24.0,226.0,44.0,85.0,115.0,320.0,18.0,86.0,59.0,48.0,26.0,9.0,34.0,19.0,0.0,0.0,872.0,248.0,135.0,134.0,46.0,60.0,101.0,147.0,21.0,19.0,32.0,30.0,359.0,62.0,51.0,43.0,0.0,0.0,84.0,93.0,0.0,0.0,8.0,38.0,13.0,11.0,17.0,24.0,19.0,14.0,14.0,2.0,17.0,15.0,38.0,33.0,448.0,411.0,30.0,15.0,0.0,0.0,4886.0
2024-09-15,34.0,27.0,17.0,26.0,217.0,33.0,102.0,100.0,328.0,27.0,71.0,58.0,42.0,22.0,6.0,21.0,5.0,0.0,0.0,724.0,254.0,108.0,105.0,37.0,54.0,105.0,99.0,18.0,18.0,17.0,10.0,274.0,54.0,28.0,27.0,0.0,0.0,24.0,17.0,0.0,0.0,17.0,38.0,9.0,6.0,20.0,34.0,18.0,19.0,10.0,2.0,21.0,23.0,7.0,5.0,212.0,167.0,8.0,14.0,0.0,0.0,3739.0
2024-09-16,81.0,73.0,32.0,61.0,205.0,44.0,216.0,273.0,1286.0,36.0,120.0,105.0,120.0,37.0,22.0,35.0,43.0,3.0,4.0,930.0,234.0,249.0,251.0,139.0,155.0,160.0,155.0,79.0,81.0,65.0,66.0,749.0,82.0,136.0,64.0,0.0,0.0,64.0,60.0,0.0,0.0,29.0,63.0,28.0,24.0,43.0,31.0,61.0,47.0,46.0,7.0,67.0,47.0,7.0,6.0,185.0,178.0,32.0,31.0,0.0,0.0,7447.0
2024-09-17,186.0,210.0,108.0,174.0,321.0,100.0,813.0,969.0,1474.0,117.0,270.0,337.0,397.0,34.0,37.0,143.0,283.0,29.0,54.0,1098.0,364.0,718.0,825.0,524.0,596.0,348.0,465.0,154.0,178.0,197.0,191.0,990.0,128.0,197.0,176.0,0.0,5.0,313.0,345.0,0.0,0.0,136.0,224.0,213.0,117.0,44.0,26.0,302.0,275.0,171.0,34.0,213.0,201.0,3.0,2.0,835.0,842.0,231.0,253.0,0.0,0.0,17990.0
2024-09-18,244.0,267.0,135.0,158.0,299.0,85.0,907.0,1018.0,962.0,138.0,345.0,328.0,573.0,0.0,38.0,145.0,239.0,33.0,78.0,1123.0,311.0,823.0,1030.0,636.0,731.0,352.0,428.0,176.0,219.0,162.0,158.0,937.0,152.0,285.0,202.0,115.0,135.0,258.0,277.0,0.0,0.0,142.0,257.0,345.0,159.0,50.0,29.0,491.0,441.0,250.0,49.0,261.0,216.0,15.0,8.0,1027.0,977.0,538.0,413.0,0.0,0.0,20170.0
2024-09-19,257.0,248.0,184.0,197.0,296.0,80.0,836.0,962.0,1048.0,98.0,288.0,357.0,272.0,0.0,28.0,137.0,229.0,37.0,62.0,987.0,293.0,804.0,950.0,603.0,648.0,325.0,357.0,163.0,141.0,268.0,291.0,914.0,135.0,218.0,158.0,364.0,349.0,414.0,456.0,0.0,0.0,135.0,259.0,294.0,167.0,55.0,31.0,450.0,399.0,205.0,42.0,280.0,215.0,39.0,23.0,989.0,908.0,336.0,429.0,0.0,0.0,19710.0
2024-09-20,198.0,235.0,127.0,165.0,303.0,74.0,717.0,727.0,1154.0,88.0,283.0,268.0,261.0,0.0,22.0,474.0,374.0,43.0,51.0,1076.0,374.0,751.0,830.0,572.0,638.0,355.0,374.0,144.0,158.0,427.0,384.0,696.0,37.0,211.0,174.0,294.0,296.0,593.0,564.0,0.0,0.0,137.0,240.0,249.0,129.0,57.0,34.0,383.0,343.0,196.0,60.0,233.0,240.0,143.0,61.0,965.0,1004.0,335.0,421.0,0.0,0.0,19742.0
2024-09-21,131.0,180.0,78.0,157.0,319.0,4.0,572.0,630.0,278.0,74.0,293.0,274.0,189.0,0.0,27.0,866.0,752.0,29.0,41.0,903.0,362.0,612.0,769.0,579.0,635.0,251.0,285.0,113.0,111.0,577.0,536.0,392.0,124.0,117.0,146.0,1.0,0.0,1178.0,1249.0,0.0,0.0,128.0,236.0,214.0,116.0,25.0,8.0,450.0,404.0,229.0,48.0,243.0,233.0,779.0,349.0,1607.0,1482.0,628.0,549.0,0.0,0.0,21562.0
2024-09-22,182.0,204.0,182.0,184.0,279.0,35.0,563.0,575.0,397.0,85.0,291.0,196.0,143.0,0.0,18.0,1134.0,957.0,20.0,44.0,810.0,341.0,749.0,856.0,725.0,715.0,225.0,268.0,63.0,64.0,638.0,691.0,331.0,122.0,70.0,166.0,0.0,0.0,1788.0,1762.0,0.0,0.0,178.0,341.0,310.0,175.0,26.0,11.0,555.0,527.0,243.0,35.0,296.0,315.0,1117.0,418.0,321.0,470.0,804.0,669.0,0.0,0.0,22684.0
2024-09-23,216.0,215.0,149.0,186.0,298.0,75.0,760.0,760.0,1312.0,112.0,344.0,305.0,292.0,0.0,27.0,767.0,719.0,38.0,61.0,937.0,330.0,877.0,975.0,425.0,425.0,191.0,141.0,138.0,199.0,448.0,450.0,753.0,130.0,235.0,142.0,0.0,0.0,914.0,975.0,0.0,0.0,138.0,237.0,284.0,131.0,47.0,32.0,423.0,360.0,215.0,55.0,239.0,206.0,581.0,155.0,0.0,0.0,316.0,298.0,0.0,0.0,19038.0
2024-09-24,167.0,164.0,108.0,122.0,253.0,64.0,602.0,682.0,1441.0,100.0,262.0,217.0,258.0,0.0,21.0,470.0,423.0,29.0,59.0,822.0,265.0,663.0,684.0,348.0,432.0,348.0,279.0,125.0,140.0,289.0,328.0,897.0,118.0,216.0,163.0,0.0,0.0,386.0,465.0,0.0,0.0,91.0,154.0,185.0,79.0,54.0,39.0,242.0,206.0,131.0,31.0,145.0,122.0,236.0,68.0,304.0,398.0,150.0,174.0,0.0,0.0,15219.0
2024-09-25,246.0,248.0,140.0,196.0,345.0,93.0,818.0,954.0,1400.0,119.0,371.0,306.0,265.0,0.0,43.0,714.0,686.0,28.0,85.0,862.0,271.0,891.0,1017.0,569.0,709.0,421.0,451.0,152.0,230.0,455.0,466.0,870.0,124.0,270.0,213.0,0.0,0.0,888.0,994.0,0.0,0.0,142.0,228.0,316.0,168.0,51.0,31.0,430.0,362.0,187.0,34.0,217.0,186.0,578.0,192.0,1317.0,1311.0,360.0,456.0,0.0,0.0,23476.0
2024-09-26,114.0,98.0,75.0,100.0,267.0,73.0,423.0,449.0,1330.0,65.0,195.0,161.0,200.0,0.0,19.0,281.0,227.0,17.0,27.0,851.0,269.0,440.0,400.0,215.0,271.0,163.0,223.0,81.0,99.0,186.0,125.0,949.0,88.0,144.0,79.0,0.0,0.0,251.0,236.0,0.0,0.0,39.0,86.0,81.0,32.0,47.0,29.0,108.0,86.0,80.0,12.0,70.0,71.0,118.0,30.0,371.0,396.0,0.0,0.0,0.0,0.0,10847.0
2024-09-27,149.0,174.0,53.0,117.0,308.0,66.0,493.0,538.0,1250.0,58.0,198.0,260.0,260.0,0.0,22.0,414.0,372.0,13.0,24.0,935.0,311.0,543.0,543.0,321.0,385.0,246.0,309.0,107.0,128.0,280.0,267.0,851.0,100.0,187.0,132.0,0.0,0.0,504.0,538.0,0.0,0.0,75.0,150.0,168.0,77.0,61.0,55.0,216.0,174.0,94.0,21.0,135.0,121.0,308.0,95.0,609.0,623.0,0.0,0.0,0.0,0.0,14438.0
2024-09-28,88.0,131.0,118.0,109.0,269.0,63.0,368.0,405.0,125.0,73.0,188.0,227.0,98.0,0.0,11.0,513.0,525.0,11.0,22.0,733.0,295.0,436.0,461.0,298.0,347.0,218.0,281.0,37.0,51.0,225.0,226.0,288.0,113.0,111.0,121.0,0.0,0.0,757.0,764.0,0.0,0.0,67.0,135.0,107.0,70.0,25.0,13.0,227.0,147.0,97.0,23.0,126.0,143.0,498.0,162.0,802.0,790.0,0.0,0.0,0.0,0.0,12538.0
2024-09-29,105.0,109.0,55.0,83.0,220.0,78.0,349.0,396.0,766.0,40.0,172.0,137.0,74.0,0.0,12.0,706.0,587.0,10.0,25.0,592.0,293.0,459.0,538.0,357.0,414.0,143.0,165.0,46.0,40.0,427.0,350.0,306.0,86.0,96.0,109.0,0.0,0.0,991.0,1075.0,0.0,0.0,110.0,189.0,150.0,99.0,13.0,16.0,250.0,203.0,120.0,33.0,168.0,165.0,664.0,249.0,1051.0,972.0,0.0,0.0,0.0,0.0,14863.0
2024-09-30,0.0,0.0,0.0,0.0,0.0,0.0,0.0,0.0,0.0,0.0,0.0,0.0,0.0,0.0,0.0,0.0,0.0,0.0,0.0,0.0,0.0,0.0,0.0,350.0,436.0,0.0,0.0,0.0,0.0,0.0,0.0,0.0,0.0,0.0,0.0,0.0,0.0,0.0,0.0,0.0,0.0,0.0,0.0,0.0,0.0,0.0,0.0,0.0,0.0,0.0,0.0,0.0,0.0,0.0,0.0,0.0,0.0,0.0,0.0,0.0,0.0,786.0
2024-10-01,166.0,176.0,77.0,121.0,274.0,68.0,653.0,701.0,1497.0,140.0,301.0,218.0,221.0,0.0,17.0,501.0,452.0,32.0,56.0,845.0,321.0,728.0,681.0,408.0,458.0,277.0,285.0,89.0,130.0,275.0,267.0,776.0,95.0,223.0,159.0,0.0,0.0,568.0,578.0,0.0,0.0,80.0,132.0,173.0,80.0,60.0,28.0,233.0,199.0,119.0,27.0,139.0,120.0,350.0,75.0,679.0,699.0,9.0,0.0,0.0,0.0,16036.0
2024-10-02,89.0,70.0,43.0,58.0,203.0,22.0,273.0,281.0,1416.0,82.0,183.0,101.0,116.0,0.0,12.0,187.0,176.0,10.0,22.0,875.0,277.0,327.0,266.0,126.0,156.0,130.0,137.0,86.0,107.0,62.0,89.0,1110.0,73.0,159.0,62.0,0.0,0.0,151.0,142.0,0.0,0.0,29.0,58.0,47.0,29.0,58.0,44.0,57.0,43.0,37.0,18.0,52.0,44.0,82.0,22.0,308.0,326.0,49.0,50.0,0.0,0.0,9032.0
2024-10-03,149.0,150.0,68.0,135.0,280.0,64.0,497.0,554.0,1435.0,127.0,284.0,174.0,196.0,0.0,17.0,445.0,414.0,22.0,49.0,922.0,288.0,493.0,547.0,314.0,350.0,251.0,274.0,110.0,112.0,234.0,236.0,928.0,113.0,199.0,78.0,0.0,0.0,441.0,453.0,0.0,0.0,69.0,108.0,155.0,82.0,46.0,29.0,196.0,162.0,123.0,30.0,109.0,99.0,266.0,77.0,668.0,677.0,138.0,108.0,0.0,0.0,14545.0
2024-10-04,116.0,103.0,62.0,98.0,251.0,126.0,366.0,395.0,1330.0,126.0,166.0,117.0,166.0,0.0,10.0,293.0,260.0,18.0,31.0,716.0,217.0,396.0,414.0,230.0,235.0,180.0,308.0,92.0,109.0,181.0,202.0,881.0,138.0,136.0,91.0,6.0,10.0,390.0,349.0,0.0,0.0,58.0,95.0,92.0,47.0,54.0,28.0,120.0,101.0,80.0,21.0,92.0,97.0,219.0,57.0,398.0,419.0,110.0,52.0,0.0,0.0,11455.0
2024-10-05,52.0,52.0,49.0,43.0,215.0,74.0,178.0,194.0,529.0,59.0,88.0,77.0,68.0,0.0,7.0,236.0,199.0,2.0,4.0,68.0,289.0,149.0,165.0,104.0,106.0,146.0,177.0,47.0,26.0,113.0,88.0,385.0,95.0,53.0,48.0,46.0,43.0,235.0,262.0,0.0,0.0,42.0,64.0,33.0,36.0,62.0,74.0,61.0,52.0,36.0,6.0,45.0,56.0,121.0,55.0,280.0,232.0,58.0,77.0,0.0,0.0,6161.0
2024-10-06,101.0,109.0,83.0,96.0,257.0,63.0,343.0,337.0,587.0,73.0,174.0,70.0,72.0,0.0,10.0,619.0,533.0,4.0,11.0,80.0,257.0,465.0,510.0,361.0,370.0,166.0,171.0,66.0,52.0,374.0,292.0,333.0,25.0,141.0,104.0,29.0,65.0,928.0,946.0,0.0,0.0,108.0,172.0,143.0,93.0,60.0,57.0,223.0,208.0,100.0,30.0,145.0,124.0,602.0,191.0,178.0,272.0,322.0,257.0,0.0,0.0,12562.0
2024-10-07,168.0,143.0,108.0,43.0,323.0,67.0,625.0,663.0,1407.0,135.0,318.0,164.0,138.0,0.0,14.0,594.0,510.0,18.0,43.0,698.0,276.0,783.0,731.0,442.0,527.0,265.0,278.0,146.0,129.0,309.0,282.0,802.0,46.0,228.0,170.0,0.0,0.0,595.0,633.0,0.0,0.0,87.0,164.0,211.0,93.0,53.0,155.0,265.0,243.0,154.0,38.0,151.0,130.0,364.0,109.0,535.0,650.0,218.0,163.0,0.0,0.0,16604.0
2024-10-08,214.0,242.0,115.0,50.0,348.0,73.0,847.0,910.0,1630.0,165.0,367.0,197.0,224.0,0.0,21.0,856.0,791.0,41.0,77.0,883.0,302.0,853.0,960.0,602.0,701.0,349.0,369.0,144.0,192.0,540.0,460.0,852.0,134.0,283.0,199.0,0.0,0.0,1032.0,1085.0,0.0,0.0,112.0,213.0,282.0,126.0,57.0,149.0,406.0,331.0,245.0,46.0,229.0,165.0,664.0,175.0,1214.0,1275.0,353.0,265.0,0.0,0.0,23415.0
2024-10-09,146.0,151.0,98.0,44.0,356.0,66.0,706.0,777.0,1365.0,109.0,344.0,247.0,139.0,0.0,15.0,625.0,569.0,50.0,76.0,783.0,267.0,696.0,726.0,487.0,583.0,107.0,129.0,92.0,93.0,0.0,0.0,859.0,138.0,205.0,174.0,0.0,0.0,729.0,907.0,0.0,0.0,90.0,159.0,157.0,80.0,63.0,137.0,273.0,248.0,144.0,40.0,133.0,136.0,555.0,173.0,948.0,952.0,273.0,152.0,0.0,0.0,17571.0
2024-10-10,133.0,142.0,74.0,40.0,354.0,70.0,534.0,605.0,1452.0,142.0,241.0,208.0,176.0,0.0,21.0,409.0,395.0,30.0,69.0,890.0,264.0,426.0,392.0,333.0,417.0,288.0,330.0,145.0,159.0,218.0,197.0,912.0,149.0,162.0,0.0,0.0,0.0,430.0,444.0,0.0,0.0,74.0,127.0,164.0,76.0,43.0,24.0,213.0,197.0,118.0,36.0,109.0,101.0,209.0,68.0,559.0,547.0,120.0,177.0,0.0,0.0,14213.0
2024-10-11,96.0,100.0,66.0,48.0,220.0,73.0,262.0,325.0,1310.0,105.0,125.0,148.0,152.0,0.0,15.0,195.0,171.0,16.0,26.0,794.0,264.0,271.0,175.0,132.0,171.0,139.0,180.0,90.0,61.0,92.0,113.0,884.0,101.0,140.0,0.0,0.0,0.0,175.0,193.0,0.0,0.0,35.0,65.0,67.0,23.0,44.0,20.0,90.0,65.0,55.0,8.0,57.0,54.0,94.0,37.0,240.0,248.0,37.0,60.0,0.0,0.0,8727.0
2024-10-12,81.0,105.0,44.0,63.0,289.0,81.0,252.0,298.0,400.0,91.0,157.0,197.0,113.0,0.0,13.0,436.0,420.0,14.0,27.0,702.0,295.0,294.0,268.0,265.0,300.0,128.0,210.0,58.0,57.0,207.0,195.0,342.0,116.0,93.0,0.0,0.0,0.0,584.0,610.0,0.0,0.0,45.0,113.0,105.0,68.0,16.0,15.0,199.0,168.0,78.0,27.0,99.0,96.0,403.0,128.0,724.0,719.0,247.0,297.0,0.0,0.0,11352.0
2024-10-13,78.0,57.0,54.0,80.0,254.0,82.0,254.0,278.0,763.0,61.0,132.0,173.0,107.0,0.0,15.0,387.0,318.0,14.0,13.0,484.0,258.0,214.0,200.0,196.0,212.0,130.0,125.0,54.0,49.0,215.0,216.0,373.0,75.0,81.0,0.0,0.0,0.0,486.0,538.0,0.0,0.0,62.0,112.0,62.0,45.0,13.0,12.0,133.0,138.0,67.0,21.0,72.0,88.0,330.0,127.0,584.0,491.0,144.0,202.0,0.0,0.0,9729.0
2024-10-14,152.0,149.0,99.0,118.0,515.0,123.0,476.0,566.0,1423.0,142.0,294.0,168.0,108.0,0.0,18.0,453.0,412.0,30.0,64.0,793.0,543.0,530.0,391.0,399.0,438.0,40.0,42.0,131.0,139.0,291.0,294.0,802.0,112.0,174.0,98.0,0.0,0.0,544.0,545.0,0.0,0.0,82.0,132.0,161.0,74.0,97.0,80.0,248.0,200.0,123.0,58.0,90.0,90.0,337.0,110.0,370.0,445.0,146.0,178.0,0.0,0.0,14637.0
2024-10-15,174.0,156.0,85.0,135.0,270.0,113.0,591.0,670.0,1512.0,136.0,320.0,166.0,120.0,0.0,26.0,526.0,489.0,46.0,70.0,749.0,658.0,572.0,434.0,378.0,447.0,278.0,446.0,135.0,159.0,271.0,258.0,945.0,115.0,210.0,121.0,0.0,0.0,556.0,601.0,0.0,0.0,89.0,151.0,213.0,83.0,321.0,160.0,280.0,245.0,149.0,44.0,143.0,136.0,378.0,133.0,766.0,758.0,218.0,231.0,0.0,0.0,17436.0
2024-10-16,153.0,189.0,101.0,123.0,306.0,84.0,602.0,644.0,1507.0,153.0,392.0,161.0,142.0,0.0,26.0,558.0,484.0,57.0,72.0,802.0,610.0,546.0,451.0,432.0,495.0,258.0,304.0,143.0,141.0,313.0,265.0,994.0,119.0,245.0,152.0,0.0,0.0,677.0,689.0,0.0,0.0,94.0,145.0,200.0,113.0,257.0,125.0,287.0,256.0,145.0,54.0,126.0,108.0,409.0,120.0,852.0,870.0,269.0,163.0,0.0,0.0,17983.0
2024-10-17,151.0,159.0,105.0,108.0,247.0,78.0,571.0,601.0,1443.0,152.0,343.0,201.0,142.0,0.0,23.0,520.0,482.0,52.0,77.0,871.0,356.0,437.0,399.0,379.0,447.0,286.0,322.0,144.0,34.0,300.0,300.0,788.0,143.0,192.0,129.0,0.0,0.0,646.0,620.0,0.0,0.0,102.0,151.0,211.0,82.0,352.0,144.0,272.0,224.0,147.0,28.0,133.0,114.0,400.0,120.0,808.0,832.0,248.0,110.0,0.0,0.0,16726.0
2024-10-18,137.0,137.0,90.0,116.0,271.0,84.0,526.0,565.0,1416.0,120.0,283.0,160.0,165.0,0.0,20.0,481.0,374.0,41.0,53.0,781.0,323.0,450.0,352.0,335.0,429.0,236.0,334.0,113.0,120.0,280.0,241.0,800.0,107.0,182.0,130.0,9.0,2.0,587.0,600.0,0.0,0.0,85.0,140.0,158.0,103.0,288.0,152.0,229.0,222.0,115.0,26.0,112.0,129.0,400.0,104.0,685.0,704.0,151.0,94.0,0.0,0.0,15347.0
2024-10-19,67.0,109.0,77.0,89.0,274.0,98.0,341.0,328.0,455.0,97.0,139.0,107.0,84.0,0.0,3.0,495.0,442.0,23.0,26.0,634.0,318.0,249.0,290.0,300.0,349.0,174.0,244.0,73.0,55.0,280.0,291.0,394.0,89.0,96.0,93.0,214.0,163.0,752.0,756.0,0.0,0.0,79.0,131.0,127.0,73.0,198.0,103.0,230.0,203.0,96.0,29.0,112.0,103.0,522.0,172.0,951.0,803.0,227.0,127.0,0.0,0.0,13354.0
2024-10-20,110.0,124.0,51.0,99.0,222.0,82.0,369.0,432.0,700.0,117.0,224.0,57.0,83.0,0.0,0.0,788.0,696.0,22.0,35.0,570.0,290.0,397.0,335.0,432.0,463.0,160.0,152.0,59.0,68.0,496.0,453.0,355.0,35.0,114.0,125.0,299.0,245.0,1195.0,1224.0,0.0,0.0,155.0,235.0,156.0,104.0,92.0,78.0,328.0,320.0,138.0,36.0,184.0,191.0,868.0,303.0,1120.0,1112.0,433.0,198.0,0.0,0.0,17729.0
2024-10-21,162.0,145.0,98.0,133.0,280.0,92.0,598.0,642.0,1456.0,129.0,280.0,164.0,131.0,0.0,0.0,488.0,472.0,49.0,100.0,713.0,278.0,502.0,395.0,431.0,433.0,282.0,352.0,115.0,49.0,315.0,353.0,735.0,133.0,197.0,114.0,196.0,221.0,529.0,576.0,0.0,0.0,86.0,152.0,222.0,87.0,237.0,124.0,276.0,226.0,120.0,23.0,121.0,95.0,340.0,101.0,0.0,0.0,146.0,67.0,0.0,0.0,14761.0
2024-10-22,174.0,170.0,89.0,145.0,306.0,89.0,571.0,645.0,1467.0,129.0,315.0,172.0,137.0,0.0,0.0,586.0,518.0,59.0,59.0,861.0,281.0,545.0,458.0,429.0,500.0,301.0,396.0,87.0,145.0,273.0,255.0,953.0,120.0,233.0,159.0,210.0,219.0,679.0,731.0,0.0,0.0,93.0,165.0,214.0,95.0,259.0,153.0,279.0,263.0,156.0,40.0,158.0,137.0,422.0,126.0,0.0,0.0,188.0,106.0,0.0,0.0,16320.0
2024-10-23,167.0,177.0,111.0,117.0,276.0,117.0,558.0,606.0,1524.0,139.0,341.0,169.0,142.0,0.0,0.0,450.0,442.0,46.0,71.0,762.0,290.0,459.0,393.0,367.0,400.0,272.0,382.0,141.0,144.0,277.0,281.0,762.0,129.0,209.0,132.0,177.0,184.0,489.0,551.0,0.0,0.0,86.0,144.0,171.0,59.0,187.0,138.0,241.0,199.0,133.0,26.0,127.0,111.0,302.0,95.0,0.0,0.0,138.0,77.0,0.0,0.0,14488.0
2024-10-24,147.0,181.0,69.0,115.0,294.0,103.0,603.0,680.0,1456.0,196.0,320.0,127.0,153.0,0.0,0.0,525.0,448.0,48.0,90.0,851.0,264.0,541.0,450.0,408.0,476.0,245.0,372.0,118.0,151.0,374.0,273.0,657.0,114.0,235.0,136.0,232.0,235.0,683.0,684.0,0.0,0.0,82.0,166.0,185.0,92.0,22.0,288.0,256.0,252.0,148.0,34.0,158.0,135.0,374.0,95.0,0.0,0.0,194.0,97.0,0.0,0.0,15632.0
2024-10-25,153.0,134.0,102.0,105.0,293.0,95.0,434.0,528.0,1301.0,113.0,201.0,140.0,104.0,0.0,0.0,400.0,348.0,36.0,67.0,790.0,307.0,391.0,341.0,309.0,382.0,231.0,272.0,111.0,106.0,182.0,156.0,188.0,59.0,151.0,100.0,138.0,148.0,479.0,550.0,0.0,0.0,72.0,103.0,152.0,69.0,30.0,244.0,204.0,170.0,111.0,32.0,86.0,76.0,272.0,100.0,422.0,483.0,120.0,58.0,0.0,0.0,12749.0
2024-10-26,76.0,88.0,75.0,88.0,325.0,94.0,274.0,268.0,293.0,107.0,132.0,147.0,65.0,0.0,0.0,395.0,312.0,20.0,39.0,646.0,319.0,290.0,241.0,233.0,247.0,132.0,194.0,65.0,48.0,180.0,166.0,97.0,50.0,95.0,73.0,104.0,108.0,529.0,560.0,0.0,0.0,71.0,109.0,87.0,63.0,31.0,76.0,162.0,132.0,72.0,18.0,89.0,80.0,318.0,88.0,624.0,578.0,122.0,76.0,0.0,0.0,9971.0
2024-10-27,92.0,113.0,88.0,107.0,346.0,87.0,276.0,319.0,281.0,96.0,135.0,83.0,81.0,0.0,0.0,453.0,395.0,21.0,44.0,545.0,271.0,315.0,271.0,245.0,277.0,130.0,166.0,43.0,39.0,241.0,196.0,95.0,55.0,87.0,77.0,170.0,135.0,690.0,743.0,0.0,0.0,69.0,124.0,116.0,65.0,7.0,61.0,200.0,191.0,95.0,26.0,88.0,86.0,475.0,157.0,795.0,695.0,124.0,73.0,0.0,0.0,11255.0
2024-10-28,127.0,119.0,125.0,150.0,278.0,91.0,423.0,492.0,326.0,145.0,207.0,115.0,74.0,0.0,0.0,772.0,716.0,33.0,51.0,526.0,241.0,441.0,384.0,423.0,504.0,155.0,253.0,73.0,98.0,428.0,377.0,308.0,136.0,117.0,157.0,256.0,236.0,1269.0,1283.0,0.0,0.0,125.0,176.0,163.0,92.0,3.0,76.0,337.0,302.0,165.0,29.0,140.0,132.0,791.0,253.0,1462.0,1282.0,404.0,182.0,0.0,0.0,18023.0
2024-10-29,148.0,134.0,118.0,123.0,285.0,99.0,542.0,602.0,1170.0,126.0,232.0,159.0,146.0,0.0,0.0,511.0,429.0,46.0,118.0,769.0,232.0,470.0,349.0,366.0,417.0,103.0,154.0,114.0,152.0,312.0,266.0,658.0,131.0,158.0,116.0,204.0,215.0,636.0,695.0,0.0,0.0,99.0,145.0,185.0,83.0,83.0,88.0,243.0,200.0,45.0,9.0,119.0,108.0,388.0,109.0,794.0,800.0,189.0,102.0,0.0,0.0,15294.0
2024-10-30,124.0,118.0,97.0,109.0,300.0,102.0,508.0,554.0,1152.0,155.0,223.0,179.0,125.0,0.0,0.0,416.0,409.0,31.0,104.0,900.0,238.0,477.0,296.0,327.0,338.0,213.0,259.0,126.0,146.0,190.0,211.0,717.0,61.0,193.0,97.0,177.0,158.0,427.0,425.0,0.0,0.0,90.0,126.0,155.0,76.0,164.0,77.0,202.0,179.0,83.0,22.0,99.0,88.0,235.0,70.0,604.0,594.0,131.0,49.0,0.0,0.0,13726.0
2024-10-31,152.0,140.0,99.0,113.0,284.0,111.0,479.0,555.0,1029.0,135.0,267.0,163.0,147.0,0.0,0.0,383.0,361.0,44.0,106.0,763.0,235.0,476.0,359.0,285.0,309.0,197.0,262.0,141.0,129.0,150.0,158.0,791.0,108.0,187.0,118.0,152.0,140.0,402.0,417.0,0.0,0.0,96.0,118.0,183.0,81.0,243.0,172.0,181.0,168.0,88.0,19.0,125.0,105.0,229.0,68.0,492.0,519.0,119.0,66.0,0.0,0.0,13419.0
2024-11-01,157.0,161.0,105.0,131.0,247.0,94.0,555.0,578.0,1061.0,151.0,237.0,96.0,105.0,0.0,0.0,548.0,509.0,30.0,101.0,792.0,208.0,483.0,386.0,387.0,447.0,191.0,351.0,89.0,110.0,80.0,79.0,820.0,154.0,171.0,113.0,213.0,169.0,710.0,684.0,0.0,0.0,107.0,136.0,165.0,84.0,259.0,106.0,258.0,225.0,128.0,30.0,104.0,106.0,468.0,161.0,642.0,704.0,197.0,75.0,0.0,0.0,15458.0
2024-11-02,73.0,67.0,61.0,91.0,235.0,82.0,176.0,205.0,486.0,37.0,156.0,53.0,60.0,0.0,0.0,400.0,345.0,0.0,2.0,665.0,258.0,187.0,223.0,192.0,236.0,124.0,125.0,14.0,16.0,47.0,35.0,350.0,110.0,67.0,58.0,64.0,70.0,376.0,367.0,0.0,0.0,68.0,107.0,65.0,39.0,31.0,78.0,90.0,58.0,68.0,21.0,83.0,62.0,360.0,134.0,520.0,505.0,76.0,50.0,0.0,0.0,8528.0
2024-11-03,73.0,82.0,48.0,58.0,236.0,73.0,0.0,3.0,301.0,0.0,164.0,26.0,35.0,0.0,0.0,464.0,379.0,0.0,0.0,525.0,260.0,163.0,263.0,202.0,245.0,113.0,142.0,1.0,0.0,0.0,0.0,103.0,58.0,73.0,101.0,0.0,0.0,0.0,0.0,0.0,0.0,88.0,123.0,0.0,0.0,94.0,67.0,0.0,0.0,82.0,23.0,93.0,98.0,404.0,163.0,771.0,675.0,0.0,0.0,0.0,0.0,6872.0
2024-11-04,107.0,103.0,70.0,77.0,256.0,89.0,308.0,329.0,875.0,138.0,196.0,121.0,95.0,0.0,0.0,303.0,260.0,28.0,80.0,649.0,306.0,346.0,275.0,233.0,277.0,183.0,202.0,113.0,46.0,205.0,217.0,614.0,103.0,148.0,88.0,97.0,106.0,255.0,256.0,0.0,0.0,59.0,102.0,96.0,42.0,124.0,93.0,120.0,88.0,63.0,15.0,79.0,62.0,133.0,48.0,466.0,464.0,59.0,24.0,0.0,0.0,10291.0
2024-11-05,151.0,147.0,12.0,19.0,253.0,122.0,401.0,499.0,976.0,113.0,242.0,120.0,100.0,0.0,0.0,352.0,314.0,36.0,110.0,629.0,245.0,444.0,298.0,240.0,290.0,219.0,224.0,110.0,134.0,340.0,332.0,758.0,105.0,158.0,111.0,111.0,121.0,286.0,288.0,0.0,0.0,75.0,112.0,104.0,39.0,193.0,134.0,131.0,125.0,86.0,28.0,82.0,72.0,156.0,60.0,449.0,471.0,59.0,37.0,0.0,0.0,11823.0
2024-11-06,119.0,119.0,15.0,82.0,280.0,103.0,275.0,328.0,862.0,112.0,234.0,130.0,119.0,0.0,0.0,322.0,305.0,44.0,97.0,717.0,243.0,472.0,262.0,228.0,272.0,205.0,192.0,119.0,124.0,304.0,291.0,207.0,65.0,206.0,118.0,89.0,104.0,295.0,306.0,0.0,0.0,62.0,103.0,112.0,58.0,227.0,129.0,126.0,120.0,80.0,26.0,73.0,65.0,151.0,46.0,410.0,430.0,55.0,28.0,0.0,0.0,10666.0
2024-11-07,88.0,100.0,24.0,74.0,254.0,89.0,99.0,97.0,962.0,94.0,253.0,115.0,120.0,0.0,0.0,281.0,238.0,37.0,102.0,648.0,238.0,407.0,244.0,216.0,234.0,196.0,177.0,101.0,139.0,303.0,312.0,266.0,44.0,146.0,107.0,90.0,86.0,235.0,226.0,0.0,0.0,59.0,87.0,91.0,40.0,167.0,163.0,105.0,104.0,66.0,12.0,57.0,52.0,132.0,42.0,174.0,133.0,41.0,40.0,0.0,0.0,9007.0
2024-11-08,116.0,104.0,70.0,87.0,456.0,83.0,84.0,87.0,967.0,112.0,176.0,118.0,109.0,0.0,0.0,281.0,241.0,68.0,134.0,685.0,230.0,181.0,224.0,195.0,231.0,179.0,218.0,102.0,77.0,363.0,369.0,709.0,120.0,139.0,101.0,79.0,98.0,309.0,318.0,0.0,0.0,76.0,95.0,98.0,50.0,246.0,140.0,134.0,112.0,91.0,27.0,64.0,69.0,185.0,72.0,0.0,0.0,71.0,57.0,0.0,0.0,9807.0
2024-11-09,52.0,63.0,43.0,79.0,276.0,72.0,54.0,52.0,562.0,63.0,173.0,75.0,50.0,0.0,0.0,426.0,360.0,127.0,190.0,531.0,248.0,116.0,212.0,149.0,204.0,115.0,191.0,53.0,51.0,348.0,290.0,132.0,68.0,63.0,90.0,105.0,91.0,530.0,607.0,0.0,0.0,68.0,127.0,68.0,54.0,45.0,63.0,128.0,119.0,73.0,22.0,73.0,88.0,353.0,142.0,0.0,0.0,106.0,57.0,0.0,0.0,8497.0
2024-11-10,51.0,55.0,52.0,49.0,167.0,85.0,69.0,79.0,368.0,58.0,123.0,65.0,66.0,0.0,0.0,235.0,205.0,71.0,79.0,366.0,231.0,70.0,127.0,86.0,102.0,95.0,98.0,46.0,32.0,137.0,118.0,276.0,35.0,47.0,50.0,49.0,35.0,245.0,244.0,0.0,0.0,56.0,71.0,31.0,23.0,19.0,71.0,38.0,38.0,47.0,17.0,44.0,37.0,150.0,54.0,0.0,0.0,39.0,44.0,0.0,0.0,5145.0
2024-11-11,105.0,115.0,68.0,73.0,228.0,60.0,57.0,75.0,879.0,86.0,213.0,102.0,105.0,0.0,0.0,270.0,226.0,0.0,0.0,560.0,200.0,191.0,235.0,188.0,227.0,188.0,171.0,116.0,105.0,225.0,247.0,702.0,112.0,111.0,79.0,85.0,83.0,152.0,130.0,0.0,0.0,50.0,79.0,50.0,25.0,194.0,122.0,100.0,88.0,57.0,10.0,64.0,42.0,90.0,43.0,0.0,0.0,25.0,23.0,0.0,0.0,7831.0
2024-11-12,104.0,109.0,76.0,69.0,224.0,77.0,273.0,273.0,923.0,84.0,226.0,118.0,115.0,0.0,0.0,265.0,236.0,0.0,0.0,546.0,171.0,205.0,245.0,212.0,208.0,192.0,197.0,82.0,68.0,232.0,246.0,646.0,45.0,155.0,83.0,78.0,85.0,67.0,82.0,0.0,0.0,64.0,82.0,57.0,24.0,247.0,136.0,78.0,60.0,68.0,16.0,55.0,47.0,93.0,49.0,200.0,228.0,26.0,15.0,0.0,0.0,8562.0
2024-11-13,88.0,83.0,62.0,52.0,208.0,69.0,236.0,263.0,909.0,68.0,197.0,117.0,142.0,0.0,0.0,203.0,166.0,21.0,53.0,608.0,188.0,115.0,165.0,150.0,145.0,140.0,155.0,65.0,67.0,153.0,138.0,798.0,89.0,185.0,63.0,38.0,53.0,100.0,89.0,0.0,0.0,42.0,59.0,52.0,23.0,117.0,151.0,36.0,9.0,43.0,10.0,47.0,37.0,58.0,14.0,263.0,257.0,28.0,7.0,0.0,0.0,7694.0
2024-11-14,81.0,82.0,68.0,55.0,237.0,95.0,33.0,51.0,1113.0,81.0,253.0,102.0,132.0,0.0,0.0,257.0,208.0,9.0,8.0,637.0,270.0,167.0,225.0,173.0,217.0,156.0,225.0,7.0,10.0,41.0,26.0,934.0,100.0,102.0,58.0,76.0,79.0,17.0,29.0,0.0,0.0,45.0,79.0,18.0,8.0,184.0,181.0,20.0,8.0,57.0,21.0,45.0,58.0,98.0,48.0,350.0,332.0,37.0,15.0,0.0,0.0,8018.0
2024-11-15,91.0,87.0,78.0,70.0,283.0,95.0,315.0,351.0,1041.0,99.0,192.0,102.0,83.0,0.0,0.0,271.0,223.0,22.0,54.0,633.0,237.0,160.0,209.0,183.0,223.0,176.0,197.0,81.0,97.0,81.0,95.0,769.0,108.0,111.0,66.0,65.0,104.0,270.0,241.0,0.0,0.0,53.0,88.0,30.0,19.0,186.0,107.0,26.0,53.0,69.0,19.0,66.0,63.0,145.0,44.0,380.0,412.0,42.0,21.0,0.0,0.0,9386.0
2024-11-16,75.0,85.0,76.0,72.0,227.0,59.0,185.0,193.0,183.0,76.0,139.0,79.0,27.0,0.0,0.0,371.0,305.0,23.0,33.0,593.0,246.0,119.0,194.0,166.0,208.0,150.0,165.0,46.0,38.0,244.0,216.0,339.0,95.0,70.0,66.0,115.0,100.0,441.0,435.0,0.0,0.0,69.0,107.0,79.0,53.0,79.0,55.0,121.0,126.0,70.0,23.0,58.0,62.0,315.0,123.0,611.0,512.0,127.0,54.0,0.0,0.0,8898.0
2024-11-17,49.0,47.0,49.0,54.0,198.0,70.0,170.0,169.0,239.0,61.0,93.0,42.0,42.0,0.0,0.0,230.0,206.0,20.0,28.0,493.0,247.0,89.0,146.0,105.0,124.0,98.0,119.0,33.0,16.0,160.0,134.0,235.0,64.0,47.0,38.0,61.0,59.0,167.0,214.0,0.0,0.0,48.0,83.0,47.0,32.0,30.0,20.0,76.0,71.0,42.0,10.0,41.0,41.0,146.0,79.0,427.0,349.0,68.0,27.0,0.0,0.0,6053.0
2024-11-18,87.0,73.0,67.0,51.0,209.0,43.0,289.0,319.0,832.0,80.0,176.0,95.0,107.0,0.0,0.0,221.0,175.0,36.0,69.0,591.0,224.0,140.0,178.0,152.0,187.0,169.0,155.0,56.0,63.0,198.0,211.0,770.0,106.0,106.0,72.0,4.0,25.0,73.0,80.0,0.0,0.0,42.0,62.0,65.0,25.0,53.0,64.0,85.0,70.0,49.0,7.0,34.0,42.0,67.0,29.0,311.0,275.0,25.0,6.0,0.0,0.0,7800.0
2024-11-19,97.0,90.0,71.0,54.0,232.0,73.0,277.0,301.0,1066.0,85.0,226.0,79.0,119.0,0.0,0.0,267.0,224.0,37.0,84.0,494.0,211.0,125.0,184.0,179.0,222.0,171.0,225.0,89.0,88.0,228.0,211.0,794.0,91.0,148.0,68.0,29.0,28.0,166.0,184.0,0.0,0.0,41.0,68.0,73.0,30.0,253.0,148.0,93.0,76.0,66.0,9.0,44.0,42.0,89.0,39.0,336.0,311.0,18.0,7.0,0.0,0.0,9060.0
2024-11-20,82.0,112.0,67.0,82.0,231.0,88.0,285.0,328.0,1089.0,67.0,229.0,82.0,128.0,0.0,0.0,241.0,226.0,39.0,80.0,491.0,246.0,146.0,204.0,154.0,186.0,186.0,181.0,28.0,20.0,241.0,231.0,819.0,42.0,146.0,89.0,27.0,23.0,171.0,158.0,0.0,0.0,49.0,75.0,62.0,23.0,100.0,127.0,85.0,71.0,61.0,16.0,47.0,40.0,96.0,53.0,323.0,342.0,19.0,3.0,0.0,0.0,8837.0
2024-11-21,89.0,91.0,69.0,66.0,272.0,71.0,258.0,328.0,971.0,48.0,198.0,78.0,64.0,0.0,0.0,218.0,194.0,39.0,81.0,438.0,182.0,151.0,189.0,102.0,40.0,162.0,144.0,29.0,12.0,146.0,188.0,680.0,105.0,110.0,93.0,26.0,62.0,148.0,149.0,0.0,0.0,61.0,84.0,55.0,28.0,117.0,164.0,62.0,67.0,57.0,18.0,55.0,59.0,95.0,42.0,306.0,306.0,32.0,13.0,0.0,0.0,7912.0
2024-11-22,69.0,82.0,88.0,54.0,254.0,89.0,258.0,250.0,948.0,52.0,111.0,142.0,106.0,0.0,0.0,182.0,152.0,24.0,49.0,487.0,189.0,127.0,185.0,0.0,0.0,146.0,143.0,25.0,34.0,194.0,210.0,777.0,58.0,91.0,52.0,20.0,29.0,156.0,155.0,0.0,0.0,45.0,59.0,47.0,26.0,164.0,126.0,76.0,60.0,55.0,17.0,45.0,40.0,80.0,37.0,316.0,325.0,17.0,6.0,0.0,0.0,7529.0
2024-11-23,45.0,45.0,39.0,54.0,251.0,70.0,149.0,149.0,458.0,39.0,140.0,70.0,45.0,0.0,0.0,252.0,239.0,18.0,28.0,406.0,241.0,77.0,119.0,0.0,0.0,105.0,103.0,35.0,20.0,157.0,160.0,407.0,103.0,55.0,56.0,48.0,53.0,238.0,240.0,0.0,0.0,37.0,53.0,32.0,42.0,77.0,64.0,65.0,44.0,34.0,14.0,35.0,34.0,185.0,79.0,399.0,322.0,72.0,19.0,0.0,0.0,6321.0
2024-11-24,42.0,45.0,30.0,63.0,199.0,67.0,170.0,165.0,140.0,44.0,118.0,84.0,19.0,0.0,0.0,218.0,201.0,18.0,33.0,412.0,270.0,90.0,147.0,0.0,0.0,86.0,95.0,24.0,9.0,152.0,140.0,265.0,61.0,55.0,63.0,63.0,67.0,233.0,243.0,0.0,0.0,37.0,66.0,59.0,35.0,46.0,47.0,73.0,87.0,29.0,15.0,30.0,42.0,145.0,54.0,1.0,3.0,41.0,47.0,0.0,0.0,4988.0
2024-11-25,106.0,100.0,65.0,82.0,207.0,69.0,369.0,406.0,900.0,91.0,240.0,102.0,76.0,0.0,0.0,333.0,306.0,51.0,117.0,540.0,251.0,231.0,282.0,0.0,0.0,222.0,204.0,57.0,89.0,276.0,330.0,619.0,115.0,139.0,113.0,79.0,123.0,356.0,369.0,0.0,0.0,60.0,112.0,129.0,54.0,203.0,160.0,12.0,5.0,86.0,23.0,90.0,94.0,210.0,69.0,257.0,295.0,85.0,39.0,0.0,0.0,9998.0
2024-11-26,77.0,63.0,47.0,66.0,296.0,74.0,282.0,311.0,1047.0,32.0,293.0,114.0,233.0,0.0,0.0,242.0,216.0,52.0,97.0,584.0,177.0,124.0,187.0,0.0,0.0,170.0,172.0,27.0,417.0,157.0,172.0,359.0,56.0,144.0,89.0,41.0,58.0,134.0,129.0,0.0,0.0,47.0,71.0,65.0,19.0,129.0,115.0,52.0,62.0,45.0,10.0,47.0,40.0,85.0,37.0,279.0,309.0,27.0,11.0,0.0,0.0,8189.0
2024-11-27,107.0,86.0,82.0,90.0,303.0,75.0,364.0,424.0,1140.0,72.0,235.0,159.0,109.0,0.0,0.0,312.0,274.0,38.0,96.0,575.0,272.0,192.0,237.0,0.0,0.0,203.0,200.0,18.0,14.0,270.0,277.0,236.0,56.0,146.0,104.0,82.0,99.0,283.0,300.0,0.0,0.0,59.0,77.0,101.0,32.0,278.0,180.0,111.0,101.0,81.0,20.0,59.0,58.0,148.0,51.0,430.0,430.0,53.0,16.0,0.0,0.0,9815.0
2024-11-28,107.0,86.0,66.0,54.0,245.0,74.0,331.0,325.0,1042.0,51.0,198.0,123.0,126.0,0.0,0.0,227.0,183.0,39.0,77.0,592.0,217.0,159.0,195.0,70.0,141.0,167.0,180.0,44.0,58.0,225.0,222.0,259.0,65.0,112.0,65.0,17.0,63.0,167.0,177.0,0.0,0.0,61.0,66.0,73.0,39.0,181.0,166.0,89.0,73.0,46.0,13.0,48.0,47.0,103.0,33.0,352.0,350.0,38.0,12.0,0.0,0.0,8339.0
2024-11-29,62.0,80.0,35.0,68.0,231.0,88.0,260.0,307.0,1059.0,76.0,162.0,115.0,76.0,0.0,0.0,185.0,170.0,37.0,64.0,614.0,187.0,134.0,186.0,142.0,166.0,149.0,161.0,50.0,46.0,170.0,179.0,247.0,37.0,92.0,57.0,38.0,37.0,144.0,161.0,0.0,0.0,43.0,71.0,56.0,30.0,268.0,181.0,90.0,69.0,60.0,19.0,46.0,40.0,78.0,30.0,330.0,318.0,28.0,10.0,0.0,0.0,7839.0
2024-11-30,48.0,59.0,28.0,59.0,225.0,60.0,165.0,177.0,254.0,18.0,142.0,105.0,43.0,0.0,0.0,290.0,264.0,18.0,29.0,527.0,238.0,118.0,181.0,145.0,147.0,128.0,132.0,23.0,18.0,212.0,185.0,161.0,52.0,55.0,60.0,30.0,56.0,278.0,303.0,0.0,0.0,54.0,70.0,54.0,29.0,52.0,154.0,83.0,74.0,52.0,16.0,43.0,54.0,250.0,94.0,649.0,512.0,41.0,38.0,0.0,0.0,7352.0
2024-12-01,44.0,34.0,43.0,38.0,176.0,39.0,122.0,115.0,313.0,23.0,96.0,55.0,36.0,0.0,0.0,173.0,144.0,9.0,18.0,411.0,241.0,56.0,103.0,80.0,78.0,102.0,114.0,21.0,14.0,102.0,80.0,100.0,55.0,48.0,42.0,32.0,27.0,61.0,67.0,0.0,0.0,38.0,67.0,30.0,18.0,78.0,51.0,43.0,34.0,22.0,7.0,30.0,33.0,101.0,40.0,137.0,139.0,4.0,0.0,0.0,0.0,4184.0
2024-12-02,81.0,91.0,68.0,61.0,200.0,63.0,291.0,321.0,1011.0,55.0,207.0,88.0,93.0,0.0,0.0,202.0,172.0,34.0,88.0,596.0,225.0,171.0,198.0,189.0,175.0,147.0,161.0,35.0,36.0,241.0,234.0,225.0,66.0,87.0,66.0,53.0,53.0,55.0,44.0,0.0,0.0,40.0,74.0,66.0,28.0,173.0,125.0,54.0,65.0,50.0,18.0,48.0,41.0,75.0,27.0,0.0,0.0,13.0,6.0,0.0,0.0,7086.0
2024-12-03,68.0,58.0,60.0,48.0,228.0,44.0,147.0,152.0,1035.0,76.0,174.0,107.0,107.0,0.0,0.0,199.0,148.0,22.0,53.0,719.0,244.0,91.0,142.0,112.0,121.0,116.0,122.0,41.0,34.0,171.0,170.0,328.0,71.0,84.0,44.0,23.0,18.0,40.0,32.0,0.0,0.0,25.0,45.0,36.0,21.0,133.0,129.0,46.0,38.0,27.0,12.0,28.0,24.0,46.0,24.0,138.0,145.0,7.0,1.0,0.0,0.0,6374.0
2024-12-04,90.0,98.0,79.0,60.0,230.0,80.0,27.0,29.0,1154.0,81.0,220.0,120.0,115.0,0.0,0.0,255.0,224.0,42.0,81.0,601.0,217.0,180.0,219.0,200.0,215.0,144.0,136.0,32.0,42.0,197.0,213.0,270.0,72.0,84.0,65.0,29.0,25.0,164.0,126.0,0.0,0.0,61.0,71.0,56.0,25.0,262.0,177.0,76.0,64.0,58.0,17.0,53.0,55.0,98.0,36.0,318.0,345.0,22.0,0.0,0.0,0.0,8010.0
2024-12-05,92.0,83.0,66.0,73.0,359.0,83.0,16.0,20.0,1214.0,75.0,304.0,102.0,132.0,0.0,0.0,282.0,271.0,36.0,73.0,524.0,196.0,151.0,220.0,195.0,210.0,188.0,178.0,42.0,45.0,195.0,211.0,238.0,61.0,87.0,82.0,48.0,31.0,176.0,180.0,0.0,0.0,54.0,71.0,86.0,27.0,235.0,142.0,100.0,91.0,59.0,22.0,45.0,38.0,144.0,64.0,421.0,386.0,33.0,11.0,0.0,0.0,8568.0
2024-12-06,40.0,32.0,27.0,29.0,228.0,45.0,21.0,31.0,1073.0,38.0,94.0,103.0,90.0,0.0,0.0,93.0,74.0,15.0,26.0,611.0,170.0,34.0,89.0,55.0,55.0,88.0,96.0,20.0,12.0,95.0,88.0,349.0,74.0,66.0,44.0,6.0,6.0,30.0,24.0,0.0,0.0,21.0,31.0,12.0,4.0,82.0,86.0,13.0,20.0,15.0,2.0,10.0,13.0,22.0,5.0,166.0,137.0,0.0,1.0,0.0,0.0,4711.0
2024-12-07,33.0,40.0,48.0,48.0,204.0,42.0,22.0,27.0,301.0,46.0,107.0,61.0,25.0,0.0,0.0,284.0,215.0,9.0,16.0,530.0,178.0,98.0,139.0,112.0,115.0,122.0,120.0,19.0,13.0,145.0,130.0,409.0,93.0,64.0,43.0,56.0,56.0,224.0,351.0,0.0,0.0,41.0,59.0,49.0,24.0,95.0,72.0,51.0,52.0,26.0,13.0,31.0,39.0,143.0,71.0,0.0,0.0,60.0,32.0,0.0,0.0,5403.0
2024-12-08,26.0,43.0,31.0,27.0,166.0,30.0,27.0,29.0,185.0,24.0,79.0,41.0,38.0,0.0,0.0,119.0,102.0,7.0,9.0,406.0,188.0,35.0,73.0,37.0,44.0,85.0,100.0,13.0,9.0,25.0,17.0,291.0,62.0,37.0,26.0,13.0,15.0,66.0,88.0,0.0,0.0,28.0,38.0,10.0,14.0,35.0,34.0,24.0,25.0,11.0,7.0,14.0,21.0,54.0,23.0,0.0,0.0,10.0,7.0,0.0,0.0,2968.0
2024-12-09,86.0,71.0,43.0,49.0,217.0,65.0,47.0,39.0,936.0,50.0,196.0,116.0,103.0,0.0,0.0,203.0,175.0,40.0,79.0,499.0,212.0,134.0,180.0,180.0,181.0,122.0,155.0,38.0,43.0,78.0,134.0,672.0,73.0,67.0,79.0,26.0,24.0,161.0,163.0,0.0,0.0,43.0,73.0,55.0,21.0,213.0,138.0,65.0,56.0,53.0,13.0,47.0,40.0,73.0,33.0,152.0,197.0,14.0,7.0,0.0,0.0,7029.0
2024-12-10,61.0,62.0,34.0,29.0,207.0,63.0,31.0,42.0,888.0,29.0,183.0,120.0,75.0,0.0,0.0,120.0,112.0,22.0,39.0,521.0,193.0,75.0,95.0,80.0,89.0,102.0,100.0,15.0,23.0,22.0,51.0,946.0,50.0,112.0,19.0,17.0,21.0,55.0,58.0,0.0,0.0,33.0,52.0,24.0,8.0,146.0,144.0,31.0,25.0,30.0,4.0,28.0,26.0,27.0,14.0,220.0,196.0,2.0,0.0,0.0,0.0,5771.0
2024-12-11,73.0,66.0,32.0,44.0,199.0,65.0,5.0,6.0,1134.0,25.0,211.0,62.0,106.0,0.0,0.0,205.0,179.0,29.0,52.0,537.0,185.0,159.0,166.0,168.0,176.0,121.0,140.0,33.0,36.0,15.0,15.0,1020.0,88.0,80.0,61.0,28.0,32.0,121.0,105.0,0.0,0.0,37.0,56.0,44.0,26.0,284.0,132.0,40.0,42.0,46.0,16.0,42.0,44.0,65.0,29.0,289.0,293.0,26.0,0.0,0.0,0.0,7290.0
2024-12-12,59.0,66.0,54.0,47.0,207.0,67.0,60.0,51.0,1194.0,51.0,206.0,100.0,114.0,0.0,0.0,173.0,160.0,31.0,56.0,488.0,204.0,124.0,169.0,158.0,150.0,146.0,173.0,37.0,41.0,40.0,82.0,388.0,42.0,74.0,75.0,12.0,22.0,40.0,44.0,0.0,0.0,49.0,63.0,46.0,22.0,237.0,141.0,58.0,54.0,57.0,18.0,33.0,34.0,56.0,31.0,285.0,267.0,13.0,6.0,0.0,0.0,6675.0
2024-12-13,67.0,58.0,49.0,64.0,196.0,57.0,207.0,244.0,1082.0,56.0,197.0,115.0,157.0,0.0,0.0,151.0,131.0,22.0,36.0,547.0,224.0,131.0,163.0,136.0,145.0,132.0,156.0,34.0,67.0,167.0,145.0,839.0,105.0,60.0,81.0,27.0,29.0,90.0,83.0,0.0,0.0,38.0,52.0,48.0,16.0,244.0,136.0,60.0,45.0,34.0,13.0,39.0,39.0,47.0,14.0,231.0,260.0,10.0,6.0,0.0,0.0,7582.0
2024-12-14,24.0,17.0,38.0,33.0,115.0,37.0,60.0,58.0,114.0,27.0,57.0,74.0,37.0,0.0,0.0,103.0,88.0,19.0,20.0,226.0,185.0,29.0,56.0,69.0,89.0,50.0,66.0,8.0,9.0,72.0,57.0,169.0,70.0,33.0,27.0,31.0,34.0,129.0,131.0,0.0,0.0,14.0,27.0,33.0,25.0,36.0,37.0,46.0,39.0,10.0,2.0,15.0,12.0,45.0,19.0,83.0,91.0,21.0,19.0,0.0,0.0,3035.0
2024-12-15,46.0,29.0,43.0,35.0,161.0,42.0,113.0,111.0,307.0,35.0,114.0,59.0,53.0,0.0,0.0,186.0,168.0,15.0,18.0,159.0,125.0,77.0,99.0,101.0,107.0,57.0,88.0,49.0,19.0,123.0,108.0,35.0,33.0,45.0,33.0,34.0,35.0,152.0,172.0,0.0,0.0,40.0,55.0,46.0,21.0,23.0,25.0,59.0,57.0,26.0,14.0,28.0,36.0,98.0,51.0,344.0,282.0,40.0,27.0,0.0,0.0,4458.0
2024-12-16,73.0,78.0,64.0,58.0,221.0,60.0,281.0,305.0,1078.0,79.0,173.0,135.0,107.0,0.0,0.0,187.0,183.0,34.0,76.0,53.0,19.0,196.0,165.0,203.0,188.0,152.0,185.0,97.0,79.0,205.0,213.0,352.0,53.0,78.0,66.0,29.0,48.0,145.0,159.0,0.0,0.0,45.0,60.0,59.0,15.0,131.0,120.0,62.0,52.0,43.0,14.0,42.0,39.0,83.0,41.0,0.0,0.0,15.0,6.0,0.0,0.0,6704.0
2024-12-17,85.0,89.0,63.0,71.0,67.0,28.0,323.0,363.0,1179.0,83.0,243.0,114.0,105.0,0.0,0.0,298.0,270.0,45.0,83.0,50.0,13.0,334.0,197.0,222.0,231.0,188.0,185.0,101.0,85.0,231.0,223.0,242.0,41.0,102.0,81.0,73.0,84.0,238.0,239.0,0.0,0.0,67.0,79.0,79.0,36.0,281.0,113.0,94.0,94.0,54.0,18.0,70.0,60.0,141.0,58.0,0.0,0.0,51.0,24.0,0.0,0.0,7988.0
2024-12-18,94.0,98.0,42.0,35.0,204.0,60.0,285.0,353.0,1284.0,85.0,328.0,61.0,52.0,0.0,0.0,260.0,230.0,54.0,75.0,4.0,2.0,440.0,227.0,216.0,231.0,180.0,177.0,89.0,73.0,244.0,262.0,801.0,107.0,93.0,88.0,66.0,74.0,210.0,213.0,0.0,0.0,75.0,86.0,78.0,36.0,193.0,123.0,97.0,86.0,50.0,13.0,57.0,47.0,120.0,47.0,0.0,0.0,39.0,15.0,0.0,0.0,8559.0
2024-12-19,87.0,87.0,45.0,69.0,11.0,17.0,297.0,349.0,1261.0,91.0,250.0,70.0,63.0,0.0,0.0,242.0,210.0,50.0,75.0,15.0,8.0,386.0,206.0,194.0,218.0,171.0,171.0,78.0,65.0,211.0,217.0,884.0,83.0,106.0,75.0,71.0,71.0,203.0,210.0,0.0,0.0,46.0,97.0,76.0,39.0,136.0,125.0,98.0,89.0,47.0,12.0,51.0,54.0,111.0,37.0,0.0,0.0,43.0,20.0,0.0,0.0,7998.0
2024-12-20,81.0,65.0,48.0,58.0,56.0,31.0,260.0,272.0,1155.0,89.0,156.0,63.0,52.0,0.0,0.0,164.0,139.0,33.0,54.0,16.0,14.0,349.0,164.0,145.0,155.0,115.0,142.0,62.0,59.0,240.0,226.0,696.0,104.0,73.0,50.0,44.0,74.0,160.0,169.0,0.0,0.0,42.0,58.0,53.0,19.0,127.0,93.0,67.0,55.0,42.0,12.0,39.0,42.0,86.0,29.0,0.0,0.0,34.0,18.0,0.0,0.0,6649.0
2024-12-21,44.0,48.0,32.0,58.0,190.0,55.0,143.0,135.0,527.0,55.0,104.0,24.0,16.0,0.0,0.0,171.0,172.0,24.0,33.0,0.0,0.0,210.0,126.0,98.0,103.0,118.0,135.0,40.0,38.0,160.0,129.0,320.0,70.0,47.0,50.0,31.0,66.0,174.0,211.0,0.0,0.0,38.0,67.0,41.0,28.0,43.0,44.0,67.0,60.0,36.0,9.0,40.0,42.0,140.0,125.0,0.0,0.0,50.0,35.0,0.0,0.0,4822.0
2024-12-22,48.0,42.0,34.0,32.0,201.0,43.0,133.0,129.0,271.0,60.0,93.0,28.0,22.0,0.0,0.0,133.0,132.0,14.0,15.0,2.0,3.0,127.0,66.0,84.0,68.0,113.0,139.0,31.0,20.0,94.0,98.0,294.0,60.0,53.0,51.0,30.0,30.0,138.0,152.0,0.0,0.0,33.0,68.0,23.0,16.0,48.0,47.0,31.0,28.0,0.0,0.0,31.0,22.0,88.0,89.0,0.0,0.0,30.0,21.0,0.0,0.0,3658.0
2024-12-23,45.0,50.0,48.0,38.0,72.0,37.0,170.0,191.0,625.0,49.0,98.0,37.0,40.0,0.0,0.0,140.0,147.0,13.0,22.0,13.0,14.0,165.0,24.0,99.0,122.0,109.0,123.0,42.0,42.0,123.0,140.0,18.0,12.0,63.0,31.0,46.0,46.0,165.0,159.0,0.0,0.0,37.0,63.0,44.0,22.0,93.0,79.0,52.0,59.0,28.0,11.0,27.0,30.0,103.0,91.0,0.0,0.0,39.0,20.0,0.0,0.0,4176.0
2024-12-24,40.0,46.0,24.0,23.0,97.0,22.0,69.0,80.0,65.0,30.0,79.0,18.0,13.0,0.0,0.0,129.0,88.0,5.0,11.0,0.0,0.0,79.0,77.0,52.0,51.0,139.0,149.0,13.0,13.0,66.0,79.0,9.0,23.0,32.0,47.0,33.0,32.0,130.0,99.0,0.0,0.0,48.0,53.0,15.0,15.0,52.0,37.0,30.0,20.0,18.0,9.0,27.0,14.0,91.0,77.0,0.0,0.0,7.0,6.0,0.0,0.0,2481.0
2024-12-25,41.0,36.0,37.0,31.0,83.0,23.0,101.0,121.0,76.0,33.0,81.0,38.0,14.0,0.0,0.0,154.0,149.0,17.0,20.0,5.0,10.0,137.0,123.0,102.0,110.0,76.0,122.0,18.0,13.0,147.0,130.0,7.0,15.0,32.0,46.0,56.0,65.0,220.0,234.0,0.0,0.0,41.0,84.0,48.0,24.0,67.0,37.0,60.0,40.0,16.0,8.0,51.0,51.0,148.0,124.0,0.0,0.0,54.0,38.0,0.0,0.0,3614.0
2024-12-26,38.0,37.0,66.0,23.0,161.0,33.0,79.0,99.0,78.0,34.0,79.0,46.0,35.0,0.0,0.0,139.0,124.0,4.0,12.0,11.0,13.0,119.0,118.0,84.0,76.0,63.0,107.0,14.0,10.0,104.0,125.0,6.0,9.0,30.0,28.0,39.0,41.0,178.0,174.0,0.0,0.0,31.0,53.0,33.0,21.0,57.0,48.0,45.0,40.0,11.0,1.0,32.0,23.0,96.0,85.0,0.0,0.0,39.0,21.0,0.0,0.0,3072.0
2024-12-27,39.0,38.0,36.0,27.0,95.0,25.0,80.0,90.0,209.0,17.0,48.0,23.0,26.0,0.0,0.0,39.0,39.0,5.0,14.0,47.0,44.0,54.0,22.0,87.0,49.0,67.0,80.0,36.0,20.0,75.0,74.0,50.0,35.0,45.0,22.0,11.0,22.0,55.0,54.0,0.0,0.0,20.0,31.0,16.0,8.0,71.0,68.0,15.0,13.0,10.0,5.0,9.0,18.0,25.0,25.0,0.0,0.0,1.0,1.0,0.0,0.0,2135.0
2024-12-28,20.0,30.0,24.0,24.0,391.0,44.0,56.0,81.0,62.0,42.0,60.0,0.0,0.0,0.0,0.0,129.0,134.0,6.0,9.0,0.0,0.0,81.0,0.0,46.0,53.0,87.0,117.0,14.0,17.0,71.0,54.0,9.0,5.0,29.0,17.0,29.0,26.0,90.0,94.0,0.0,0.0,19.0,36.0,21.0,17.0,0.0,0.0,22.0,25.0,8.0,5.0,18.0,22.0,69.0,71.0,0.0,0.0,8.0,20.0,0.0,0.0,2312.0
2024-12-29,24.0,27.0,16.0,22.0,21.0,16.0,83.0,84.0,58.0,34.0,78.0,29.0,18.0,0.0,0.0,129.0,101.0,8.0,14.0,30.0,35.0,45.0,11.0,67.0,70.0,83.0,99.0,16.0,22.0,87.0,83.0,7.0,21.0,34.0,21.0,40.0,45.0,127.0,119.0,0.0,0.0,32.0,36.0,28.0,24.0,3.0,2.0,32.0,37.0,0.0,1.0,22.0,31.0,88.0,72.0,0.0,0.0,19.0,20.0,0.0,0.0,2271.0
2024-12-30,34.0,39.0,30.0,31.0,192.0,44.0,113.0,135.0,440.0,49.0,113.0,18.0,12.0,0.0,0.0,133.0,128.0,15.0,18.0,449.0,191.0,163.0,104.0,93.0,95.0,95.0,109.0,32.0,29.0,105.0,97.0,19.0,3.0,65.0,50.0,48.0,44.0,145.0,162.0,0.0,0.0,24.0,39.0,37.0,17.0,1.0,5.0,43.0,25.0,15.0,6.0,18.0,25.0,99.0,85.0,0.0,0.0,30.0,29.0,0.0,0.0,4140.0
2024-12-31,49.0,33.0,29.0,25.0,31.0,2.0,123.0,138.0,92.0,35.0,93.0,27.0,9.0,0.0,0.0,150.0,139.0,7.0,10.0,16.0,25.0,163.0,135.0,87.0,107.0,98.0,136.0,22.0,16.0,121.0,102.0,0.0,0.0,43.0,46.0,58.0,56.0,171.0,192.0,0.0,0.0,33.0,47.0,37.0,22.0,0.0,0.0,60.0,51.0,0.0,0.0,37.0,30.0,102.0,103.0,0.0,0.0,38.0,35.0,0.0,0.0,3181.0
2025-01-01,53.0,56.0,53.0,40.0,10.0,16.0,158.0,130.0,76.0,58.0,124.0,38.0,48.0,0.0,0.0,289.0,236.0,22.0,27.0,6.0,10.0,58.0,9.0,79.0,42.0,82.0,112.0,23.0,25.0,184.0,150.0,2.0,15.0,50.0,55.0,75.0,91.0,384.0,356.0,0.0,0.0,48.0,74.0,58.0,34.0,6.0,5.0,91.0,76.0,1.0,0.0,51.0,46.0,240.0,218.0,0.0,0.0,75.0,39.0,0.0,0.0,4304.0
2025-01-02,47.0,41.0,40.0,25.0,121.0,30.0,117.0,152.0,162.0,211.0,67.0,21.0,15.0,0.0,0.0,126.0,118.0,20.0,38.0,0.0,9.0,162.0,97.0,83.0,72.0,83.0,90.0,42.0,27.0,65.0,73.0,23.0,6.0,59.0,36.0,41.0,46.0,56.0,60.0,0.0,0.0,37.0,44.0,28.0,7.0,36.0,24.0,41.0,36.0,11.0,5.0,23.0,21.0,31.0,35.0,0.0,0.0,14.0,10.0,0.0,0.0,2884.0
2025-01-03,55.0,77.0,45.0,37.0,174.0,42.0,164.0,164.0,272.0,62.0,131.0,71.0,42.0,0.0,0.0,198.0,160.0,15.0,31.0,9.0,14.0,196.0,119.0,103.0,92.0,93.0,160.0,39.0,36.0,118.0,155.0,15.0,18.0,20.0,44.0,47.0,36.0,138.0,141.0,0.0,0.0,45.0,53.0,40.0,18.0,8.0,11.0,38.0,46.0,14.0,7.0,35.0,44.0,74.0,58.0,147.0,156.0,9.0,6.0,0.0,0.0,4142.0
2025-01-04,32.0,30.0,20.0,18.0,83.0,32.0,54.0,31.0,78.0,21.0,98.0,20.0,30.0,0.0,0.0,138.0,96.0,3.0,5.0,4.0,7.0,105.0,65.0,39.0,31.0,69.0,93.0,21.0,19.0,53.0,25.0,189.0,50.0,25.0,18.0,17.0,20.0,38.0,60.0,0.0,0.0,24.0,38.0,13.0,2.0,73.0,51.0,18.0,9.0,13.0,1.0,14.0,28.0,43.0,42.0,217.0,179.0,1.0,3.0,0.0,0.0,2506.0
2025-01-05,22.0,19.0,15.0,11.0,69.0,12.0,42.0,39.0,17.0,9.0,92.0,7.0,6.0,0.0,0.0,98.0,75.0,2.0,2.0,0.0,6.0,164.0,45.0,21.0,17.0,41.0,37.0,13.0,4.0,18.0,14.0,165.0,34.0,34.0,10.0,10.0,8.0,46.0,43.0,0.0,0.0,17.0,25.0,3.0,0.0,30.0,28.0,8.0,8.0,2.0,1.0,16.0,20.0,25.0,30.0,149.0,117.0,0.0,0.0,0.0,0.0,1746.0
2025-01-06,40.0,36.0,29.0,24.0,48.0,20.0,106.0,126.0,631.0,63.0,110.0,48.0,35.0,0.0,0.0,116.0,71.0,9.0,15.0,30.0,14.0,137.0,83.0,78.0,69.0,80.0,97.0,48.0,31.0,103.0,96.0,208.0,70.0,62.0,36.0,15.0,21.0,38.0,30.0,0.0,0.0,22.0,31.0,15.0,5.0,35.0,65.0,21.0,23.0,0.0,0.0,19.0,24.0,14.0,7.0,207.0,191.0,0.0,0.0,0.0,0.0,3552.0
2025-01-07,56.0,67.0,44.0,39.0,0.0,0.0,190.0,208.0,724.0,65.0,143.0,17.0,13.0,0.0,0.0,176.0,154.0,14.0,24.0,0.0,0.0,262.0,182.0,140.0,137.0,92.0,119.0,49.0,41.0,130.0,174.0,366.0,64.0,79.0,45.0,30.0,43.0,69.0,71.0,0.0,0.0,31.0,43.0,36.0,9.0,101.0,115.0,42.0,41.0,0.0,0.0,32.0,36.0,33.0,23.0,306.0,259.0,0.0,0.0,0.0,0.0,5134.0
2025-01-08,68.0,71.0,30.0,39.0,0.0,0.0,175.0,203.0,849.0,69.0,157.0,27.0,12.0,0.0,0.0,175.0,158.0,22.0,36.0,0.0,0.0,213.0,140.0,99.0,114.0,107.0,120.0,76.0,33.0,115.0,120.0,177.0,37.0,74.0,37.0,22.0,28.0,75.0,76.0,0.0,0.0,32.0,43.0,27.0,10.0,0.0,0.0,29.0,34.0,0.0,0.0,40.0,50.0,37.0,30.0,130.0,143.0,0.0,0.0,0.0,0.0,4359.0
2025-01-09,71.0,72.0,38.0,31.0,0.0,0.0,202.0,241.0,905.0,69.0,131.0,28.0,21.0,0.0,0.0,242.0,207.0,26.0,38.0,0.0,0.0,213.0,163.0,159.0,165.0,118.0,129.0,73.0,47.0,185.0,185.0,0.0,0.0,78.0,67.0,43.0,47.0,171.0,186.0,0.0,0.0,45.0,60.0,46.0,17.0,0.0,0.0,60.0,62.0,0.0,0.0,38.0,39.0,115.0,93.0,0.0,0.0,18.0,24.0,0.0,0.0,4968.0
2025-01-10,74.0,62.0,41.0,35.0,69.0,32.0,142.0,194.0,703.0,65.0,138.0,39.0,43.0,0.0,0.0,56.0,37.0,20.0,42.0,6.0,6.0,222.0,143.0,112.0,126.0,92.0,102.0,59.0,42.0,136.0,142.0,74.0,46.0,57.0,50.0,31.0,41.0,104.0,96.0,0.0,0.0,44.0,45.0,44.0,17.0,12.0,15.0,54.0,41.0,9.0,3.0,25.0,30.0,65.0,63.0,34.0,35.0,2.0,0.0,0.0,0.0,4017.0
2025-01-11,36.0,48.0,55.0,33.0,163.0,35.0,70.0,81.0,106.0,28.0,112.0,9.0,5.0,0.0,0.0,202.0,181.0,10.0,14.0,0.0,0.0,87.0,87.0,47.0,45.0,48.0,67.0,34.0,21.0,57.0,56.0,30.0,2.0,34.0,28.0,26.0,27.0,110.0,123.0,0.0,0.0,33.0,44.0,12.0,10.0,18.0,22.0,17.0,12.0,11.0,2.0,23.0,24.0,85.0,86.0,237.0,179.0,0.0,0.0,0.0,0.0,2932.0
2025-01-12,19.0,25.0,18.0,22.0,88.0,43.0,56.0,53.0,22.0,27.0,80.0,29.0,12.0,0.0,0.0,179.0,99.0,6.0,5.0,0.0,0.0,74.0,70.0,42.0,36.0,50.0,61.0,6.0,13.0,27.0,33.0,0.0,16.0,23.0,31.0,11.0,19.0,49.0,39.0,0.0,0.0,22.0,31.0,9.0,3.0,0.0,0.0,19.0,8.0,0.0,0.0,20.0,23.0,33.0,37.0,193.0,164.0,0.0,0.0,0.0,0.0,1945.0
2025-01-13,51.0,47.0,31.0,39.0,59.0,16.0,163.0,188.0,724.0,58.0,169.0,31.0,26.0,0.0,0.0,149.0,135.0,17.0,27.0,15.0,13.0,168.0,131.0,102.0,95.0,80.0,89.0,62.0,53.0,136.0,121.0,36.0,7.0,2.0,0.0,19.0,16.0,85.0,85.0,0.0,0.0,27.0,41.0,23.0,9.0,158.0,118.0,34.0,30.0,7.0,2.0,23.0,29.0,38.0,38.0,242.0,235.0,8.0,1.0,0.0,0.0,4308.0
2025-01-14,33.0,47.0,35.0,35.0,156.0,46.0,176.0,196.0,748.0,53.0,158.0,38.0,35.0,0.0,0.0,168.0,153.0,11.0,18.0,35.0,19.0,189.0,132.0,99.0,107.0,80.0,118.0,58.0,47.0,110.0,116.0,108.0,55.0,46.0,49.0,15.0,13.0,66.0,75.0,0.0,0.0,26.0,40.0,31.0,10.0,38.0,29.0,49.0,40.0,2.0,2.0,24.0,30.0,45.0,49.0,241.0,254.0,13.0,0.0,0.0,0.0,4566.0
2025-01-15,60.0,48.0,48.0,21.0,143.0,55.0,161.0,170.0,1078.0,65.0,180.0,44.0,38.0,0.0,0.0,172.0,150.0,11.0,22.0,121.0,66.0,208.0,124.0,109.0,108.0,87.0,109.0,59.0,94.0,110.0,119.0,93.0,41.0,67.0,41.0,20.0,23.0,78.0,94.0,0.0,0.0,29.0,42.0,22.0,6.0,24.0,32.0,24.0,20.0,8.0,4.0,25.0,39.0,40.0,41.0,38.0,40.0,0.0,1.0,0.0,0.0,4672.0
2025-01-16,79.0,67.0,30.0,49.0,172.0,57.0,209.0,265.0,962.0,67.0,197.0,45.0,59.0,0.0,0.0,199.0,173.0,30.0,59.0,54.0,23.0,236.0,156.0,141.0,147.0,122.0,117.0,66.0,58.0,147.0,156.0,133.0,64.0,87.0,80.0,38.0,50.0,125.0,144.0,0.0,0.0,40.0,57.0,56.0,22.0,39.0,35.0,56.0,46.0,10.0,5.0,30.0,40.0,66.0,68.0,268.0,277.0,3.0,1.0,0.0,0.0,5982.0
2025-01-17,61.0,67.0,27.0,40.0,100.0,37.0,170.0,196.0,824.0,71.0,146.0,18.0,4.0,0.0,0.0,193.0,160.0,25.0,41.0,15.0,19.0,200.0,162.0,111.0,126.0,88.0,124.0,54.0,77.0,166.0,145.0,130.0,34.0,64.0,61.0,31.0,37.0,148.0,120.0,0.0,0.0,42.0,56.0,33.0,15.0,79.0,31.0,50.0,48.0,13.0,5.0,32.0,41.0,68.0,63.0,241.0,273.0,1.0,2.0,0.0,0.0,5185.0
2025-01-18,41.0,48.0,27.0,35.0,179.0,53.0,87.0,111.0,87.0,33.0,119.0,10.0,14.0,0.0,0.0,220.0,182.0,9.0,17.0,20.0,25.0,136.0,119.0,88.0,93.0,74.0,87.0,35.0,27.0,92.0,92.0,16.0,18.0,45.0,61.0,40.0,37.0,162.0,155.0,0.0,0.0,39.0,47.0,39.0,14.0,48.0,48.0,48.0,48.0,11.0,4.0,34.0,37.0,128.0,108.0,341.0,315.0,0.0,0.0,0.0,0.0,4003.0
2025-01-19,38.0,40.0,23.0,41.0,133.0,37.0,84.0,92.0,71.0,25.0,121.0,2.0,2.0,0.0,0.0,247.0,196.0,10.0,16.0,24.0,26.0,45.0,39.0,81.0,76.0,67.0,58.0,24.0,21.0,108.0,98.0,9.0,19.0,47.0,42.0,54.0,55.0,174.0,199.0,0.0,0.0,47.0,64.0,40.0,16.0,43.0,36.0,51.0,56.0,17.0,3.0,37.0,46.0,118.0,131.0,400.0,330.0,0.0,0.0,0.0,0.0,3879.0
2025-01-20,84.0,77.0,45.0,43.0,56.0,32.0,213.0,249.0,788.0,53.0,181.0,53.0,29.0,0.0,0.0,194.0,180.0,28.0,61.0,4.0,7.0,229.0,174.0,133.0,136.0,112.0,94.0,53.0,58.0,155.0,150.0,38.0,28.0,72.0,51.0,52.0,57.0,123.0,153.0,0.0,0.0,49.0,56.0,54.0,19.0,32.0,19.0,67.0,51.0,12.0,6.0,29.0,34.0,82.0,77.0,298.0,292.0,10.0,1.0,0.0,0.0,5433.0
2025-01-21,59.0,64.0,33.0,47.0,177.0,63.0,164.0,221.0,816.0,61.0,167.0,30.0,20.0,0.0,0.0,205.0,202.0,33.0,50.0,2.0,9.0,265.0,162.0,162.0,146.0,27.0,45.0,64.0,42.0,157.0,139.0,100.0,58.0,55.0,74.0,42.0,46.0,103.0,112.0,0.0,0.0,40.0,58.0,57.0,23.0,42.0,18.0,59.0,49.0,25.0,12.0,30.0,39.0,57.0,55.0,189.0,136.0,2.0,0.0,0.0,0.0,5113.0
2025-01-22,77.0,69.0,57.0,40.0,97.0,30.0,128.0,133.0,950.0,74.0,188.0,33.0,16.0,0.0,0.0,167.0,159.0,26.0,46.0,64.0,51.0,217.0,187.0,154.0,153.0,111.0,145.0,64.0,59.0,168.0,155.0,15.0,33.0,75.0,69.0,46.0,50.0,104.0,106.0,0.0,0.0,41.0,55.0,51.0,15.0,29.0,16.0,58.0,46.0,9.0,10.0,39.0,50.0,67.0,71.0,163.0,218.0,2.0,0.0,0.0,0.0,5256.0
2025-01-23,61.0,68.0,39.0,37.0,170.0,52.0,93.0,125.0,974.0,75.0,185.0,37.0,14.0,0.0,0.0,161.0,151.0,25.0,35.0,54.0,24.0,241.0,160.0,126.0,116.0,45.0,43.0,61.0,47.0,122.0,102.0,111.0,48.0,71.0,44.0,32.0,37.0,98.0,86.0,0.0,0.0,40.0,45.0,34.0,10.0,41.0,18.0,41.0,44.0,15.0,9.0,27.0,39.0,43.0,48.0,270.0,223.0,2.0,0.0,0.0,0.0,4919.0
2025-01-24,85.0,64.0,49.0,57.0,44.0,27.0,108.0,151.0,934.0,73.0,158.0,31.0,27.0,0.0,0.0,242.0,210.0,28.0,41.0,9.0,10.0,271.0,203.0,169.0,186.0,129.0,115.0,72.0,56.0,203.0,206.0,30.0,30.0,89.0,76.0,50.0,54.0,220.0,241.0,0.0,0.0,62.0,80.0,63.0,18.0,2.0,7.0,86.0,81.0,19.0,8.0,62.0,64.0,135.0,123.0,413.0,348.0,10.0,9.0,0.0,0.0,6338.0
2025-01-25,65.0,55.0,35.0,57.0,30.0,6.0,105.0,87.0,121.0,62.0,172.0,14.0,4.0,0.0,0.0,375.0,340.0,15.0,27.0,0.0,0.0,224.0,195.0,180.0,163.0,80.0,103.0,33.0,27.0,219.0,190.0,9.0,5.0,59.0,102.0,109.0,100.0,402.0,396.0,0.0,0.0,80.0,104.0,98.0,42.0,77.0,61.0,122.0,149.0,29.0,6.0,62.0,55.0,287.0,254.0,789.0,672.0,145.0,85.0,0.0,0.0,7283.0
2025-01-26,34.0,49.0,49.0,44.0,0.0,0.0,104.0,97.0,101.0,48.0,153.0,20.0,15.0,0.0,0.0,332.0,268.0,21.0,14.0,0.0,0.0,177.0,157.0,144.0,148.0,74.0,95.0,22.0,29.0,222.0,200.0,0.0,0.0,63.0,72.0,93.0,90.0,386.0,364.0,0.0,0.0,61.0,98.0,76.0,35.0,57.0,48.0,106.0,94.0,0.0,0.0,52.0,52.0,263.0,225.0,578.0,504.0,0.0,0.0,0.0,0.0,5934.0
2025-01-27,78.0,69.0,44.0,67.0,0.0,0.0,102.0,143.0,790.0,94.0,215.0,39.0,47.0,0.0,0.0,254.0,211.0,33.0,61.0,0.0,0.0,305.0,224.0,207.0,231.0,153.0,148.0,65.0,73.0,196.0,193.0,0.0,0.0,78.0,77.0,65.0,83.0,203.0,198.0,0.0,0.0,47.0,65.0,88.0,22.0,0.0,0.0,92.0,92.0,0.0,0.0,57.0,60.0,119.0,92.0,409.0,391.0,25.0,8.0,0.0,0.0,6313.0
2025-01-28,62.0,71.0,43.0,42.0,11.0,19.0,118.0,132.0,891.0,68.0,176.0,44.0,28.0,0.0,0.0,12.0,5.0,24.0,44.0,3.0,7.0,165.0,8.0,162.0,145.0,117.0,127.0,59.0,47.0,146.0,145.0,5.0,21.0,82.0,56.0,46.0,55.0,109.0,113.0,0.0,0.0,35.0,53.0,45.0,13.0,3.0,5.0,53.0,45.0,1.0,0.0,30.0,40.0,9.0,7.0,175.0,134.0,2.0,0.0,0.0,0.0,4058.0
2025-01-29,95.0,102.0,65.0,75.0,53.0,24.0,112.0,126.0,1014.0,85.0,216.0,47.0,32.0,0.0,0.0,287.0,259.0,27.0,64.0,4.0,6.0,314.0,211.0,209.0,227.0,146.0,173.0,96.0,64.0,205.0,209.0,138.0,38.0,98.0,96.0,81.0,77.0,236.0,246.0,0.0,0.0,61.0,76.0,93.0,46.0,44.0,56.0,117.0,96.0,16.0,11.0,51.0,66.0,145.0,124.0,0.0,0.0,9.0,12.0,0.0,0.0,6580.0
2025-01-30,87.0,79.0,58.0,76.0,88.0,46.0,107.0,129.0,1035.0,69.0,210.0,27.0,12.0,0.0,0.0,294.0,276.0,31.0,58.0,6.0,3.0,349.0,218.0,220.0,198.0,134.0,139.0,79.0,103.0,226.0,236.0,32.0,40.0,89.0,103.0,75.0,91.0,277.0,290.0,0.0,0.0,55.0,82.0,65.0,29.0,4.0,3.0,101.0,103.0,28.0,16.0,51.0,58.0,190.0,146.0,0.0,0.0,39.0,36.0,0.0,0.0,6596.0
2025-01-31,59.0,56.0,57.0,56.0,45.0,17.0,139.0,139.0,303.0,84.0,156.0,9.0,17.0,0.0,0.0,220.0,196.0,21.0,36.0,20.0,22.0,220.0,158.0,148.0,146.0,118.0,139.0,79.0,55.0,172.0,149.0,355.0,93.0,67.0,54.0,39.0,44.0,175.0,185.0,0.0,0.0,54.0,65.0,48.0,18.0,41.0,41.0,60.0,80.0,16.0,6.0,39.0,42.0,93.0,72.0,0.0,0.0,2.0,0.0,0.0,0.0,4725.0
2025-02-01,42.0,70.0,39.0,63.0,195.0,47.0,82.0,65.0,314.0,53.0,141.0,6.0,11.0,0.0,0.0,337.0,276.0,17.0,18.0,7.0,9.0,211.0,194.0,149.0,142.0,87.0,113.0,39.0,31.0,195.0,196.0,210.0,67.0,52.0,64.0,78.0,70.0,350.0,317.0,0.0,0.0,61.0,71.0,61.0,29.0,74.0,33.0,90.0,77.0,26.0,7.0,54.0,48.0,227.0,188.0,0.0,0.0,59.0,52.0,0.0,0.0,5514.0
2025-02-02,36.0,28.0,40.0,40.0,153.0,41.0,131.0,111.0,225.0,53.0,118.0,10.0,8.0,0.0,0.0,266.0,236.0,12.0,17.0,27.0,32.0,136.0,121.0,105.0,100.0,61.0,95.0,23.0,23.0,120.0,107.0,173.0,45.0,45.0,49.0,43.0,52.0,222.0,225.0,0.0,0.0,45.0,72.0,43.0,18.0,22.0,18.0,55.0,48.0,7.0,4.0,48.0,45.0,141.0,139.0,0.0,0.0,2.0,1.0,0.0,0.0,4037.0
2025-02-03,61.0,74.0,44.0,48.0,181.0,70.0,128.0,145.0,637.0,103.0,190.0,27.0,9.0,32.0,0.0,216.0,201.0,23.0,43.0,117.0,82.0,251.0,222.0,182.0,164.0,113.0,118.0,73.0,63.0,156.0,146.0,227.0,123.0,61.0,74.0,56.0,61.0,260.0,175.0,0.0,0.0,59.0,63.0,53.0,9.0,60.0,39.0,76.0,60.0,27.0,12.0,55.0,45.0,90.0,78.0,0.0,0.0,33.0,18.0,0.0,0.0,5733.0
2025-02-04,100.0,94.0,58.0,49.0,176.0,63.0,141.0,128.0,398.0,102.0,237.0,20.0,13.0,50.0,0.0,220.0,221.0,21.0,49.0,0.0,1.0,130.0,52.0,1.0,0.0,117.0,142.0,70.0,69.0,189.0,173.0,15.0,23.0,23.0,59.0,41.0,55.0,265.0,200.0,0.0,0.0,56.0,68.0,18.0,7.0,140.0,141.0,82.0,65.0,16.0,9.0,53.0,59.0,93.0,92.0,181.0,201.0,49.0,22.0,0.0,0.0,5117.0
2025-02-05,90.0,72.0,55.0,52.0,227.0,65.0,103.0,135.0,847.0,87.0,183.0,24.0,17.0,51.0,0.0,231.0,214.0,24.0,40.0,3.0,0.0,556.0,315.0,192.0,178.0,130.0,119.0,71.0,52.0,227.0,245.0,19.0,31.0,79.0,88.0,54.0,64.0,333.0,197.0,0.0,0.0,53.0,81.0,0.0,0.0,193.0,138.0,62.0,70.0,43.0,16.0,60.0,70.0,96.0,76.0,447.0,418.0,51.0,25.0,0.0,0.0,7369.0
2025-02-06,79.0,68.0,46.0,43.0,225.0,54.0,114.0,144.0,1038.0,105.0,172.0,41.0,43.0,72.0,0.0,212.0,194.0,37.0,43.0,4.0,0.0,478.0,270.0,156.0,154.0,131.0,127.0,67.0,61.0,174.0,164.0,443.0,86.0,58.0,55.0,54.0,58.0,159.0,158.0,0.0,0.0,53.0,71.0,58.0,25.0,4.0,1.0,58.0,53.0,19.0,7.0,32.0,26.0,80.0,80.0,382.0,383.0,25.0,9.0,2.0,7.0,6962.0
2025-02-07,67.0,75.0,50.0,46.0,218.0,55.0,133.0,165.0,634.0,77.0,149.0,36.0,22.0,47.0,0.0,195.0,152.0,16.0,31.0,8.0,15.0,472.0,257.0,152.0,158.0,125.0,152.0,58.0,67.0,141.0,168.0,384.0,42.0,79.0,35.0,45.0,56.0,170.0,144.0,0.0,0.0,40.0,60.0,67.0,21.0,6.0,9.0,79.0,81.0,21.0,6.0,2.0,7.0,64.0,55.0,357.0,322.0,29.0,11.0,4.0,9.0,6146.0
2025-02-08,38.0,46.0,49.0,47.0,49.0,20.0,139.0,132.0,76.0,34.0,148.0,16.0,8.0,51.0,0.0,312.0,258.0,13.0,16.0,21.0,18.0,345.0,195.0,129.0,107.0,85.0,81.0,25.0,24.0,158.0,132.0,273.0,32.0,47.0,55.0,58.0,57.0,263.0,271.0,0.0,0.0,69.0,75.0,68.0,25.0,25.0,28.0,62.0,74.0,27.0,5.0,7.0,9.0,177.0,181.0,432.0,401.0,98.0,41.0,19.0,29.0,5680.0
2025-02-09,59.0,60.0,39.0,46.0,181.0,32.0,163.0,174.0,73.0,47.0,183.0,20.0,10.0,48.0,0.0,336.0,296.0,9.0,16.0,3.0,11.0,402.0,242.0,137.0,147.0,64.0,106.0,41.0,32.0,241.0,251.0,189.0,26.0,50.0,60.0,82.0,91.0,397.0,367.0,0.0,0.0,63.0,92.0,0.0,0.0,13.0,8.0,100.0,84.0,32.0,13.0,5.0,4.0,237.0,215.0,550.0,482.0,141.0,78.0,23.0,28.0,6899.0
2025-02-10,80.0,59.0,20.0,11.0,194.0,48.0,241.0,277.0,424.0,76.0,182.0,27.0,15.0,53.0,0.0,244.0,222.0,27.0,53.0,5.0,1.0,245.0,254.0,2.0,2.0,98.0,110.0,80.0,66.0,204.0,192.0,419.0,85.0,64.0,71.0,54.0,60.0,182.0,212.0,0.0,0.0,61.0,75.0,1.0,0.0,0.0,2.0,85.0,50.0,16.0,6.0,48.0,52.0,88.0,80.0,395.0,357.0,57.0,19.0,5.0,9.0,6065.0
2025-02-11,81.0,66.0,27.0,46.0,102.0,38.0,60.0,107.0,555.0,75.0,216.0,55.0,30.0,55.0,0.0,273.0,279.0,26.0,56.0,6.0,6.0,437.0,283.0,189.0,178.0,126.0,160.0,66.0,71.0,197.0,215.0,421.0,92.0,73.0,91.0,77.0,90.0,221.0,201.0,0.0,0.0,52.0,79.0,70.0,41.0,0.0,2.0,88.0,78.0,25.0,10.0,42.0,31.0,96.0,84.0,0.0,0.0,66.0,41.0,12.0,17.0,6181.0
2025-02-12,46.0,36.0,49.0,30.0,24.0,6.0,139.0,155.0,779.0,35.0,149.0,35.0,12.0,20.0,0.0,164.0,163.0,13.0,21.0,10.0,14.0,331.0,154.0,70.0,73.0,84.0,125.0,68.0,48.0,140.0,165.0,679.0,73.0,54.0,32.0,28.0,23.0,58.0,66.0,0.0,0.0,28.0,50.0,0.0,0.0,66.0,21.0,29.0,24.0,13.0,9.0,0.0,0.0,29.0,25.0,164.0,116.0,14.0,3.0,1.0,3.0,4766.0
2025-02-13,37.0,26.0,23.0,17.0,67.0,23.0,100.0,81.0,794.0,37.0,98.0,16.0,14.0,29.0,0.0,122.0,78.0,4.0,12.0,21.0,13.0,325.0,131.0,34.0,42.0,51.0,60.0,42.0,24.0,76.0,68.0,901.0,73.0,59.0,34.0,5.0,8.0,28.0,24.0,0.0,0.0,16.0,17.0,0.0,0.0,13.0,20.0,12.0,10.0,3.0,1.0,1.0,8.0,10.0,7.0,293.0,272.0,4.0,2.0,1.0,0.0,4287.0
2025-02-14,45.0,22.0,36.0,22.0,96.0,43.0,107.0,108.0,467.0,46.0,104.0,20.0,15.0,47.0,0.0,97.0,68.0,6.0,9.0,19.0,29.0,249.0,123.0,40.0,39.0,72.0,94.0,47.0,28.0,77.0,73.0,759.0,70.0,53.0,27.0,9.0,7.0,30.0,36.0,0.0,0.0,18.0,26.0,0.0,0.0,19.0,12.0,7.0,9.0,10.0,4.0,1.0,5.0,11.0,7.0,203.0,192.0,4.0,4.0,0.0,0.0,3771.0
2025-02-15,38.0,22.0,27.0,34.0,161.0,46.0,62.0,85.0,128.0,31.0,84.0,22.0,8.0,40.0,0.0,137.0,128.0,3.0,4.0,52.0,40.0,288.0,146.0,53.0,69.0,76.0,78.0,25.0,21.0,45.0,46.0,19.0,18.0,46.0,40.0,9.0,10.0,296.0,88.0,0.0,0.0,19.0,34.0,0.0,0.0,7.0,9.0,8.0,6.0,5.0,4.0,13.0,20.0,38.0,38.0,393.0,293.0,23.0,23.0,5.0,5.0,3468.0
2025-02-16,40.0,21.0,20.0,21.0,154.0,38.0,64.0,75.0,53.0,34.0,107.0,16.0,8.0,35.0,0.0,174.0,174.0,5.0,3.0,0.0,2.0,279.0,118.0,62.0,47.0,64.0,82.0,12.0,17.0,49.0,44.0,197.0,60.0,28.0,27.0,13.0,23.0,96.0,96.0,0.0,0.0,26.0,30.0,0.0,0.0,21.0,10.0,21.0,18.0,7.0,4.0,4.0,0.0,57.0,44.0,333.0,257.0,22.0,21.0,8.0,14.0,3255.0
2025-02-17,60.0,42.0,44.0,38.0,163.0,33.0,141.0,166.0,571.0,71.0,113.0,42.0,52.0,33.0,0.0,135.0,119.0,11.0,18.0,256.0,166.0,426.0,213.0,109.0,110.0,78.0,94.0,54.0,40.0,81.0,68.0,482.0,78.0,60.0,42.0,23.0,30.0,79.0,120.0,0.0,0.0,31.0,33.0,0.0,0.0,14.0,56.0,27.0,23.0,10.0,6.0,4.0,17.0,26.0,19.0,135.0,159.0,13.0,10.0,4.0,5.0,5053.0
2025-02-18,63.0,63.0,37.0,33.0,195.0,48.0,158.0,188.0,877.0,65.0,179.0,0.0,0.0,30.0,0.0,185.0,163.0,8.0,12.0,334.0,237.0,519.0,242.0,121.0,102.0,108.0,90.0,53.0,37.0,73.0,79.0,39.0,29.0,52.0,45.0,14.0,20.0,194.0,93.0,0.0,0.0,26.0,39.0,0.0,0.0,15.0,33.0,32.0,25.0,10.0,5.0,0.0,0.0,55.0,40.0,303.0,286.0,28.0,13.0,0.0,0.0,5695.0
2025-02-19,52.0,48.0,33.0,33.0,78.0,47.0,143.0,174.0,930.0,66.0,115.0,0.0,0.0,42.0,0.0,179.0,163.0,10.0,10.0,424.0,249.0,527.0,226.0,0.0,0.0,88.0,105.0,71.0,39.0,109.0,87.0,612.0,86.0,48.0,56.0,20.0,28.0,246.0,101.0,0.0,0.0,28.0,34.0,0.0,0.0,13.0,23.0,41.0,34.0,8.0,3.0,3.0,1.0,39.0,31.0,314.0,329.0,28.0,11.0,0.0,0.0,6185.0
2025-02-20,44.0,52.0,37.0,46.0,91.0,30.0,164.0,180.0,798.0,54.0,120.0,0.0,0.0,48.0,0.0,161.0,140.0,3.0,1.0,412.0,208.0,481.0,226.0,122.0,123.0,102.0,124.0,56.0,35.0,112.0,105.0,647.0,31.0,57.0,57.0,24.0,24.0,81.0,87.0,0.0,0.0,28.0,41.0,0.0,0.0,8.0,15.0,34.0,28.0,20.0,10.0,16.0,15.0,46.0,37.0,291.0,274.0,36.0,18.0,0.0,0.0,6000.0
2025-02-21,71.0,64.0,38.0,49.0,53.0,19.0,89.0,86.0,617.0,61.0,120.0,0.0,0.0,48.0,0.0,137.0,131.0,0.0,0.0,493.0,237.0,446.0,220.0,125.0,113.0,109.0,139.0,47.0,37.0,106.0,116.0,582.0,90.0,67.0,45.0,22.0,31.0,122.0,118.0,0.0,0.0,31.0,31.0,0.0,0.0,3.0,4.0,39.0,35.0,29.0,13.0,4.0,5.0,56.0,35.0,280.0,269.0,45.0,27.0,3.0,7.0,5764.0
2025-02-22,52.0,43.0,47.0,55.0,64.0,36.0,134.0,156.0,268.0,52.0,138.0,0.0,0.0,43.0,0.0,364.0,312.0,0.0,0.0,420.0,276.0,398.0,291.0,189.0,171.0,93.0,120.0,35.0,24.0,180.0,176.0,319.0,90.0,69.0,88.0,73.0,83.0,329.0,315.0,0.0,0.0,46.0,68.0,0.0,0.0,30.0,13.0,73.0,68.0,44.0,16.0,2.0,5.0,204.0,175.0,790.0,561.0,120.0,77.0,16.0,39.0,7850.0
2025-02-23,53.0,45.0,36.0,60.0,173.0,49.0,82.0,80.0,150.0,61.0,123.0,0.0,0.0,46.0,0.0,287.0,239.0,0.0,0.0,316.0,232.0,362.0,229.0,0.0,0.0,79.0,93.0,25.0,20.0,126.0,119.0,171.0,73.0,62.0,61.0,45.0,49.0,219.0,232.0,0.0,0.0,52.0,62.0,0.0,0.0,3.0,1.0,60.0,56.0,30.0,14.0,8.0,6.0,134.0,123.0,453.0,404.0,104.0,57.0,20.0,25.0,5609.0
2025-02-24,86.0,94.0,63.0,74.0,116.0,49.0,117.0,130.0,911.0,90.0,219.0,0.0,0.0,57.0,0.0,338.0,305.0,0.0,0.0,604.0,273.0,671.0,415.0,122.0,165.0,78.0,87.0,78.0,78.0,260.0,253.0,571.0,77.0,91.0,83.0,80.0,88.0,292.0,311.0,0.0,0.0,62.0,86.0,0.0,0.0,0.0,2.0,107.0,85.0,58.0,17.0,5.0,5.0,179.0,139.0,71.0,83.0,116.0,59.0,13.0,19.0,8432.0
2025-02-25,99.0,105.0,66.0,69.0,100.0,66.0,103.0,109.0,1132.0,90.0,274.0,0.0,0.0,63.0,0.0,351.0,293.0,65.0,122.0,614.0,244.0,711.0,419.0,249.0,271.0,158.0,192.0,100.0,62.0,289.0,267.0,16.0,19.0,97.0,114.0,83.0,88.0,262.0,275.0,0.0,0.0,67.0,86.0,0.0,0.0,4.0,2.0,100.0,107.0,64.0,24.0,5.0,7.0,147.0,118.0,318.0,345.0,90.0,42.0,13.0,25.0,9201.0
2025-02-26,105.0,93.0,63.0,64.0,43.0,16.0,278.0,321.0,1283.0,109.0,227.0,0.0,0.0,65.0,0.0,283.0,233.0,127.0,149.0,575.0,242.0,701.0,444.0,239.0,260.0,158.0,161.0,87.0,72.0,219.0,205.0,9.0,5.0,86.0,103.0,68.0,85.0,203.0,195.0,0.0,0.0,53.0,87.0,0.0,0.0,0.0,0.0,98.0,91.0,60.0,27.0,15.0,3.0,89.0,59.0,433.0,434.0,52.0,25.0,18.0,20.0,9140.0
2025-02-27,95.0,95.0,56.0,70.0,22.0,16.0,114.0,148.0,1299.0,113.0,230.0,0.0,0.0,73.0,0.0,322.0,309.0,140.0,182.0,566.0,286.0,690.0,404.0,259.0,236.0,158.0,162.0,89.0,64.0,246.0,267.0,16.0,23.0,118.0,108.0,88.0,107.0,277.0,271.0,0.0,0.0,70.0,81.0,0.0,0.0,5.0,5.0,113.0,108.0,56.0,15.0,2.0,7.0,146.0,104.0,497.0,484.0,92.0,42.0,13.0,24.0,9583.0
2025-02-28,77.0,76.0,54.0,67.0,202.0,72.0,107.0,103.0,1117.0,86.0,159.0,0.0,0.0,65.0,0.0,234.0,211.0,0.0,0.0,628.0,236.0,577.0,316.0,198.0,183.0,167.0,195.0,67.0,80.0,233.0,205.0,42.0,26.0,81.0,85.0,53.0,63.0,183.0,209.0,0.0,0.0,23.0,24.0,0.0,0.0,37.0,25.0,91.0,67.0,55.0,22.0,21.0,14.0,90.0,90.0,401.0,391.0,39.0,21.0,9.0,15.0,7892.0
2025-03-01,59.0,74.0,40.0,37.0,172.0,54.0,113.0,120.0,271.0,90.0,125.0,0.0,0.0,57.0,0.0,298.0,268.0,0.0,0.0,505.0,306.0,342.0,210.0,121.0,114.0,105.0,115.0,42.0,39.0,193.0,183.0,291.0,79.0,55.0,71.0,41.0,47.0,218.0,248.0,0.0,0.0,38.0,66.0,0.0,0.0,5.0,2.0,54.0,49.0,40.0,20.0,11.0,17.0,121.0,112.0,427.0,360.0,39.0,33.0,15.0,22.0,6534.0
2025-03-02,83.0,94.0,55.0,99.0,39.0,13.0,97.0,97.0,145.0,68.0,195.0,0.0,0.0,63.0,0.0,542.0,452.0,0.0,0.0,452.0,266.0,616.0,417.0,300.0,299.0,110.0,158.0,49.0,43.0,407.0,362.0,198.0,74.0,62.0,90.0,164.0,132.0,711.0,757.0,0.0,0.0,103.0,141.0,0.0,0.0,1.0,10.0,170.0,168.0,77.0,27.0,6.0,4.0,424.0,401.0,14.0,15.0,118.0,95.0,51.0,79.0,9613.0
2025-03-03,101.0,97.0,85.0,87.0,109.0,56.0,108.0,104.0,938.0,87.0,251.0,0.0,0.0,71.0,0.0,367.0,340.0,0.0,0.0,606.0,240.0,728.0,445.0,11.0,9.0,170.0,199.0,104.0,95.0,326.0,299.0,16.0,29.0,105.0,105.0,99.0,115.0,333.0,332.0,0.0,0.0,15.0,15.0,0.0,0.0,3.0,4.0,139.0,127.0,85.0,31.0,7.0,10.0,166.0,136.0,405.0,432.0,57.0,27.0,4.0,15.0,8845.0
2025-03-04,144.0,128.0,27.0,75.0,75.0,43.0,275.0,311.0,1280.0,102.0,252.0,0.0,0.0,64.0,0.0,443.0,386.0,0.0,0.0,707.0,216.0,863.0,526.0,346.0,316.0,180.0,212.0,109.0,84.0,363.0,356.0,667.0,106.0,132.0,115.0,132.0,139.0,399.0,384.0,0.0,0.0,81.0,119.0,0.0,0.0,3.0,6.0,173.0,168.0,78.0,27.0,15.0,6.0,204.0,147.0,663.0,607.0,41.0,17.0,16.0,40.0,12368.0
2025-03-05,162.0,174.0,78.0,77.0,135.0,58.0,117.0,120.0,1302.0,118.0,285.0,106.0,125.0,68.0,0.0,536.0,482.0,0.0,0.0,759.0,284.0,921.0,599.0,8.0,15.0,172.0,224.0,118.0,90.0,462.0,418.0,650.0,86.0,160.0,135.0,176.0,180.0,554.0,549.0,98.0,80.0,99.0,155.0,0.0,0.0,33.0,14.0,218.0,197.0,134.0,36.0,44.0,29.0,302.0,214.0,890.0,888.0,68.0,29.0,41.0,66.0,14138.0
2025-03-06,129.0,147.0,98.0,117.0,98.0,49.0,105.0,137.0,1331.0,126.0,300.0,188.0,122.0,74.0,0.0,556.0,499.0,0.0,0.0,807.0,107.0,985.0,666.0,452.0,437.0,229.0,238.0,105.0,88.0,466.0,442.0,730.0,103.0,151.0,160.0,172.0,165.0,577.0,522.0,131.0,93.0,116.0,174.0,0.0,0.0,3.0,7.0,260.0,214.0,127.0,30.0,6.0,7.0,334.0,220.0,989.0,945.0,150.0,70.0,31.0,48.0,15633.0
2025-03-07,151.0,140.0,73.0,123.0,307.0,75.0,106.0,117.0,853.0,93.0,246.0,199.0,145.0,75.0,0.0,568.0,498.0,0.0,0.0,841.0,160.0,913.0,649.0,426.0,449.0,194.0,230.0,93.0,83.0,493.0,472.0,674.0,103.0,136.0,149.0,202.0,199.0,656.0,644.0,125.0,106.0,113.0,158.0,0.0,0.0,82.0,42.0,269.0,225.0,121.0,25.0,16.0,10.0,340.0,245.0,948.0,959.0,189.0,120.0,36.0,57.0,15721.0
2025-03-08,120.0,142.0,99.0,139.0,72.0,43.0,71.0,108.0,360.0,110.0,246.0,181.0,160.0,97.0,0.0,1002.0,895.0,0.0,0.0,772.0,277.0,962.0,717.0,667.0,551.0,146.0,190.0,96.0,19.0,866.0,785.0,409.0,94.0,119.0,144.0,294.0,313.0,1333.0,1289.0,198.0,139.0,160.0,223.0,0.0,0.0,2.0,3.0,412.0,327.0,183.0,47.0,3.0,2.0,807.0,526.0,1792.0,1636.0,431.0,295.0,113.0,151.0,21338.0
2025-03-09,155.0,189.0,84.0,121.0,273.0,48.0,99.0,96.0,218.0,111.0,319.0,137.0,80.0,89.0,0.0,1229.0,1112.0,0.0,0.0,654.0,324.0,1045.0,838.0,802.0,716.0,146.0,145.0,67.0,69.0,1120.0,1049.0,244.0,92.0,132.0,173.0,451.0,417.0,1876.0,1826.0,252.0,172.0,226.0,290.0,0.0,0.0,16.0,13.0,489.0,419.0,235.0,68.0,1.0,0.0,1126.0,821.0,15.0,11.0,452.0,304.0,110.0,190.0,21756.0
2025-03-10,158.0,160.0,105.0,112.0,234.0,93.0,108.0,95.0,751.0,122.0,287.0,181.0,133.0,70.0,0.0,509.0,428.0,0.0,0.0,798.0,253.0,953.0,653.0,456.0,437.0,225.0,258.0,116.0,173.0,437.0,409.0,700.0,90.0,132.0,133.0,169.0,162.0,506.0,518.0,126.0,76.0,94.0,127.0,0.0,0.0,43.0,25.0,248.0,204.0,133.0,33.0,16.0,16.0,260.0,194.0,557.0,618.0,132.0,61.0,25.0,36.0,14148.0
2025-03-11,168.0,138.0,109.0,112.0,243.0,79.0,137.0,176.0,767.0,134.0,304.0,184.0,162.0,80.0,0.0,518.0,458.0,0.0,0.0,697.0,210.0,911.0,611.0,448.0,385.0,246.0,293.0,120.0,93.0,453.0,450.0,725.0,99.0,127.0,170.0,144.0,168.0,414.0,413.0,94.0,75.0,119.0,135.0,0.0,0.0,0.0,2.0,220.0,176.0,107.0,33.0,8.0,6.0,196.0,157.0,768.0,757.0,77.0,45.0,21.0,40.0,13982.0
2025-03-12,137.0,157.0,90.0,97.0,280.0,67.0,119.0,145.0,852.0,127.0,288.0,165.0,156.0,84.0,0.0,420.0,403.0,0.0,0.0,736.0,262.0,842.0,597.0,380.0,401.0,202.0,234.0,126.0,107.0,346.0,381.0,726.0,108.0,154.0,154.0,125.0,144.0,371.0,328.0,84.0,63.0,75.0,94.0,101.0,173.0,4.0,2.0,175.0,156.0,114.0,24.0,2.0,3.0,162.0,125.0,688.0,657.0,120.0,54.0,12.0,33.0,13232.0
2025-03-13,50.0,49.0,27.0,22.0,338.0,40.0,117.0,117.0,1159.0,46.0,168.0,74.0,163.0,40.0,0.0,130.0,102.0,0.0,0.0,679.0,230.0,483.0,169.0,57.0,62.0,72.0,82.0,51.0,27.0,119.0,135.0,172.0,37.0,100.0,43.0,8.0,9.0,46.0,45.0,21.0,18.0,18.0,26.0,25.0,26.0,29.0,17.0,24.0,20.0,18.0,9.0,2.0,6.0,12.0,11.0,187.0,183.0,5.0,5.0,1.0,3.0,5934.0
2025-03-14,66.0,62.0,47.0,40.0,65.0,22.0,205.0,227.0,943.0,73.0,130.0,74.0,72.0,56.0,0.0,196.0,183.0,0.0,0.0,741.0,246.0,445.0,220.0,129.0,137.0,108.0,144.0,71.0,43.0,165.0,180.0,709.0,84.0,67.0,64.0,21.0,25.0,151.0,136.0,33.0,26.0,43.0,70.0,39.0,51.0,8.0,9.0,46.0,37.0,40.0,10.0,4.0,4.0,55.0,53.0,293.0,273.0,12.0,5.0,9.0,6.0,7473.0
2025-03-15,79.0,99.0,49.0,46.0,234.0,34.0,215.0,227.0,204.0,69.0,147.0,103.0,62.0,66.0,0.0,425.0,348.0,0.0,0.0,564.0,309.0,472.0,328.0,211.0,184.0,111.0,192.0,51.0,36.0,273.0,256.0,63.0,43.0,52.0,77.0,79.0,86.0,366.0,359.0,55.0,60.0,63.0,106.0,96.0,101.0,4.0,1.0,93.0,76.0,56.0,17.0,6.0,4.0,169.0,175.0,623.0,557.0,23.0,24.0,15.0,28.0,8871.0
2025-03-16,104.0,118.0,80.0,101.0,198.0,41.0,321.0,403.0,183.0,83.0,233.0,135.0,101.0,73.0,0.0,664.0,591.0,0.0,0.0,509.0,253.0,716.0,522.0,425.0,367.0,92.0,181.0,47.0,44.0,522.0,497.0,46.0,26.0,86.0,119.0,201.0,226.0,764.0,829.0,119.0,90.0,126.0,160.0,214.0,330.0,7.0,9.0,240.0,222.0,122.0,43.0,8.0,2.0,408.0,420.0,676.0,734.0,184.0,154.0,57.0,80.0,14306.0
2025-03-17,87.0,93.0,76.0,57.0,26.0,33.0,288.0,320.0,992.0,102.0,197.0,112.0,108.0,53.0,0.0,226.0,201.0,0.0,0.0,581.0,263.0,638.0,362.0,212.0,200.0,138.0,172.0,107.0,86.0,254.0,244.0,53.0,55.0,85.0,94.0,65.0,68.0,169.0,153.0,63.0,60.0,47.0,80.0,96.0,117.0,3.0,3.0,105.0,85.0,77.0,17.0,8.0,8.0,57.0,50.0,246.0,268.0,30.0,14.0,4.0,10.0,8418.0
2025-03-18,104.0,124.0,92.0,87.0,100.0,50.0,390.0,437.0,1203.0,113.0,235.0,114.0,112.0,66.0,0.0,356.0,316.0,0.0,0.0,642.0,274.0,746.0,447.0,288.0,258.0,164.0,228.0,125.0,90.0,293.0,314.0,1.0,47.0,118.0,118.0,75.0,94.0,262.0,275.0,65.0,71.0,70.0,96.0,143.0,163.0,2.0,4.0,129.0,128.0,88.0,26.0,4.0,10.0,94.0,84.0,510.0,520.0,45.0,12.0,17.0,16.0,11055.0
2025-03-19,115.0,141.0,92.0,89.0,109.0,59.0,443.0,481.0,1265.0,135.0,266.0,134.0,95.0,77.0,0.0,471.0,463.0,0.0,0.0,754.0,239.0,912.0,584.0,351.0,372.0,201.0,205.0,91.0,60.0,413.0,405.0,0.0,52.0,133.0,153.0,165.0,150.0,419.0,433.0,110.0,100.0,79.0,127.0,199.0,237.0,2.0,7.0,186.0,181.0,115.0,37.0,8.0,7.0,190.0,167.0,814.0,747.0,45.0,21.0,16.0,37.0,13959.0
2025-03-20,129.0,154.0,114.0,107.0,61.0,26.0,494.0,591.0,1232.0,141.0,335.0,139.0,145.0,110.0,0.0,563.0,474.0,0.0,0.0,788.0,285.0,991.0,689.0,446.0,420.0,238.0,291.0,112.0,99.0,457.0,428.0,3.0,118.0,156.0,168.0,178.0,179.0,541.0,569.0,133.0,92.0,109.0,137.0,228.0,262.0,5.0,0.0,247.0,220.0,121.0,37.0,6.0,11.0,281.0,231.0,1004.0,993.0,0.0,0.0,30.0,45.0,16163.0
2025-03-21,183.0,184.0,128.0,132.0,81.0,38.0,580.0,604.0,1231.0,130.0,270.0,175.0,167.0,98.0,0.0,685.0,560.0,0.0,0.0,934.0,217.0,1046.0,768.0,538.0,549.0,215.0,271.0,94.0,78.0,592.0,515.0,3.0,106.0,160.0,139.0,240.0,276.0,790.0,809.0,130.0,125.0,113.0,164.0,272.0,340.0,5.0,2.0,338.0,317.0,162.0,34.0,3.0,3.0,444.0,341.0,1268.0,1250.0,0.0,0.0,43.0,74.0,19014.0
2025-03-22,141.0,184.0,117.0,128.0,246.0,105.0,495.0,545.0,418.0,85.0,281.0,177.0,154.0,75.0,0.0,1162.0,1003.0,0.0,0.0,787.0,305.0,1146.0,857.0,838.0,785.0,164.0,229.0,74.0,69.0,1029.0,885.0,3.0,87.0,143.0,216.0,400.0,399.0,1466.0,1427.0,200.0,149.0,171.0,265.0,416.0,469.0,6.0,1.0,536.0,436.0,262.0,40.0,12.0,10.0,903.0,636.0,2049.0,1749.0,0.0,0.0,118.0,158.0,25211.0
2025-03-23,72.0,96.0,56.0,71.0,114.0,43.0,232.0,283.0,348.0,70.0,156.0,113.0,65.0,98.0,0.0,475.0,394.0,0.0,0.0,571.0,296.0,568.0,398.0,308.0,297.0,110.0,132.0,51.0,30.0,326.0,316.0,2.0,65.0,80.0,89.0,134.0,131.0,500.0,486.0,80.0,71.0,86.0,148.0,158.0,171.0,63.0,34.0,157.0,124.0,78.0,15.0,81.0,86.0,252.0,204.0,723.0,635.0,0.0,0.0,46.0,37.0,10825.0
2025-03-24,142.0,126.0,66.0,91.0,203.0,88.0,475.0,506.0,1140.0,128.0,231.0,240.0,225.0,109.0,0.0,398.0,338.0,14.0,41.0,796.0,285.0,771.0,523.0,357.0,335.0,194.0,298.0,121.0,103.0,355.0,336.0,6.0,83.0,135.0,120.0,111.0,128.0,343.0,342.0,83.0,88.0,79.0,119.0,153.0,186.0,82.0,88.0,152.0,145.0,90.0,19.0,100.0,79.0,159.0,112.0,392.0,423.0,5.0,4.0,11.0,22.0,12894.0
2025-03-25,136.0,164.0,96.0,114.0,237.0,107.0,532.0,579.0,1357.0,115.0,316.0,247.0,179.0,110.0,0.0,557.0,501.0,20.0,42.0,842.0,290.0,948.0,598.0,442.0,421.0,265.0,318.0,112.0,93.0,450.0,374.0,3.0,107.0,161.0,118.0,153.0,164.0,504.0,504.0,113.0,94.0,98.0,140.0,201.0,239.0,216.0,98.0,209.0,177.0,130.0,20.0,130.0,119.0,202.0,167.0,776.0,809.0,55.0,13.0,24.0,34.0,16340.0
2025-03-26,114.0,102.0,69.0,69.0,55.0,43.0,336.0,401.0,1402.0,93.0,222.0,369.0,105.0,63.0,0.0,257.0,237.0,11.0,14.0,853.0,216.0,690.0,399.0,247.0,221.0,154.0,188.0,104.0,76.0,252.0,215.0,2.0,79.0,156.0,64.0,86.0,92.0,128.0,165.0,59.0,44.0,59.0,85.0,106.0,117.0,71.0,58.0,99.0,85.0,67.0,8.0,65.0,66.0,44.0,40.0,457.0,412.0,39.0,7.0,5.0,14.0,10356.0
2025-03-27,155.0,154.0,53.0,94.0,28.0,28.0,572.0,653.0,1410.0,153.0,269.0,215.0,148.0,100.0,0.0,584.0,514.0,16.0,37.0,736.0,247.0,982.0,614.0,416.0,384.0,256.0,281.0,112.0,83.0,443.0,410.0,10.0,98.0,168.0,134.0,166.0,195.0,494.0,506.0,127.0,90.0,120.0,167.0,208.0,269.0,342.0,108.0,204.0,183.0,126.0,24.0,128.0,121.0,218.0,187.0,843.0,873.0,0.0,0.0,39.0,52.0,16347.0
2025-03-28,162.0,211.0,43.0,154.0,210.0,51.0,573.0,617.0,1208.0,134.0,317.0,420.0,161.0,99.0,0.0,771.0,653.0,22.0,29.0,796.0,216.0,724.0,833.0,538.0,575.0,250.0,321.0,141.0,116.0,675.0,597.0,20.0,108.0,154.0,181.0,280.0,259.0,935.0,965.0,173.0,144.0,144.0,179.0,294.0,412.0,208.0,51.0,336.0,312.0,192.0,43.0,161.0,169.0,512.0,447.0,1333.0,1212.0,0.0,0.0,35.0,95.0,20971.0
2025-03-29,112.0,110.0,54.0,76.0,55.0,12.0,339.0,313.0,156.0,78.0,184.0,125.0,117.0,82.0,0.0,577.0,528.0,11.0,24.0,566.0,319.0,578.0,418.0,317.0,284.0,141.0,183.0,56.0,48.0,481.0,398.0,300.0,81.0,67.0,76.0,150.0,142.0,759.0,814.0,89.0,101.0,81.0,129.0,151.0,188.0,78.0,48.0,172.0,150.0,85.0,19.0,78.0,96.0,396.0,373.0,981.0,824.0,0.0,0.0,25.0,46.0,13241.0
2025-03-30,118.0,102.0,88.0,115.0,0.0,0.0,362.0,387.0,226.0,78.0,222.0,166.0,97.0,88.0,0.0,745.0,703.0,9.0,6.0,484.0,308.0,721.0,528.0,448.0,413.0,150.0,172.0,69.0,53.0,625.0,566.0,235.0,93.0,85.0,132.0,209.0,222.0,911.0,1000.0,174.0,110.0,136.0,206.0,223.0,265.0,28.0,39.0,240.0,238.0,150.0,32.0,124.0,133.0,621.0,580.0,1207.0,1034.0,0.0,0.0,54.0,75.0,16605.0
2025-03-31,79.0,72.0,62.0,57.0,23.0,10.0,304.0,318.0,1257.0,105.0,178.0,179.0,164.0,71.0,0.0,218.0,194.0,10.0,14.0,541.0,235.0,582.0,333.0,218.0,198.0,219.0,218.0,101.0,74.0,201.0,234.0,632.0,56.0,115.0,81.0,48.0,49.0,151.0,155.0,53.0,54.0,54.0,81.0,85.0,96.0,128.0,96.0,86.0,56.0,52.0,13.0,37.0,35.0,67.0,66.0,415.0,441.0,0.0,0.0,6.0,9.0,9686.0
2025-04-01,98.0,121.0,98.0,79.0,67.0,42.0,416.0,426.0,1332.0,106.0,273.0,198.0,200.0,75.0,0.0,397.0,363.0,15.0,21.0,657.0,266.0,325.0,115.0,300.0,296.0,213.0,339.0,108.0,81.0,338.0,359.0,691.0,88.0,130.0,95.0,21.0,27.0,391.0,405.0,91.0,62.0,73.0,109.0,121.0,136.0,182.0,111.0,113.0,105.0,72.0,8.0,75.0,69.0,261.0,183.0,608.0,662.0,0.0,0.0,29.0,28.0,12670.0
2025-04-02,183.0,200.0,117.0,104.0,23.0,4.0,603.0,708.0,1556.0,140.0,391.0,313.0,269.0,112.0,0.0,686.0,587.0,22.0,40.0,791.0,234.0,705.0,491.0,564.0,533.0,276.0,403.0,132.0,118.0,581.0,521.0,896.0,119.0,169.0,196.0,183.0,126.0,765.0,764.0,164.0,129.0,128.0,184.0,284.0,336.0,236.0,103.0,322.0,258.0,132.0,32.0,137.0,109.0,515.0,425.0,1042.0,1016.0,0.0,0.0,26.0,60.0,20263.0
2025-04-03,211.0,246.0,73.0,180.0,139.0,22.0,578.0,654.0,1442.0,154.0,399.0,352.0,637.0,137.0,0.0,937.0,840.0,301.0,518.0,825.0,177.0,231.0,67.0,721.0,698.0,292.0,350.0,149.0,148.0,830.0,801.0,883.0,99.0,191.0,215.0,342.0,316.0,1207.0,1185.0,218.0,148.0,154.0,226.0,418.0,489.0,232.0,120.0,465.0,377.0,245.0,51.0,114.0,92.0,766.0,582.0,1626.0,1547.0,0.0,0.0,53.0,109.0,25579.0
2025-04-04,256.0,301.0,154.0,208.0,163.0,50.0,102.0,115.0,1196.0,193.0,383.0,424.0,439.0,125.0,0.0,1212.0,1102.0,617.0,795.0,923.0,242.0,0.0,0.0,909.0,879.0,367.0,453.0,156.0,124.0,1098.0,997.0,844.0,125.0,240.0,265.0,385.0,346.0,1552.0,1723.0,239.0,184.0,216.0,278.0,511.0,631.0,195.0,110.0,625.0,487.0,247.0,53.0,210.0,212.0,1104.0,851.0,1692.0,1669.0,0.0,0.0,83.0,170.0,29230.0
2025-04-05,141.0,142.0,75.0,122.0,235.0,106.0,120.0,136.0,275.0,69.0,221.0,223.0,189.0,81.0,0.0,592.0,547.0,328.0,365.0,476.0,262.0,0.0,0.0,454.0,428.0,156.0,216.0,53.0,39.0,547.0,574.0,441.0,95.0,101.0,109.0,190.0,173.0,847.0,833.0,149.0,99.0,109.0,153.0,189.0,273.0,105.0,60.0,303.0,260.0,114.0,24.0,107.0,112.0,458.0,414.0,1144.0,1066.0,0.0,0.0,45.0,68.0,15213.0
2025-04-06,73.0,79.0,37.0,52.0,163.0,58.0,85.0,97.0,106.0,77.0,133.0,90.0,106.0,47.0,0.0,338.0,265.0,0.0,0.0,383.0,278.0,0.0,0.0,162.0,155.0,104.0,248.0,35.0,13.0,222.0,182.0,220.0,90.0,59.0,53.0,53.0,55.0,285.0,291.0,68.0,50.0,59.0,87.0,64.0,96.0,79.0,28.0,74.0,70.0,49.0,11.0,56.0,64.0,133.0,154.0,527.0,438.0,0.0,0.0,14.0,27.0,6842.0
2025-04-07,121.0,96.0,71.0,79.0,74.0,33.0,121.0,135.0,688.0,127.0,289.0,232.0,223.0,75.0,0.0,290.0,266.0,0.0,0.0,606.0,239.0,472.0,318.0,262.0,265.0,205.0,301.0,97.0,74.0,320.0,345.0,532.0,92.0,129.0,95.0,105.0,98.0,228.0,244.0,81.0,69.0,59.0,86.0,122.0,151.0,140.0,52.0,141.0,113.0,82.0,23.0,76.0,76.0,128.0,107.0,457.0,444.0,0.0,1.0,9.0,16.0,10380.0
2025-04-08,141.0,143.0,113.0,99.0,57.0,26.0,134.0,134.0,1090.0,154.0,307.0,224.0,248.0,86.0,0.0,493.0,453.0,0.0,0.0,713.0,220.0,958.0,603.0,393.0,376.0,203.0,288.0,107.0,78.0,481.0,482.0,206.0,65.0,171.0,154.0,133.0,143.0,420.0,409.0,93.0,76.0,92.0,142.0,210.0,234.0,216.0,88.0,213.0,161.0,124.0,34.0,118.0,114.0,240.0,195.0,800.0,798.0,51.0,9.0,16.0,32.0,14561.0
2025-04-09,181.0,192.0,91.0,117.0,31.0,22.0,152.0,141.0,1359.0,140.0,333.0,277.0,244.0,103.0,0.0,549.0,504.0,0.0,0.0,758.0,256.0,957.0,633.0,463.0,418.0,183.0,227.0,56.0,56.0,485.0,491.0,36.0,48.0,137.0,144.0,184.0,175.0,431.0,474.0,114.0,105.0,94.0,127.0,242.0,289.0,197.0,92.0,239.0,197.0,130.0,38.0,118.0,102.0,264.0,238.0,862.0,893.0,35.0,8.0,9.0,39.0,15480.0
2025-04-10,168.0,148.0,72.0,128.0,98.0,64.0,125.0,156.0,1472.0,167.0,318.0,201.0,170.0,102.0,0.0,522.0,440.0,0.0,0.0,772.0,171.0,958.0,672.0,427.0,409.0,18.0,15.0,116.0,90.0,465.0,424.0,279.0,112.0,160.0,142.0,192.0,201.0,437.0,474.0,124.0,84.0,101.0,139.0,229.0,277.0,208.0,86.0,236.0,214.0,142.0,29.0,104.0,100.0,231.0,208.0,852.0,902.0,53.0,11.0,34.0,34.0,15283.0
2025-04-11,178.0,202.0,120.0,130.0,223.0,89.0,108.0,113.0,1386.0,193.0,305.0,277.0,241.0,98.0,0.0,586.0,540.0,6.0,14.0,921.0,195.0,1037.0,754.0,574.0,543.0,202.0,301.0,129.0,118.0,597.0,567.0,681.0,133.0,145.0,168.0,257.0,240.0,628.0,648.0,142.0,113.0,112.0,169.0,289.0,328.0,317.0,100.0,312.0,260.0,169.0,31.0,144.0,119.0,373.0,325.0,1145.0,1229.0,80.0,34.0,24.0,61.0,19523.0
2025-04-12,173.0,221.0,85.0,137.0,109.0,61.0,182.0,148.0,344.0,121.0,383.0,230.0,152.0,121.0,0.0,1437.0,1307.0,10.0,29.0,981.0,349.0,1336.0,1028.0,962.0,904.0,181.0,222.0,76.0,77.0,1259.0,1108.0,406.0,108.0,144.0,233.0,473.0,422.0,1980.0,2085.0,288.0,213.0,228.0,353.0,475.0,488.0,182.0,108.0,543.0,491.0,264.0,44.0,71.0,58.0,1438.0,1249.0,2331.0,2115.0,148.0,168.0,140.0,185.0,31164.0
2025-04-13,206.0,246.0,128.0,145.0,87.0,48.0,707.0,738.0,544.0,150.0,329.0,300.0,189.0,95.0,0.0,1465.0,1355.0,7.0,20.0,874.0,304.0,1314.0,1051.0,1006.0,973.0,184.0,256.0,39.0,49.0,1312.0,1271.0,361.0,119.0,142.0,211.0,507.0,470.0,2226.0,2137.0,307.0,233.0,272.0,421.0,414.0,555.0,158.0,43.0,673.0,602.0,278.0,50.0,166.0,103.0,1487.0,1268.0,2603.0,2257.0,185.0,188.0,139.0,238.0,34205.0
2025-04-14,250.0,270.0,124.0,137.0,188.0,72.0,808.0,831.0,1549.0,191.0,393.0,334.0,293.0,33.0,0.0,854.0,742.0,26.0,35.0,1042.0,268.0,1325.0,1051.0,787.0,739.0,258.0,437.0,95.0,98.0,819.0,745.0,910.0,120.0,205.0,186.0,300.0,311.0,820.0,926.0,212.0,170.0,162.0,218.0,350.0,462.0,187.0,95.0,423.0,355.0,198.0,40.0,176.0,142.0,553.0,421.0,1482.0,1373.0,85.0,16.0,0.0,0.0,25692.0
2025-04-15,211.0,226.0,101.0,130.0,309.0,83.0,801.0,892.0,1427.0,177.0,475.0,310.0,391.0,29.0,0.0,752.0,664.0,35.0,52.0,986.0,276.0,1237.0,946.0,699.0,647.0,125.0,250.0,99.0,80.0,720.0,712.0,689.0,104.0,260.0,233.0,285.0,283.0,713.0,742.0,180.0,138.0,149.0,219.0,307.0,392.0,244.0,112.0,369.0,303.0,180.0,45.0,154.0,156.0,434.0,340.0,1188.0,1199.0,73.0,29.0,27.0,54.0,23443.0
2025-04-16,290.0,350.0,129.0,142.0,485.0,130.0,962.0,1071.0,1718.0,224.0,476.0,371.0,339.0,38.0,0.0,1124.0,1090.0,40.0,32.0,1197.0,315.0,1683.0,1354.0,1119.0,1032.0,310.0,390.0,116.0,127.0,1052.0,1014.0,941.0,57.0,308.0,290.0,300.0,373.0,1462.0,1477.0,292.0,230.0,197.0,291.0,534.0,680.0,214.0,110.0,647.0,517.0,255.0,38.0,131.0,91.0,1016.0,754.0,2059.0,1861.0,91.0,23.0,72.0,130.0,34161.0
2025-04-17,219.0,264.0,61.0,59.0,100.0,47.0,710.0,648.0,1516.0,189.0,328.0,301.0,259.0,138.0,0.0,852.0,786.0,0.0,2.0,1120.0,123.0,1175.0,1000.0,761.0,799.0,275.0,316.0,121.0,108.0,901.0,803.0,649.0,14.0,198.0,227.0,0.0,0.0,1040.0,1047.0,217.0,190.0,107.0,207.0,398.0,454.0,230.0,111.0,443.0,344.0,199.0,37.0,94.0,69.0,663.0,563.0,1491.0,1383.0,58.0,9.0,50.0,96.0,24569.0
2025-04-18,69.0,69.0,47.0,31.0,301.0,50.0,104.0,102.0,176.0,45.0,41.0,62.0,56.0,43.0,0.0,137.0,118.0,0.0,0.0,625.0,245.0,276.0,168.0,77.0,97.0,17.0,27.0,32.0,19.0,80.0,101.0,219.0,56.0,54.0,44.0,0.0,0.0,106.0,95.0,29.0,26.0,30.0,45.0,28.0,27.0,39.0,20.0,33.0,29.0,15.0,7.0,29.0,24.0,72.0,50.0,191.0,184.0,10.0,9.0,5.0,6.0,4697.0
2025-04-19,92.0,124.0,90.0,80.0,286.0,70.0,371.0,404.0,146.0,101.0,152.0,161.0,132.0,87.0,0.0,710.0,615.0,0.0,0.0,680.0,254.0,737.0,607.0,499.0,482.0,150.0,204.0,35.0,42.0,613.0,541.0,27.0,31.0,101.0,121.0,0.0,0.0,969.0,954.0,113.0,91.0,92.0,146.0,183.0,237.0,71.0,28.0,254.0,210.0,105.0,23.0,104.0,102.0,653.0,542.0,1091.0,1032.0,7.0,8.0,46.0,73.0,15879.0
2025-04-20,133.0,178.0,46.0,45.0,245.0,88.0,652.0,624.0,168.0,108.0,282.0,247.0,126.0,121.0,0.0,1317.0,1111.0,0.0,0.0,850.0,145.0,1230.0,1016.0,1017.0,891.0,179.0,290.0,42.0,52.0,1292.0,1119.0,27.0,36.0,133.0,189.0,0.0,0.0,2151.0,2161.0,264.0,150.0,200.0,271.0,378.0,461.0,76.0,30.0,630.0,520.0,221.0,40.0,41.0,53.0,1444.0,1328.0,2246.0,1993.0,19.0,13.0,128.0,198.0,29015.0
2025-04-21,165.0,168.0,147.0,139.0,246.0,81.0,518.0,491.0,162.0,120.0,245.0,176.0,111.0,88.0,0.0,947.0,854.0,0.0,0.0,638.0,320.0,970.0,757.0,697.0,632.0,134.0,185.0,40.0,48.0,867.0,846.0,15.0,42.0,98.0,174.0,0.0,0.0,1424.0,1482.0,192.0,144.0,172.0,246.0,280.0,296.0,27.0,43.0,379.0,346.0,168.0,41.0,24.0,36.0,897.0,836.0,1212.0,1206.0,5.0,2.0,101.0,126.0,20806.0
2025-04-22,277.0,242.0,105.0,176.0,60.0,30.0,887.0,934.0,1519.0,214.0,402.0,302.0,260.0,137.0,0.0,954.0,884.0,0.0,0.0,925.0,325.0,1115.0,1161.0,936.0,833.0,265.0,331.0,103.0,87.0,816.0,834.0,534.0,105.0,282.0,241.0,0.0,0.0,1063.0,1050.0,238.0,186.0,174.0,276.0,450.0,518.0,204.0,95.0,482.0,432.0,216.0,50.0,172.0,100.0,659.0,512.0,1142.0,1226.0,37.0,2.0,47.0,106.0,25713.0
2025-04-23,292.0,295.0,115.0,206.0,190.0,71.0,1001.0,1059.0,1736.0,197.0,456.0,380.0,458.0,67.0,0.0,1107.0,1064.0,3.0,4.0,1061.0,272.0,1641.0,1297.0,1070.0,942.0,287.0,347.0,196.0,190.0,1012.0,892.0,566.0,100.0,318.0,257.0,0.0,0.0,1197.0,1270.0,283.0,210.0,138.0,260.0,511.0,547.0,232.0,100.0,446.0,349.0,260.0,48.0,196.0,141.0,846.0,694.0,1752.0,1632.0,68.0,8.0,62.0,109.0,30508.0
2025-04-24,89.0,86.0,29.0,61.0,87.0,32.0,258.0,249.0,1270.0,80.0,182.0,133.0,142.0,8.0,0.0,181.0,164.0,0.0,0.0,868.0,218.0,490.0,239.0,155.0,133.0,99.0,130.0,67.0,51.0,178.0,191.0,552.0,74.0,209.0,56.0,30.0,26.0,134.0,103.0,35.0,43.0,12.0,58.0,51.0,56.0,133.0,78.0,43.0,38.0,32.0,9.0,28.0,24.0,51.0,55.0,327.0,332.0,4.0,3.0,8.0,10.0,8484.0
2025-04-25,72.0,62.0,42.0,41.0,54.0,23.0,140.0,129.0,1229.0,73.0,113.0,144.0,108.0,2.0,0.0,125.0,111.0,0.0,0.0,861.0,206.0,371.0,176.0,82.0,78.0,69.0,111.0,50.0,23.0,113.0,100.0,1206.0,72.0,135.0,40.0,29.0,18.0,75.0,63.0,40.0,35.0,9.0,26.0,30.0,35.0,80.0,64.0,20.0,19.0,20.0,5.0,28.0,18.0,35.0,28.0,208.0,220.0,3.0,1.0,9.0,2.0,7281.0
2025-04-26,186.0,229.0,117.0,160.0,169.0,47.0,622.0,661.0,319.0,124.0,313.0,326.0,262.0,0.0,0.0,1364.0,1253.0,0.0,0.0,939.0,330.0,1237.0,1010.0,920.0,892.0,203.0,240.0,48.0,58.0,1235.0,1157.0,359.0,132.0,148.0,204.0,437.0,383.0,1900.0,1903.0,260.0,184.0,157.0,296.0,411.0,448.0,93.0,35.0,529.0,428.0,228.0,52.0,294.0,246.0,1241.0,1167.0,2219.0,1938.0,5.0,1.0,107.0,189.0,30415.0
2025-04-27,185.0,209.0,141.0,201.0,100.0,49.0,804.0,794.0,399.0,134.0,443.0,308.0,156.0,1.0,0.0,1665.0,1358.0,0.0,0.0,843.0,384.0,1427.0,1173.0,1122.0,1136.0,246.0,277.0,53.0,60.0,1633.0,1559.0,309.0,106.0,167.0,267.0,539.0,520.0,2497.0,2530.0,372.0,234.0,199.0,431.0,482.0,567.0,100.0,41.0,547.0,497.0,281.0,63.0,394.0,380.0,1677.0,1544.0,2715.0,2398.0,4.0,0.0,173.0,225.0,37119.0
2025-04-28,238.0,278.0,146.0,178.0,109.0,64.0,981.0,1042.0,1498.0,198.0,401.0,296.0,292.0,6.0,0.0,1037.0,906.0,0.0,0.0,1005.0,384.0,1524.0,1211.0,975.0,820.0,340.0,429.0,99.0,80.0,969.0,915.0,917.0,119.0,275.0,276.0,378.0,357.0,1273.0,1279.0,257.0,221.0,131.0,268.0,439.0,487.0,223.0,74.0,374.0,330.0,226.0,38.0,221.0,174.0,733.0,646.0,1209.0,1246.0,27.0,6.0,57.0,98.0,28780.0
2025-04-29,333.0,361.0,155.0,234.0,111.0,72.0,1152.0,1243.0,1485.0,225.0,509.0,348.0,304.0,6.0,0.0,1241.0,1091.0,0.0,0.0,1007.0,342.0,1755.0,1446.0,1152.0,1023.0,437.0,553.0,113.0,106.0,1074.0,979.0,878.0,124.0,297.0,324.0,487.0,432.0,1380.0,1530.0,290.0,221.0,128.0,273.0,503.0,561.0,326.0,160.0,465.0,379.0,251.0,35.0,316.0,253.0,941.0,737.0,1854.0,1798.0,17.0,3.0,73.0,117.0,34010.0
2025-04-30,256.0,298.0,196.0,176.0,81.0,59.0,1018.0,1089.0,1462.0,217.0,523.0,396.0,358.0,136.0,0.0,1009.0,902.0,0.0,0.0,1064.0,326.0,1489.0,1241.0,985.0,905.0,320.0,446.0,112.0,84.0,1000.0,977.0,880.0,109.0,348.0,302.0,451.0,407.0,1155.0,1164.0,238.0,198.0,131.0,262.0,471.0,530.0,377.0,142.0,416.0,319.0,246.0,57.0,221.0,206.0,758.0,588.0,1523.0,1583.0,53.0,7.0,54.0,75.0,30396.0
2025-05-01,184.0,269.0,181.0,174.0,286.0,100.0,896.0,1004.0,202.0,160.0,402.0,353.0,273.0,115.0,0.0,1786.0,1614.0,0.0,0.0,980.0,390.0,1828.0,1508.0,1495.0,1419.0,272.0,344.0,57.0,68.0,1734.0,1654.0,383.0,120.0,201.0,226.0,696.0,666.0,2896.0,3017.0,440.0,268.0,191.0,486.0,585.0,678.0,94.0,66.0,851.0,658.0,298.0,52.0,427.0,403.0,2109.0,1877.0,3168.0,2840.0,11.0,8.0,210.0,275.0,43948.0
2025-05-02,237.0,244.0,129.0,208.0,308.0,99.0,967.0,1066.0,467.0,176.0,367.0,313.0,364.0,126.0,0.0,1216.0,1063.0,0.0,0.0,1201.0,307.0,1530.0,1330.0,1130.0,1119.0,329.0,411.0,86.0,80.0,1184.0,1100.0,499.0,137.0,101.0,278.0,452.0,451.0,1703.0,1800.0,258.0,200.0,122.0,292.0,464.0,508.0,121.0,56.0,514.0,388.0,244.0,33.0,312.0,297.0,1182.0,1040.0,2052.0,1874.0,16.0,2.0,72.0,124.0,32749.0
2025-05-03,163.0,213.0,148.0,143.0,144.0,94.0,612.0,703.0,185.0,143.0,255.0,259.0,253.0,102.0,0.0,1042.0,983.0,0.0,0.0,923.0,305.0,1136.0,935.0,925.0,828.0,253.0,398.0,55.0,61.0,896.0,889.0,297.0,101.0,138.0,179.0,411.0,379.0,1554.0,1556.0,212.0,153.0,62.0,188.0,344.0,371.0,53.0,33.0,481.0,408.0,163.0,24.0,193.0,164.0,1023.0,952.0,1830.0,1596.0,3.0,5.0,98.0,122.0,26139.0
2025-05-04,141.0,146.0,102.0,123.0,144.0,86.0,518.0,552.0,447.0,124.0,235.0,5697.0,165.0,89.0,0.0,845.0,705.0,0.0,0.0,396.0,190.0,648.0,611.0,567.0,494.0,211.0,199.0,33.0,50.0,761.0,726.0,278.0,97.0,114.0,143.0,239.0,195.0,1163.0,1188.0,179.0,139.0,81.0,210.0,268.0,257.0,52.0,31.0,227.0,199.0,145.0,32.0,244.0,174.0,757.0,706.0,904.0,869.0,4.0,3.0,68.0,98.0,24069.0
2025-05-05,196.0,203.0,81.0,118.0,78.0,43.0,793.0,906.0,1052.0,171.0,331.0,252.0,235.0,94.0,0.0,633.0,602.0,0.0,0.0,899.0,361.0,844.0,931.0,746.0,688.0,314.0,417.0,60.0,62.0,649.0,601.0,724.0,124.0,262.0,205.0,276.0,290.0,615.0,573.0,182.0,139.0,67.0,205.0,337.0,299.0,156.0,84.0,275.0,217.0,167.0,40.0,203.0,171.0,341.0,281.0,454.0,663.0,7.0,4.0,27.0,33.0,19781.0
2025-05-06,209.0,235.0,94.0,182.0,122.0,65.0,796.0,956.0,1445.0,183.0,369.0,306.0,252.0,105.0,0.0,879.0,753.0,0.0,0.0,957.0,317.0,1038.0,1057.0,819.0,762.0,369.0,524.0,113.0,69.0,731.0,669.0,754.0,121.0,294.0,234.0,273.0,293.0,767.0,802.0,205.0,140.0,74.0,203.0,378.0,403.0,193.0,104.0,300.0,246.0,195.0,51.0,227.0,190.0,481.0,411.0,1099.0,1056.0,16.0,7.0,34.0,66.0,23993.0
2025-05-07,202.0,233.0,88.0,156.0,94.0,43.0,428.0,552.0,1449.0,266.0,450.0,285.0,275.0,88.0,0.0,639.0,589.0,0.0,0.0,934.0,299.0,925.0,918.0,776.0,681.0,336.0,463.0,60.0,58.0,605.0,565.0,982.0,120.0,318.0,223.0,296.0,291.0,636.0,668.0,168.0,143.0,62.0,196.0,366.0,318.0,56.0,121.0,286.0,210.0,169.0,42.0,192.0,151.0,376.0,329.0,935.0,976.0,18.0,2.0,39.0,51.0,21197.0
2025-05-08,150.0,216.0,85.0,136.0,291.0,81.0,108.0,90.0,219.0,121.0,253.0,232.0,136.0,97.0,0.0,912.0,652.0,0.0,0.0,709.0,303.0,853.0,909.0,777.0,743.0,169.0,288.0,63.0,46.0,850.0,735.0,271.0,15.0,101.0,156.0,302.0,301.0,1253.0,1184.0,176.0,131.0,72.0,195.0,277.0,252.0,1.0,6.0,311.0,199.0,168.0,32.0,204.0,210.0,866.0,684.0,1549.0,1486.0,6.0,2.0,75.0,110.0,20819.0
2025-05-09,178.0,214.0,82.0,143.0,99.0,46.0,63.0,78.0,285.0,144.0,262.0,242.0,212.0,93.0,0.0,718.0,616.0,0.0,0.0,862.0,320.0,733.0,774.0,617.0,603.0,230.0,353.0,25.0,30.0,708.0,640.0,314.0,105.0,113.0,169.0,246.0,245.0,968.0,974.0,151.0,114.0,44.0,186.0,284.0,242.0,0.0,0.0,220.0,131.0,160.0,25.0,193.0,169.0,660.0,560.0,1090.0,997.0,14.0,2.0,47.0,64.0,17857.0
2025-05-10,195.0,241.0,118.0,130.0,263.0,112.0,69.0,56.0,141.0,131.0,286.0,358.0,206.0,113.0,0.0,1218.0,1040.0,0.0,0.0,825.0,363.0,942.0,999.0,932.0,873.0,189.0,330.0,19.0,13.0,1141.0,1029.0,310.0,109.0,120.0,193.0,397.0,353.0,1639.0,1776.0,219.0,160.0,82.0,269.0,320.0,276.0,0.0,0.0,306.0,163.0,235.0,48.0,287.0,301.0,1181.0,1126.0,1919.0,1768.0,1.0,2.0,107.0,139.0,26138.0
2025-05-11,211.0,261.0,183.0,80.0,268.0,68.0,90.0,88.0,237.0,120.0,292.0,174.0,177.0,87.0,0.0,1157.0,1023.0,0.0,0.0,784.0,336.0,972.0,1001.0,927.0,874.0,219.0,268.0,58.0,59.0,1112.0,954.0,317.0,128.0,136.0,185.0,447.0,424.0,1785.0,1952.0,287.0,209.0,72.0,315.0,367.0,218.0,0.0,0.0,149.0,122.0,205.0,49.0,280.0,272.0,1205.0,1218.0,2311.0,1780.0,8.0,3.0,133.0,175.0,26832.0
2025-05-12,238.0,285.0,164.0,185.0,92.0,61.0,171.0,135.0,1507.0,213.0,431.0,327.0,280.0,129.0,0.0,933.0,828.0,0.0,0.0,1058.0,319.0,1166.0,1197.0,980.0,908.0,164.0,197.0,51.0,66.0,841.0,817.0,335.0,94.0,260.0,250.0,370.0,355.0,1046.0,1028.0,298.0,195.0,86.0,242.0,478.0,296.0,1.0,0.0,198.0,84.0,222.0,48.0,254.0,222.0,653.0,514.0,966.0,1080.0,9.0,8.0,35.0,53.0,23423.0
2025-05-13,287.0,303.0,207.0,230.0,131.0,49.0,1092.0,1024.0,1212.0,221.0,504.0,359.0,313.0,144.0,0.0,1169.0,1045.0,0.0,0.0,1218.0,304.0,1328.0,1291.0,1197.0,1016.0,382.0,478.0,107.0,109.0,1051.0,1071.0,778.0,130.0,280.0,325.0,512.0,499.0,1523.0,1472.0,344.0,240.0,80.0,306.0,560.0,341.0,0.0,1.0,227.0,110.0,279.0,61.0,345.0,298.0,956.0,800.0,1731.0,1725.0,15.0,6.0,68.0,94.0,31948.0
2025-05-14,302.0,305.0,186.0,194.0,20.0,19.0,1127.0,905.0,1422.0,232.0,476.0,406.0,356.0,125.0,0.0,1237.0,1122.0,22.0,28.0,1140.0,354.0,1338.0,1427.0,1214.0,1102.0,363.0,429.0,50.0,61.0,1098.0,1073.0,874.0,124.0,69.0,110.0,493.0,472.0,1307.0,1593.0,309.0,216.0,99.0,303.0,614.0,353.0,0.0,0.0,10.0,9.0,309.0,55.0,308.0,274.0,939.0,809.0,1873.0,1830.0,16.0,11.0,89.0,117.0,31718.0
2025-05-15,214.0,201.0,110.0,133.0,196.0,104.0,752.0,799.0,1525.0,189.0,341.0,287.0,340.0,23.0,0.0,566.0,528.0,8.0,17.0,1037.0,273.0,889.0,918.0,669.0,620.0,254.0,348.0,94.0,74.0,578.0,630.0,937.0,117.0,0.0,0.0,248.0,241.0,616.0,621.0,176.0,126.0,91.0,173.0,315.0,198.0,0.0,0.0,190.0,79.0,167.0,41.0,174.0,168.0,334.0,262.0,809.0,834.0,3.0,1.0,35.0,39.0,19712.0
2025-05-16,166.0,169.0,106.0,113.0,74.0,53.0,481.0,552.0,1366.0,145.0,265.0,193.0,253.0,27.0,0.0,397.0,381.0,4.0,10.0,914.0,270.0,529.0,580.0,435.0,382.0,178.0,223.0,48.0,38.0,405.0,450.0,715.0,79.0,0.0,0.0,139.0,144.0,440.0,424.0,113.0,101.0,42.0,128.0,187.0,114.0,0.0,0.0,112.0,43.0,109.0,24.0,114.0,108.0,231.0,206.0,534.0,570.0,1.0,2.0,27.0,29.0,13943.0
2025-05-17,127.0,150.0,76.0,94.0,260.0,95.0,464.0,471.0,137.0,121.0,233.0,120.0,142.0,30.0,0.0,699.0,556.0,1.0,2.0,693.0,325.0,470.0,587.0,478.0,451.0,126.0,194.0,17.0,11.0,578.0,551.0,385.0,92.0,0.0,0.0,204.0,185.0,934.0,983.0,136.0,126.0,49.0,138.0,212.0,152.0,0.0,0.0,71.0,28.0,129.0,34.0,145.0,146.0,666.0,557.0,1009.0,1009.0,2.0,5.0,61.0,72.0,15789.0
2025-05-18,111.0,130.0,77.0,57.0,110.0,57.0,350.0,362.0,364.0,80.0,192.0,159.0,108.0,18.0,0.0,619.0,488.0,4.0,4.0,629.0,342.0,511.0,466.0,403.0,342.0,133.0,182.0,6.0,13.0,497.0,500.0,320.0,87.0,0.0,0.0,196.0,190.0,813.0,905.0,120.0,113.0,64.0,192.0,169.0,141.0,0.0,0.0,0.0,0.0,102.0,24.0,133.0,105.0,514.0,483.0,0.0,1.0,0.0,2.0,33.0,39.0,12060.0
2025-05-19,164.0,161.0,119.0,131.0,190.0,88.0,666.0,706.0,1429.0,163.0,293.0,261.0,212.0,19.0,0.0,549.0,485.0,8.0,10.0,879.0,302.0,740.0,772.0,607.0,562.0,224.0,271.0,100.0,82.0,503.0,474.0,677.0,108.0,0.0,0.0,187.0,198.0,599.0,566.0,171.0,116.0,55.0,151.0,255.0,222.0,0.0,0.0,0.0,0.0,144.0,26.0,126.0,122.0,355.0,282.0,410.0,569.0,9.0,3.0,20.0,17.0,16558.0
2025-05-20,239.0,261.0,116.0,168.0,64.0,28.0,973.0,1047.0,1512.0,202.0,427.0,364.0,258.0,118.0,0.0,1111.0,1023.0,9.0,18.0,1206.0,325.0,1246.0,1362.0,1085.0,1000.0,332.0,351.0,52.0,46.0,1003.0,943.0,39.0,27.0,0.0,0.0,406.0,392.0,1390.0,1441.0,244.0,201.0,82.0,237.0,499.0,399.0,0.0,0.0,0.0,0.0,224.0,48.0,240.0,217.0,900.0,760.0,1494.0,1526.0,14.0,2.0,80.0,86.0,27837.0
2025-05-21,237.0,273.0,152.0,207.0,60.0,43.0,965.0,1060.0,1537.0,183.0,392.0,376.0,356.0,149.0,0.0,935.0,839.0,13.0,24.0,1130.0,311.0,1109.0,1191.0,1008.0,930.0,316.0,322.0,48.0,54.0,807.0,789.0,785.0,112.0,0.0,0.0,408.0,418.0,1157.0,1171.0,260.0,202.0,81.0,254.0,459.0,395.0,0.0,0.0,0.0,0.0,203.0,34.0,232.0,222.0,770.0,616.0,1524.0,1486.0,4.0,2.0,62.0,90.0,26763.0
2025-05-22,109.0,127.0,74.0,85.0,265.0,94.0,480.0,505.0,1350.0,148.0,273.0,247.0,243.0,77.0,0.0,353.0,298.0,4.0,8.0,932.0,289.0,499.0,413.0,312.0,304.0,168.0,206.0,83.0,64.0,277.0,282.0,851.0,76.0,0.0,0.0,80.0,78.0,289.0,274.0,86.0,84.0,29.0,101.0,109.0,112.0,0.0,0.0,0.0,0.0,78.0,17.0,95.0,81.0,163.0,142.0,337.0,373.0,1.0,1.0,12.0,15.0,12053.0
2025-05-23,215.0,227.0,113.0,76.0,69.0,41.0,768.0,800.0,1101.0,158.0,364.0,280.0,227.0,126.0,0.0,784.0,679.0,5.0,17.0,968.0,304.0,837.0,933.0,720.0,674.0,268.0,360.0,73.0,55.0,725.0,726.0,535.0,114.0,135.0,98.0,268.0,286.0,996.0,992.0,206.0,155.0,59.0,158.0,326.0,317.0,0.0,0.0,0.0,0.0,181.0,33.0,180.0,158.0,694.0,528.0,1066.0,1150.0,6.0,4.0,60.0,75.0,21473.0
2025-05-24,139.0,191.0,119.0,151.0,168.0,95.0,646.0,630.0,217.0,112.0,243.0,218.0,178.0,144.0,0.0,1151.0,1013.0,5.0,14.0,846.0,364.0,841.0,924.0,805.0,844.0,164.0,258.0,15.0,17.0,1030.0,985.0,257.0,75.0,134.0,176.0,379.0,289.0,1794.0,1675.0,220.0,193.0,85.0,218.0,361.0,335.0,0.0,0.0,0.0,0.0,191.0,48.0,234.0,242.0,1365.0,1113.0,1870.0,1709.0,3.0,3.0,3.0,1.0,25500.0
2025-05-25,131.0,129.0,76.0,74.0,111.0,42.0,343.0,338.0,305.0,65.0,161.0,142.0,117.0,61.0,0.0,611.0,474.0,0.0,1.0,609.0,330.0,495.0,468.0,445.0,350.0,112.0,126.0,12.0,10.0,440.0,543.0,274.0,80.0,85.0,119.0,177.0,130.0,885.0,825.0,127.0,96.0,39.0,117.0,164.0,158.0,0.0,0.0,0.0,0.0,103.0,25.0,113.0,97.0,610.0,480.0,892.0,752.0,0.0,1.0,1.0,2.0,13473.0
2025-05-26,138.0,151.0,91.0,128.0,193.0,59.0,600.0,645.0,1265.0,132.0,317.0,214.0,334.0,79.0,0.0,494.0,428.0,3.0,8.0,1070.0,273.0,663.0,553.0,541.0,473.0,234.0,226.0,74.0,60.0,461.0,477.0,772.0,99.0,222.0,126.0,178.0,174.0,540.0,531.0,133.0,100.0,45.0,143.0,224.0,222.0,0.0,0.0,0.0,0.0,109.0,24.0,139.0,112.0,376.0,251.0,359.0,416.0,5.0,2.0,17.0,18.0,15721.0
2025-05-27,279.0,270.0,108.0,214.0,178.0,102.0,1054.0,1234.0,1331.0,238.0,497.0,340.0,321.0,107.0,0.0,1226.0,1141.0,9.0,19.0,1140.0,294.0,1395.0,1412.0,1245.0,1123.0,337.0,393.0,10.0,6.0,1032.0,998.0,803.0,129.0,343.0,292.0,496.0,446.0,1514.0,1635.0,283.0,216.0,120.0,307.0,551.0,545.0,0.0,0.0,0.0,0.0,253.0,57.0,341.0,287.0,1075.0,879.0,1788.0,1762.0,8.0,5.0,75.0,106.0,32369.0
2025-05-28,126.0,137.0,46.0,69.0,95.0,52.0,436.0,518.0,1342.0,120.0,229.0,438.0,209.0,90.0,0.0,356.0,311.0,3.0,7.0,1005.0,235.0,514.0,482.0,395.0,334.0,140.0,123.0,67.0,65.0,297.0,275.0,761.0,75.0,169.0,127.0,119.0,133.0,273.0,306.0,110.0,601.0,36.0,110.0,153.0,137.0,0.0,0.0,0.0,0.0,82.0,13.0,91.0,82.0,159.0,146.0,487.0,380.0,3.0,2.0,16.0,14.0,13101.0
2025-05-29,226.0,216.0,97.0,155.0,93.0,66.0,932.0,950.0,1440.0,177.0,408.0,420.0,273.0,134.0,0.0,941.0,782.0,8.0,27.0,1085.0,275.0,986.0,1032.0,825.0,767.0,245.0,340.0,66.0,63.0,844.0,777.0,1053.0,122.0,211.0,192.0,313.0,237.0,1167.0,1161.0,191.0,167.0,88.0,220.0,323.0,255.0,1.0,0.0,0.0,0.0,209.0,41.0,194.0,188.0,797.0,574.0,1187.0,1234.0,5.0,1.0,42.0,49.0,24872.0
2025-05-30,234.0,274.0,98.0,160.0,228.0,146.0,953.0,987.0,1531.0,175.0,363.0,429.0,460.0,137.0,0.0,978.0,895.0,7.0,24.0,1231.0,371.0,953.0,1089.0,878.0,873.0,46.0,58.0,66.0,62.0,947.0,927.0,740.0,109.0,264.0,224.0,344.0,323.0,1403.0,1433.0,219.0,158.0,86.0,213.0,439.0,390.0,0.0,0.0,5.0,8.0,213.0,22.0,260.0,235.0,988.0,750.0,1460.0,1424.0,5.0,1.0,66.0,92.0,27454.0
2025-05-31,178.0,258.0,84.0,154.0,145.0,63.0,787.0,785.0,364.0,133.0,304.0,245.0,189.0,141.0,0.0,1390.0,1220.0,11.0,34.0,1146.0,397.0,1001.0,1081.0,975.0,1028.0,216.0,329.0,60.0,53.0,1123.0,1030.0,420.0,116.0,178.0,212.0,480.0,442.0,2002.0,2090.0,234.0,1326.0,117.0,323.0,274.0,239.0,0.0,0.0,2.0,3.0,222.0,41.0,363.0,322.0,1476.0,1290.0,2209.0,2094.0,2.0,6.0,124.0,145.0,31676.0
2025-06-01,192.0,227.0,48.0,208.0,116.0,50.0,700.0,648.0,424.0,163.0,260.0,240.0,176.0,97.0,0.0,1138.0,926.0,1.0,7.0,839.0,353.0,839.0,794.0,825.0,691.0,168.0,198.0,25.0,39.0,935.0,882.0,29.0,32.0,137.0,177.0,301.0,291.0,1673.0,1740.0,179.0,270.0,101.0,235.0,27.0,1.0,1.0,0.0,0.0,0.0,158.0,28.0,228.0,217.0,1148.0,1002.0,1693.0,1459.0,2.0,2.0,115.0,112.0,23567.0
2025-06-02,155.0,158.0,59.0,107.0,51.0,45.0,572.0,597.0,1322.0,129.0,237.0,259.0,256.0,96.0,0.0,575.0,454.0,3.0,6.0,1017.0,297.0,553.0,532.0,456.0,432.0,114.0,112.0,73.0,55.0,511.0,499.0,9.0,33.0,214.0,112.0,96.0,101.0,639.0,637.0,103.0,85.0,104.0,155.0,113.0,31.0,0.0,0.0,37.0,29.0,102.0,20.0,106.0,95.0,383.0,324.0,356.0,345.0,4.0,1.0,18.0,30.0,14014.0
2025-06-03,264.0,303.0,116.0,212.0,430.0,148.0,1076.0,1163.0,1643.0,206.0,511.0,410.0,423.0,155.0,0.0,1255.0,1111.0,6.0,20.0,1189.0,340.0,1251.0,1372.0,1146.0,1036.0,304.0,418.0,99.0,96.0,1110.0,1082.0,17.0,31.0,278.0,306.0,508.0,497.0,1622.0,1764.0,255.0,1730.0,213.0,308.0,514.0,26.0,0.0,0.0,105.0,72.0,282.0,46.0,304.0,258.0,1193.0,952.0,1872.0,1673.0,0.0,0.0,78.0,122.0,33921.0
2025-06-04,273.0,301.0,173.0,177.0,136.0,47.0,1077.0,1181.0,1586.0,209.0,445.0,353.0,360.0,143.0,0.0,1116.0,983.0,6.0,15.0,1242.0,356.0,1301.0,1361.0,1154.0,1011.0,323.0,387.0,88.0,87.0,994.0,919.0,1114.0,126.0,269.0,300.0,417.0,389.0,1305.0,1326.0,131.0,1267.0,184.0,270.0,437.0,33.0,0.0,0.0,52.0,41.0,235.0,38.0,254.0,223.0,887.0,658.0,1670.0,1576.0,0.0,0.0,30.0,38.0,31074.0
2025-06-05,185.0,183.0,117.0,108.0,7.0,20.0,729.0,775.0,1362.0,194.0,277.0,247.0,220.0,110.0,0.0,590.0,505.0,6.0,16.0,1067.0,317.0,787.0,729.0,668.0,605.0,277.0,335.0,81.0,67.0,552.0,548.0,1075.0,105.0,221.0,186.0,178.0,213.0,652.0,666.0,103.0,53.0,112.0,173.0,231.0,53.0,0.0,0.0,67.0,38.0,166.0,32.0,139.0,120.0,408.0,351.0,844.0,796.0,0.0,0.0,29.0,31.0,18726.0
2025-06-06,187.0,207.0,111.0,170.0,148.0,62.0,178.0,243.0,1121.0,213.0,272.0,245.0,187.0,124.0,0.0,788.0,564.0,10.0,17.0,1121.0,395.0,803.0,809.0,702.0,689.0,284.0,385.0,81.0,77.0,694.0,678.0,572.0,100.0,208.0,199.0,239.0,241.0,930.0,899.0,102.0,181.0,113.0,145.0,270.0,9.0,0.0,0.0,28.0,6.0,150.0,19.0,125.0,115.0,635.0,452.0,1015.0,1031.0,0.0,0.0,63.0,64.0,19476.0
2025-06-07,90.0,77.0,49.0,55.0,249.0,59.0,136.0,89.0,237.0,77.0,107.0,155.0,89.0,64.0,0.0,377.0,274.0,3.0,2.0,881.0,358.0,343.0,295.0,295.0,239.0,134.0,219.0,30.0,15.0,203.0,228.0,467.0,47.0,58.0,50.0,86.0,66.0,464.0,335.0,25.0,23.0,36.0,94.0,67.0,3.0,0.0,0.0,2.0,2.0,41.0,9.0,48.0,51.0,353.0,213.0,384.0,349.0,0.0,0.0,22.0,17.0,8741.0
2025-06-08,115.0,98.0,44.0,89.0,86.0,60.0,128.0,129.0,534.0,82.0,185.0,258.0,107.0,86.0,0.0,602.0,459.0,3.0,5.0,729.0,282.0,555.0,471.0,419.0,413.0,166.0,277.0,20.0,27.0,410.0,392.0,301.0,74.0,90.0,107.0,130.0,113.0,657.0,791.0,23.0,17.0,67.0,112.0,119.0,7.0,0.0,0.0,3.0,1.0,66.0,16.0,88.0,71.0,513.0,460.0,767.0,711.0,0.0,0.0,47.0,59.0,12641.0
2025-06-09,238.0,265.0,140.0,170.0,202.0,101.0,117.0,99.0,1542.0,206.0,424.0,217.0,230.0,129.0,0.0,921.0,765.0,6.0,21.0,969.0,276.0,1040.0,1072.0,962.0,823.0,373.0,451.0,94.0,88.0,837.0,829.0,1004.0,142.0,279.0,263.0,368.0,381.0,1130.0,1108.0,93.0,27.0,188.0,286.0,404.0,4.0,1.0,0.0,46.0,32.0,218.0,47.0,306.0,273.0,767.0,602.0,928.0,1070.0,0.0,0.0,59.0,67.0,23700.0
2025-06-10,249.0,282.0,168.0,196.0,354.0,164.0,103.0,106.0,1527.0,188.0,423.0,326.0,278.0,121.0,0.0,1095.0,926.0,8.0,14.0,1102.0,309.0,1170.0,1282.0,1048.0,1018.0,396.0,415.0,61.0,69.0,1013.0,1014.0,992.0,119.0,351.0,364.0,443.0,428.0,1385.0,1329.0,0.0,0.0,222.0,283.0,487.0,1.0,0.0,0.0,70.0,33.0,271.0,52.0,254.0,216.0,855.0,633.0,1559.0,1452.0,0.0,0.0,50.0,68.0,27342.0
2025-06-11,281.0,298.0,157.0,226.0,44.0,15.0,181.0,207.0,1571.0,227.0,471.0,253.0,260.0,135.0,0.0,1117.0,943.0,14.0,20.0,1118.0,322.0,1219.0,1291.0,1058.0,956.0,392.0,362.0,94.0,93.0,985.0,931.0,17.0,33.0,403.0,484.0,449.0,436.0,1199.0,1147.0,0.0,0.0,218.0,308.0,300.0,1.0,0.0,0.0,33.0,25.0,269.0,46.0,315.0,307.0,740.0,530.0,1616.0,1561.0,0.0,0.0,61.0,88.0,25827.0
2025-06-12,305.0,329.0,210.0,207.0,45.0,24.0,144.0,127.0,1504.0,212.0,441.0,245.0,259.0,131.0,0.0,1179.0,963.0,9.0,26.0,1312.0,323.0,1318.0,1373.0,1182.0,1036.0,468.0,561.0,71.0,107.0,1030.0,986.0,616.0,141.0,511.0,1322.0,474.0,448.0,1469.0,1284.0,0.0,0.0,200.0,285.0,411.0,8.0,0.0,1.0,33.0,16.0,303.0,46.0,282.0,244.0,883.0,602.0,1868.0,1818.0,0.0,0.0,88.0,144.0,29624.0
2025-06-13,237.0,255.0,215.0,189.0,396.0,144.0,920.0,979.0,1540.0,177.0,367.0,323.0,334.0,135.0,0.0,1081.0,887.0,11.0,22.0,1311.0,429.0,1121.0,1237.0,1039.0,1014.0,317.0,356.0,74.0,62.0,964.0,907.0,747.0,138.0,394.0,1586.0,411.0,416.0,1372.0,1335.0,0.0,0.0,171.0,251.0,360.0,3.0,0.0,0.0,17.0,14.0,237.0,43.0,227.0,217.0,775.0,534.0,1729.0,1746.0,0.0,0.0,79.0,122.0,29967.0
2025-06-14,181.0,222.0,178.0,147.0,248.0,88.0,759.0,708.0,258.0,102.0,276.0,266.0,131.0,111.0,0.0,1418.0,1171.0,11.0,21.0,1296.0,348.0,1090.0,1110.0,1138.0,1061.0,257.0,347.0,33.0,28.0,1294.0,1178.0,20.0,43.0,321.0,1010.0,505.0,496.0,1987.0,1993.0,0.0,0.0,245.0,320.0,287.0,1.0,0.0,0.0,10.0,17.0,272.0,34.0,330.0,360.0,1298.0,948.0,2323.0,2085.0,0.0,0.0,139.0,203.0,30723.0
2025-06-15,174.0,200.0,158.0,160.0,120.0,31.0,358.0,275.0,229.0,119.0,240.0,230.0,176.0,67.0,0.0,1105.0,897.0,4.0,11.0,1044.0,389.0,919.0,982.0,851.0,851.0,205.0,250.0,46.0,58.0,947.0,883.0,28.0,25.0,327.0,1436.0,394.0,378.0,1597.0,1312.0,0.0,0.0,179.0,254.0,241.0,2.0,0.0,0.0,2.0,8.0,200.0,26.0,320.0,237.0,1018.0,877.0,1356.0,1355.0,0.0,0.0,114.0,160.0,23825.0
2025-06-16,159.0,176.0,99.0,105.0,421.0,71.0,536.0,521.0,1042.0,135.0,225.0,230.0,227.0,81.0,0.0,562.0,414.0,5.0,5.0,917.0,264.0,468.0,526.0,384.0,367.0,187.0,256.0,29.0,21.0,448.0,445.0,15.0,32.0,425.0,1595.0,92.0,108.0,529.0,530.0,0.0,0.0,68.0,101.0,67.0,1.0,0.0,0.0,5.0,6.0,80.0,18.0,66.0,66.0,332.0,255.0,565.0,531.0,0.0,0.0,21.0,46.0,14880.0
2025-06-17,298.0,328.0,254.0,262.0,153.0,28.0,1201.0,921.0,1002.0,240.0,492.0,383.0,470.0,167.0,0.0,1346.0,1162.0,1.0,0.0,1326.0,330.0,1412.0,1524.0,1245.0,1189.0,460.0,534.0,107.0,92.0,1127.0,1026.0,28.0,40.0,475.0,1263.0,561.0,543.0,1632.0,1531.0,0.0,0.0,233.0,322.0,360.0,4.0,0.0,1.0,14.0,10.0,317.0,44.0,299.0,250.0,911.0,672.0,2020.0,1937.0,0.0,0.0,123.0,131.0,32801.0
2025-06-18,326.0,359.0,235.0,249.0,233.0,80.0,1132.0,916.0,1162.0,219.0,449.0,395.0,434.0,141.0,0.0,1238.0,1175.0,0.0,0.0,1432.0,333.0,1292.0,1349.0,1223.0,1085.0,417.0,486.0,116.0,101.0,1102.0,1066.0,28.0,44.0,499.0,1205.0,533.0,532.0,1416.0,1427.0,0.0,0.0,223.0,295.0,312.0,10.0,0.0,0.0,18.0,34.0,294.0,46.0,288.0,236.0,867.0,663.0,1844.0,1736.0,0.0,0.0,86.0,118.0,31499.0
2025-06-19,315.0,311.0,259.0,278.0,101.0,20.0,1183.0,1053.0,1095.0,235.0,477.0,296.0,346.0,154.0,0.0,1332.0,1139.0,0.0,0.0,1313.0,301.0,1229.0,1347.0,1221.0,1071.0,392.0,498.0,64.0,66.0,1084.0,1062.0,22.0,17.0,485.0,1153.0,511.0,476.0,1421.0,1357.0,0.0,0.0,217.0,297.0,335.0,9.0,0.0,1.0,14.0,12.0,328.0,47.0,255.0,219.0,845.0,496.0,1823.0,1704.0,0.0,0.0,61.0,111.0,30458.0
2025-06-20,245.0,306.0,228.0,222.0,449.0,117.0,977.0,786.0,1335.0,193.0,356.0,349.0,348.0,135.0,0.0,1015.0,946.0,0.0,0.0,1238.0,295.0,1069.0,1229.0,983.0,948.0,381.0,390.0,138.0,107.0,971.0,955.0,19.0,26.0,480.0,1049.0,392.0,403.0,1254.0,1261.0,0.0,0.0,187.0,261.0,300.0,9.0,0.0,0.0,10.0,7.0,259.0,36.0,215.0,187.0,692.0,479.0,1569.0,1555.0,0.0,0.0,74.0,104.0,27539.0
2025-06-21,149.0,254.0,174.0,184.0,683.0,134.0,701.0,663.0,496.0,153.0,315.0,265.0,130.0,132.0,0.0,1298.0,1126.0,0.0,0.0,1022.0,402.0,1143.0,1209.0,1113.0,1095.0,308.0,373.0,33.0,32.0,1208.0,1095.0,27.0,28.0,313.0,615.0,454.0,427.0,1771.0,1777.0,0.0,0.0,198.0,282.0,218.0,8.0,0.0,0.0,7.0,10.0,266.0,32.0,283.0,274.0,958.0,821.0,2179.0,1955.0,0.0,0.0,110.0,141.0,29044.0
2025-06-22,185.0,214.0,168.0,156.0,119.0,19.0,476.0,380.0,644.0,145.0,290.0,180.0,144.0,104.0,0.0,1253.0,1126.0,0.0,0.0,1080.0,481.0,1122.0,1161.0,1049.0,999.0,253.0,314.0,21.0,15.0,1131.0,981.0,28.0,28.0,325.0,708.0,464.0,402.0,1773.0,1877.0,0.0,0.0,193.0,295.0,206.0,1.0,1.0,0.0,3.0,5.0,248.0,33.0,286.0,214.0,1030.0,969.0,1850.0,1676.0,0.0,0.0,126.0,153.0,27104.0
2025-06-23,189.0,167.0,124.0,129.0,76.0,32.0,663.0,659.0,1263.0,185.0,273.0,194.0,264.0,77.0,0.0,501.0,481.0,0.0,0.0,1056.0,331.0,644.0,642.0,541.0,529.0,260.0,285.0,41.0,33.0,500.0,550.0,23.0,14.0,444.0,1223.0,194.0,204.0,509.0,429.0,0.0,0.0,110.0,158.0,153.0,3.0,0.0,0.0,2.0,6.0,131.0,25.0,137.0,111.0,201.0,121.0,0.0,0.0,0.0,0.0,12.0,30.0,14929.0
2025-06-24,298.0,301.0,249.0,262.0,398.0,89.0,1254.0,1236.0,1469.0,224.0,428.0,380.0,319.0,124.0,0.0,1188.0,1015.0,0.0,0.0,1343.0,298.0,1149.0,1265.0,1193.0,1103.0,426.0,484.0,183.0,177.0,1075.0,1020.0,42.0,35.0,521.0,1244.0,516.0,490.0,1289.0,1261.0,0.0,0.0,210.0,289.0,413.0,4.0,0.0,0.0,9.0,18.0,284.0,46.0,288.0,262.0,585.0,421.0,1210.0,1294.0,0.0,0.0,59.0,97.0,29837.0
2025-06-25,291.0,320.0,244.0,219.0,152.0,46.0,1158.0,1037.0,1492.0,232.0,430.0,254.0,442.0,119.0,0.0,1129.0,991.0,359.0,635.0,1412.0,332.0,1276.0,1342.0,1142.0,1053.0,372.0,386.0,57.0,81.0,1027.0,1042.0,31.0,31.0,631.0,2017.0,551.0,496.0,1110.0,1115.0,0.0,0.0,222.0,303.0,402.0,2.0,0.0,0.0,6.0,12.0,274.0,47.0,286.0,251.0,463.0,349.0,1845.0,1774.0,0.0,0.0,68.0,88.0,31446.0
2025-06-26,263.0,262.0,148.0,229.0,10.0,2.0,989.0,792.0,1387.0,223.0,356.0,247.0,340.0,108.0,0.0,789.0,707.0,466.0,604.0,1359.0,324.0,1088.0,1176.0,937.0,874.0,283.0,308.0,72.0,84.0,767.0,745.0,32.0,8.0,723.0,5229.0,416.0,378.0,868.0,842.0,0.0,0.0,191.0,237.0,285.0,3.0,2.0,0.0,4.0,11.0,239.0,40.0,407.0,385.0,309.0,227.0,600.0,403.0,0.0,0.0,63.0,87.0,27928.0
2025-06-27,208.0,193.0,180.0,171.0,49.0,19.0,872.0,871.0,1298.0,187.0,314.0,202.0,301.0,112.0,0.0,764.0,670.0,411.0,578.0,1120.0,311.0,879.0,981.0,765.0,752.0,238.0,284.0,45.0,50.0,729.0,724.0,28.0,6.0,504.0,1749.0,343.0,293.0,804.0,751.0,0.0,0.0,148.0,214.0,227.0,5.0,0.0,0.0,4.0,6.0,189.0,31.0,182.0,167.0,279.0,200.0,0.0,0.0,0.0,0.0,44.0,55.0,20507.0
2025-06-28,182.0,233.0,219.0,160.0,81.0,11.0,681.0,522.0,460.0,125.0,269.0,231.0,218.0,83.0,0.0,1172.0,956.0,238.0,372.0,1093.0,385.0,1032.0,1079.0,1017.0,953.0,222.0,273.0,21.0,33.0,1035.0,1026.0,35.0,1.0,397.0,893.0,367.0,378.0,1552.0,1449.0,0.0,0.0,183.0,272.0,221.0,3.0,1.0,0.0,3.0,12.0,223.0,34.0,270.0,239.0,728.0,570.0,0.0,0.0,0.0,0.0,117.0,130.0,22460.0
2025-06-29,160.0,198.0,190.0,158.0,29.0,21.0,473.0,359.0,551.0,142.0,258.0,172.0,137.0,62.0,0.0,1002.0,871.0,9.0,13.0,969.0,404.0,972.0,994.0,997.0,843.0,162.0,209.0,61.0,73.0,915.0,869.0,199.0,0.0,277.0,281.0,380.0,340.0,1351.0,1274.0,0.0,0.0,194.0,265.0,185.0,6.0,0.0,0.0,6.0,8.0,207.0,41.0,226.0,207.0,720.0,604.0,0.0,0.0,0.0,0.0,109.0,155.0,19308.0
2025-06-30,285.0,308.0,196.0,236.0,135.0,74.0,700.0,705.0,1315.0,174.0,371.0,242.0,216.0,74.0,0.0,1036.0,925.0,11.0,19.0,1201.0,422.0,1254.0,1329.0,1128.0,1082.0,331.0,307.0,64.0,58.0,834.0,769.0,25.0,3.0,470.0,294.0,425.0,437.0,1111.0,1075.0,0.0,0.0,172.0,256.0,241.0,10.0,0.0,0.0,8.0,13.0,249.0,42.0,284.0,216.0,533.0,365.0,1168.0,1308.0,0.0,0.0,52.0,74.0,24632.0
2025-07-01,295.0,298.0,212.0,245.0,39.0,12.0,703.0,728.0,1222.0,190.0,435.0,351.0,275.0,74.0,0.0,1103.0,1021.0,21.0,31.0,1285.0,484.0,1360.0,1479.0,1215.0,1121.0,414.0,492.0,47.0,72.0,1024.0,947.0,827.0,6.0,561.0,346.0,542.0,530.0,1211.0,1126.0,0.0,0.0,147.0,181.0,297.0,1.0,0.0,0.0,10.0,16.0,325.0,54.0,310.0,251.0,526.0,385.0,1758.0,1697.0,0.0,0.0,63.0,59.0,28424.0
2025-07-02,228.0,233.0,201.0,218.0,35.0,9.0,334.0,429.0,1125.0,208.0,339.0,260.0,251.0,5.0,0.0,944.0,874.0,15.0,46.0,1364.0,479.0,1172.0,1230.0,1051.0,999.0,366.0,471.0,68.0,61.0,849.0,832.0,25.0,0.0,660.0,303.0,456.0,467.0,1055.0,958.0,0.0,0.0,8.0,13.0,314.0,0.0,0.0,0.0,11.0,12.0,241.0,44.0,231.0,187.0,433.0,298.0,1483.0,1368.0,0.0,0.0,72.0,82.0,23417.0
2025-07-03,240.0,243.0,204.0,199.0,90.0,38.0,84.0,83.0,519.0,253.0,340.0,255.0,214.0,1.0,0.0,845.0,750.0,8.0,34.0,1183.0,353.0,1027.0,1150.0,913.0,833.0,343.0,406.0,138.0,112.0,693.0,694.0,33.0,0.0,205.0,243.0,403.0,356.0,849.0,791.0,0.0,0.0,186.0,233.0,198.0,2.0,0.0,0.0,5.0,6.0,220.0,27.0,243.0,220.0,343.0,232.0,1303.0,1248.0,0.0,0.0,51.0,65.0,19707.0
2025-07-04,266.0,306.0,222.0,208.0,237.0,94.0,47.0,38.0,480.0,253.0,250.0,277.0,274.0,79.0,0.0,981.0,888.0,7.0,22.0,987.0,288.0,960.0,1208.0,814.0,905.0,383.0,367.0,55.0,38.0,860.0,797.0,26.0,0.0,168.0,203.0,346.0,380.0,1134.0,1108.0,0.0,0.0,62.0,84.0,163.0,3.0,0.0,0.0,4.0,8.0,242.0,48.0,146.0,111.0,484.0,317.0,1598.0,1596.0,0.0,0.0,68.0,87.0,20977.0
2025-07-05,0.0,0.0,0.0,0.0,0.0,0.0,0.0,0.0,0.0,0.0,0.0,0.0,0.0,0.0,0.0,0.0,0.0,0.0,0.0,0.0,0.0,0.0,0.0,874.0,952.0,0.0,0.0,0.0,0.0,0.0,0.0,0.0,0.0,0.0,0.0,0.0,0.0,0.0,0.0,0.0,0.0,0.0,0.0,0.0,0.0,0.0,0.0,0.0,0.0,0.0,0.0,0.0,0.0,0.0,0.0,0.0,0.0,0.0,0.0,0.0,0.0,1826.0
2025-07-06,0.0,0.0,0.0,0.0,0.0,0.0,0.0,0.0,0.0,0.0,0.0,0.0,0.0,0.0,0.0,0.0,0.0,0.0,0.0,0.0,0.0,0.0,0.0,841.0,885.0,0.0,0.0,0.0,0.0,0.0,0.0,0.0,0.0,0.0,0.0,0.0,0.0,0.0,0.0,0.0,0.0,0.0,0.0,0.0,0.0,0.0,0.0,0.0,0.0,0.0,0.0,0.0,0.0,0.0,0.0,0.0,0.0,0.0,0.0,0.0,0.0,1726.0
2025-07-07,0.0,0.0,0.0,0.0,0.0,0.0,0.0,0.0,0.0,0.0,0.0,0.0,0.0,0.0,0.0,0.0,0.0,0.0,0.0,0.0,0.0,0.0,0.0,632.0,677.0,0.0,0.0,0.0,0.0,0.0,0.0,0.0,0.0,0.0,0.0,0.0,0.0,0.0,0.0,0.0,0.0,0.0,0.0,0.0,0.0,0.0,0.0,0.0,0.0,0.0,0.0,0.0,0.0,0.0,0.0,0.0,0.0,0.0,0.0,0.0,0.0,1309.0
2025-07-08,130.0,134.0,79.0,107.0,196.0,51.0,74.0,65.0,1161.0,121.0,197.0,173.0,199.0,69.0,0.0,390.0,318.0,4.0,12.0,923.0,284.0,438.0,465.0,323.0,338.0,180.0,218.0,48.0,17.0,316.0,310.0,11.0,0.0,124.0,105.0,100.0,115.0,411.0,339.0,0.0,0.0,67.0,101.0,65.0,2.0,0.0,0.0,6.0,3.0,76.0,14.0,85.0,76.0,167.0,136.0,558.0,582.0,0.0,0.0,31.0,26.0,10540.0
2025-07-09,258.0,269.0,119.0,221.0,92.0,52.0,77.0,82.0,1197.0,200.0,351.0,572.0,310.0,114.0,0.0,807.0,685.0,11.0,19.0,1066.0,393.0,944.0,1023.0,792.0,746.0,45.0,73.0,94.0,152.0,729.0,704.0,412.0,0.0,157.0,200.0,326.0,342.0,785.0,781.0,0.0,0.0,147.0,208.0,178.0,11.0,0.0,0.0,8.0,12.0,206.0,33.0,221.0,182.0,359.0,225.0,1253.0,1245.0,0.0,0.0,50.0,85.0,19623.0
2025-07-10,240.0,236.0,178.0,221.0,36.0,20.0,91.0,70.0,995.0,160.0,358.0,349.0,257.0,116.0,0.0,830.0,730.0,8.0,27.0,1064.0,391.0,911.0,987.0,834.0,789.0,295.0,368.0,89.0,65.0,789.0,708.0,269.0,1.0,190.0,198.0,377.0,341.0,970.0,928.0,0.0,0.0,141.0,223.0,201.0,15.0,0.0,0.0,9.0,6.0,218.0,36.0,232.0,201.0,483.0,353.0,1403.0,1373.0,0.0,0.0,54.0,96.0,20530.0
2025-07-11,209.0,236.0,172.0,170.0,212.0,97.0,60.0,76.0,871.0,163.0,267.0,259.0,244.0,110.0,0.0,747.0,713.0,3.0,15.0,1063.0,400.0,917.0,978.0,816.0,702.0,287.0,309.0,49.0,31.0,787.0,729.0,398.0,3.0,153.0,210.0,352.0,284.0,1026.0,1036.0,0.0,0.0,136.0,192.0,183.0,17.0,0.0,0.0,4.0,3.0,178.0,32.0,219.0,192.0,621.0,459.0,1309.0,1292.0,0.0,0.0,62.0,83.0,20136.0
2025-07-12,73.0,98.0,48.0,56.0,71.0,17.0,132.0,114.0,858.0,74.0,80.0,140.0,102.0,51.0,0.0,267.0,209.0,8.0,11.0,725.0,340.0,295.0,262.0,221.0,214.0,100.0,134.0,22.0,14.0,153.0,154.0,487.0,0.0,61.0,57.0,73.0,83.0,234.0,254.0,0.0,0.0,41.0,45.0,27.0,4.0,0.0,0.0,3.0,7.0,31.0,10.0,51.0,48.0,183.0,155.0,476.0,461.0,0.0,0.0,24.0,14.0,7872.0
2025-07-13,151.0,203.0,12.0,199.0,125.0,71.0,651.0,640.0,584.0,105.0,253.0,257.0,213.0,95.0,0.0,1180.0,1023.0,9.0,25.0,917.0,377.0,983.0,941.0,910.0,861.0,182.0,228.0,17.0,21.0,1008.0,927.0,365.0,0.0,137.0,207.0,392.0,343.0,1682.0,1754.0,0.0,0.0,226.0,309.0,83.0,5.0,0.0,0.0,9.0,6.0,174.0,38.0,259.0,248.0,1246.0,1033.0,96.0,99.0,0.0,0.0,117.0,139.0,22135.0
2025-07-14,295.0,276.0,137.0,252.0,375.0,101.0,1061.0,1030.0,1199.0,196.0,361.0,396.0,308.0,119.0,0.0,1102.0,931.0,6.0,21.0,1239.0,442.0,1285.0,1276.0,1136.0,1013.0,354.0,400.0,85.0,142.0,997.0,907.0,187.0,4.0,209.0,276.0,447.0,435.0,1456.0,1412.0,0.0,0.0,161.0,230.0,161.0,6.0,0.0,0.0,11.0,10.0,245.0,34.0,309.0,246.0,961.0,700.0,968.0,1061.0,0.0,0.0,69.0,89.0,27129.0
2025-07-15,236.0,278.0,96.0,170.0,54.0,21.0,952.0,916.0,1247.0,211.0,346.0,355.0,263.0,94.0,0.0,810.0,727.0,9.0,20.0,1269.0,312.0,967.0,830.0,879.0,764.0,350.0,308.0,51.0,64.0,954.0,907.0,837.0,6.0,190.0,257.0,330.0,347.0,1098.0,1179.0,0.0,0.0,117.0,184.0,260.0,6.0,0.0,0.0,7.0,13.0,175.0,26.0,239.0,201.0,634.0,565.0,423.0,594.0,0.0,0.0,54.0,69.0,22271.0
2025-07-16,227.0,237.0,164.0,189.0,25.0,13.0,922.0,840.0,1209.0,202.0,338.0,323.0,309.0,111.0,0.0,882.0,719.0,5.0,16.0,1036.0,356.0,909.0,994.0,717.0,724.0,310.0,370.0,66.0,63.0,852.0,699.0,649.0,9.0,190.0,193.0,306.0,276.0,910.0,949.0,0.0,0.0,129.0,171.0,119.0,7.0,0.0,0.0,11.0,6.0,198.0,49.0,187.0,171.0,587.0,444.0,1101.0,1084.0,0.0,0.0,53.0,64.0,21690.0
2025-07-17,217.0,214.0,162.0,159.0,0.0,0.0,664.0,668.0,1169.0,142.0,252.0,241.0,188.0,65.0,0.0,696.0,613.0,5.0,8.0,1079.0,370.0,718.0,704.0,649.0,611.0,240.0,316.0,32.0,31.0,600.0,559.0,463.0,55.0,137.0,173.0,260.0,204.0,825.0,872.0,0.0,0.0,125.0,175.0,67.0,7.0,0.0,0.0,4.0,3.0,138.0,37.0,188.0,159.0,569.0,487.0,1031.0,940.0,0.0,0.0,43.0,53.0,18387.0
2025-07-18,193.0,200.0,128.0,132.0,26.0,27.0,696.0,641.0,1165.0,172.0,234.0,237.0,243.0,83.0,0.0,768.0,641.0,10.0,22.0,1091.0,357.0,711.0,746.0,675.0,584.0,226.0,342.0,23.0,20.0,738.0,721.0,39.0,7.0,144.0,170.0,198.0,206.0,1115.0,1168.0,0.0,0.0,125.0,157.0,55.0,0.0,0.0,0.0,7.0,8.0,141.0,31.0,158.0,163.0,776.0,547.0,1121.0,1108.0,0.0,0.0,68.0,68.0,19432.0
2025-07-19,213.0,280.0,96.0,186.0,119.0,39.0,708.0,813.0,934.0,151.0,295.0,240.0,178.0,51.0,0.0,1363.0,1134.0,8.0,18.0,1166.0,420.0,928.0,1005.0,999.0,976.0,237.0,254.0,54.0,58.0,1123.0,1052.0,390.0,48.0,138.0,192.0,434.0,422.0,2279.0,2114.0,0.0,0.0,172.0,221.0,62.0,11.0,0.0,0.0,6.0,8.0,253.0,35.0,260.0,239.0,1696.0,1293.0,2082.0,2002.0,0.0,0.0,140.0,172.0,29767.0
2025-07-20,198.0,237.0,149.0,185.0,6.0,21.0,675.0,689.0,790.0,141.0,307.0,270.0,255.0,85.0,0.0,1209.0,1053.0,5.0,21.0,1147.0,473.0,944.0,1062.0,994.0,943.0,262.0,272.0,34.0,39.0,1091.0,947.0,317.0,74.0,118.0,207.0,391.0,371.0,1840.0,2026.0,0.0,0.0,177.0,260.0,70.0,16.0,0.0,0.0,7.0,7.0,206.0,37.0,256.0,220.0,1370.0,1201.0,2035.0,1793.0,0.0,0.0,127.0,161.0,27791.0
2025-07-21,181.0,179.0,77.0,115.0,48.0,18.0,685.0,675.0,1086.0,178.0,243.0,219.0,217.0,79.0,0.0,489.0,459.0,5.0,14.0,1039.0,359.0,693.0,650.0,619.0,534.0,240.0,268.0,72.0,61.0,477.0,483.0,474.0,64.0,139.0,145.0,233.0,237.0,520.0,548.0,0.0,0.0,80.0,121.0,75.0,6.0,0.0,0.0,6.0,7.0,122.0,17.0,137.0,109.0,346.0,283.0,784.0,733.0,0.0,0.0,12.0,16.0,15676.0
2025-07-22,261.0,292.0,193.0,260.0,21.0,24.0,1088.0,1177.0,1135.0,184.0,396.0,336.0,312.0,141.0,0.0,1121.0,961.0,10.0,28.0,1108.0,400.0,1142.0,1251.0,1032.0,1007.0,338.0,475.0,76.0,78.0,1018.0,1013.0,497.0,101.0,210.0,260.0,466.0,489.0,1484.0,1462.0,0.0,0.0,171.0,233.0,129.0,4.0,0.0,0.0,18.0,11.0,217.0,39.0,260.0,237.0,999.0,744.0,1691.0,1591.0,0.0,0.0,77.0,103.0,28371.0
2025-07-23,328.0,325.0,244.0,312.0,134.0,54.0,1202.0,1278.0,1215.0,209.0,387.0,402.0,371.0,133.0,0.0,1247.0,1064.0,11.0,33.0,1227.0,376.0,1283.0,1288.0,1195.0,1146.0,407.0,471.0,45.0,68.0,1150.0,1109.0,468.0,110.0,223.0,302.0,556.0,522.0,1649.0,1702.0,0.0,0.0,210.0,270.0,180.0,9.0,0.0,0.0,19.0,19.0,252.0,49.0,332.0,289.0,1152.0,881.0,2038.0,1886.0,0.0,0.0,72.0,127.0,32031.0
2025-07-24,249.0,260.0,0.0,0.0,222.0,82.0,892.0,921.0,1069.0,187.0,322.0,295.0,326.0,113.0,0.0,852.0,784.0,5.0,8.0,1054.0,397.0,946.0,1021.0,882.0,770.0,293.0,362.0,88.0,87.0,830.0,691.0,36.0,39.0,195.0,229.0,381.0,356.0,1023.0,1078.0,0.0,0.0,150.0,228.0,126.0,5.0,0.0,0.0,8.0,9.0,220.0,21.0,205.0,199.0,695.0,581.0,1332.0,1230.0,0.0,0.0,57.0,59.0,22470.0
2025-07-25,191.0,215.0,86.0,164.0,69.0,42.0,800.0,790.0,1114.0,206.0,295.0,299.0,219.0,128.0,0.0,868.0,791.0,17.0,33.0,1210.0,262.0,802.0,916.0,705.0,731.0,264.0,431.0,59.0,65.0,829.0,845.0,626.0,82.0,159.0,236.0,335.0,352.0,1267.0,1297.0,0.0,0.0,131.0,181.0,73.0,4.0,0.0,0.0,14.0,8.0,173.0,22.0,208.0,193.0,854.0,652.0,1466.0,1511.0,0.0,0.0,64.0,68.0,23422.0
2025-07-26,139.0,184.0,136.0,136.0,298.0,116.0,496.0,526.0,709.0,136.0,203.0,181.0,159.0,84.0,0.0,980.0,899.0,14.0,10.0,1002.0,380.0,716.0,866.0,686.0,731.0,200.0,253.0,38.0,42.0,768.0,837.0,372.0,63.0,112.0,195.0,299.0,283.0,1547.0,1465.0,0.0,0.0,131.0,175.0,46.0,5.0,0.0,0.0,5.0,2.0,157.0,19.0,156.0,163.0,1124.0,823.0,1597.0,1541.0,0.0,0.0,87.0,121.0,22413.0
2025-07-27,188.0,236.0,155.0,162.0,94.0,48.0,45.0,38.0,367.0,143.0,308.0,256.0,241.0,132.0,0.0,1368.0,1272.0,15.0,29.0,973.0,410.0,952.0,1008.0,889.0,831.0,247.0,302.0,34.0,36.0,1194.0,1157.0,350.0,80.0,132.0,227.0,333.0,349.0,2075.0,2092.0,0.0,0.0,170.0,275.0,28.0,3.0,0.0,0.0,3.0,9.0,210.0,40.0,191.0,187.0,1497.0,1162.0,1456.0,1534.0,0.0,0.0,117.0,169.0,25819.0
2025-07-28,194.0,183.0,81.0,149.0,56.0,35.0,85.0,56.0,1123.0,178.0,242.0,241.0,240.0,78.0,0.0,672.0,585.0,6.0,14.0,973.0,313.0,631.0,595.0,535.0,502.0,259.0,310.0,79.0,57.0,510.0,481.0,562.0,62.0,164.0,132.0,166.0,163.0,658.0,652.0,0.0,0.0,104.0,162.0,62.0,2.0,0.0,0.0,9.0,5.0,145.0,21.0,121.0,120.0,460.0,299.0,0.0,0.0,0.0,0.0,21.0,31.0,13584.0
2025-07-29,289.0,281.0,77.0,240.0,43.0,34.0,105.0,55.0,1161.0,226.0,501.0,344.0,281.0,144.0,0.0,1181.0,1050.0,13.0,25.0,1124.0,351.0,1103.0,1092.0,984.0,932.0,27.0,30.0,68.0,62.0,1052.0,993.0,606.0,91.0,197.0,298.0,389.0,386.0,1509.0,1603.0,0.0,0.0,175.0,217.0,90.0,10.0,0.0,0.0,16.0,13.0,243.0,42.0,221.0,208.0,1021.0,715.0,1321.0,1344.0,289.0,206.0,77.0,99.0,25254.0
2025-07-30,189.0,221.0,24.0,182.0,146.0,86.0,140.0,96.0,1224.0,173.0,309.0,318.0,281.0,130.0,0.0,693.0,568.0,10.0,21.0,1030.0,310.0,781.0,808.0,720.0,694.0,265.0,334.0,38.0,45.0,671.0,636.0,637.0,83.0,176.0,190.0,283.0,254.0,791.0,791.0,0.0,0.0,122.0,161.0,115.0,3.0,0.0,0.0,10.0,17.0,168.0,31.0,173.0,168.0,480.0,399.0,1172.0,1031.0,288.0,120.0,52.0,59.0,18917.0
2025-07-31,207.0,238.0,27.0,201.0,55.0,52.0,127.0,130.0,978.0,175.0,333.0,310.0,299.0,140.0,0.0,997.0,855.0,12.0,23.0,1105.0,376.0,939.0,1029.0,848.0,779.0,258.0,322.0,100.0,70.0,826.0,751.0,638.0,86.0,167.0,231.0,397.0,357.0,1131.0,1241.0,0.0,0.0,147.0,189.0,78.0,5.0,0.0,0.0,14.0,20.0,225.0,38.0,206.0,202.0,799.0,618.0,1446.0,1336.0,347.0,187.0,58.0,88.0,22813.0
2025-08-01,140.0,151.0,24.0,138.0,140.0,75.0,127.0,113.0,1035.0,140.0,181.0,169.0,178.0,82.0,0.0,457.0,384.0,3.0,14.0,1027.0,344.0,513.0,529.0,434.0,394.0,234.0,258.0,40.0,32.0,388.0,357.0,590.0,71.0,111.0,127.0,138.0,133.0,501.0,506.0,0.0,0.0,81.0,117.0,33.0,3.0,0.0,0.0,8.0,6.0,90.0,12.0,103.0,108.0,278.0,262.0,782.0,689.0,150.0,72.0,31.0,35.0,13138.0
2025-08-02,123.0,161.0,17.0,138.0,69.0,41.0,128.0,113.0,319.0,142.0,198.0,226.0,175.0,88.0,0.0,837.0,744.0,4.0,4.0,921.0,363.0,591.0,651.0,559.0,528.0,197.0,215.0,40.0,41.0,598.0,642.0,414.0,68.0,91.0,154.0,250.0,221.0,1277.0,1209.0,0.0,0.0,127.0,153.0,31.0,3.0,0.0,0.0,1.0,1.0,126.0,20.0,183.0,178.0,849.0,679.0,1181.0,1125.0,449.0,187.0,70.0,90.0,18010.0
2025-08-03,129.0,128.0,11.0,111.0,220.0,68.0,146.0,158.0,748.0,126.0,177.0,161.0,175.0,71.0,0.0,766.0,673.0,10.0,13.0,859.0,292.0,506.0,492.0,463.0,482.0,134.0,186.0,12.0,39.0,584.0,552.0,371.0,55.0,83.0,114.0,146.0,156.0,1034.0,1136.0,0.0,0.0,106.0,159.0,22.0,4.0,0.0,0.0,10.0,2.0,125.0,22.0,138.0,158.0,758.0,741.0,896.0,853.0,244.0,123.0,39.0,36.0,16023.0
2025-08-04,227.0,238.0,25.0,198.0,62.0,40.0,126.0,134.0,619.0,249.0,327.0,297.0,249.0,136.0,0.0,883.0,695.0,14.0,27.0,934.0,402.0,866.0,1014.0,736.0,770.0,25.0,24.0,41.0,49.0,743.0,665.0,579.0,90.0,163.0,274.0,296.0,303.0,977.0,1009.0,0.0,0.0,131.0,205.0,56.0,1.0,0.0,0.0,13.0,13.0,146.0,35.0,177.0,147.0,634.0,543.0,1000.0,955.0,248.0,117.0,45.0,83.0,19055.0
2025-08-05,204.0,231.0,29.0,179.0,47.0,39.0,95.0,83.0,478.0,242.0,295.0,307.0,281.0,114.0,0.0,703.0,651.0,11.0,18.0,1049.0,291.0,870.0,899.0,775.0,744.0,20.0,25.0,81.0,78.0,149.0,127.0,740.0,75.0,208.0,251.0,327.0,336.0,852.0,903.0,0.0,0.0,111.0,165.0,85.0,8.0,0.0,0.0,4.0,14.0,145.0,30.0,149.0,128.0,556.0,428.0,1043.0,935.0,272.0,164.0,52.0,60.0,17156.0
2025-08-06,290.0,302.0,20.0,266.0,50.0,22.0,70.0,104.0,516.0,306.0,429.0,403.0,383.0,143.0,0.0,1322.0,1161.0,10.0,36.0,1120.0,297.0,1326.0,1467.0,1169.0,1120.0,370.0,467.0,56.0,89.0,1214.0,1104.0,585.0,93.0,230.0,372.0,536.0,494.0,1770.0,1777.0,0.0,0.0,187.0,275.0,139.0,2.0,0.0,0.0,26.0,19.0,256.0,52.0,266.0,249.0,1293.0,932.0,1484.0,1542.0,551.0,270.0,89.0,129.0,29250.0
2025-08-07,263.0,307.0,23.0,261.0,0.0,0.0,77.0,89.0,482.0,248.0,387.0,384.0,307.0,136.0,0.0,1237.0,1103.0,3.0,3.0,1077.0,281.0,1268.0,1407.0,1116.0,1085.0,395.0,443.0,71.0,102.0,1080.0,1064.0,589.0,126.0,234.0,297.0,507.0,523.0,1679.0,1581.0,0.0,0.0,0.0,0.0,107.0,8.0,0.0,0.0,18.0,23.0,231.0,32.0,251.0,209.0,1220.0,950.0,1966.0,1785.0,526.0,236.0,85.0,113.0,27995.0
2025-08-08,245.0,271.0,20.0,194.0,0.0,0.0,83.0,88.0,463.0,254.0,270.0,268.0,243.0,128.0,0.0,867.0,818.0,0.0,0.0,1110.0,342.0,916.0,1094.0,811.0,857.0,306.0,359.0,65.0,79.0,858.0,850.0,529.0,88.0,183.0,210.0,400.0,375.0,1095.0,1109.0,0.0,0.0,0.0,0.0,65.0,7.0,0.0,0.0,13.0,14.0,195.0,31.0,188.0,175.0,906.0,728.0,1456.0,1423.0,444.0,208.0,69.0,77.0,21847.0
2025-08-09,180.0,208.0,17.0,155.0,38.0,30.0,84.0,60.0,258.0,176.0,248.0,226.0,249.0,122.0,0.0,1106.0,995.0,0.0,0.0,946.0,383.0,888.0,1012.0,907.0,922.0,256.0,340.0,25.0,36.0,1008.0,1020.0,359.0,66.0,117.0,179.0,397.0,342.0,1485.0,1344.0,0.0,0.0,5.0,8.0,35.0,14.0,0.0,0.0,9.0,13.0,172.0,23.0,186.0,166.0,1309.0,1024.0,1831.0,1724.0,655.0,332.0,107.0,109.0,23906.0
2025-08-10,224.0,244.0,12.0,191.0,268.0,124.0,71.0,48.0,328.0,174.0,282.0,203.0,200.0,120.0,0.0,1221.0,1178.0,0.0,0.0,838.0,417.0,986.0,1113.0,983.0,926.0,202.0,272.0,56.0,58.0,1109.0,995.0,358.0,68.0,146.0,221.0,432.0,367.0,1825.0,1816.0,0.0,0.0,149.0,247.0,46.0,39.0,0.0,0.0,12.0,18.0,200.0,24.0,205.0,179.0,1443.0,972.0,2116.0,1823.0,751.0,314.0,96.0,161.0,26871.0
2025-08-11,261.0,287.0,23.0,246.0,72.0,27.0,72.0,53.0,1272.0,205.0,394.0,343.0,298.0,137.0,0.0,1184.0,1006.0,0.0,0.0,1116.0,325.0,1143.0,1272.0,1042.0,993.0,336.0,380.0,64.0,70.0,1022.0,1008.0,571.0,126.0,191.0,281.0,435.0,421.0,1431.0,1394.0,0.0,0.0,164.0,247.0,142.0,48.0,0.0,0.0,23.0,16.0,247.0,46.0,260.0,237.0,1031.0,782.0,1807.0,1641.0,458.0,215.0,72.0,112.0,27049.0
2025-08-12,277.0,295.0,40.0,229.0,4.0,21.0,112.0,96.0,1349.0,239.0,457.0,405.0,336.0,121.0,0.0,1219.0,1177.0,369.0,717.0,1194.0,383.0,1222.0,1423.0,1202.0,1165.0,39.0,47.0,77.0,87.0,1133.0,1109.0,614.0,113.0,245.0,363.0,636.0,562.0,1666.0,1704.0,0.0,0.0,191.0,252.0,192.0,69.0,0.0,0.0,25.0,28.0,260.0,43.0,334.0,302.0,1239.0,862.0,2005.0,1782.0,509.0,246.0,68.0,129.0,30983.0
2025-08-13,264.0,271.0,29.0,263.0,130.0,45.0,638.0,609.0,1236.0,232.0,421.0,403.0,300.0,113.0,0.0,1105.0,1012.0,241.0,162.0,1280.0,382.0,1246.0,1284.0,1153.0,1032.0,30.0,54.0,83.0,80.0,1048.0,1063.0,646.0,116.0,268.0,291.0,471.0,469.0,1443.0,1599.0,0.0,0.0,174.0,239.0,350.0,115.0,0.0,1.0,24.0,26.0,251.0,38.0,281.0,253.0,971.0,812.0,1788.0,1627.0,420.0,245.0,72.0,92.0,29291.0
2025-08-14,254.0,275.0,28.0,187.0,132.0,59.0,485.0,528.0,1345.0,206.0,350.0,329.0,286.0,121.0,0.0,1002.0,891.0,38.0,57.0,1332.0,352.0,1021.0,1144.0,937.0,884.0,301.0,280.0,116.0,87.0,899.0,902.0,507.0,87.0,216.0,280.0,359.0,364.0,1207.0,1223.0,0.0,0.0,137.0,199.0,127.0,25.0,1.0,0.0,25.0,28.0,227.0,28.0,235.0,240.0,868.0,605.0,1486.0,1384.0,384.0,257.0,49.0,83.0,25459.0
2025-08-15,196.0,186.0,36.0,187.0,26.0,5.0,386.0,441.0,1768.0,169.0,246.0,242.0,279.0,95.0,0.0,677.0,619.0,15.0,33.0,1304.0,351.0,703.0,855.0,668.0,653.0,46.0,70.0,89.0,70.0,686.0,627.0,578.0,85.0,159.0,193.0,311.0,274.0,940.0,976.0,0.0,0.0,106.0,150.0,14.0,2.0,0.0,0.0,12.0,12.0,149.0,23.0,196.0,177.0,639.0,510.0,1105.0,1141.0,304.0,203.0,43.0,60.0,20090.0
2025-08-16,170.0,165.0,17.0,127.0,318.0,100.0,533.0,537.0,1230.0,142.0,216.0,201.0,178.0,102.0,0.0,793.0,657.0,17.0,24.0,230.0,463.0,585.0,691.0,516.0,542.0,199.0,220.0,26.0,30.0,652.0,596.0,376.0,60.0,106.0,94.0,189.0,202.0,1039.0,1068.0,0.0,0.0,106.0,121.0,35.0,7.0,0.0,0.0,6.0,0.0,95.0,19.0,152.0,169.0,701.0,600.0,1146.0,1111.0,362.0,272.0,57.0,73.0,18443.0
2025-08-17,202.0,215.0,10.0,197.0,257.0,102.0,653.0,520.0,1292.0,164.0,331.0,307.0,171.0,106.0,0.0,1428.0,1250.0,19.0,25.0,267.0,368.0,1035.0,1067.0,1022.0,994.0,224.0,350.0,50.0,68.0,1260.0,1128.0,360.0,85.0,162.0,224.0,441.0,431.0,2175.0,2269.0,0.0,0.0,204.0,317.0,26.0,1.0,0.0,0.0,9.0,15.0,248.0,34.0,284.0,261.0,1667.0,1209.0,2404.0,2191.0,852.0,455.0,149.0,183.0,31738.0
2025-08-18,241.0,300.0,37.0,245.0,109.0,23.0,702.0,691.0,2051.0,256.0,409.0,338.0,291.0,148.0,0.0,1171.0,1022.0,15.0,32.0,998.0,440.0,1454.0,1226.0,1004.0,940.0,314.0,398.0,72.0,73.0,1016.0,910.0,500.0,98.0,180.0,251.0,446.0,445.0,1430.0,1394.0,0.0,0.0,166.0,224.0,35.0,8.0,14.0,16.0,10.0,14.0,245.0,46.0,237.0,222.0,1016.0,732.0,1642.0,1509.0,423.0,243.0,0.0,0.0,28472.0
2025-08-19,282.0,312.0,32.0,249.0,114.0,51.0,638.0,740.0,1374.0,232.0,468.0,359.0,340.0,96.0,0.0,1260.0,1254.0,18.0,74.0,1219.0,373.0,1777.0,1472.0,1159.0,1090.0,443.0,454.0,59.0,66.0,1083.0,1135.0,550.0,29.0,254.0,315.0,604.0,573.0,1802.0,1769.0,0.0,0.0,213.0,290.0,48.0,0.0,27.0,31.0,26.0,27.0,287.0,41.0,305.0,279.0,1247.0,968.0,1968.0,1800.0,499.0,336.0,0.0,0.0,32511.0
2025-08-20,266.0,294.0,28.0,257.0,31.0,26.0,627.0,667.0,1214.0,223.0,496.0,393.0,335.0,128.0,0.0,1275.0,1121.0,28.0,76.0,1231.0,407.0,1764.0,1475.0,1105.0,1016.0,372.0,411.0,110.0,96.0,1125.0,1025.0,547.0,67.0,243.0,303.0,580.0,518.0,1658.0,1656.0,0.0,0.0,173.0,244.0,44.0,5.0,1.0,3.0,26.0,34.0,259.0,35.0,331.0,269.0,1194.0,922.0,1976.0,1849.0,547.0,315.0,0.0,0.0,31421.0
2025-08-21,247.0,278.0,23.0,235.0,213.0,95.0,983.0,926.0,1218.0,223.0,404.0,338.0,252.0,131.0,0.0,1010.0,951.0,17.0,18.0,1165.0,360.0,1419.0,1152.0,896.0,799.0,345.0,358.0,62.0,52.0,879.0,872.0,504.0,79.0,203.0,264.0,382.0,373.0,1284.0,1284.0,0.0,0.0,143.0,174.0,42.0,1.0,13.0,24.0,21.0,13.0,210.0,36.0,260.0,227.0,859.0,630.0,1439.0,1364.0,394.0,209.0,52.0,71.0,26476.0
2025-08-22,215.0,201.0,25.0,176.0,74.0,44.0,781.0,795.0,909.0,203.0,302.0,273.0,245.0,148.0,0.0,845.0,729.0,0.0,0.0,1081.0,397.0,1135.0,934.0,733.0,724.0,273.0,311.0,69.0,73.0,784.0,772.0,568.0,72.0,165.0,199.0,265.0,274.0,1112.0,1169.0,0.0,0.0,147.0,192.0,47.0,2.0,7.0,17.0,15.0,12.0,169.0,45.0,201.0,206.0,804.0,577.0,1323.0,1296.0,354.0,227.0,62.0,89.0,22867.0
2025-08-23,119.0,141.0,23.0,119.0,139.0,62.0,464.0,440.0,782.0,111.0,159.0,155.0,100.0,93.0,0.0,703.0,558.0,0.0,0.0,790.0,361.0,1081.0,657.0,631.0,558.0,180.0,221.0,22.0,20.0,598.0,528.0,340.0,64.0,79.0,117.0,216.0,210.0,959.0,932.0,0.0,0.0,85.0,127.0,18.0,5.0,8.0,12.0,4.0,3.0,119.0,23.0,130.0,122.0,687.0,544.0,1097.0,1021.0,385.0,234.0,60.0,85.0,17501.0
2025-08-24,222.0,233.0,15.0,204.0,223.0,100.0,664.0,680.0,741.0,155.0,265.0,193.0,186.0,111.0,0.0,1211.0,1098.0,0.0,0.0,841.0,332.0,1230.0,984.0,896.0,797.0,69.0,90.0,54.0,62.0,1071.0,996.0,362.0,75.0,135.0,180.0,432.0,392.0,1868.0,1948.0,0.0,0.0,182.0,265.0,45.0,5.0,5.0,12.0,8.0,14.0,223.0,39.0,245.0,207.0,1380.0,1211.0,425.0,644.0,702.0,301.0,119.0,167.0,25314.0
2025-08-25,281.0,269.0,30.0,207.0,257.0,81.0,646.0,638.0,1190.0,213.0,394.0,322.0,315.0,134.0,0.0,1065.0,961.0,0.0,0.0,1140.0,409.0,1556.0,1247.0,1008.0,925.0,363.0,374.0,62.0,76.0,945.0,922.0,582.0,108.0,197.0,238.0,412.0,401.0,1393.0,1424.0,0.0,0.0,178.0,255.0,101.0,15.0,29.0,38.0,16.0,19.0,246.0,32.0,273.0,210.0,977.0,732.0,1010.0,1008.0,405.0,166.0,72.0,94.0,26661.0
2025-08-26,282.0,311.0,30.0,209.0,119.0,51.0,698.0,667.0,1202.0,196.0,466.0,422.0,294.0,30.0,0.0,1252.0,1105.0,27.0,41.0,1249.0,315.0,1820.0,1470.0,1176.0,1108.0,433.0,464.0,71.0,89.0,1243.0,1165.0,585.0,126.0,234.0,338.0,595.0,583.0,1784.0,1729.0,0.0,0.0,212.0,271.0,164.0,18.0,13.0,23.0,28.0,32.0,292.0,51.0,327.0,279.0,1255.0,943.0,2089.0,1888.0,535.0,193.0,98.0,117.0,32807.0
2025-08-27,257.0,266.0,23.0,227.0,246.0,71.0,798.0,848.0,1218.0,224.0,398.0,357.0,268.0,31.0,0.0,1067.0,1013.0,576.0,804.0,1183.0,354.0,1641.0,1316.0,1077.0,997.0,76.0,96.0,71.0,71.0,996.0,1018.0,557.0,114.0,226.0,263.0,465.0,421.0,1518.0,1518.0,0.0,0.0,184.0,247.0,143.0,24.0,42.0,26.0,28.0,28.0,231.0,43.0,295.0,243.0,1003.0,770.0,1896.0,1656.0,398.0,247.0,63.0,129.0,30366.0
2025-08-28,238.0,249.0,36.0,133.0,360.0,75.0,598.0,691.0,1224.0,187.0,371.0,268.0,240.0,1.0,0.0,952.0,850.0,490.0,643.0,1246.0,387.0,1380.0,1132.0,882.0,822.0,371.0,389.0,116.0,110.0,821.0,791.0,560.0,99.0,187.0,244.0,432.0,435.0,1197.0,1192.0,0.0,0.0,147.0,197.0,121.0,16.0,34.0,31.0,11.0,10.0,197.0,36.0,207.0,192.0,814.0,608.0,1423.0,1342.0,366.0,196.0,69.0,83.0,26499.0
2025-08-29,145.0,155.0,23.0,95.0,125.0,41.0,419.0,478.0,1136.0,95.0,174.0,230.0,184.0,4.0,0.0,551.0,521.0,285.0,361.0,1152.0,313.0,734.0,548.0,382.0,396.0,136.0,206.0,19.0,31.0,534.0,543.0,539.0,75.0,128.0,114.0,142.0,155.0,750.0,802.0,0.0,0.0,78.0,112.0,14.0,5.0,49.0,24.0,8.0,7.0,96.0,10.0,99.0,104.0,531.0,439.0,833.0,834.0,165.0,107.0,33.0,55.0,16324.0
2025-08-30,126.0,175.0,15.0,160.0,71.0,35.0,616.0,732.0,834.0,136.0,265.0,236.0,238.0,80.0,0.0,1079.0,899.0,499.0,655.0,1000.0,398.0,1163.0,831.0,789.0,778.0,204.0,260.0,43.0,58.0,986.0,880.0,378.0,78.0,123.0,182.0,318.0,285.0,1660.0,1636.0,0.0,0.0,172.0,239.0,149.0,87.0,15.0,10.0,7.0,7.0,201.0,36.0,206.0,196.0,1200.0,1000.0,1721.0,1604.0,639.0,277.0,77.0,169.0,26913.0
2025-08-31,239.0,259.0,11.0,212.0,288.0,73.0,587.0,811.0,789.0,145.0,387.0,208.0,219.0,112.0,0.0,1602.0,1374.0,751.0,966.0,974.0,418.0,1557.0,1315.0,1185.0,1147.0,246.0,276.0,59.0,56.0,1379.0,1375.0,316.0,110.0,146.0,217.0,555.0,519.0,2727.0,2582.0,0.0,0.0,236.0,372.0,42.0,32.0,14.0,20.0,9.0,8.0,282.0,47.0,365.0,306.0,2074.0,1663.0,2242.0,2180.0,986.0,380.0,140.0,236.0,37826.0
2025-09-01,268.0,276.0,24.0,268.0,376.0,98.0,1090.0,1179.0,1237.0,251.0,430.0,374.0,319.0,144.0,0.0,1136.0,995.0,681.0,888.0,1332.0,406.0,1683.0,1300.0,1066.0,988.0,358.0,410.0,78.0,84.0,1044.0,1024.0,577.0,134.0,233.0,267.0,481.0,457.0,1589.0,1484.0,0.0,0.0,201.0,277.0,339.0,276.0,43.0,45.0,391.0,409.0,257.0,49.0,319.0,278.0,1104.0,791.0,1259.0,1313.0,485.0,174.0,87.0,104.0,33230.0
2025-09-02,152.0,163.0,33.0,116.0,262.0,61.0,614.0,576.0,1177.0,120.0,306.0,213.0,176.0,108.0,0.0,488.0,423.0,242.0,316.0,1034.0,228.0,792.0,524.0,345.0,367.0,212.0,234.0,0.0,0.0,440.0,426.0,823.0,111.0,201.0,119.0,104.0,121.0,539.0,506.0,0.0,0.0,70.0,93.0,126.0,117.0,23.0,17.0,144.0,122.0,101.0,15.0,101.0,91.0,349.0,264.0,567.0,562.0,99.0,50.0,22.0,16.0,15621.0
2025-09-03,332.0,334.0,23.0,278.0,321.0,90.0,341.0,456.0,1260.0,258.0,523.0,425.0,388.0,163.0,0.0,1246.0,1111.0,656.0,825.0,1249.0,305.0,1768.0,1430.0,1107.0,1079.0,434.0,474.0,0.0,0.0,1177.0,1146.0,710.0,138.0,323.0,352.0,549.0,550.0,1673.0,1674.0,0.0,0.0,6.0,4.0,468.0,432.0,62.0,53.0,644.0,578.0,270.0,58.0,317.0,265.0,1142.0,829.0,1899.0,1712.0,554.0,242.0,88.0,142.0,34933.0
2025-09-04,277.0,338.0,30.0,207.0,330.0,98.0,143.0,119.0,1290.0,234.0,507.0,363.0,389.0,122.0,0.0,1299.0,1154.0,683.0,850.0,1375.0,351.0,1790.0,1361.0,1092.0,1006.0,430.0,455.0,2.0,0.0,1108.0,1055.0,727.0,186.0,313.0,343.0,539.0,529.0,1439.0,1342.0,0.0,0.0,220.0,286.0,525.0,394.0,54.0,44.0,638.0,574.0,290.0,42.0,333.0,256.0,1115.0,850.0,1804.0,1737.0,524.0,264.0,77.0,101.0,34004.0
2025-09-05,216.0,202.0,43.0,105.0,280.0,64.0,98.0,64.0,1111.0,145.0,281.0,224.0,238.0,113.0,0.0,492.0,412.0,284.0,366.0,1173.0,321.0,913.0,712.0,475.0,493.0,212.0,238.0,118.0,126.0,505.0,477.0,596.0,128.0,176.0,189.0,180.0,181.0,546.0,579.0,0.0,0.0,104.0,151.0,198.0,165.0,15.0,33.0,212.0,169.0,104.0,22.0,152.0,155.0,350.0,271.0,631.0,631.0,152.0,92.0,30.0,33.0,16746.0
2025-09-06,142.0,170.0,20.0,143.0,285.0,74.0,67.0,60.0,753.0,98.0,259.0,230.0,271.0,70.0,0.0,1059.0,878.0,483.0,588.0,931.0,280.0,1010.0,784.0,701.0,708.0,45.0,35.0,61.0,81.0,956.0,904.0,342.0,109.0,121.0,145.0,379.0,319.0,1676.0,1588.0,0.0,0.0,155.0,219.0,234.0,147.0,11.0,16.0,411.0,315.0,153.0,22.0,193.0,189.0,1099.0,901.0,1578.0,1542.0,577.0,285.0,99.0,136.0,25107.0
2025-09-07,180.0,221.0,17.0,176.0,312.0,78.0,93.0,79.0,833.0,165.0,389.0,300.0,224.0,109.0,0.0,1478.0,1299.0,742.0,913.0,927.0,331.0,1437.0,1096.0,1072.0,961.0,221.0,305.0,77.0,96.0,1368.0,1274.0,298.0,119.0,172.0,215.0,525.0,472.0,2415.0,2540.0,0.0,0.0,222.0,350.0,357.0,208.0,13.0,12.0,651.0,532.0,207.0,45.0,293.0,306.0,1780.0,1619.0,1584.0,1703.0,860.0,293.0,129.0,181.0,34874.0
2025-09-08,248.0,246.0,39.0,154.0,357.0,80.0,54.0,69.0,1244.0,227.0,428.0,292.0,338.0,124.0,0.0,909.0,820.0,518.0,631.0,1194.0,357.0,1540.0,1230.0,959.0,906.0,384.0,527.0,134.0,163.0,816.0,828.0,824.0,170.0,263.0,282.0,443.0,426.0,1145.0,1157.0,0.0,0.0,198.0,259.0,372.0,209.0,61.0,44.0,463.0,452.0,247.0,47.0,271.0,219.0,780.0,554.0,0.0,0.0,383.0,163.0,59.0,94.0,25401.0
2025-09-09,271.0,312.0,22.0,230.0,319.0,99.0,105.0,96.0,1233.0,231.0,488.0,318.0,360.0,122.0,0.0,1077.0,1013.0,609.0,818.0,1181.0,319.0,1608.0,1311.0,1046.0,1012.0,353.0,456.0,152.0,35.0,960.0,951.0,687.0,148.0,271.0,254.0,473.0,444.0,1324.0,1367.0,0.0,0.0,174.0,280.0,470.0,251.0,73.0,54.0,556.0,477.0,253.0,49.0,308.0,270.0,935.0,691.0,0.0,0.0,435.0,216.0,67.0,83.0,27717.0
2025-09-10,143.0,157.0,23.0,113.0,233.0,79.0,55.0,73.0,1156.0,124.0,251.0,208.0,259.0,99.0,0.0,397.0,426.0,276.0,316.0,1149.0,267.0,926.0,549.0,505.0,408.0,199.0,237.0,124.0,106.0,485.0,471.0,1028.0,92.0,249.0,135.0,183.0,198.0,439.0,531.0,0.0,0.0,89.0,123.0,192.0,118.0,23.0,14.0,235.0,158.0,96.0,23.0,121.0,104.0,275.0,239.0,205.0,286.0,150.0,71.0,16.0,25.0,15232.0
2025-09-11,218.0,238.0,25.0,218.0,316.0,120.0,86.0,79.0,1196.0,220.0,391.0,332.0,287.0,135.0,0.0,953.0,761.0,436.0,621.0,1155.0,302.0,1324.0,1079.0,749.0,779.0,243.0,278.0,133.0,153.0,813.0,782.0,752.0,159.0,203.0,161.0,306.0,327.0,1125.0,1178.0,0.0,0.0,149.0,217.0,305.0,277.0,27.0,15.0,398.0,362.0,189.0,39.0,208.0,192.0,749.0,588.0,1277.0,1283.0,339.0,145.0,50.0,79.0,25521.0
2025-09-12,191.0,178.0,30.0,163.0,312.0,94.0,229.0,225.0,1181.0,199.0,304.0,281.0,235.0,101.0,0.0,614.0,547.0,332.0,425.0,1030.0,352.0,980.0,776.0,563.0,561.0,250.0,373.0,114.0,140.0,620.0,638.0,154.0,86.0,186.0,144.0,230.0,204.0,786.0,732.0,0.0,0.0,116.0,151.0,234.0,167.0,26.0,45.0,373.0,269.0,145.0,38.0,178.0,142.0,526.0,406.0,843.0,842.0,198.0,178.0,41.0,59.0,19537.0
2025-09-13,104.0,118.0,16.0,129.0,372.0,71.0,558.0,497.0,849.0,118.0,208.0,227.0,231.0,107.0,0.0,840.0,750.0,301.0,404.0,884.0,360.0,812.0,681.0,570.0,584.0,51.0,52.0,83.0,114.0,794.0,727.0,301.0,118.0,110.0,61.0,224.0,223.0,1272.0,1318.0,0.0,0.0,145.0,193.0,230.0,139.0,7.0,21.0,291.0,302.0,161.0,36.0,147.0,148.0,901.0,756.0,1240.0,1250.0,444.0,203.0,65.0,80.0,21998.0
2025-09-14,89.0,74.0,6.0,73.0,236.0,33.0,193.0,215.0,528.0,77.0,97.0,107.0,85.0,48.0,0.0,295.0,273.0,102.0,147.0,671.0,346.0,375.0,231.0,142.0,165.0,108.0,128.0,19.0,33.0,168.0,187.0,277.0,75.0,50.0,31.0,42.0,26.0,367.0,324.0,0.0,0.0,48.0,79.0,57.0,35.0,12.0,18.0,80.0,61.0,27.0,4.0,36.0,54.0,253.0,186.0,444.0,357.0,100.0,34.0,12.0,16.0,8356.0
2025-09-15,197.0,181.0,36.0,183.0,332.0,107.0,751.0,818.0,1153.0,155.0,286.0,268.0,244.0,130.0,0.0,674.0,565.0,335.0,435.0,1077.0,335.0,1143.0,851.0,634.0,598.0,252.0,360.0,117.0,40.0,590.0,614.0,715.0,158.0,225.0,105.0,226.0,236.0,753.0,779.0,0.0,0.0,151.0,178.0,215.0,202.0,44.0,30.0,280.0,249.0,164.0,33.0,193.0,141.0,530.0,421.0,914.0,893.0,225.0,100.0,39.0,48.0,21708.0
2025-09-16,233.0,240.0,40.0,172.0,318.0,146.0,917.0,917.0,1239.0,261.0,381.0,355.0,313.0,151.0,0.0,858.0,680.0,442.0,567.0,1065.0,345.0,1321.0,1024.0,709.0,761.0,292.0,321.0,137.0,166.0,752.0,750.0,932.0,163.0,240.0,149.0,344.0,325.0,777.0,817.0,0.0,0.0,121.0,201.0,304.0,271.0,32.0,31.0,415.0,342.0,192.0,40.0,205.0,176.0,546.0,405.0,522.0,702.0,257.0,98.0,67.0,53.0,24600.0
2025-09-17,219.0,242.0,29.0,160.0,338.0,139.0,785.0,834.0,1241.0,185.0,381.0,282.0,316.0,157.0,0.0,791.0,662.0,364.0,503.0,1034.0,354.0,1284.0,949.0,729.0,673.0,285.0,331.0,138.0,153.0,599.0,626.0,779.0,174.0,259.0,147.0,299.0,304.0,770.0,826.0,0.0,0.0,138.0,200.0,261.0,256.0,51.0,35.0,358.0,287.0,179.0,42.0,200.0,169.0,516.0,412.0,1132.0,1016.0,237.0,101.0,32.0,52.0,24015.0
2025-09-18,189.0,183.0,38.0,171.0,289.0,111.0,760.0,803.0,1260.0,214.0,380.0,311.0,236.0,131.0,0.0,763.0,667.0,378.0,514.0,1102.0,321.0,1229.0,878.0,695.0,658.0,272.0,325.0,151.0,142.0,724.0,609.0,773.0,160.0,254.0,105.0,298.0,295.0,933.0,1063.0,30.0,3028.0,119.0,182.0,249.0,204.0,16.0,26.0,318.0,258.0,148.0,28.0,186.0,177.0,649.0,578.0,1190.0,1084.0,297.0,132.0,41.0,73.0,27398.0
2025-09-19,90.0,114.0,21.0,188.0,345.0,115.0,908.0,951.0,1225.0,170.0,347.0,376.0,258.0,114.0,0.0,1013.0,842.0,500.0,691.0,1259.0,339.0,1467.0,1085.0,799.0,802.0,260.0,277.0,155.0,160.0,986.0,853.0,881.0,158.0,237.0,140.0,400.0,366.0,1257.0,1308.0,198.0,1516.0,156.0,244.0,336.0,206.0,54.0,42.0,466.0,380.0,229.0,34.0,255.0,213.0,915.0,676.0,1446.0,1445.0,435.0,228.0,75.0,81.0,31087.0
2025-09-20,9.0,4.0,20.0,175.0,347.0,102.0,764.0,774.0,958.0,147.0,331.0,343.0,228.0,143.0,0.0,1325.0,1193.0,488.0,687.0,1074.0,380.0,1409.0,1083.0,1124.0,1094.0,110.0,220.0,97.0,123.0,1223.0,1127.0,404.0,114.0,98.0,90.0,422.0,416.0,2050.0,2101.0,131.0,468.0,179.0,281.0,322.0,210.0,20.0,17.0,578.0,487.0,219.0,40.0,244.0,243.0,1456.0,1246.0,2070.0,1797.0,766.0,413.0,129.0,155.0,34268.0
2025-09-21,0.0,0.0,25.0,161.0,377.0,107.0,718.0,779.0,676.0,152.0,340.0,329.0,211.0,113.0,0.0,1473.0,1306.0,570.0,784.0,945.0,388.0,1175.0,1069.0,1111.0,1057.0,195.0,257.0,105.0,114.0,1448.0,1348.0,384.0,0.0,127.0,87.0,489.0,447.0,2460.0,2386.0,152.0,2158.0,183.0,341.0,345.0,200.0,14.0,16.0,617.0,568.0,248.0,36.0,307.0,294.0,1727.0,1469.0,2398.0,2038.0,953.0,386.0,163.0,180.0,38506.0
2025-09-22,133.0,123.0,26.0,90.0,278.0,113.0,475.0,509.0,1117.0,140.0,237.0,160.0,220.0,77.0,0.0,335.0,312.0,202.0,220.0,830.0,317.0,702.0,456.0,351.0,293.0,227.0,197.0,100.0,87.0,282.0,288.0,738.0,0.0,180.0,64.0,116.0,136.0,231.0,285.0,69.0,69.0,43.0,84.0,124.0,60.0,45.0,41.0,115.0,105.0,86.0,20.0,88.0,80.0,181.0,85.0,437.0,451.0,81.0,36.0,14.0,12.0,12973.0
2025-09-23,159.0,178.0,47.0,146.0,331.0,114.0,672.0,711.0,1189.0,163.0,258.0,241.0,222.0,91.0,0.0,544.0,458.0,265.0,333.0,916.0,281.0,870.0,693.0,443.0,469.0,215.0,359.0,130.0,111.0,485.0,431.0,827.0,0.0,193.0,104.0,180.0,171.0,501.0,511.0,71.0,94.0,88.0,137.0,163.0,133.0,33.0,62.0,207.0,183.0,123.0,33.0,108.0,92.0,286.0,241.0,749.0,659.0,135.0,100.0,24.0,86.0,17819.0
2025-09-24,170.0,167.0,29.0,137.0,329.0,119.0,605.0,674.0,1151.0,156.0,256.0,260.0,238.0,91.0,0.0,473.0,413.0,289.0,313.0,881.0,279.0,776.0,629.0,457.0,416.0,248.0,322.0,110.0,131.0,432.0,401.0,796.0,0.0,204.0,111.0,180.0,174.0,460.0,466.0,63.0,94.0,80.0,123.0,206.0,106.0,47.0,38.0,235.0,185.0,134.0,18.0,119.0,108.0,386.0,203.0,587.0,556.0,153.0,70.0,16.0,28.0,16898.0
2025-09-25,52.0,53.0,28.0,27.0,191.0,44.0,157.0,149.0,1039.0,47.0,165.0,100.0,175.0,43.0,0.0,148.0,97.0,42.0,63.0,843.0,205.0,404.0,166.0,83.0,82.0,58.0,85.0,37.0,35.0,178.0,137.0,1122.0,0.0,154.0,53.0,17.0,15.0,56.0,61.0,16.0,12.0,14.0,30.0,13.0,7.0,36.0,16.0,27.0,16.0,21.0,1.0,17.0,20.0,38.0,38.0,185.0,140.0,9.0,9.0,7.0,10.0,7093.0
2025-09-26,116.0,118.0,26.0,89.0,299.0,81.0,396.0,451.0,1043.0,128.0,185.0,178.0,155.0,82.0,0.0,277.0,269.0,132.0,173.0,926.0,263.0,526.0,394.0,220.0,232.0,157.0,154.0,63.0,68.0,306.0,294.0,797.0,0.0,133.0,48.0,66.0,78.0,281.0,300.0,34.0,40.0,33.0,106.0,53.0,51.0,32.0,26.0,77.0,74.0,50.0,21.0,0.0,0.0,178.0,139.0,325.0,326.0,48.0,27.0,5.0,7.0,11156.0
2025-09-27,100.0,125.0,12.0,110.0,295.0,74.0,448.0,394.0,812.0,124.0,130.0,263.0,94.0,87.0,0.0,678.0,556.0,265.0,318.0,844.0,308.0,657.0,517.0,361.0,370.0,148.0,243.0,75.0,58.0,635.0,533.0,319.0,0.0,73.0,52.0,186.0,174.0,930.0,952.0,90.0,76.0,97.0,118.0,121.0,75.0,2.0,10.0,204.0,212.0,118.0,27.0,0.0,0.0,657.0,545.0,886.0,853.0,269.0,152.0,44.0,50.0,16926.0
2025-09-28,175.0,191.0,13.0,187.0,369.0,125.0,587.0,626.0,798.0,142.0,314.0,285.0,200.0,96.0,0.0,1271.0,1158.0,525.0,718.0,885.0,297.0,1070.0,858.0,806.0,719.0,144.0,218.0,79.0,87.0,1121.0,949.0,329.0,0.0,95.0,53.0,331.0,352.0,1837.0,2104.0,128.0,696.0,150.0,266.0,226.0,117.0,5.0,12.0,468.0,464.0,191.0,41.0,0.0,0.0,1376.0,1171.0,1868.0,1696.0,647.0,385.0,96.0,119.0,30236.0
2025-09-29,185.0,193.0,33.0,132.0,308.0,117.0,686.0,735.0,1156.0,200.0,306.0,288.0,227.0,103.0,0.0,566.0,484.0,347.0,430.0,892.0,314.0,607.0,194.0,558.0,573.0,228.0,285.0,113.0,262.0,579.0,535.0,743.0,0.0,188.0,90.0,254.0,258.0,645.0,655.0,110.0,140.0,93.0,157.0,245.0,136.0,49.0,27.0,296.0,240.0,154.0,36.0,0.0,0.0,397.0,325.0,0.0,0.0,199.0,113.0,0.0,0.0,17186.0
2025-09-30,183.0,202.0,40.0,144.0,261.0,122.0,668.0,774.0,1172.0,176.0,348.0,256.0,296.0,108.0,0.0,674.0,590.0,304.0,394.0,929.0,260.0,1010.0,742.0,534.0,481.0,237.0,253.0,137.0,156.0,595.0,555.0,263.0,0.0,223.0,117.0,200.0,217.0,751.0,756.0,109.0,120.0,89.0,166.0,209.0,150.0,31.0,44.0,304.0,232.0,156.0,31.0,0.0,0.0,469.0,385.0,582.0,689.0,190.0,97.0,21.0,33.0,19235.0
2025-10-01,145.0,166.0,46.0,112.0,277.0,108.0,506.0,559.0,1085.0,132.0,271.0,232.0,255.0,72.0,0.0,417.0,353.0,193.0,244.0,836.0,285.0,785.0,558.0,350.0,356.0,188.0,254.0,90.0,108.0,357.0,368.0,548.0,0.0,229.0,86.0,135.0,173.0,317.0,358.0,86.0,76.0,63.0,109.0,147.0,125.0,39.0,24.0,174.0,157.0,108.0,24.0,0.0,0.0,182.0,165.0,526.0,511.0,97.0,60.0,19.0,16.0,14262.0
2025-10-02,168.0,190.0,25.0,110.0,358.0,107.0,544.0,587.0,1182.0,141.0,285.0,271.0,271.0,107.0,0.0,538.0,483.0,224.0,328.0,865.0,274.0,852.0,622.0,431.0,418.0,219.0,235.0,93.0,124.0,481.0,453.0,698.0,0.0,187.0,62.0,183.0,202.0,527.0,566.0,73.0,95.0,86.0,127.0,183.0,128.0,51.0,24.0,226.0,192.0,136.0,26.0,0.0,0.0,333.0,281.0,718.0,658.0,130.0,81.0,18.0,34.0,17011.0
2025-10-03,160.0,147.0,34.0,126.0,223.0,103.0,575.0,552.0,1080.0,142.0,274.0,302.0,358.0,102.0,0.0,479.0,423.0,232.0,340.0,822.0,223.0,810.0,589.0,375.0,376.0,205.0,259.0,97.0,106.0,535.0,517.0,806.0,0.0,217.0,0.0,158.0,168.0,638.0,660.0,73.0,75.0,88.0,146.0,160.0,84.0,24.0,29.0,239.0,181.0,133.0,30.0,61.0,87.0,406.0,336.0,704.0,694.0,136.0,96.0,24.0,38.0,17057.0
2025-10-04,64.0,80.0,12.0,76.0,243.0,75.0,215.0,257.0,748.0,75.0,122.0,122.0,181.0,58.0,0.0,373.0,338.0,130.0,150.0,714.0,307.0,261.0,290.0,193.0,196.0,96.0,186.0,41.0,60.0,269.0,286.0,468.0,0.0,63.0,0.0,85.0,74.0,385.0,393.0,53.0,39.0,38.0,56.0,77.0,31.0,7.0,16.0,108.0,91.0,41.0,13.0,69.0,54.0,274.0,281.0,471.0,433.0,129.0,54.0,23.0,32.0,10076.0
2025-10-05,81.0,77.0,15.0,67.0,305.0,77.0,272.0,256.0,668.0,76.0,143.0,159.0,102.0,60.0,0.0,512.0,327.0,138.0,188.0,623.0,294.0,424.0,262.0,184.0,191.0,105.0,121.0,42.0,62.0,279.0,257.0,375.0,0.0,59.0,0.0,70.0,70.0,503.0,588.0,40.0,56.0,54.0,90.0,70.0,73.0,12.0,17.0,123.0,105.0,49.0,13.0,70.0,65.0,352.0,318.0,543.0,482.0,137.0,70.0,18.0,31.0,10820.0
2025-10-06,118.0,102.0,19.0,36.0,250.0,55.0,302.0,334.0,1088.0,125.0,155.0,151.0,212.0,41.0,0.0,280.0,202.0,104.0,127.0,866.0,257.0,526.0,323.0,233.0,194.0,146.0,234.0,81.0,75.0,257.0,270.0,834.0,0.0,212.0,0.0,62.0,62.0,146.0,184.0,41.0,56.0,51.0,77.0,84.0,42.0,25.0,21.0,103.0,88.0,55.0,17.0,71.0,63.0,87.0,73.0,290.0,247.0,49.0,25.0,26.0,32.0,10286.0
2025-10-07,164.0,165.0,37.0,108.0,289.0,98.0,594.0,612.0,1088.0,167.0,281.0,238.0,321.0,97.0,0.0,536.0,488.0,244.0,370.0,994.0,253.0,909.0,600.0,429.0,423.0,199.0,305.0,106.0,107.0,476.0,464.0,754.0,0.0,215.0,0.0,136.0,173.0,551.0,565.0,67.0,86.0,76.0,141.0,167.0,85.0,24.0,31.0,213.0,156.0,113.0,22.0,134.0,120.0,353.0,261.0,0.0,0.0,140.0,97.0,7.0,3.0,15852.0
2025-10-08,144.0,159.0,35.0,94.0,290.0,107.0,571.0,575.0,1120.0,148.0,252.0,171.0,250.0,65.0,0.0,415.0,339.0,219.0,279.0,900.0,246.0,792.0,546.0,376.0,363.0,199.0,224.0,97.0,103.0,441.0,350.0,717.0,0.0,207.0,0.0,130.0,147.0,395.0,424.0,73.0,90.0,70.0,134.0,130.0,37.0,32.0,32.0,173.0,157.0,98.0,25.0,116.0,94.0,196.0,169.0,377.0,424.0,116.0,67.0,14.0,19.0,14533.0
2025-10-09,141.0,135.0,26.0,11.0,309.0,100.0,509.0,552.0,1187.0,153.0,265.0,264.0,320.0,65.0,0.0,464.0,463.0,223.0,303.0,982.0,270.0,857.0,575.0,383.0,378.0,184.0,216.0,112.0,124.0,420.0,427.0,845.0,0.0,227.0,0.0,120.0,159.0,478.0,530.0,66.0,85.0,88.0,134.0,140.0,63.0,26.0,28.0,162.0,150.0,118.0,21.0,124.0,138.0,295.0,237.0,661.0,572.0,117.0,78.0,17.0,25.0,16122.0
2025-10-10,140.0,139.0,46.0,88.0,302.0,120.0,502.0,542.0,1094.0,143.0,215.0,239.0,231.0,89.0,0.0,358.0,341.0,224.0,301.0,932.0,261.0,765.0,599.0,411.0,394.0,214.0,283.0,95.0,103.0,422.0,412.0,663.0,0.0,168.0,0.0,143.0,158.0,440.0,484.0,89.0,100.0,86.0,142.0,154.0,59.0,71.0,52.0,190.0,162.0,94.0,28.0,115.0,105.0,260.0,196.0,661.0,632.0,137.0,85.0,17.0,29.0,15525.0
2025-10-11,107.0,96.0,20.0,98.0,334.0,103.0,383.0,425.0,847.0,108.0,133.0,204.0,122.0,99.0,0.0,536.0,529.0,228.0,265.0,778.0,323.0,602.0,483.0,344.0,358.0,165.0,244.0,64.0,55.0,421.0,390.0,490.0,0.0,69.0,0.0,145.0,154.0,743.0,745.0,66.0,97.0,65.0,110.0,119.0,61.0,22.0,16.0,237.0,229.0,107.0,35.0,103.0,97.0,524.0,397.0,901.0,823.0,320.0,165.0,59.0,61.0,15824.0
2025-10-12,124.0,114.0,20.0,116.0,295.0,80.0,324.0,361.0,620.0,89.0,203.0,155.0,121.0,71.0,0.0,586.0,520.0,275.0,348.0,646.0,278.0,621.0,445.0,347.0,319.0,139.0,156.0,58.0,65.0,473.0,472.0,352.0,0.0,97.0,0.0,188.0,172.0,808.0,892.0,72.0,89.0,77.0,146.0,104.0,59.0,21.0,20.0,195.0,188.0,107.0,33.0,137.0,120.0,563.0,484.0,982.0,817.0,287.0,149.0,48.0,61.0,15709.0
2025-10-13,165.0,160.0,34.0,119.0,337.0,107.0,509.0,608.0,1084.0,171.0,264.0,175.0,197.0,89.0,0.0,496.0,459.0,269.0,343.0,881.0,239.0,841.0,650.0,423.0,428.0,117.0,96.0,121.0,115.0,497.0,490.0,755.0,0.0,223.0,0.0,163.0,149.0,610.0,657.0,85.0,102.0,98.0,154.0,142.0,58.0,56.0,40.0,224.0,176.0,124.0,20.0,124.0,127.0,370.0,290.0,679.0,655.0,139.0,99.0,27.0,34.0,16864.0
2025-10-14,153.0,153.0,31.0,110.0,306.0,83.0,584.0,629.0,1128.0,172.0,240.0,272.0,239.0,78.0,0.0,468.0,468.0,268.0,339.0,908.0,259.0,933.0,697.0,484.0,477.0,231.0,310.0,135.0,107.0,449.0,475.0,722.0,0.0,238.0,0.0,187.0,193.0,475.0,491.0,71.0,100.0,95.0,140.0,152.0,66.0,63.0,37.0,218.0,194.0,109.0,29.0,136.0,117.0,285.0,216.0,3.0,0.0,151.0,85.0,28.0,32.0,15819.0
2025-10-15,183.0,173.0,29.0,107.0,293.0,130.0,610.0,617.0,1086.0,179.0,319.0,219.0,299.0,80.0,0.0,508.0,405.0,211.0,317.0,873.0,211.0,893.0,621.0,411.0,380.0,195.0,219.0,108.0,107.0,493.0,431.0,758.0,0.0,246.0,0.0,130.0,150.0,509.0,557.0,72.0,82.0,99.0,144.0,120.0,64.0,31.0,30.0,176.0,151.0,123.0,28.0,108.0,108.0,255.0,224.0,312.0,385.0,138.0,89.0,25.0,28.0,15849.0
2025-10-16,153.0,152.0,29.0,97.0,329.0,94.0,606.0,624.0,1134.0,213.0,272.0,182.0,218.0,103.0,0.0,461.0,410.0,253.0,328.0,881.0,225.0,803.0,597.0,377.0,363.0,233.0,260.0,84.0,89.0,471.0,453.0,708.0,2.0,204.0,0.0,150.0,157.0,481.0,508.0,93.0,101.0,76.0,119.0,166.0,78.0,36.0,48.0,199.0,180.0,107.0,26.0,131.0,114.0,289.0,249.0,625.0,633.0,140.0,74.0,30.0,36.0,16254.0
2025-10-17,141.0,106.0,40.0,32.0,337.0,95.0,482.0,520.0,1121.0,153.0,178.0,226.0,161.0,62.0,0.0,333.0,293.0,161.0,225.0,958.0,254.0,594.0,443.0,100.0,158.0,167.0,250.0,95.0,123.0,411.0,391.0,601.0,141.0,158.0,0.0,104.0,103.0,356.0,404.0,55.0,64.0,61.0,102.0,105.0,34.0,35.0,31.0,114.0,99.0,91.0,17.0,96.0,83.0,226.0,180.0,410.0,466.0,82.0,36.0,17.0,17.0,12898.0
2025-10-18,94.0,95.0,26.0,117.0,308.0,77.0,337.0,379.0,850.0,94.0,192.0,165.0,139.0,97.0,0.0,596.0,470.0,189.0,261.0,716.0,289.0,607.0,464.0,289.0,278.0,132.0,181.0,63.0,61.0,454.0,422.0,450.0,116.0,94.0,0.0,180.0,155.0,731.0,760.0,72.0,80.0,71.0,118.0,124.0,63.0,2.0,10.0,188.0,153.0,82.0,24.0,115.0,93.0,532.0,434.0,982.0,839.0,228.0,161.0,43.0,52.0,15394.0
2025-10-19,79.0,82.0,18.0,93.0,245.0,65.0,279.0,349.0,627.0,105.0,166.0,173.0,163.0,61.0,0.0,471.0,438.0,222.0,260.0,622.0,319.0,528.0,377.0,264.0,274.0,116.0,161.0,51.0,50.0,411.0,389.0,76.0,66.0,77.0,0.0,152.0,125.0,662.0,709.0,75.0,76.0,65.0,130.0,95.0,77.0,27.0,12.0,159.0,158.0,80.0,22.0,89.0,91.0,499.0,446.0,711.0,619.0,210.0,105.0,33.0,42.0,13146.0
2025-10-20,127.0,132.0,15.0,109.0,246.0,102.0,505.0,594.0,1152.0,155.0,233.0,236.0,192.0,34.0,0.0,436.0,387.0,225.0,310.0,816.0,240.0,811.0,561.0,365.0,339.0,160.0,242.0,107.0,126.0,415.0,413.0,571.0,119.0,195.0,84.0,153.0,138.0,431.0,478.0,72.0,79.0,72.0,131.0,151.0,72.0,45.0,49.0,173.0,138.0,100.0,28.0,114.0,109.0,251.0,218.0,568.0,563.0,149.0,43.0,21.0,25.0,15125.0
2025-10-21,198.0,181.0,27.0,163.0,270.0,38.0,791.0,736.0,1151.0,213.0,305.0,274.0,211.0,47.0,0.0,648.0,542.0,287.0,364.0,894.0,243.0,971.0,750.0,492.0,495.0,202.0,326.0,129.0,112.0,640.0,523.0,779.0,155.0,236.0,159.0,195.0,211.0,747.0,829.0,86.0,106.0,105.0,180.0,215.0,99.0,15.0,33.0,266.0,226.0,153.0,38.0,135.0,122.0,457.0,387.0,879.0,891.0,245.0,84.0,38.0,45.0,20339.0
2025-10-22,119.0,108.0,28.0,88.0,242.0,59.0,347.0,388.0,1077.0,158.0,282.0,143.0,171.0,53.0,0.0,242.0,222.0,112.0,171.0,816.0,240.0,689.0,357.0,224.0,224.0,166.0,220.0,67.0,222.0,262.0,287.0,329.0,90.0,232.0,78.0,74.0,89.0,183.0,178.0,46.0,62.0,60.0,86.0,79.0,30.0,26.0,26.0,88.0,93.0,66.0,11.0,68.0,62.0,93.0,73.0,351.0,359.0,50.0,22.0,10.0,10.0,10808.0
2025-10-23,85.0,84.0,36.0,68.0,249.0,74.0,334.0,358.0,1103.0,92.0,187.0,165.0,129.0,77.0,0.0,260.0,227.0,129.0,153.0,984.0,209.0,598.0,321.0,212.0,185.0,137.0,152.0,73.0,76.0,258.0,235.0,773.0,104.0,242.0,92.0,54.0,56.0,196.0,242.0,46.0,43.0,51.0,90.0,77.0,30.0,16.0,27.0,90.0,81.0,51.0,7.0,69.0,56.0,84.0,90.0,344.0,326.0,46.0,25.0,16.0,5.0,10679.0
2025-10-24,124.0,109.0,38.0,94.0,269.0,55.0,397.0,380.0,1012.0,124.0,177.0,154.0,160.0,90.0,0.0,275.0,232.0,143.0,203.0,757.0,248.0,554.0,369.0,198.0,230.0,159.0,295.0,106.0,113.0,266.0,277.0,630.0,134.0,121.0,79.0,69.0,70.0,216.0,269.0,55.0,63.0,56.0,99.0,88.0,64.0,14.0,18.0,103.0,103.0,70.0,25.0,56.0,63.0,139.0,123.0,330.0,337.0,56.0,26.0,8.0,8.0,11100.0
2025-10-25,69.0,61.0,17.0,71.0,259.0,68.0,235.0,220.0,767.0,81.0,98.0,85.0,79.0,61.0,0.0,321.0,302.0,103.0,132.0,607.0,309.0,413.0,285.0,169.0,194.0,24.0,24.0,37.0,41.0,230.0,228.0,82.0,31.0,48.0,60.0,55.0,75.0,319.0,348.0,30.0,50.0,34.0,79.0,68.0,54.0,19.0,9.0,68.0,70.0,33.0,12.0,59.0,45.0,222.0,188.0,467.0,407.0,114.0,28.0,22.0,15.0,8701.0
2025-10-26,65.0,65.0,14.0,58.0,162.0,52.0,173.0,162.0,534.0,66.0,114.0,75.0,49.0,53.0,0.0,289.0,228.0,111.0,118.0,473.0,286.0,360.0,260.0,149.0,135.0,71.0,96.0,27.0,31.0,179.0,158.0,277.0,109.0,41.0,61.0,76.0,66.0,284.0,311.0,40.0,33.0,39.0,60.0,33.0,58.0,11.0,10.0,61.0,68.0,35.0,17.0,42.0,49.0,182.0,163.0,0.0,0.0,77.0,43.0,10.0,12.0,6881.0
2025-10-27,73.0,70.0,34.0,69.0,188.0,55.0,223.0,247.0,916.0,82.0,110.0,80.0,79.0,69.0,0.0,180.0,146.0,87.0,95.0,602.0,251.0,373.0,239.0,123.0,133.0,122.0,114.0,47.0,52.0,182.0,164.0,452.0,86.0,61.0,46.0,45.0,38.0,136.0,138.0,20.0,37.0,38.0,60.0,37.0,51.0,28.0,15.0,53.0,47.0,31.0,14.0,33.0,36.0,84.0,73.0,0.0,0.0,35.0,9.0,4.0,5.0,6917.0
2025-10-28,80.0,72.0,34.0,63.0,223.0,74.0,219.0,231.0,544.0,125.0,99.0,108.0,71.0,58.0,0.0,244.0,185.0,92.0,114.0,520.0,246.0,390.0,205.0,133.0,128.0,86.0,201.0,39.0,48.0,179.0,167.0,207.0,93.0,57.0,51.0,46.0,43.0,232.0,248.0,22.0,27.0,39.0,63.0,34.0,67.0,8.0,9.0,59.0,51.0,34.0,11.0,45.0,42.0,145.0,117.0,0.0,0.0,61.0,23.0,0.0,0.0,6812.0
2025-10-29,115.0,128.0,48.0,131.0,318.0,90.0,493.0,570.0,1106.0,188.0,245.0,230.0,275.0,99.0,0.0,494.0,433.0,255.0,323.0,831.0,279.0,849.0,575.0,445.0,407.0,195.0,202.0,110.0,117.0,476.0,447.0,170.0,89.0,124.0,145.0,176.0,171.0,545.0,619.0,72.0,95.0,83.0,134.0,107.0,202.0,40.0,27.0,227.0,198.0,98.0,28.0,110.0,107.0,365.0,286.0,421.0,468.0,178.0,85.0,13.0,20.0,15877.0
2025-10-30,141.0,143.0,31.0,133.0,265.0,81.0,470.0,527.0,1073.0,188.0,306.0,152.0,245.0,97.0,0.0,404.0,393.0,224.0,297.0,773.0,249.0,811.0,491.0,354.0,342.0,184.0,235.0,99.0,111.0,419.0,374.0,447.0,166.0,152.0,101.0,142.0,158.0,383.0,448.0,63.0,49.0,64.0,111.0,77.0,130.0,46.0,21.0,160.0,159.0,86.0,23.0,94.0,89.0,243.0,244.0,576.0,522.0,123.0,53.0,16.0,36.0,14594.0
2025-10-31,120.0,149.0,26.0,117.0,322.0,90.0,139.0,144.0,1039.0,148.0,234.0,184.0,295.0,77.0,0.0,406.0,388.0,221.0,288.0,799.0,242.0,715.0,515.0,329.0,335.0,49.0,50.0,100.0,99.0,382.0,411.0,544.0,153.0,223.0,113.0,163.0,157.0,497.0,532.0,80.0,82.0,83.0,115.0,140.0,126.0,6.0,5.0,195.0,159.0,86.0,23.0,114.0,77.0,298.0,247.0,611.0,561.0,158.0,68.0,15.0,27.0,14071.0
