date,camea-BC_VK-SE,camea-BC_VK-HR,camea-BC_VK-UP,camea-VR-VY,camea-VR-ST,camea-BC_HY-WI,camea-BC_HY-NP,camea-RN-KA,camea-RN-JO,camea-BC_NM-CE,camea-BC_NM-KV,camea-BC_EU-KT,camea-BC_EU-OT,camea-KJ-HO,camea-KJ-HR,camea-BC_CT-OT,camea-BC_CT-PB,camea-BC_DS-KJ,camea-BC_DS-VL,camea-BC_CL-PV,camea-BC_CL-LI,camea-BC_VF-AR,camea-BC_VF-UE,camea-KO-HO,camea-KO-VY,camea-BC_SN-ND,camea-BC_SN-KM,camea-PN-VY,camea-PN-BR,ecoCounter-103047647,ecoCounter-104047647,camea-BC_KA-KM,camea-BC_KA-ML,camea-PM-JA,camea-PM-MH,camea-TL-HO,camea-TL-TR,camea-BC_AL-ST,camea-BC_AL-PL,camea-BC_JG-PN,camea-BC_JG-PC,camea-SU-KA,camea-SU-KR,camea-BC_PT-ZO,camea-BC_PT-VO,camea-BC_CB-CH,camea-LO_CB-TU,camea-BC_VS-CE,camea-BC_KO-LE,camea-BC_KO-PR,camea-BC_BS-BM,camea-BC_BS-ZL,camea-BC_AT-ST,camea-BC_AT-LA,camea-BC_HZ-CE,camea-BC_HZ-HL,camea-BC_PP-RO,camea-LO_PP-JP,camea-BC_NS-PA,camea-LO_NS-VL,camea-BC_MB-PR,camea-BC_MB-VI,camea-SU-SE,camea-SU-VO,camea-BC_SH-SE,camea-BC_SH-KU,camea-BC_ZA-KL,camea-BC_ZA-BO,camea-DU-ST,camea-DU-KR,camea-BC_VK-MO,camea-BC_VK-KO,camea-LO_DE-EV,camea-LO_DE-SA,camea-ST-BA,camea-ST-RA,camea-BC_KR-RA,camea-BC_KR-ZB
2020-01-01,,65,0,9,19,225,0,77,83,101,0,0,0,0,0,,,2,94,186,157,69,97,,,252,219,0,0,,,45,77,12,37,46,64,0,36,7,35,92,95,93,150,45,51,0,45,41,131,184,6,0,86,78,15,14,0,0,80,72,,,0,0,199,159,,,193,239,,,115,176,56,63
2020-01-02,,71,0,104,114,193,0,70,92,199,0,0,0,0,0,,,4,229,116,82,32,33,,,266,287,0,0,,,74,78,22,42,32,67,8,88,19,26,59,58,0,0,45,30,0,11,11,0,0,94,0,53,40,18,5,0,0,35,26,,,0,0,51,27,,,39,63,,,32,54,21,22
2020-01-03,,84,27,108,119,219,0,111,130,177,7,0,0,132,235,,,1,229,106,79,49,64,,,273,283,0,0,,,63,70,24,28,40,64,8,97,21,44,54,58,21,47,37,32,0,23,20,50,83,69,0,62,49,16,4,0,0,49,29,,,0,0,53,24,,,47,74,,,36,56,34,33
2020-01-04,,69,0,60,82,207,0,58,70,68,4,0,0,150,208,,,3,148,110,110,40,43,,,225,274,0,0,,,40,49,9,13,19,36,1,50,5,20,40,36,30,52,37,33,0,14,11,48,101,6,0,35,44,17,11,0,0,44,35,,,0,0,82,64,,,89,78,,,67,119,32,40
2020-01-05,,93,0,69,76,183,0,80,86,79,2,0,0,132,203,,,0,140,181,137,77,90,,,214,248,0,0,,,60,59,14,21,45,31,0,59,14,58,110,91,85,114,58,39,0,35,41,123,152,18,0,81,72,29,16,0,0,76,57,,,0,0,205,139,,,195,191,,,138,173,70,59
2020-01-06,,103,1,141,155,200,0,123,147,387,8,0,0,217,336,,,5,291,123,130,54,77,,,256,316,0,0,,,83,109,44,36,54,78,15,95,12,59,81,71,21,44,60,49,0,26,29,91,98,128,0,63,52,28,10,0,0,59,42,,,0,0,48,32,,,38,75,,,34,41,14,12
2020-01-07,,89,0,142,147,191,0,148,163,387,5,0,0,228,373,,,4,280,204,140,69,78,,,295,303,0,0,,,84,109,33,41,61,95,16,104,15,63,74,70,26,66,52,33,0,27,27,91,115,124,0,56,73,25,7,0,0,58,43,,,0,0,70,30,,,32,66,,,51,65,0,0
2020-01-08,,94,0,141,153,190,0,122,129,485,2,0,0,252,378,,,1,280,150,114,49,51,,,268,309,0,0,,,79,107,52,55,68,110,17,130,16,57,60,61,24,35,53,37,0,29,24,72,96,143,0,57,53,18,6,0,0,48,33,,,0,0,42,24,,,33,41,,,25,30,0,0
2020-01-09,,87,9,155,158,209,0,96,107,542,2,0,0,243,412,,,0,264,97,80,28,55,,,291,329,0,0,,,46,74,30,108,42,74,9,117,10,29,36,32,9,34,29,28,0,12,15,49,67,136,0,31,29,17,4,0,0,37,21,,,0,0,42,27,,,24,28,,,27,42,0,0
2020-01-10,,90,0,132,154,209,0,184,209,300,3,0,0,267,553,,,3,329,237,179,39,82,,,294,346,6,110,,,85,128,14,27,69,104,10,117,22,60,104,96,54,130,70,44,0,36,36,162,203,131,0,106,111,30,19,0,0,66,48,,,0,0,136,91,,,108,185,,,116,135,0,0
2020-01-11,,78,0,69,95,216,0,83,85,68,1,0,0,151,311,,,3,180,167,156,90,91,,,245,284,14,158,,,65,61,13,20,54,50,9,51,28,32,88,84,73,110,64,42,0,25,25,94,132,9,0,76,63,22,22,0,0,53,59,,,0,0,185,109,,,131,162,,,91,140,0,0
2020-01-12,,106,0,69,80,180,0,70,87,74,2,0,0,116,212,,,6,145,218,205,80,87,,,203,241,7,196,,,62,83,17,35,58,49,0,60,12,52,124,124,100,134,70,48,0,34,27,153,199,23,0,111,106,24,29,0,0,90,59,,,0,0,248,171,,,205,244,,,165,195,0,0
2020-01-13,,79,0,156,152,170,0,157,194,605,5,0,0,210,556,,,1,295,161,139,79,108,,,293,303,28,360,,,86,111,59,44,52,82,10,83,21,52,69,79,34,48,63,40,0,24,25,113,121,136,0,98,74,28,8,0,0,66,39,,,0,0,55,43,,,61,100,,,59,66,0,0
2020-01-14,,111,1,134,153,195,0,167,202,698,9,0,0,255,507,,,5,299,197,158,74,95,,,300,318,33,372,,,135,121,54,57,60,75,14,113,8,70,100,103,64,87,53,39,0,21,33,127,161,140,0,93,104,24,9,0,0,69,46,,,0,0,114,73,,,87,140,,,72,91,0,0
2020-01-15,,107,0,135,159,202,0,176,184,673,1,0,0,291,495,,,3,331,195,176,71,88,,,299,332,20,374,,,119,115,45,46,69,99,17,100,21,73,87,85,63,85,76,57,0,25,30,129,171,139,0,102,93,29,12,0,0,77,44,,,0,0,122,86,,,93,123,,,71,125,0,0
2020-01-16,,88,0,140,159,200,0,152,194,630,4,0,0,339,512,,,6,337,169,165,61,81,,,293,325,26,364,,,81,101,71,58,63,87,18,109,4,63,99,90,45,56,78,52,0,36,31,125,168,155,0,106,92,34,13,0,0,68,46,,,0,0,81,58,,,69,122,,,68,93,0,0
2020-01-17,,68,1,134,150,207,0,121,141,561,1,0,0,313,490,,,0,303,183,130,71,78,,,308,341,12,333,,,82,86,37,29,49,84,25,97,9,58,71,83,59,76,56,37,0,24,34,132,143,142,0,106,83,21,12,0,0,64,41,,,0,0,109,76,,,69,119,,,58,102,0,0
2020-01-18,,84,0,85,89,232,0,45,46,69,0,0,0,147,302,,,2,162,90,98,20,29,,,250,290,6,127,,,34,53,15,18,14,17,5,53,7,22,19,31,22,24,26,11,0,5,8,35,44,15,0,22,17,12,6,0,0,42,19,,,0,0,71,57,,,50,45,,,28,52,0,0
2020-01-19,,84,0,72,81,171,0,41,51,68,2,0,0,128,243,,,1,151,139,142,46,59,,,208,234,3,126,,,50,46,7,19,19,18,1,77,16,31,64,58,61,87,54,23,0,24,14,63,104,14,0,47,58,13,11,0,0,51,40,,,0,0,136,104,,,101,101,,,69,120,0,0
2020-01-20,,77,0,118,140,174,0,148,193,379,8,0,0,0,4,,,1,275,125,110,69,87,,,254,296,12,251,,,97,105,46,55,38,73,15,92,4,58,67,66,23,55,58,40,0,21,26,101,126,120,0,84,81,24,3,0,0,27,38,,,0,0,52,33,,,53,80,,,45,48,0,0
2020-01-21,,116,20,141,159,191,0,134,161,583,4,0,0,1,2,,,3,298,186,140,52,66,,,272,331,16,333,,,111,108,38,35,60,58,14,105,18,66,71,71,32,31,56,39,0,27,26,57,110,149,0,65,52,20,13,0,0,55,42,,,0,0,51,37,,,35,59,,,35,62,0,0
2020-01-22,,113,1,130,158,355,1,114,134,570,6,0,0,2,0,,,1,322,154,129,76,80,,,302,341,25,327,,,109,109,50,33,42,65,18,91,11,50,57,67,28,50,47,34,0,29,19,81,113,143,0,59,75,28,14,0,0,66,44,,,0,0,50,39,,,53,63,,,38,60,0,0
2020-01-23,,119,0,137,154,2623,136,147,164,401,8,0,0,0,7,,,4,333,147,119,60,76,,,308,341,14,314,,,88,102,41,42,49,63,12,110,11,41,66,59,36,48,42,47,0,25,27,114,130,61,0,89,66,258,164,0,0,66,56,,,0,0,83,51,,,58,84,,,61,76,0,0
2020-01-24,,74,43,136,155,87,134,106,137,90,70,0,0,212,41,,,4,313,120,86,55,72,,,308,362,13,258,,,100,99,33,41,53,56,18,109,12,43,59,58,23,38,48,30,0,21,25,82,100,0,0,65,61,153,95,0,0,48,29,,,0,0,48,25,,,38,57,,,42,49,0,0
2020-01-25,,70,75,151,172,127,180,54,62,31,43,0,0,126,19,,,6,154,124,116,41,50,,,192,228,46,131,,,35,64,9,21,17,28,8,128,11,26,43,46,46,69,34,20,0,20,24,52,88,0,0,33,30,57,26,0,0,48,45,,,0,0,94,51,,,77,95,,,50,88,0,0
2020-01-26,,86,81,1230,1327,84,105,63,63,33,35,0,0,55,34,,,32,22,129,109,39,52,,,13,36,70,60,,,42,52,7,16,11,18,22,55,8,34,62,51,68,75,50,32,0,11,18,75,73,0,0,44,43,50,31,0,0,36,40,,,0,0,97,75,,,86,111,,,68,106,0,0
2020-01-27,,90,103,125,24,65,76,141,167,109,94,0,0,126,91,,,62,94,187,127,60,78,,,58,91,177,128,,,73,97,45,34,62,85,35,80,17,52,84,69,39,47,54,38,0,25,33,94,133,0,0,83,65,73,46,0,0,51,41,,,0,0,77,44,,,73,70,,,50,92,0,0
2020-01-28,,100,85,152,28,52,72,120,133,95,76,0,0,135,103,,,75,75,124,119,53,61,,,47,82,201,136,,,80,73,39,36,62,84,58,57,16,52,43,45,18,31,39,20,0,14,13,70,77,27,23,46,47,64,42,0,0,39,23,,,0,0,55,37,,,35,61,,,36,39,0,0
2020-01-29,,120,121,106,30,102,135,138,152,110,86,0,0,146,91,,,89,93,152,120,59,64,,,58,66,217,145,,,86,116,50,44,46,79,9,104,18,58,72,59,21,40,66,42,0,20,20,110,110,16,47,70,71,79,42,0,0,58,30,,,0,0,51,33,,,41,71,,,43,62,0,0
2020-01-30,,121,141,79,18,65,89,145,183,116,84,0,0,149,130,,,75,99,179,133,74,72,,,55,109,241,163,,,83,102,38,50,49,65,22,90,22,61,68,60,44,56,57,44,0,37,38,95,131,17,53,79,75,79,47,0,0,52,35,,,0,0,72,48,,,49,68,,,46,88,0,0
2020-01-31,,82,99,140,24,53,96,154,155,96,88,0,0,111,104,,,66,78,181,153,59,73,,,60,90,249,171,,,76,113,46,29,71,81,26,70,11,49,66,71,59,78,52,36,0,31,30,131,156,23,31,81,77,72,51,0,0,59,38,,,0,0,99,52,,,65,95,,,77,96,0,0
2020-02-01,,110,148,82,33,60,90,121,141,44,82,0,0,102,106,,,69,56,309,267,134,177,,,29,78,177,128,246,208,48,83,28,26,101,108,19,33,5,60,157,156,226,224,95,64,0,57,58,210,267,35,56,146,162,124,130,0,0,90,73,,,0,0,344,245,,,325,398,,,268,322,0,0
2020-02-02,,86,103,83,18,35,77,50,72,26,39,0,0,59,71,,,29,30,191,151,26,102,,,21,54,111,92,126,117,51,68,11,24,43,58,7,21,17,44,74,71,102,93,36,51,0,28,19,143,176,0,0,116,80,49,53,0,0,56,46,,,0,0,173,127,,,165,200,,,136,207,0,0
2020-02-03,,132,121,123,31,55,141,162,179,122,90,0,0,164,122,,,73,103,190,133,54,100,,,45,84,239,137,168,194,86,94,41,45,75,93,18,85,8,58,69,75,70,61,61,44,0,29,34,104,130,6,40,71,75,75,48,0,0,57,52,,,0,0,75,51,,,55,88,,,56,59,0,0
2020-02-04,,89,95,110,22,84,111,76,79,62,50,0,0,96,64,,,42,59,99,86,19,29,,,36,168,101,82,62,69,55,73,30,28,50,82,31,41,5,28,16,17,8,29,18,16,0,13,11,26,36,8,34,24,29,47,26,0,0,33,14,,,0,0,35,16,,,32,28,,,21,31,0,0
2020-02-05,,108,119,107,22,33,147,128,152,89,92,0,0,149,114,,,93,79,149,104,56,71,,,70,50,128,86,128,121,86,113,52,47,46,65,34,80,12,45,45,52,29,44,53,34,0,9,19,64,84,10,51,60,49,60,35,0,0,58,35,,,0,0,47,24,,,47,44,,,30,52,0,0
2020-02-06,,109,115,126,37,0,118,122,160,103,86,0,0,176,150,,,88,100,156,106,62,66,,,65,79,204,135,194,171,92,120,45,46,56,94,33,83,7,69,73,75,20,47,46,47,0,24,20,94,121,17,44,77,73,63,45,0,0,64,52,,,0,0,54,36,,,62,83,,,45,74,0,0
2020-02-07,,106,102,105,31,0,127,171,160,103,94,0,0,174,129,,,84,97,174,136,55,95,,,63,89,210,133,173,170,124,130,46,40,36,72,34,77,14,54,73,83,39,76,44,36,0,25,30,104,145,6,39,84,80,88,53,0,0,63,34,,,0,0,78,38,,,50,88,,,64,70,0,0
2020-02-08,,133,135,117,31,0,106,98,127,55,33,0,0,107,91,,,57,119,219,188,121,138,,,40,98,137,107,211,202,68,52,36,32,55,77,11,24,5,43,151,129,144,177,1,0,0,35,40,154,221,0,0,135,105,95,102,0,0,71,64,,,0,0,274,179,,,236,337,,,209,293,0,0
2020-02-09,,125,139,130,27,0,99,112,123,64,58,0,0,99,119,,,67,831,349,310,47,110,,,30,72,194,114,272,268,47,90,19,25,77,77,14,19,10,21,155,166,243,226,0,0,0,40,46,226,325,0,0,173,163,150,145,0,0,96,74,,,0,0,358,308,,,321,418,,,286,364,0,0
2020-02-10,,118,68,136,5,0,67,54,66,69,65,0,0,67,41,,,37,92,54,46,25,27,,,20,58,81,63,40,45,37,62,44,40,59,78,23,56,12,1,17,20,7,18,0,0,0,12,12,18,27,6,20,20,21,56,24,0,0,20,19,,,0,0,21,12,,,36,32,,,6,8,0,0
2020-02-11,,137,101,104,26,0,132,114,136,79,70,0,0,108,99,,,72,13,122,87,36,49,,,59,56,151,103,141,140,85,104,40,39,74,85,24,64,11,5,36,29,11,24,0,0,0,21,14,53,53,8,19,38,34,29,20,0,0,49,34,,,0,0,58,33,,,55,45,,,35,32,0,0
2020-02-12,,122,124,129,29,0,115,118,153,90,81,0,0,165,100,,,94,15,161,125,52,58,,,69,41,171,95,114,106,71,99,44,46,52,71,23,74,14,0,40,34,24,35,0,0,0,18,19,49,71,8,18,33,33,64,31,0,0,47,31,,,0,0,51,29,,,29,31,,,15,30,1,0
2020-02-13,,108,127,96,31,0,123,134,152,116,83,0,0,132,125,,,75,18,176,124,66,79,,,105,57,210,171,174,178,90,102,42,42,67,115,32,75,23,5,65,75,57,74,8,6,0,19,26,104,135,13,26,71,62,60,45,0,0,66,48,,,0,0,71,54,,,58,88,,,57,75,12,5
2020-02-14,,88,90,111,37,0,144,127,148,83,73,0,0,183,141,,,72,21,141,119,49,58,,,72,48,187,120,160,154,91,90,33,45,59,72,33,77,43,7,68,55,42,56,0,0,0,18,24,86,109,4,22,67,53,69,38,0,0,53,29,,,0,0,59,47,,,61,69,,,39,56,15,37
2020-02-15,,88,104,75,28,0,103,121,118,37,30,0,0,136,101,,,40,6,240,204,72,119,,,44,69,128,105,195,172,70,76,18,18,67,85,13,36,14,3,129,116,141,147,0,0,0,53,37,154,193,0,0,104,91,118,88,0,0,82,69,,,0,0,254,176,,,222,274,,,158,235,27,58
2020-02-16,,106,123,87,26,0,100,107,139,62,67,0,0,112,125,,,54,6,306,255,79,131,,,39,57,197,135,219,216,72,59,17,31,66,77,13,40,16,11,151,136,196,184,0,0,0,43,44,185,250,0,0,151,151,116,96,0,0,76,57,,,0,0,290,205,,,289,369,,,230,308,53,79
2020-02-17,,105,136,103,37,0,131,194,206,109,95,0,0,159,150,,,100,18,228,183,43,111,,,59,68,257,144,202,185,106,124,48,73,56,81,29,87,26,5,104,103,55,86,0,0,0,31,44,133,154,7,11,108,87,94,63,0,0,55,39,,,0,0,89,55,,,86,108,,,66,78,16,35
2020-02-18,,119,119,111,51,0,165,220,233,113,115,0,0,198,150,,,105,21,263,196,113,115,,,73,103,247,148,232,220,101,147,61,43,67,72,21,89,20,9,102,94,65,93,0,0,0,41,37,132,181,7,11,109,108,101,82,0,0,82,59,,,0,0,126,77,,,111,148,,,79,110,13,46
2020-02-19,,118,94,89,34,0,103,131,147,62,39,0,0,160,125,,,71,12,159,137,53,64,,,68,95,219,141,145,129,104,104,45,35,73,81,23,80,15,4,49,50,46,46,2,3,0,24,22,77,93,6,22,55,44,89,39,0,0,55,43,,,0,0,63,40,,,43,42,,,28,40,7,38
2020-02-20,,121,156,103,40,43,91,149,166,106,95,0,0,142,175,,,84,25,203,156,83,94,,,57,95,249,123,166,161,111,146,42,52,81,62,22,79,11,7,69,69,47,77,6,16,0,36,32,107,145,6,12,84,73,81,62,0,0,70,49,,,0,0,91,58,,,72,82,,,53,87,0,0
2020-02-21,,96,78,76,32,70,111,90,114,46,41,0,0,112,240,,,50,7,101,96,44,66,,,60,79,126,74,122,106,80,124,51,30,55,88,19,56,31,3,40,50,21,40,35,27,0,24,16,0,0,3,16,54,47,58,39,0,0,36,31,,,0,0,64,50,,,51,66,,,46,67,18,23
2020-02-22,,103,94,123,6,48,87,118,114,47,60,0,0,137,143,,,51,9,285,220,74,142,,,44,84,183,133,237,219,77,107,25,22,92,76,9,46,14,6,127,129,175,176,78,46,0,40,33,148,194,0,0,131,136,97,100,0,0,62,59,,,0,0,253,184,,,207,292,,,196,269,28,73
2020-02-23,,144,73,95,0,62,85,57,56,25,31,0,0,39,106,,,37,6,90,68,21,32,,,32,89,67,48,67,51,57,91,15,15,7,9,7,24,17,4,35,35,41,37,25,29,0,17,15,0,2,0,0,25,20,39,21,0,0,30,23,,,0,0,63,50,,,47,68,,,28,35,10,28
2020-02-24,,107,108,94,2,105,132,160,180,85,63,0,0,141,179,,,86,20,187,150,72,79,,,64,96,283,181,237,211,100,134,34,45,77,75,32,69,15,53,92,80,59,73,77,37,0,21,24,142,177,6,23,84,98,70,55,0,0,43,30,,,0,0,83,57,,,86,111,,,72,112,0,0
2020-02-25,,110,96,0,3,72,122,146,166,65,56,0,0,154,126,,,62,17,116,118,31,54,,,73,91,268,173,198,192,89,96,32,35,60,66,23,51,22,3,75,54,30,42,55,35,0,21,24,95,127,10,22,74,69,79,35,0,0,34,35,,,0,0,54,35,,,59,85,,,41,65,7,24
2020-02-26,,115,133,0,4,75,162,154,173,66,70,0,0,145,124,,,89,20,178,144,71,92,,,87,63,254,149,196,197,101,112,46,40,60,66,29,66,15,13,90,90,37,60,76,57,0,30,26,125,165,7,14,82,85,95,59,0,0,61,38,,,0,0,85,50,,,61,88,,,47,87,11,39
2020-02-27,,128,147,0,12,64,147,141,165,78,60,0,0,139,123,,,75,2,151,129,58,71,,,67,73,238,164,190,195,109,113,57,47,52,63,28,48,11,7,74,64,48,73,63,42,0,32,35,130,155,11,20,95,75,79,46,0,0,55,36,,,0,0,70,58,,,76,105,,,52,98,3,13
2020-02-28,,89,82,0,50,76,123,112,133,81,74,0,0,0,0,,,54,24,124,93,53,62,,,70,115,166,121,136,133,72,92,32,34,51,59,45,73,11,12,49,50,38,54,48,38,0,13,18,72,103,2,13,52,53,69,32,0,0,38,26,,,0,0,61,33,,,45,61,,,33,60,12,34
2020-02-29,,96,78,0,21,48,75,69,82,17,16,0,0,0,0,,,35,3,121,125,44,50,,,36,76,69,82,83,84,46,53,12,15,28,42,22,49,17,3,33,32,56,46,39,28,0,18,17,61,82,0,0,42,31,27,34,0,0,50,34,,,0,0,86,65,,,72,76,,,62,93,12,41
2020-03-01,,143,166,0,35,75,119,199,217,54,65,0,0,133,121,,,85,3,404,331,152,183,,,47,77,265,166,330,333,80,89,18,46,88,96,16,34,14,6,170,185,248,222,87,70,0,54,65,234,297,0,0,171,152,162,129,0,0,95,78,,,0,0,328,267,,,405,490,,,286,370,40,65
2020-03-02,,176,163,201,37,69,142,261,316,143,101,0,0,90,28,,,120,1,320,256,46,78,,,99,98,394,245,340,363,151,186,69,113,94,94,33,89,13,9,149,145,104,127,89,62,0,49,58,228,255,12,34,166,146,116,88,0,0,68,66,,,0,0,182,117,,,160,260,,,130,170,18,54
2020-03-03,,85,58,154,18,60,96,84,91,66,46,0,0,7,21,,,39,15,93,76,23,38,,,53,30,138,97,93,95,41,67,26,35,68,87,36,61,18,0,21,28,10,18,28,17,0,18,17,47,58,10,27,29,30,40,20,0,0,25,20,,,0,0,25,18,,,14,14,,,9,15,6,24
2020-03-04,,148,163,243,47,57,104,255,274,98,82,0,0,225,204,,,90,18,276,222,109,128,,,122,72,358,233,281,297,134,163,53,61,70,91,40,70,16,13,106,111,94,107,65,46,0,38,42,0,0,11,29,112,93,93,64,0,0,73,48,,,0,0,146,83,,,99,142,,,91,141,32,49
2020-03-05,,172,182,218,39,73,153,275,303,107,79,0,0,224,230,,,112,26,349,237,61,81,,,100,79,390,265,374,376,132,139,50,52,102,119,23,83,20,5,146,157,110,124,97,64,0,60,67,0,0,16,30,150,148,107,66,0,0,106,80,,,0,0,186,125,,,171,236,,,111,192,24,71
2020-03-06,,117,102,207,46,65,89,164,191,57,33,0,0,167,154,,,94,20,161,129,39,78,,,88,77,249,150,201,202,107,139,39,39,76,98,32,68,26,6,75,64,51,66,45,35,0,26,27,61,85,12,16,75,75,62,37,0,0,51,30,,,0,0,74,49,,,65,102,,,75,103,17,43
2020-03-07,,86,93,140,18,97,92,58,63,20,16,0,0,63,93,,,28,8,90,83,38,52,,,28,63,91,51,77,93,47,73,13,19,27,46,24,32,12,1,37,37,41,54,28,19,0,14,7,73,67,0,0,34,28,43,24,0,0,39,29,,,0,0,87,47,,,71,96,,,68,78,14,39
2020-03-08,,159,196,185,52,38,74,209,246,46,42,0,0,160,171,,,95,6,430,392,195,252,,,69,77,291,169,446,427,81,127,18,32,182,167,19,24,6,2,248,223,313,286,146,64,0,88,81,338,420,0,0,230,210,182,177,0,0,120,73,,,0,0,449,333,,,526,664,,,357,451,45,95
2020-03-09,,136,117,182,43,43,82,229,261,73,65,0,0,228,186,,,122,34,243,190,103,121,,,107,85,364,201,300,299,123,164,44,65,68,93,31,78,22,4,105,90,52,67,55,38,0,45,49,146,177,6,38,112,95,117,61,0,0,57,47,,,0,0,74,50,,,72,111,,,46,82,20,46
2020-03-10,,133,119,187,45,51,116,256,271,81,54,0,0,241,159,,,103,22,234,188,104,117,,,97,93,378,230,323,288,201,174,38,53,79,93,38,68,16,12,123,109,53,65,73,50,0,42,39,152,182,1,24,120,103,96,70,0,0,75,50,,,0,0,80,59,,,69,115,,,65,89,18,45
2020-03-11,,76,65,132,23,69,98,78,73,60,38,0,0,90,82,,,34,16,78,54,14,22,,,49,55,124,98,96,97,43,47,33,22,61,101,35,64,18,1,32,30,7,17,21,14,0,18,11,41,55,0,0,29,24,34,19,0,0,19,15,,,0,0,11,8,,,21,7,,,15,16,10,23
2020-03-12,,168,173,220,46,53,140,282,323,124,136,0,0,261,214,,,136,111,305,229,140,170,,,91,103,393,212,387,372,170,133,55,58,106,115,33,82,14,4,135,129,84,140,79,28,0,53,48,191,256,0,0,152,142,119,87,0,0,97,64,,,0,0,151,90,,,136,196,,,146,178,30,65
2020-03-13,,183,169,189,45,72,148,354,340,147,108,0,0,280,248,,,169,136,406,291,132,175,,,67,66,394,198,451,424,175,192,92,30,114,160,34,68,20,0,167,185,115,157,99,76,0,60,66,213,256,1,0,191,169,169,121,0,0,90,62,,,0,0,197,105,,,222,302,,,133,204,30,62
2020-03-14,,248,275,246,42,90,100,386,428,69,64,0,0,199,167,,,142,97,599,499,171,310,,,74,76,297,176,621,641,103,133,22,46,172,160,10,38,15,8,253,256,442,432,136,51,0,152,137,316,428,0,0,296,274,221,184,0,0,183,115,,,0,0,722,394,,,587,745,,,403,529,55,129
2020-03-15,,252,293,245,41,86,125,394,398,86,93,0,0,213,201,,,156,110,747,639,308,442,,,82,104,417,301,823,836,127,133,28,40,211,186,15,32,9,3,462,422,644,566,216,88,0,184,169,442,661,0,0,394,416,325,344,0,0,183,145,,,0,0,1074,786,,,889,1013,,,571,739,3,12
2020-03-16,,179,184,279,65,101,151,436,465,137,124,0,0,332,259,,,181,161,481,386,91,69,,,103,110,549,269,578,603,189,202,49,93,107,115,46,93,28,7,238,220,215,224,114,62,0,93,100,257,324,6,4,235,206,221,158,0,0,123,98,,,0,0,319,190,,,284,374,,,173,259,0,0
2020-03-17,,202,240,323,57,99,136,386,438,145,160,0,0,241,214,,,166,128,527,410,223,280,,,74,122,490,257,584,596,179,173,53,59,115,130,29,78,14,3,219,211,260,233,91,63,0,140,105,244,359,0,0,252,258,201,140,0,0,144,112,,,0,0,405,198,,,292,356,,,162,274,29,55
2020-03-18,,275,291,363,76,59,110,515,543,158,145,0,0,312,230,,,194,122,776,627,80,51,,,95,126,666,343,783,827,225,216,57,70,201,218,25,72,26,4,394,315,499,461,123,57,0,195,180,460,599,0,0,435,435,370,280,0,0,232,191,,,0,0,682,398,,,623,808,,,404,597,4,9
2020-03-19,,249,277,275,55,89,181,404,474,123,135,0,0,230,185,,,193,119,585,452,298,378,,,110,98,595,278,663,652,204,167,49,55,146,185,30,98,10,5,302,302,320,313,143,46,0,151,139,389,507,0,0,363,374,241,184,0,0,151,115,,,0,0,483,261,,,443,525,,,296,403,0,0
2020-03-20,,146,162,107,34,91,158,299,360,121,126,0,0,214,161,,,141,103,499,407,164,253,,,78,98,435,193,502,503,145,125,53,66,126,136,20,71,15,5,262,272,294,284,109,59,0,102,101,282,421,0,0,300,281,216,175,0,0,141,97,,,0,0,379,161,,,427,502,,,238,395,0,0
2020-03-21,,91,95,0,11,70,83,77,101,34,31,0,0,44,62,,,43,22,127,114,52,68,,,11,48,74,37,89,95,42,57,13,8,28,24,11,31,10,0,47,39,43,60,23,15,0,18,20,29,52,0,0,24,36,62,40,0,0,62,34,,,0,0,88,57,,,60,66,,,33,43,0,0
2020-03-22,,132,151,0,16,67,99,116,145,48,41,0,0,95,66,,,78,41,201,168,82,108,,,21,36,120,60,192,181,56,55,9,14,39,44,9,12,18,2,100,104,144,114,47,36,0,41,36,93,140,0,0,112,101,115,74,0,0,89,55,,,0,0,206,118,,,186,215,,,103,160,0,0
2020-03-23,,158,178,0,24,85,128,258,268,71,87,0,0,166,138,,,145,87,323,255,153,170,,,56,61,238,157,350,337,95,111,32,40,70,90,23,66,15,1,114,102,133,105,81,38,0,83,68,114,176,0,0,136,124,167,86,0,0,97,86,,,0,0,213,113,,,167,204,,,70,107,9,29
2020-03-24,,173,179,187,24,56,103,268,302,101,93,0,0,201,180,,,129,242,391,289,150,169,,,54,91,301,160,367,373,138,167,35,39,91,116,15,89,17,2,149,158,187,166,103,57,0,73,65,152,221,0,5,153,138,179,103,0,0,114,71,,,0,0,273,141,,,250,309,,,105,171,24,67
2020-03-25,,185,217,209,32,55,101,310,325,116,139,0,0,196,152,,,125,55,361,309,150,229,,,59,88,356,206,419,423,147,148,27,33,106,120,24,83,34,1,188,164,205,142,113,71,0,70,72,226,293,0,11,209,212,175,116,0,0,109,88,,,0,0,290,173,,,267,330,,,113,187,25,59
2020-03-26,,165,172,194,32,37,93,276,331,83,89,0,0,223,156,,,151,30,389,311,113,193,,,67,68,377,167,427,462,141,170,42,38,73,87,24,102,17,7,197,174,148,148,136,79,0,84,72,210,304,0,2,214,161,226,148,0,0,105,82,,,0,0,286,147,,,260,324,,,130,223,25,62
2020-03-27,,259,278,264,54,66,115,478,524,113,162,0,0,296,224,,,220,199,824,665,41,43,,,96,95,566,333,792,800,207,242,45,58,239,225,18,116,16,13,413,403,590,490,189,154,0,209,183,440,618,0,4,416,415,381,323,0,0,230,192,,,0,0,856,450,,,708,916,,,487,607,66,160
2020-03-28,,290,294,261,61,89,142,486,609,77,112,0,0,307,229,,,215,154,987,919,531,696,,,78,92,494,238,1060,1042,139,195,36,38,272,244,21,33,15,5,610,575,914,782,239,217,0,341,266,580,816,0,0,643,637,684,513,0,0,366,334,,,0,0,1245,699,,,1258,1467,,,893,1134,92,216
2020-03-29,,181,191,154,33,64,103,171,219,57,70,0,0,134,72,,,96,72,322,333,117,208,,,33,39,205,98,331,320,88,94,17,28,102,82,8,6,12,0,202,162,232,198,122,74,0,122,97,166,278,0,0,168,158,228,163,0,0,151,106,,,0,0,299,194,,,449,451,,,223,332,0,0
2020-03-30,,161,171,194,40,73,103,257,271,116,123,0,0,189,119,,,101,102,266,230,120,150,,,37,66,247,113,343,329,108,124,37,39,72,82,24,56,19,3,141,124,106,101,95,71,0,88,80,133,167,0,2,126,117,131,85,0,0,59,71,,,0,0,170,90,,,177,216,,,94,125,22,46
2020-03-31,,131,135,221,33,47,118,202,234,74,85,0,0,164,122,,,73,100,230,165,104,108,,,51,46,217,115,252,254,113,97,25,23,48,66,28,49,38,1,109,87,69,63,44,39,0,52,39,102,141,0,7,102,90,95,54,0,0,62,48,,,0,0,103,74,,,95,115,,,48,90,16,45
2020-04-01,,251,274,293,64,83,141,338,373,141,132,0,0,258,184,,,148,146,439,348,179,254,,,69,95,391,244,508,499,180,168,27,45,163,144,20,80,17,3,221,209,205,210,124,91,0,112,110,233,335,2,14,208,201,176,146,0,0,150,121,,,0,0,351,226,,,323,443,,,192,284,50,85
2020-04-02,,284,302,347,70,105,133,458,456,146,121,0,0,280,191,,,183,186,728,576,367,471,,,78,130,559,309,688,713,199,207,40,45,212,207,27,81,29,3,394,346,436,404,155,130,0,163,144,372,532,1,13,387,354,336,249,0,0,224,170,,,0,0,621,394,,,551,711,,,342,474,59,136
2020-04-03,,152,175,247,58,73,120,313,316,114,123,0,0,182,174,,,108,127,345,266,136,198,,,66,105,345,194,368,366,165,185,44,44,84,87,21,103,26,5,166,169,117,125,116,68,0,100,76,189,276,0,6,195,198,183,134,0,0,117,78,,,0,0,204,136,,,177,262,,,118,162,23,69
2020-04-04,,232,270,202,48,112,113,290,374,121,110,0,0,216,139,,,153,113,608,540,404,495,,,50,80,383,145,667,656,97,173,30,39,213,182,18,27,9,7,353,337,460,448,255,166,0,215,169,357,529,0,0,314,341,407,312,0,0,207,192,,,0,0,757,465,,,693,869,,,488,611,68,188
2020-04-05,,345,370,298,40,111,129,569,689,118,129,0,0,338,228,,,271,191,1087,997,686,896,,,71,112,582,394,1405,1339,210,238,39,49,418,373,20,23,17,1,676,642,1042,810,331,254,0,418,362,748,1035,0,0,729,737,747,772,0,0,413,394,,,0,0,1428,912,,,1458,1731,,,1115,1378,97,277
2020-04-06,,381,398,371,98,120,188,597,633,164,166,0,0,367,269,,,240,233,928,720,534,655,,,128,109,780,461,1045,1005,294,320,48,67,279,287,24,89,15,3,475,498,611,568,195,122,0,287,244,493,731,2,24,532,520,440,372,0,0,242,246,,,0,0,911,699,,,929,1189,,,537,691,75,179
2020-04-07,,475,513,409,102,115,166,730,799,191,194,0,0,501,329,,,285,237,1221,979,651,827,,,121,146,998,497,1334,1268,296,336,61,83,403,362,37,91,13,6,689,610,872,789,191,128,0,336,330,657,961,7,30,704,670,617,526,0,0,376,318,,,0,0,1290,633,,,1315,1591,,,692,1041,73,227
2020-04-08,,515,542,387,95,117,176,759,850,220,202,0,0,471,325,,,289,290,1192,954,318,547,,,148,163,929,525,1442,1366,327,390,62,77,344,342,39,104,23,14,649,626,863,771,180,132,0,315,327,662,937,6,33,717,649,637,475,0,0,362,312,,,0,0,1358,716,,,1254,1504,,,759,1094,89,252
2020-04-09,,436,465,321,95,117,191,658,776,200,205,0,0,404,292,,,279,270,1096,887,571,740,,,145,122,908,410,1240,1209,356,346,79,78,315,334,34,79,24,10,651,568,562,651,237,143,0,314,310,597,892,8,36,656,672,541,417,0,0,340,305,,,0,0,1156,537,,,1192,1373,,,709,981,79,234
2020-04-10,,443,472,315,72,119,176,652,718,139,146,0,0,373,247,,,285,241,1125,1030,788,956,,,98,137,745,330,1385,1396,224,316,50,50,377,375,29,33,11,14,751,676,984,810,384,246,0,432,384,665,945,0,0,813,808,804,619,0,0,465,413,,,0,0,1519,830,,,1615,2004,,,1121,1476,84,325
2020-04-11,,501,446,377,61,132,148,631,746,133,115,0,0,298,246,,,295,216,1197,1051,752,894,,,74,110,642,327,1393,1417,203,293,35,47,390,385,19,28,19,21,721,647,1227,959,328,205,0,500,418,712,940,0,0,800,806,777,633,0,0,445,384,,,0,0,1716,965,,,1711,2102,,,1205,1419,114,303
2020-04-12,,452,442,351,69,145,175,722,878,153,133,0,0,437,303,,,320,259,1262,1070,884,1061,,,87,128,740,403,1603,1565,225,293,40,54,390,359,21,25,6,9,791,714,1060,991,200,131,0,487,496,733,1051,0,0,817,910,816,772,0,0,461,397,,,0,0,1787,1140,,,1715,2082,,,1293,1449,109,305
2020-04-13,,209,216,195,33,112,111,230,292,83,118,0,0,160,128,,,123,88,382,362,257,313,,,27,53,260,121,496,397,123,128,32,39,139,163,8,13,33,5,227,226,322,261,179,108,0,139,118,216,312,0,0,255,261,258,182,0,0,152,109,,,0,0,376,182,,,585,606,,,329,393,33,95
2020-04-14,,185,215,231,56,106,168,307,378,126,126,0,0,230,176,,,130,131,362,284,134,161,,,64,86,340,153,454,428,157,147,44,45,75,98,23,99,39,1,186,164,127,125,126,85,0,104,80,201,231,13,40,183,182,184,120,0,0,113,90,,,0,0,176,88,,,248,272,,,137,188,15,59
2020-04-15,,432,476,346,132,116,165,594,701,202,198,0,0,353,302,,,240,225,867,670,494,593,,,122,115,176,103,921,927,240,259,51,68,242,223,27,100,16,0,422,393,518,502,220,150,0,251,199,415,655,10,50,452,455,331,283,0,0,280,190,,,0,0,760,422,,,704,941,,,424,578,81,168
2020-04-16,,578,606,443,197,213,131,908,1006,208,213,0,0,530,429,,,200,334,1412,1127,841,1054,,,142,211,0,0,1662,1584,376,455,71,78,409,402,44,106,19,9,812,757,828,906,154,146,0,394,385,773,1086,18,48,797,837,709,606,0,0,404,335,,,0,0,1562,818,,,1557,1879,,,953,1210,131,336
2020-04-17,,547,605,341,198,61,72,816,903,214,187,0,0,533,364,,,373,290,1278,1011,765,939,,,148,177,0,0,1523,1513,350,379,125,173,330,397,43,71,25,11,690,649,895,762,274,171,0,370,324,684,1018,1,21,744,798,365,325,0,0,390,294,,,0,0,1332,1134,,,1366,1678,,,812,1097,12,17
2020-04-18,,579,620,488,106,111,92,840,1007,137,172,0,0,465,384,,,394,324,1685,1497,1039,1346,,,172,166,0,0,1976,1896,236,329,41,60,573,471,19,53,21,15,1037,929,1539,1332,313,211,0,543,507,978,1374,0,0,1175,1141,1168,1055,0,0,534,444,,,0,0,2350,1961,,,2275,2773,,,1805,2114,0,0
2020-04-19,,380,420,193,59,176,88,444,542,113,113,0,0,229,137,,,204,209,825,721,526,619,,,60,130,0,0,948,919,144,221,25,42,251,232,22,21,15,11,444,360,702,584,260,153,0,252,279,464,602,0,0,483,489,573,448,0,0,276,240,,,0,0,961,936,,,1039,1189,,,606,739,0,0
2020-04-20,,427,462,405,108,130,91,675,771,205,218,0,0,496,344,,,272,259,902,751,524,692,,,133,130,84,0,1142,1114,289,299,66,72,239,217,39,107,14,5,433,421,588,502,331,231,0,310,274,487,634,4,13,535,500,461,381,0,0,288,223,,,0,0,852,695,,,881,1035,,,456,558,0,0
2020-04-21,0,521,525,408,114,168,67,757,884,226,219,0,0,453,385,,,301,270,913,781,553,743,,,104,173,648,293,1349,1278,266,347,50,65,286,272,24,95,11,15,582,546,763,598,359,239,0,285,277,601,819,0,14,597,540,565,446,0,0,302,247,,,0,0,953,743,,,1101,1332,,,588,764,50,166
2020-04-22,,573,607,497,137,228,102,840,925,321,287,0,0,540,418,,,310,311,1169,1017,669,854,,,167,211,1112,635,1610,1496,326,445,60,92,400,364,40,96,9,3,746,672,565,431,382,274,0,363,364,746,974,0,0,768,681,647,500,0,0,389,328,,,0,0,1231,1056,,,1325,1557,,,768,1073,94,247
2020-04-23,,597,660,536,179,238,124,904,1115,278,266,0,0,545,451,,,336,333,1375,1148,814,938,,,174,214,1130,578,1722,1640,342,376,76,74,400,363,27,100,11,6,801,762,1080,896,323,252,0,377,372,815,1094,0,0,871,835,787,592,0,0,441,349,,,0,0,1456,1326,,,1546,1831,,,898,1105,100,251
2020-04-24,,205,218,244,113,88,89,534,652,207,223,0,0,421,380,,,327,346,508,361,460,581,,,83,122,734,297,1491,1442,206,201,63,77,213,236,27,92,24,22,695,572,363,330,325,205,0,348,303,602,683,0,0,561,511,455,441,0,0,154,122,,,0,0,472,412,,,673,797,,,500,829,39,101
2020-04-25,,338,346,295,200,200,114,529,598,104,125,0,0,386,224,,,239,194,854,730,572,621,,,103,105,506,243,1071,1043,209,245,18,42,294,245,15,42,10,39,457,425,394,379,257,210,0,245,192,439,729,0,0,526,515,518,456,0,0,210,191,,,0,0,958,791,,,1077,1223,,,669,986,62,149
2020-04-26,,486,529,329,211,248,97,769,934,160,122,0,0,439,311,,,320,250,1363,1253,972,1134,,,114,153,844,447,1787,1581,213,313,24,41,562,490,19,31,12,12,894,777,1438,1108,407,255,0,472,397,824,1155,0,0,849,936,909,838,0,0,454,437,,,0,0,1856,1709,,,1976,2150,,,1475,1570,121,328
2020-04-27,,553,568,448,431,199,105,923,1026,268,249,0,0,547,431,,,324,309,1225,1003,759,918,,,136,179,1141,572,1618,1508,337,373,58,73,338,333,53,136,10,10,737,728,916,767,238,184,0,386,363,697,999,0,0,706,683,325,340,0,0,378,316,,,0,0,1281,1247,,,1357,1503,,,734,949,78,248
2020-04-28,,579,617,576,487,205,114,889,994,276,242,0,0,579,458,,,364,348,1426,1097,846,1030,,,182,226,1375,693,1774,1611,413,448,81,94,342,312,37,100,24,18,760,715,1012,796,324,218,0,397,358,782,1119,0,0,831,867,678,556,0,0,404,295,,,0,0,1335,1351,,,1347,1493,,,820,1045,96,233
2020-04-29,,295,284,0,455,160,95,451,516,150,151,0,0,356,296,,,244,205,568,474,293,347,,,107,141,514,316,671,608,218,259,54,70,140,172,46,95,22,6,239,216,270,271,156,117,0,151,142,248,362,0,0,241,250,331,235,0,0,166,132,,,0,0,369,363,,,359,356,,,196,307,34,94
2020-04-30,,364,353,0,137,269,88,656,729,205,195,0,0,505,376,,,337,305,974,769,548,678,,,154,160,996,493,1080,1110,274,327,71,72,237,272,42,90,20,11,444,445,573,488,318,195,0,247,230,547,742,0,0,541,516,459,363,0,0,245,195,,,0,0,727,731,,,664,942,,,420,629,76,173
2020-05-01,,389,402,0,204,263,83,607,749,124,116,0,0,348,244,,,329,239,1008,912,683,819,,,86,132,780,402,1439,1424,171,231,34,53,392,342,22,57,19,1,669,605,948,794,375,221,0,292,288,635,816,0,0,673,609,415,351,0,0,309,236,,,0,0,1347,1293,,,1371,1664,,,911,1106,99,249
2020-05-02,,233,249,0,279,127,130,314,395,89,86,0,0,216,133,,,199,118,580,558,379,478,,,62,101,444,212,937,879,153,162,22,21,177,153,16,29,18,0,397,417,473,481,253,144,0,162,159,374,501,0,0,381,426,347,339,0,0,187,137,,,0,0,707,621,,,890,1027,,,617,619,55,137
2020-05-03,,376,401,0,230,118,128,394,486,124,125,0,0,245,211,,,201,184,869,763,481,605,,,79,93,519,283,963,879,147,204,14,26,301,315,18,17,9,0,449,358,753,649,253,198,0,241,240,532,616,0,0,539,539,462,395,0,0,264,188,,,0,0,960,957,,,948,1023,,,728,815,71,164
2020-05-04,,321,374,0,512,129,200,622,755,186,199,0,0,457,311,,,294,272,844,668,414,517,,,146,172,1029,458,1026,1001,303,365,59,75,186,234,44,0,28,1,419,428,383,325,203,161,0,240,209,500,627,0,0,453,482,341,275,0,0,235,153,,,0,0,505,494,,,647,791,,,369,463,72,146
2020-05-05,,335,375,249,570,161,209,637,774,195,162,0,0,481,330,,,254,270,696,599,376,496,,,141,195,815,464,979,906,309,333,51,77,155,144,49,0,20,19,393,371,356,316,192,151,0,187,174,486,557,36,38,454,387,328,249,0,0,200,139,,,0,0,487,411,,,495,625,,,290,395,43,79
2020-05-06,,341,408,368,311,114,169,696,802,234,190,0,0,528,382,,,284,68,850,735,438,622,,,147,185,857,410,1142,1095,358,354,63,71,205,233,48,70,38,25,494,468,502,455,246,185,0,261,229,531,676,167,238,508,461,456,322,0,0,238,177,,,0,0,613,565,,,633,823,,,385,521,57,141
2020-05-07,,508,528,485,751,159,208,782,949,244,217,0,0,539,433,,,391,332,1143,968,623,792,,,143,176,1093,490,1530,1467,355,417,62,53,357,357,33,116,27,14,692,618,760,685,180,192,0,318,265,757,966,187,269,815,758,573,440,0,0,347,272,,,0,0,1091,790,,,1122,1495,,,680,883,82,171
2020-05-08,,470,489,466,306,176,171,804,982,145,136,0,0,418,331,,,350,305,1532,1364,903,1076,,,125,184,875,435,1885,1945,249,301,36,51,575,490,24,55,16,12,906,764,1441,1324,137,149,0,440,360,872,1220,47,86,1031,1002,802,721,0,0,419,331,,,0,0,2079,1787,,,2006,2591,,,1581,1869,121,313
2020-05-09,,401,381,477,317,133,157,582,751,119,118,0,0,359,285,,,323,245,1178,1091,687,826,,,115,165,708,355,1702,1633,185,248,18,51,478,441,23,32,20,14,724,662,1256,1063,132,170,0,387,328,756,1138,20,62,843,827,680,463,0,0,353,307,,,0,0,1772,1707,,,1842,2147,,,1336,1720,81,332
2020-05-10,,304,305,307,121,108,134,369,415,123,104,0,0,240,175,,,167,137,738,680,451,564,,,62,103,516,312,1021,906,119,147,21,39,212,181,26,25,23,11,435,373,599,551,84,130,0,221,218,521,655,25,75,454,473,180,43,0,0,249,202,,,0,0,983,929,,,1005,1121,,,732,795,15,38
2020-05-11,,116,132,221,36,92,143,242,286,117,97,0,0,203,107,,,119,102,276,249,119,124,,,49,123,341,236,406,298,158,193,54,56,79,113,24,91,16,6,116,117,114,116,45,64,0,67,60,175,190,136,216,173,133,68,17,0,0,78,56,,,0,0,127,101,,,133,132,,,76,112,6,11
2020-05-12,,402,429,353,58,167,250,634,729,245,208,0,0,542,377,,,282,286,726,613,369,502,,,126,172,782,443,1024,978,293,320,41,65,199,190,33,98,30,6,358,350,921,882,221,171,0,216,205,441,570,170,241,388,389,337,231,0,0,227,170,,,0,0,564,500,,,606,776,,,305,459,57,131
2020-05-13,,310,330,415,56,142,208,681,746,200,206,0,0,435,328,,,284,245,799,654,381,490,,,143,198,878,440,1000,916,341,378,67,81,250,235,33,106,27,5,411,410,866,897,198,154,0,208,223,515,649,174,250,475,441,231,150,0,0,236,162,,,0,0,551,522,,,538,621,,,298,436,57,113
2020-05-14,,299,320,409,72,153,223,572,637,240,199,0,0,430,300,,,261,277,710,571,387,460,,,136,174,734,390,864,798,331,306,55,74,208,221,30,107,30,15,359,324,844,843,118,130,0,183,182,396,497,174,250,383,362,165,52,0,0,180,109,,,0,0,504,466,,,438,549,,,307,421,51,111
2020-05-15,,333,363,421,74,180,202,604,751,241,210,0,0,499,327,,,300,276,787,683,448,553,,,157,207,759,371,1004,989,353,310,59,72,192,232,28,146,32,9,474,407,972,965,176,172,0,217,183,521,690,147,218,523,509,291,211,0,0,218,172,,,0,0,625,541,,,630,830,,,388,574,62,105
2020-05-16,,14,11,21,0,8,9,756,901,156,143,0,0,246,215,,,356,272,25,10,425,992,,,5,2,199,13,1814,1670,7,12,35,72,462,531,1,11,1,0,895,813,2944,2981,168,197,0,449,375,1016,1303,0,0,1001,968,458,429,0,0,2,11,,,0,0,15,10,,,1745,2152,,,1472,1842,3,1
2020-05-17,,0,0,0,0,0,0,807,927,141,113,0,0,305,245,,,369,319,0,0,868,1050,,,0,0,200,0,2016,1768,0,0,21,52,520,530,0,0,0,0,935,863,2879,3093,219,286,0,471,508,971,1288,0,0,985,1002,754,862,0,0,0,0,,,0,0,0,0,,,2171,2590,,,1642,1781,0,0
2020-05-18,,608,618,420,105,178,237,1032,1183,268,230,0,0,654,435,,,379,360,1253,1034,813,1019,,,208,279,1394,686,1838,1750,437,501,74,112,349,368,33,96,25,15,778,689,1855,1992,90,68,0,400,349,831,1051,161,224,801,783,596,474,0,0,326,291,,,0,0,1177,1133,,,1162,1540,,,683,956,105,188
2020-05-19,,607,647,408,102,190,284,1143,1334,349,322,0,0,693,512,,,461,407,1591,1186,825,1021,,,247,289,1676,835,1994,1872,516,572,88,113,419,423,46,64,17,12,876,828,1814,1965,164,197,0,364,344,923,1152,181,269,909,852,650,390,0,0,400,318,,,0,0,1282,909,,,1179,1602,,,742,1035,89,172
2020-05-20,,511,572,419,95,139,247,1010,1163,339,331,0,0,592,426,,,394,357,1167,929,664,821,,,195,265,1284,695,1566,1464,497,513,85,91,321,304,52,73,21,1,667,605,1296,1404,188,176,0,310,294,754,982,187,256,709,680,305,129,0,0,345,246,,,0,0,851,757,,,826,1072,,,522,737,92,164
2020-05-21,,619,589,483,103,203,276,1089,1270,349,319,0,0,720,494,,,474,413,1392,1144,783,993,,,220,232,1465,764,1837,1754,473,605,79,105,370,409,39,53,15,0,778,723,1759,1946,166,187,0,380,388,890,1140,196,272,852,787,257,75,0,0,422,362,,,0,0,1178,1028,,,1216,1574,,,754,1036,102,234
2020-05-22,,464,478,357,111,125,232,831,974,256,230,0,0,490,353,,,335,329,1248,937,678,797,,,189,225,1343,690,1457,1476,415,450,62,84,323,339,38,67,15,11,733,663,1588,1377,51,27,0,305,254,794,1028,146,234,766,698,262,44,0,0,275,259,,,0,0,1092,1000,,,989,1392,,,633,943,108,213
2020-05-23,,116,122,137,20,78,83,135,153,44,37,0,0,95,69,,,65,59,195,173,107,158,,,30,66,169,111,237,243,49,65,12,22,75,81,16,16,6,1,67,61,302,296,21,38,0,36,30,90,129,25,49,75,83,61,7,0,0,65,43,,,0,0,185,165,,,140,176,,,108,133,26,31
2020-05-24,,327,282,228,67,178,157,515,608,144,107,0,0,282,143,,,225,173,912,852,483,638,,,96,96,609,337,1169,1105,140,218,19,38,292,305,14,8,13,15,535,500,1641,1683,108,150,0,254,248,621,833,50,85,608,620,223,45,0,0,265,212,,,0,0,1152,958,,,1175,1303,,,127,489,85,165
2020-05-25,,204,248,281,52,122,185,515,598,202,172,0,0,362,233,,,221,192,464,408,285,331,,,118,142,519,292,616,629,266,264,41,74,132,118,27,35,27,8,236,217,377,356,78,73,0,127,128,293,335,174,276,238,242,157,73,0,0,141,87,,,0,0,183,149,,,171,232,,,121,198,19,47
2020-05-26,,489,437,367,91,154,256,918,1029,251,251,0,0,684,423,,,397,353,1057,840,590,740,,,189,219,1079,573,1421,1256,435,408,61,84,273,265,35,104,33,13,559,510,1208,1244,125,121,0,277,262,606,812,178,264,602,526,599,401,0,0,286,222,,,0,0,686,523,,,820,939,,,415,559,53,101
2020-05-27,,574,610,494,148,191,317,1216,1366,340,328,0,0,818,552,,,502,426,1560,1254,855,1085,,,229,208,1557,805,1930,1812,526,581,90,91,395,407,35,69,19,6,886,818,2007,2136,101,114,0,377,374,1000,1281,168,227,911,872,818,618,0,0,403,342,,,0,0,1379,1122,,,1343,1611,,,819,1043,100,201
2020-05-28,,227,235,319,37,117,197,397,481,190,191,0,0,346,232,,,206,215,453,372,258,310,,,120,137,527,263,567,539,197,273,35,45,123,156,28,88,21,5,222,214,391,387,83,309,0,125,122,224,298,176,250,174,200,222,141,0,0,138,107,,,0,0,210,182,,,297,349,,,142,236,28,47
2020-05-29,,458,369,489,58,195,282,818,1057,260,222,0,0,557,391,,,349,310,1120,992,653,843,,,176,227,1073,522,1361,1309,351,410,63,70,272,277,35,98,22,24,564,557,1531,1621,93,120,0,324,310,656,889,151,238,717,620,616,406,0,0,301,276,,,0,0,872,613,,,997,1266,,,587,747,59,100
2020-05-30,,384,331,433,37,184,230,688,844,103,106,0,0,362,248,,,294,241,1135,1032,656,847,,,134,137,680,383,1491,1403,209,274,31,48,363,429,18,37,18,10,668,643,2230,2190,181,211,0,329,310,679,983,73,104,774,710,737,637,0,0,356,270,,,0,0,1458,947,,,1565,1743,,,1087,1437,82,144
2020-05-31,,225,203,233,32,59,149,219,241,78,71,0,0,136,106,,,99,99,348,295,206,262,,,37,57,302,137,420,375,135,108,11,17,116,114,10,20,22,3,156,136,468,535,41,107,0,95,80,153,223,45,67,183,189,170,129,0,0,120,93,,,0,0,353,307,,,328,332,,,227,231,41,87
2020-06-01,,602,531,663,85,173,341,1082,1271,354,341,0,0,688,467,,,446,401,1360,1123,838,1037,,,224,237,1451,701,1740,1656,480,503,93,111,342,350,50,103,26,15,704,629,1886,1927,732,2389,0,367,323,767,1087,185,278,786,728,695,548,0,0,349,275,,,0,0,1159,842,,,1166,1413,,,663,938,54,92
2020-06-02,,398,393,567,112,167,277,1026,1164,283,255,0,0,697,451,,,446,357,1210,954,609,789,,,216,172,1458,732,1665,1471,470,501,69,115,294,310,40,115,10,10,708,657,1289,1346,216,451,0,263,269,815,992,180,272,800,678,613,464,0,0,310,227,,,0,0,771,643,,,833,972,,,497,761,63,149
2020-06-03,,468,486,566,119,163,273,996,1155,238,250,0,0,693,436,,,423,313,1281,962,709,910,,,245,177,1340,836,1515,1452,454,528,73,87,292,263,35,74,8,5,717,593,1418,1278,1138,3071,0,340,325,684,881,189,270,698,604,552,429,0,0,308,257,,,0,0,868,791,,,798,952,,,459,713,82,134
2020-06-04,,345,341,455,68,131,208,739,810,246,223,0,0,521,311,,,290,245,796,604,418,507,,,165,189,1011,600,993,920,354,348,50,71,224,243,53,76,27,11,436,377,702,741,127,1815,0,207,169,450,569,187,267,444,395,349,253,0,0,233,184,,,0,0,411,396,,,470,578,,,272,394,52,134
2020-06-05,,242,248,362,56,123,172,520,581,216,176,0,0,325,252,,,249,211,496,410,308,391,,,126,154,726,422,704,703,282,289,33,58,125,124,56,79,24,2,296,276,589,546,168,873,0,150,109,292,449,158,240,304,280,222,201,0,0,133,116,,,0,0,348,325,,,337,451,,,210,396,43,103
2020-06-06,,214,280,307,50,89,119,382,462,86,116,0,0,216,110,,,193,102,666,555,389,430,,,96,92,484,250,743,777,142,166,20,25,254,206,18,35,14,1,424,373,1062,978,233,1635,0,182,187,422,618,38,71,443,431,380,280,0,0,186,178,,,0,0,754,603,,,660,824,,,518,677,76,163
2020-06-07,,251,297,258,35,85,160,347,410,112,90,0,0,195,139,,,148,142,616,600,392,529,,,57,85,412,259,717,643,115,140,9,19,184,192,19,25,10,0,340,280,1079,1162,1389,8127,0,210,178,328,458,58,79,331,282,348,310,0,0,217,194,,,0,0,742,656,,,808,821,,,419,524,36,98
2020-06-08,,432,412,449,100,125,266,861,968,252,289,0,0,499,422,,,351,316,1064,776,596,671,,,177,198,1206,803,1175,1122,372,430,67,85,182,200,34,96,16,3,488,447,1060,1143,783,7237,0,231,234,580,721,170,255,544,528,489,334,0,0,243,188,,,0,0,634,601,,,582,718,,,371,530,51,120
2020-06-09,,460,381,483,100,165,246,914,1121,326,253,0,0,580,424,,,396,332,1184,943,633,752,,,193,173,1312,1132,1349,1268,422,480,62,82,231,284,45,115,17,10,585,550,1325,1396,461,18856,0,297,280,705,895,186,276,706,608,577,403,0,0,283,232,,,0,0,758,689,,,765,942,,,414,534,69,139
2020-06-10,,175,168,335,47,88,196,370,460,170,151,0,0,282,186,,,173,164,373,294,199,181,,,122,127,524,422,443,393,205,204,38,50,113,117,45,90,14,3,131,136,277,303,131,180,0,116,76,185,236,182,299,165,147,194,137,0,0,108,69,,,0,0,123,124,,,111,118,,,73,96,22,40
2020-06-11,,377,384,418,81,136,228,732,798,271,263,0,0,564,348,,,359,271,962,737,500,643,,,157,179,1072,934,999,1010,253,349,45,70,405,369,46,94,24,6,458,408,1191,1172,95,2257,0,253,237,511,773,191,305,492,455,370,328,0,0,278,214,,,0,0,748,688,,,653,874,,,403,671,56,181
2020-06-12,,382,352,404,81,114,267,988,1151,207,156,0,0,602,419,,,474,361,1197,896,688,847,,,148,124,1364,1021,1580,1571,324,457,72,91,327,337,34,49,12,0,690,679,1836,1867,165,965,0,357,323,731,1117,153,231,792,710,561,480,0,0,273,221,,,0,0,1096,942,,,1135,1546,,,673,1010,72,179
2020-06-13,,301,264,362,53,148,211,545,636,145,98,0,0,318,183,,,246,151,1010,829,544,626,,,93,126,899,798,1228,1208,167,227,11,15,259,304,24,62,29,22,544,584,1782,1710,262,5846,0,314,254,587,809,38,106,646,564,563,503,0,0,280,282,,,0,0,1160,1056,,,1166,1467,,,917,1201,75,147
2020-06-14,,157,106,232,24,89,135,155,157,50,38,0,0,109,84,,,65,38,220,198,143,152,,,25,109,270,205,292,254,66,105,5,9,58,60,14,25,7,0,93,76,281,274,186,5262,0,54,59,143,180,26,72,102,120,98,75,0,0,74,59,,,0,0,164,160,,,199,232,,,196,190,34,63
2020-06-15,,530,540,526,112,181,294,941,1152,204,174,0,0,603,473,,,361,340,1229,1028,719,866,,,139,157,1362,1095,1438,1398,424,453,69,74,336,301,45,112,14,11,561,512,1604,1680,84,85,0,306,283,627,888,172,308,692,623,504,417,0,0,346,298,,,0,0,943,847,,,930,1204,,,540,744,63,131
2020-06-16,,593,541,573,143,184,376,1259,1398,325,258,0,0,795,546,,,493,453,1470,1219,864,1033,,,210,222,1787,1499,1898,1643,532,589,67,106,407,430,69,110,16,26,831,745,2001,2070,130,82,0,373,392,898,1253,193,324,931,825,761,583,0,0,432,334,,,0,0,1246,1106,,,1224,1587,,,713,1020,88,163
2020-06-17,,466,480,591,138,107,287,1049,1180,209,188,0,0,778,458,,,435,387,1272,1033,752,897,,,184,155,1484,1365,1730,1490,464,573,66,112,326,317,46,133,18,8,786,711,1639,1694,117,90,0,340,295,807,1106,195,310,764,703,636,460,0,0,375,290,,,0,0,1009,965,,,981,1231,,,562,828,91,201
2020-06-18,,231,230,418,64,69,158,509,626,122,112,0,0,412,278,,,284,270,434,375,289,322,,,141,73,661,528,604,550,262,256,62,67,125,141,41,95,16,3,234,195,443,466,68,66,0,133,111,241,316,167,313,229,197,265,161,0,0,185,133,,,0,0,245,241,,,164,256,,,136,204,37,56
2020-06-19,,235,199,365,38,68,160,429,484,108,92,0,0,342,206,,,209,153,405,316,195,279,,,104,69,624,519,576,549,212,264,48,39,104,111,29,105,24,7,185,199,417,348,26,18,0,90,76,300,404,161,254,243,242,199,145,0,0,96,77,,,0,0,194,176,,,283,391,,,191,273,40,52
2020-06-20,,107,87,231,11,92,102,82,123,30,20,0,0,95,45,,,60,44,133,115,67,71,,,25,40,136,120,125,140,57,89,8,13,21,23,17,23,5,2,33,36,171,134,8,9,0,44,29,50,88,16,80,36,37,79,51,0,0,43,46,,,0,0,112,109,,,62,76,,,55,75,0,1
2020-06-21,,315,270,298,53,147,178,471,515,118,155,0,0,304,130,,,225,140,895,773,442,568,,,97,97,645,490,899,829,201,236,27,30,235,263,24,44,13,4,400,381,1478,1443,25,21,0,204,212,466,704,63,93,474,464,409,443,0,0,302,237,,,0,0,882,810,,,803,941,,,672,929,0,0
2020-06-22,,530,485,552,131,184,299,1110,1244,246,193,0,0,686,516,,,444,1122,1410,1144,734,942,,,200,226,1477,1070,1627,1548,443,518,55,70,247,251,48,119,25,19,691,624,1760,1838,114,50,0,335,333,792,1089,170,300,802,730,699,473,0,0,410,280,,,0,0,1035,806,,,1071,1402,,,655,904,0,0
2020-06-23,,541,511,529,126,209,310,1265,1482,308,241,0,0,727,517,,,419,403,1435,1239,836,1065,,,227,209,1641,1363,1869,1784,487,572,48,61,307,306,55,112,15,16,860,754,1985,2088,110,76,0,385,372,955,1264,191,323,960,827,771,548,0,0,437,323,,,0,0,1153,987,,,1245,1668,,,822,1153,0,0
2020-06-24,,316,333,407,126,147,270,849,982,262,216,0,0,629,379,,,320,347,863,702,499,626,,,207,139,1116,965,1167,1075,408,456,0,0,145,152,48,116,15,14,512,504,861,883,155,164,0,213,207,600,806,185,319,515,466,463,306,0,0,285,186,,,0,0,489,452,,,553,765,,,427,567,25,62
2020-06-25,,401,360,531,82,166,311,934,1099,206,161,0,0,696,424,,,400,359,1098,872,562,750,,,192,100,1325,1323,1446,1402,396,440,0,0,232,253,58,91,25,2,677,579,1413,1417,221,210,0,300,282,621,974,185,306,691,583,561,465,0,0,360,277,,,0,0,869,792,,,773,1115,,,456,732,76,151
2020-06-26,,338,313,477,64,157,261,711,824,228,172,0,0,450,353,,,315,280,823,666,428,532,,,161,74,1001,902,1090,1073,323,372,0,0,191,190,42,107,12,15,424,411,1054,1125,173,181,0,200,161,467,739,161,255,490,453,456,340,0,0,211,181,,,0,0,686,649,,,603,915,,,411,678,49,111
2020-06-27,,312,300,318,62,190,191,548,682,81,73,0,0,273,241,,,247,191,992,862,549,672,,,107,99,866,722,1257,1306,156,217,0,0,199,225,17,50,12,7,557,514,1778,1771,229,201,0,242,252,642,979,39,111,652,645,657,529,0,0,301,237,,,0,0,1256,1073,,,1178,1605,,,1000,1372,77,210
2020-06-28,,351,335,351,77,192,253,525,603,59,48,0,0,273,191,,,247,171,997,862,455,612,,,98,72,882,648,1265,1141,165,212,0,0,215,242,29,25,5,15,438,400,1675,1844,189,161,0,242,250,479,774,36,95,564,499,652,513,0,0,312,263,,,0,0,1125,992,,,1232,1456,,,855,1143,66,182
2020-06-29,,280,264,371,79,74,196,454,515,97,86,0,0,311,214,,,212,225,514,428,258,344,,,101,84,631,518,652,614,168,219,0,0,152,166,33,95,22,3,227,189,679,756,113,110,0,98,109,265,399,159,268,259,230,260,172,0,0,146,117,,,0,0,456,401,,,420,567,,,218,375,36,58
2020-06-30,,478,432,536,157,190,280,1100,1296,278,234,0,0,723,485,,,432,375,1190,995,739,893,,,244,170,1496,1241,1664,1557,458,509,0,0,179,192,30,119,21,23,784,662,1659,1766,266,275,0,270,262,882,1254,173,310,838,740,708,500,0,0,372,266,,,0,0,1026,862,,,995,1371,,,662,1037,66,139
2020-07-01,,447,476,573,134,205,291,1081,1224,273,220,0,0,729,477,,,483,406,1287,1027,687,912,,,236,126,1611,1318,1765,1619,486,532,171,175,259,279,47,118,18,1,796,716,1710,1812,238,232,0,367,328,880,1200,167,287,846,727,678,504,0,0,342,255,,,0,0,1091,953,,,984,1448,,,713,1052,88,181
2020-07-02,,278,316,427,89,170,248,652,777,178,143,0,0,458,337,,,312,303,713,553,358,459,,,157,69,1010,975,967,912,319,349,130,144,98,106,53,75,20,4,376,316,766,769,117,148,0,156,146,474,624,149,255,426,346,364,259,0,0,243,134,,,0,0,430,385,,,382,587,,,305,447,50,100
2020-07-03,,307,325,454,90,176,202,747,843,156,119,0,0,451,341,,,316,301,858,703,473,550,,,137,87,1038,805,1082,1095,307,387,144,151,188,217,52,108,30,12,398,364,1175,1176,135,165,0,222,200,542,732,133,229,470,438,433,283,0,0,245,207,,,0,0,741,643,,,609,937,,,476,634,62,118
2020-07-04,,271,237,345,75,209,184,532,664,169,119,0,0,340,236,,,249,162,795,765,427,591,,,92,84,735,607,1176,1195,173,244,80,94,222,236,19,46,10,18,447,423,1683,1786,143,149,0,187,189,531,805,19,75,571,529,513,456,0,0,255,232,,,0,0,1183,941,,,1056,1358,,,905,1244,51,170
2020-07-05,,283,239,228,37,146,150,478,579,114,136,0,0,288,141,,,231,198,791,695,407,559,,,78,63,670,502,1049,1042,109,180,57,74,190,183,17,35,16,11,438,357,1455,1492,133,135,0,202,169,439,662,11,61,443,432,489,359,0,0,260,233,,,0,0,914,693,,,1008,1201,,,793,1016,62,131
2020-07-06,,335,265,254,65,115,209,473,558,104,134,0,0,247,173,,,259,213,746,727,394,470,,,84,82,593,407,1010,942,182,205,71,64,259,287,20,46,16,14,448,338,1397,1518,115,143,0,209,231,540,732,18,96,539,465,430,333,0,0,232,207,,,0,0,860,666,,,1092,1207,,,609,791,43,112
2020-07-07,,384,375,370,111,117,242,789,932,259,243,0,0,532,359,,,367,335,839,679,498,660,,,167,119,1113,825,1244,1216,306,351,130,126,266,251,29,96,18,22,495,463,1135,1104,148,180,0,223,225,599,877,138,221,575,496,440,324,0,0,227,200,,,0,0,664,621,,,698,904,,,458,638,38,103
2020-07-08,,182,198,0,0,117,157,436,540,220,194,0,0,288,223,,,189,167,403,323,226,233,,,134,90,653,562,661,556,210,245,105,95,149,177,43,101,27,4,237,193,383,391,87,67,0,72,83,281,393,141,255,265,197,191,126,0,0,134,82,,,0,0,220,185,,,213,254,,,157,237,45,58
2020-07-09,,380,386,377,100,129,207,782,829,277,235,0,0,507,331,,,348,298,905,659,397,549,,,155,62,1080,921,1061,1037,250,339,132,105,203,179,34,76,20,8,420,400,1060,1072,122,138,0,202,166,443,732,504,1403,398,396,427,315,0,0,221,153,,,0,0,670,594,,,587,870,,,327,558,46,123
2020-07-10,,267,262,364,97,181,247,779,835,278,237,0,0,480,313,,,328,277,857,704,424,583,,,147,107,1173,835,1191,1181,312,374,146,154,264,252,49,104,26,23,498,433,1207,1293,166,189,0,175,170,545,772,0,0,547,487,543,354,0,0,276,161,,,0,0,733,545,,,657,955,,,469,780,62,115
2020-07-11,,203,196,233,35,145,183,338,407,54,74,0,0,241,181,,,164,138,459,410,226,277,,,60,70,431,387,578,524,68,144,44,44,156,173,25,38,18,1,233,209,826,866,96,109,0,121,105,219,374,0,0,229,222,249,204,0,0,166,141,,,0,0,598,531,,,451,570,,,341,470,29,112
2020-07-12,,432,378,335,70,172,230,667,786,137,150,0,0,390,209,,,316,249,1250,1113,676,910,,,153,94,926,682,1513,1505,183,245,91,93,351,401,26,28,14,7,735,581,2346,2471,237,222,0,321,314,710,1077,0,0,726,726,953,633,0,0,389,272,,,0,0,1643,1323,,,1603,1942,,,1181,1461,88,227
2020-07-13,,435,423,424,94,194,262,954,1099,224,179,0,0,572,416,,,372,346,1164,892,599,760,,,164,122,1256,1100,1476,1410,404,478,158,296,345,358,76,95,26,24,600,595,1457,1501,203,243,0,268,269,703,962,0,0,670,566,610,382,0,0,329,284,,,0,0,1002,852,,,931,1268,,,574,766,4,6
2020-07-14,,540,530,466,131,199,306,1125,1308,212,177,0,0,737,555,,,462,394,1419,1066,713,924,,,171,138,1507,1375,1764,1651,444,522,171,225,389,393,82,97,12,8,726,704,1843,1626,200,204,0,323,353,878,1290,0,0,831,718,789,562,0,0,441,310,,,0,0,1181,1078,,,1144,1598,,,757,1192,60,185
2020-07-15,,311,345,351,118,142,256,782,937,195,164,0,0,552,318,,,384,300,817,663,425,577,,,198,88,1083,942,1076,1015,343,393,149,161,288,266,73,113,21,18,461,448,918,967,135,156,0,154,145,557,756,0,0,449,419,450,322,0,0,294,175,,,0,0,571,575,,,518,743,,,381,545,55,109
2020-07-16,,226,222,325,50,116,178,507,605,116,101,0,0,363,234,,,216,228,482,345,222,298,,,133,62,706,685,695,619,256,241,105,125,151,183,53,125,38,26,213,241,554,523,76,82,0,89,75,366,437,0,0,313,244,358,200,0,0,164,101,,,0,0,340,302,,,232,337,,,185,232,37,73
2020-07-17,,259,265,289,89,154,206,601,643,147,111,0,0,342,316,,,260,267,685,514,336,442,,,128,90,699,676,884,819,245,305,118,145,197,213,53,80,22,5,368,385,905,831,140,137,0,137,130,467,679,69,56,417,368,446,287,0,0,222,139,,,0,0,533,455,,,468,587,,,357,564,42,93
2020-07-18,,86,71,66,13,67,75,286,336,84,94,0,0,161,161,,,227,156,143,220,283,384,,,28,24,132,131,825,832,30,43,79,81,178,134,7,21,12,0,353,311,397,727,132,129,0,165,155,296,385,35,31,262,280,243,252,0,0,82,46,,,0,0,158,251,,,446,347,,,512,632,19,57
2020-07-19,,407,376,235,40,164,201,527,571,99,108,0,0,219,200,,,231,173,1045,816,528,614,,,113,60,639,569,1170,1132,125,227,75,100,329,320,25,24,13,7,432,442,1747,1718,206,188,0,223,232,538,863,68,67,537,529,586,507,0,0,315,206,,,0,0,1279,1238,,,1217,1448,,,933,1089,72,222
2020-07-20,,375,382,430,142,141,248,907,1043,138,134,0,0,488,394,,,354,326,1145,843,592,765,,,178,139,981,832,1399,1274,365,422,163,183,252,299,53,171,11,15,558,538,1350,1352,196,186,0,249,246,692,960,118,91,592,542,576,380,0,0,303,219,,,0,0,835,719,,,729,1087,,,617,806,65,127
2020-07-21,,432,389,587,146,168,249,1032,1141,173,132,0,0,585,425,,,399,390,1129,904,535,781,,,177,86,1096,957,1505,1372,382,425,191,205,324,328,56,132,20,28,571,542,1446,1503,195,204,0,270,247,733,1033,1,12,614,539,595,403,0,0,325,234,,,0,0,920,803,,,815,1108,,,600,890,64,152
2020-07-22,,433,467,551,159,204,291,1062,1182,182,145,0,0,656,471,,,394,369,1199,948,677,856,,,185,116,1115,1098,1677,1507,384,493,165,180,306,338,52,122,37,27,736,715,1622,1729,197,230,0,301,253,930,1239,186,191,735,699,672,497,0,0,389,272,,,0,0,1142,1119,,,987,1347,,,795,1051,76,237
2020-07-23,,352,354,612,180,168,299,964,1076,215,183,0,0,636,443,,,363,338,1134,869,556,722,,,166,163,1083,973,1423,1354,398,444,170,213,298,272,60,149,41,24,639,585,1545,1556,164,162,0,257,268,708,1043,161,184,614,560,607,377,0,0,341,250,,,0,0,1046,937,,,792,1088,,,677,956,85,191
2020-07-24,,311,386,530,141,163,247,864,903,150,116,0,0,498,370,,,316,274,868,679,406,562,,,183,135,851,728,1132,1084,286,357,129,161,301,258,67,159,28,11,471,471,1227,1201,171,183,0,204,201,601,856,163,190,526,462,449,344,0,0,284,190,,,0,0,788,745,,,612,872,,,544,828,65,147
2020-07-25,,303,270,375,73,184,172,607,649,72,50,0,0,375,245,,,266,217,990,698,451,585,,,120,71,611,581,1164,1183,134,259,63,88,258,236,32,31,18,16,390,444,1565,1680,150,175,0,240,233,543,873,67,97,556,513,613,397,0,0,290,235,,,0,0,1188,1057,,,941,1297,,,949,1290,85,222
2020-07-26,,261,239,53,63,170,173,385,397,92,83,0,0,236,182,,,178,130,584,543,372,479,,,72,58,337,253,720,701,112,148,65,59,190,223,22,25,29,8,290,273,1180,1268,127,115,0,197,188,375,526,105,72,299,288,385,233,0,0,228,144,,,0,0,742,742,,,620,759,,,548,718,51,137
2020-07-27,,510,509,361,133,168,300,1004,1110,225,249,0,0,561,463,,,329,325,1246,880,604,770,,,180,116,1056,750,1389,1340,388,453,188,186,344,371,38,143,28,19,0,1,1553,1585,196,215,0,264,233,772,1095,164,177,657,602,587,445,0,0,318,256,,,0,0,1037,932,,,812,1127,,,693,984,87,196
2020-07-28,,407,444,269,133,145,232,969,1102,178,218,0,0,617,428,,,380,292,1113,829,514,637,,,195,127,1373,1074,1463,1425,407,468,147,194,305,315,57,92,16,14,528,501,0,0,162,193,0,200,200,798,1072,125,153,646,573,585,374,0,0,321,227,,,0,0,765,665,,,672,985,,,599,811,84,133
2020-07-29,,544,569,529,134,163,310,1042,1112,216,172,0,0,627,435,,,416,310,1191,957,596,747,,,199,149,971,838,1608,1455,433,469,163,193,347,323,50,145,25,24,602,580,0,0,203,214,0,257,275,808,1161,121,182,682,644,362,265,0,0,420,264,,,0,0,1005,953,,,772,1080,,,671,950,106,229
2020-07-30,,391,432,563,124,147,284,887,1028,190,152,0,0,556,389,,,366,343,1087,814,545,676,,,153,129,7,4,1439,1354,345,468,147,154,296,302,56,186,34,12,536,565,0,0,186,187,0,286,252,717,999,141,161,658,586,269,133,0,0,368,258,,,0,0,900,827,,,694,1107,,,688,904,99,195
2020-07-31,,355,349,573,97,191,269,754,843,202,209,0,0,473,340,,,296,266,869,742,402,551,,,173,100,64,23,1135,1112,293,372,140,157,304,296,52,170,27,35,414,439,0,0,160,177,0,233,204,621,875,144,128,546,469,191,50,0,0,293,203,,,0,0,806,675,,,378,941,,,572,786,112,150
2020-08-01,,321,286,344,66,183,147,482,520,92,82,0,0,298,222,,,259,191,888,666,404,478,,,102,76,124,43,943,920,127,215,75,81,281,286,32,55,17,4,367,367,0,0,123,141,0,215,199,507,755,63,87,455,459,202,33,0,0,260,211,,,0,0,997,830,,,595,1090,,,789,1033,98,198
2020-08-02,,239,215,309,32,105,95,310,344,64,60,0,0,225,170,,,186,134,684,541,305,375,,,74,29,63,21,601,584,93,196,42,63,164,182,20,39,14,5,267,260,0,0,98,88,0,146,129,360,496,43,73,343,295,159,21,0,0,184,161,,,0,0,779,739,,,547,725,,,523,607,68,128
2020-08-03,,142,118,393,42,70,70,204,209,70,65,0,0,156,117,,,82,100,186,142,105,117,,,84,31,144,74,209,221,100,146,66,49,139,152,42,148,38,3,51,60,0,0,0,0,0,40,38,80,115,101,119,56,60,58,9,0,0,71,42,,,0,0,110,95,,,64,61,,,69,72,12,27
2020-08-04,,229,242,468,65,80,102,301,338,97,105,0,0,275,192,,,166,163,213,171,132,179,,,98,60,230,178,348,368,131,149,61,81,154,159,42,146,42,9,86,114,0,0,0,0,0,64,60,191,200,109,131,154,118,87,19,0,0,90,59,,,0,0,186,169,,,121,182,,,107,170,27,45
2020-08-05,,548,574,605,156,145,176,942,1043,155,173,0,0,657,474,,,422,350,1293,888,645,831,,,174,145,239,28,1519,1416,359,436,152,162,328,340,78,123,30,18,690,648,0,0,0,0,0,276,257,895,1264,76,81,723,680,272,45,0,0,410,287,,,0,0,1241,1110,,,932,1198,,,751,922,106,220
2020-08-06,,462,515,570,134,142,166,972,1099,178,158,0,0,649,454,,,421,343,1033,742,594,758,,,198,177,242,0,1509,1367,391,456,103,80,292,316,49,133,27,0,622,596,0,0,0,0,0,240,222,740,1102,0,0,695,542,243,47,0,0,344,245,,,0,0,1044,962,,,855,1142,,,678,914,88,201
2020-08-07,,313,364,567,89,156,184,732,815,116,105,0,0,492,350,,,345,261,892,615,496,608,,,130,112,173,0,1114,1043,283,372,109,134,235,248,44,184,34,6,443,438,0,0,0,0,0,195,210,547,809,68,22,512,427,209,21,0,0,234,193,,,0,0,788,696,,,570,848,,,500,766,65,143
2020-08-08,,263,258,395,40,171,174,449,552,78,81,0,0,360,228,,,254,161,727,563,312,415,,,120,95,134,0,964,877,162,189,77,73,194,199,28,45,22,20,427,386,0,0,0,0,0,162,173,449,794,128,39,453,459,215,34,0,0,211,146,,,0,0,892,809,,,729,930,,,779,1003,111,187
2020-08-09,,369,295,372,38,131,167,456,545,73,67,0,0,298,131,,,285,166,871,619,356,415,,,92,70,155,0,1003,949,147,238,60,67,192,202,17,38,29,5,409,333,0,0,0,0,0,193,163,499,764,122,60,407,390,206,35,0,0,238,168,,,0,0,944,876,,,850,1035,,,729,831,119,202
2020-08-10,,184,224,403,60,76,87,541,620,119,96,0,0,336,280,,,250,169,427,365,322,373,,,113,63,140,0,827,662,195,213,75,64,171,180,36,117,18,9,303,317,0,0,42,73,0,105,115,516,566,245,56,385,279,86,20,0,0,158,96,,,0,0,301,289,,,298,390,,,287,280,58,70
2020-08-11,,408,407,593,109,106,135,781,941,182,169,0,0,533,366,,,364,344,939,706,457,632,,,178,87,224,0,1187,1166,301,369,138,128,221,293,38,90,12,11,554,490,0,0,157,151,0,188,189,630,1027,235,111,525,511,216,50,0,0,260,202,,,0,0,688,628,,,636,849,,,509,798,89,145
2020-08-12,,475,464,600,96,131,181,946,1028,199,204,0,0,577,443,,,367,299,1180,851,515,660,,,186,117,525,630,1425,1308,336,442,138,158,303,293,40,180,13,14,601,595,1251,1316,206,225,0,195,205,785,1205,347,127,627,576,210,46,0,0,284,215,,,0,0,939,864,,,809,1141,,,645,955,111,243
2020-08-13,,413,404,567,102,146,186,849,949,193,171,0,0,632,484,,,390,340,1010,706,449,592,,,160,123,941,1405,1351,1225,320,443,137,143,303,302,52,126,10,20,551,500,1236,1113,151,162,0,236,216,660,967,265,112,568,539,220,47,0,0,295,228,,,0,0,791,708,,,698,959,,,565,838,30,28
2020-08-14,,249,227,426,83,95,154,535,561,132,132,0,0,370,215,,,218,167,593,454,279,358,,,119,86,526,777,709,650,210,241,92,90,194,165,30,162,15,82,267,284,676,697,82,113,0,129,114,351,538,216,69,315,286,127,32,0,0,189,129,,,0,0,454,409,,,358,434,,,303,405,0,0
2020-08-15,,294,295,369,69,83,108,480,491,86,84,0,0,292,180,,,186,136,678,528,299,405,,,79,68,504,678,785,748,136,213,49,83,203,204,23,64,28,25,278,262,1099,1101,127,113,0,167,141,343,576,122,52,318,320,145,30,0,0,182,148,,,0,0,747,710,,,638,805,,,487,710,22,55
2020-08-16,,362,366,408,64,155,189,612,639,133,121,0,0,371,235,,,304,210,1126,925,485,651,,,95,77,794,1169,1189,1155,158,250,64,82,343,332,26,47,11,19,532,497,1848,2043,187,175,0,237,237,640,986,163,81,626,563,341,37,0,0,331,236,,,0,0,1323,1233,,,1226,1509,,,992,1250,108,230
2020-08-17,,359,344,566,105,154,158,737,870,244,208,0,0,446,333,,,333,290,874,719,472,599,,,147,69,407,658,1184,1057,367,401,136,169,267,296,110,177,9,16,535,524,973,972,161,158,0,215,179,684,960,295,103,559,493,179,43,0,0,295,203,,,0,0,632,603,,,619,756,,,433,659,86,134
2020-08-18,,310,347,565,90,78,133,522,626,113,130,0,0,384,271,,,250,212,474,404,231,342,,,125,75,462,629,718,689,239,309,114,114,212,248,174,172,12,29,261,270,611,525,97,112,0,122,99,387,564,222,69,274,270,127,34,0,0,174,140,,,0,0,339,329,,,354,412,,,249,326,57,104
2020-08-19,,486,473,724,178,37,187,916,1063,222,187,0,0,711,470,,,405,350,1240,772,615,731,,,192,123,770,1276,1390,1284,177,263,129,202,376,371,97,129,6,10,669,612,1460,1444,188,166,0,251,223,824,1243,183,105,697,629,239,36,0,0,271,198,,,0,0,1011,1032,,,941,1231,,,636,925,108,162
2020-08-20,,412,306,553,120,0,191,823,930,189,156,0,0,486,459,,,387,341,948,568,506,669,,,137,72,638,867,1374,1316,124,282,125,140,287,319,94,99,0,180,635,583,1404,1304,195,186,0,233,217,756,1129,214,98,611,569,164,40,0,0,237,171,,,0,0,744,731,,,811,1138,,,626,812,78,166
2020-08-21,,145,179,647,117,0,234,714,805,133,141,0,0,548,391,,,315,259,887,610,387,503,,,210,126,461,578,1019,959,167,400,113,182,338,260,60,160,7,261,439,424,890,923,135,133,0,205,155,551,761,219,85,467,418,220,34,0,0,194,153,,,0,0,723,709,,,514,785,,,474,703,181,136
2020-08-22,,0,0,474,101,0,164,308,381,52,38,0,0,281,185,,,190,128,528,425,269,311,,,102,91,83,0,556,592,87,168,38,47,149,196,20,64,61,120,257,210,892,869,81,88,0,137,100,271,472,88,21,273,270,116,14,0,0,132,107,,,0,0,691,538,,,472,556,,,379,521,146,91
2020-08-23,,0,0,628,203,0,217,553,568,74,79,0,0,308,246,,,225,195,1087,832,490,606,,,140,78,124,0,1084,995,94,218,76,86,311,320,18,34,30,205,526,463,1706,1814,173,187,0,252,247,597,930,139,52,549,522,261,44,0,0,262,218,,,0,0,1344,1196,,,1167,1328,,,849,1119,287,221
2020-08-24,,0,0,943,166,0,264,906,929,210,155,0,0,702,416,,,346,311,977,643,517,645,,,199,100,209,0,1225,1158,220,353,139,161,297,299,83,142,20,287,521,464,1242,1197,178,198,0,225,192,627,943,290,110,501,444,198,72,0,0,291,195,,,0,0,971,843,,,713,947,,,454,690,201,156
2020-08-25,,0,0,1008,149,0,279,993,1155,186,158,0,0,721,450,,,453,368,1081,743,623,752,,,248,116,255,0,1450,1382,252,419,193,180,338,321,60,142,27,356,691,650,1465,1439,192,238,0,279,269,779,1219,375,147,718,587,299,43,0,0,406,266,,,0,0,1161,1121,,,871,1204,,,666,899,221,145
2020-08-26,,0,0,719,200,0,284,851,896,244,222,0,0,687,409,,,377,325,812,602,465,578,,,263,56,204,0,1153,1078,230,366,156,177,264,277,67,96,36,249,470,464,840,836,159,162,0,193,197,616,845,196,96,495,432,225,38,0,0,268,155,,,0,0,580,465,,,476,649,,,410,509,159,138
2020-08-27,,0,0,858,201,0,263,757,871,195,175,0,0,313,47,,,296,285,742,500,438,591,,,262,77,196,0,1084,983,221,327,129,135,226,212,78,102,30,223,489,469,965,1011,161,184,0,186,173,643,938,196,117,534,448,189,41,0,0,309,182,,,0,0,697,685,,,596,727,,,415,639,171,155
2020-08-28,,0,0,525,161,0,194,678,814,147,101,0,0,536,390,,,281,265,941,756,464,569,,,202,83,167,0,1018,953,171,272,82,455,326,317,47,178,22,273,501,472,1145,1185,159,142,0,182,175,622,816,233,85,500,438,204,33,0,0,241,183,,,0,0,913,887,,,671,936,,,516,702,207,142
2020-08-29,,0,0,0,179,0,100,298,343,91,94,0,0,186,116,,,130,73,485,386,185,244,,,79,46,65,0,435,432,46,121,44,50,135,134,24,65,14,142,138,158,725,677,77,68,0,74,86,220,320,94,28,179,179,136,22,0,0,141,96,,,0,0,597,572,,,311,414,,,260,364,116,84
2020-08-30,,55,11,0,337,0,91,201,238,36,57,0,0,191,97,,,93,91,369,315,157,177,,,51,18,67,12,319,316,69,137,25,42,112,110,21,17,18,91,122,122,472,441,57,57,0,80,58,199,238,92,31,118,122,88,23,0,0,101,83,,,0,0,366,417,,,238,263,,,221,244,109,78
2020-08-31,,192,79,0,203,131,197,513,542,183,175,0,0,422,249,,,208,183,592,444,328,380,,,159,71,114,0,656,590,133,230,105,123,199,187,43,104,12,211,249,238,598,588,111,134,0,133,119,348,527,240,62,278,254,132,24,0,0,173,112,,,0,0,379,345,,,319,417,,,270,418,48,24
2020-09-01,,164,70,0,210,103,217,582,687,229,203,0,0,485,321,,,257,283,683,531,318,369,,,180,107,165,1072,786,750,183,306,125,121,143,173,46,103,3884,199,307,272,542,486,101,112,0,107,99,429,573,277,113,344,283,158,38,0,0,187,121,,,0,0,437,337,,,279,411,,,238,358,72,84
2020-09-02,,442,134,0,225,144,316,862,964,263,210,0,0,660,459,,,335,311,1114,818,527,630,,,232,76,225,46,1126,1071,232,430,179,194,249,245,52,111,4094,305,525,519,784,833,195,174,0,229,212,722,997,335,139,578,495,240,54,0,0,346,188,,,0,0,792,830,,,586,787,,,483,625,192,165
2020-09-03,,391,152,0,239,192,283,915,1037,298,228,0,0,700,444,,,350,359,1111,910,564,652,,,271,114,240,752,1285,1248,256,411,161,210,253,279,53,82,3851,312,574,543,682,798,178,180,0,230,229,766,1123,267,138,630,585,235,48,0,0,344,193,,,0,0,891,915,,,731,917,,,519,761,210,197
2020-09-04,,346,110,0,334,154,271,798,892,218,184,0,0,623,353,,,361,308,1047,816,460,595,,,216,141,210,1301,1106,1058,194,341,145,162,234,249,44,113,932,260,503,460,768,698,179,204,0,208,181,656,888,257,92,525,463,253,33,0,0,261,193,,,0,0,891,809,,,610,860,,,466,727,191,157
2020-09-05,,246,59,0,405,204,239,535,614,87,109,0,0,411,202,,,226,203,1060,846,459,594,,,150,115,159,2377,1099,1064,102,213,62,78,326,368,17,49,0,195,512,547,1461,1280,152,157,0,260,267,629,1070,224,63,609,566,246,50,0,0,306,250,,,0,0,1332,1220,,,1135,1321,,,932,1232,361,327
2020-09-06,,284,95,0,430,307,253,620,641,94,82,0,0,410,193,,,232,205,1166,1013,599,739,,,172,132,80,2489,1152,1071,96,177,93,82,357,366,36,32,0,220,599,506,1519,1366,206,227,0,278,246,630,1017,139,60,602,593,272,48,0,0,313,264,,,0,0,1434,1341,,,1306,1522,,,1002,1184,318,304
2020-09-07,,395,136,0,328,410,292,861,1006,300,211,0,0,651,401,,,327,319,1122,857,489,629,,,269,120,616,1439,1114,1061,304,352,167,168,268,250,69,107,0,296,513,462,467,604,181,193,0,231,204,630,865,292,116,507,441,245,63,0,0,272,188,,,0,0,777,779,,,278,342,,,385,574,166,179
2020-09-08,,442,150,0,326,432,299,1025,1125,292,211,0,0,769,476,,,418,356,1216,990,656,789,,,253,136,428,542,1384,1260,383,415,139,145,292,330,57,136,0,315,601,558,449,607,210,191,0,257,275,725,1104,325,130,616,579,299,53,0,0,390,222,,,0,0,985,969,,,782,1076,,,535,782,217,194
2020-09-09,,432,230,0,309,372,339,1093,1203,279,204,0,0,840,452,,,435,400,1394,1128,722,869,,,267,96,630,261,1549,1476,354,444,199,221,352,330,53,147,0,367,506,552,522,731,262,232,0,287,276,855,1293,452,154,734,718,307,59,0,0,408,265,,,0,0,1204,1254,,,875,1175,,,591,1011,235,259
2020-09-10,,349,215,610,259,368,279,747,839,200,214,0,0,645,337,,,339,277,898,662,416,514,,,243,68,175,0,1008,977,253,391,169,181,205,215,56,113,0,233,0,0,121,244,163,166,0,185,184,522,658,291,106,456,415,205,36,0,0,256,164,,,0,0,565,556,,,417,577,,,333,425,189,136
2020-09-11,,296,199,929,428,409,255,685,834,159,147,0,0,552,334,,,307,280,972,712,478,567,,,216,112,543,595,1014,961,233,315,152,160,196,214,51,123,0,277,0,0,141,231,160,146,0,210,192,493,663,249,106,476,353,254,38,0,0,322,185,,,0,0,709,695,,,545,720,,,388,679,168,174
2020-09-12,,270,135,929,576,345,247,580,696,87,79,0,0,401,187,,,290,215,1204,969,541,682,,,153,129,1060,1510,1248,1175,169,252,79,110,374,380,32,48,0,149,0,0,157,146,215,194,0,322,271,655,895,181,44,676,616,325,55,0,0,346,292,,,0,0,1649,1586,,,1225,1562,,,980,1296,352,332
2020-09-13,,3,0,7,7,1,1,694,759,131,97,0,0,227,172,,,293,194,0,0,653,877,,,2,1,163,1,1374,1283,2,0,73,64,470,458,0,0,0,1,0,0,117,127,220,246,0,313,328,736,921,0,0,720,706,2,2,0,0,0,0,,,0,0,0,0,,,1397,1625,,,1096,1304,0,0
2020-09-14,,341,173,678,336,342,267,1018,1111,187,140,0,0,754,459,,,393,343,1095,761,595,720,,,161,85,1032,1419,1377,1297,207,341,189,229,282,289,65,106,0,254,552,509,122,300,198,200,0,245,238,685,814,161,162,634,528,214,56,0,0,250,228,,,0,0,868,779,,,764,993,,,466,722,203,200
2020-09-15,,539,355,1000,786,430,311,1035,1178,210,203,0,0,762,454,,,431,363,1382,1038,666,830,,,239,103,1414,2359,1631,1565,319,430,219,214,309,332,51,108,152,296,620,581,127,312,229,227,0,266,286,786,1046,276,200,765,696,283,45,0,0,365,243,,,0,0,998,1033,,,821,1172,,,600,911,261,216
2020-09-16,,627,357,1281,329,482,322,1036,1153,188,157,0,0,745,433,,,399,369,1448,1018,614,808,,,276,124,1329,2190,1587,1430,265,363,174,196,306,275,51,127,211,322,608,601,134,261,209,213,0,308,295,773,881,290,191,719,627,321,63,0,0,370,257,,,0,0,1045,924,,,814,1100,,,613,800,0,0
2020-09-17,,546,334,1572,322,398,268,778,910,179,183,0,0,612,372,,,338,376,895,668,423,530,,,207,111,1017,1569,1018,966,306,353,163,180,240,205,60,105,169,224,434,354,77,152,142,182,0,187,160,509,668,216,143,485,435,241,41,0,0,266,162,,,0,0,612,503,,,511,703,,,375,515,138,125
2020-09-18,,456,285,775,704,390,277,628,771,209,181,0,0,547,349,,,325,299,863,703,426,523,,,221,130,960,1516,1000,957,235,318,155,155,285,250,56,116,143,237,418,398,75,148,164,172,0,0,0,456,659,73,29,459,399,219,54,0,0,241,161,,,0,0,714,699,,,550,789,,,372,624,183,176
2020-09-19,,412,278,774,580,358,167,447,523,103,76,0,0,409,173,,,309,207,955,840,452,659,,,161,91,1005,1440,1085,1101,125,171,94,103,304,338,22,38,138,182,444,442,34,89,142,175,0,0,0,510,740,0,0,536,484,303,39,0,0,314,256,,,0,0,1160,1128,,,1005,1245,,,842,1066,266,271
2020-09-20,,575,302,739,362,256,188,544,658,53,62,0,0,452,243,,,284,220,1221,1066,569,735,,,164,75,238,549,1333,1283,159,221,74,93,457,450,30,47,138,232,533,582,37,61,232,210,0,0,0,651,886,83,66,719,685,323,47,0,0,366,319,,,0,0,1624,1609,,,1378,1666,,,1041,1286,354,396
2020-09-21,,566,379,1000,352,325,286,834,961,202,166,0,0,651,367,,,316,307,1158,871,558,654,,,218,104,1013,1447,1274,1217,327,377,137,106,278,291,43,130,203,264,482,446,79,177,190,187,0,0,0,564,749,229,177,537,488,240,71,0,0,332,222,,,0,0,868,857,,,643,883,,,464,677,199,196
2020-09-22,,686,422,1029,650,426,314,977,1107,223,176,0,0,731,445,,,407,366,1489,1098,637,813,,,310,75,1295,2183,1518,1378,120,129,182,223,327,344,60,119,255,300,593,576,125,238,217,246,0,0,0,772,984,290,227,687,621,303,81,0,0,397,247,,,0,0,1220,1203,,,999,1331,,,652,938,257,240
2020-09-23,,496,299,1317,769,465,281,770,879,219,178,0,0,698,387,,,347,287,963,671,432,530,,,253,78,928,1503,998,972,198,244,167,203,248,287,87,111,157,195,366,356,84,149,163,166,0,0,0,464,592,220,229,408,375,247,56,0,0,304,187,,,0,0,641,670,,,435,662,,,328,468,199,163
2020-09-24,,596,379,1090,537,348,302,852,961,221,230,0,0,659,360,,,376,350,1142,899,479,631,,,228,136,1153,1758,1183,1156,382,365,164,168,313,330,74,106,199,281,493,436,81,178,183,181,0,0,0,650,788,228,154,571,532,228,52,0,0,340,216,,,0,0,899,861,,,646,924,,,522,726,152,177
2020-09-25,,157,73,604,1311,355,95,153,167,82,71,0,0,155,114,,,98,125,177,127,64,72,,,78,58,219,365,177,187,94,94,47,51,95,98,25,138,33,59,57,49,18,24,21,27,0,0,0,87,112,71,86,83,74,72,6,0,0,47,32,,,0,0,73,62,,,29,56,,,47,57,41,39
2020-09-26,,101,35,626,997,72,25,12,31,20,18,0,0,34,28,,,18,18,32,36,10,15,,,18,100,115,111,35,30,14,20,3,4,12,14,21,56,13,15,9,7,10,11,12,7,0,0,0,20,16,17,21,6,10,28,4,0,0,20,15,,,0,0,34,34,,,7,8,,,13,26,14,13
2020-09-27,,322,130,608,486,153,111,205,241,74,78,0,0,190,120,,,124,82,488,391,208,275,,,62,27,383,653,436,350,100,91,0,0,150,129,18,28,66,98,174,184,25,42,67,64,0,0,0,299,366,97,50,205,217,120,16,0,0,148,107,,,0,0,518,575,,,368,422,,,262,402,116,132
2020-09-28,,200,50,1087,857,154,59,93,97,45,68,0,0,97,36,,,59,34,133,115,46,59,,,33,27,165,281,139,133,60,60,0,0,40,40,11,45,25,36,39,38,12,8,26,29,0,0,0,64,90,29,26,40,54,73,6,0,0,61,42,,,0,0,125,134,,,68,62,,,36,64,31,36
2020-09-29,,261,95,893,1714,358,119,265,328,133,132,0,0,323,153,,,141,150,315,231,131,170,,,109,71,343,610,326,340,130,147,0,0,101,131,62,107,63,96,107,93,39,81,47,51,0,0,0,166,202,226,131,136,130,128,16,0,0,105,63,,,0,0,137,163,,,72,117,,,83,112,104,83
2020-09-30,,551,268,1547,1483,419,244,620,669,240,207,0,0,536,340,,,268,273,887,625,426,494,,,199,78,778,1351,860,771,296,334,0,0,242,238,76,146,145,213,343,332,63,154,135,143,0,0,0,500,648,219,170,404,363,243,24,0,0,235,146,,,0,0,591,610,,,411,559,,,333,520,181,202
2020-10-01,,517,317,976,1034,491,268,742,864,203,188,0,0,609,399,,,300,266,1032,780,455,542,,,264,90,20,25,907,851,286,338,0,0,300,282,71,93,159,229,418,379,80,168,158,152,0,0,0,568,759,292,168,493,451,247,47,0,0,270,202,,,0,0,724,669,,,564,772,,,451,632,164,165
2020-10-02,,418,224,993,1096,470,237,599,670,219,192,0,0,465,295,,,274,295,814,579,391,477,,,176,97,575,810,855,774,251,300,0,0,197,226,54,108,154,191,386,363,85,109,165,176,0,0,0,506,639,151,133,369,344,179,42,0,0,249,148,,,0,0,603,553,,,396,574,,,332,529,177,156
2020-10-03,,428,240,638,643,296,162,566,631,99,105,0,0,435,173,,,259,166,1339,1096,605,749,,,186,120,1055,1539,1236,1195,224,246,0,0,444,517,26,60,137,201,632,550,47,94,218,203,0,0,0,652,909,132,72,700,585,354,60,0,0,324,253,,,0,0,1780,1579,,,1196,1489,,,1063,1415,356,208
2020-10-04,,553,267,748,607,290,188,508,649,61,75,0,0,391,217,,,225,193,1057,889,524,623,,,92,97,890,1332,1017,952,173,203,0,0,444,496,20,25,127,165,455,393,24,78,188,184,0,0,0,527,786,118,84,480,504,267,52,0,0,303,260,,,0,0,1284,1098,,,1013,1209,,,824,1045,274,210
2020-10-05,,324,169,1053,1017,331,152,432,486,146,107,0,0,409,219,,,212,198,439,332,269,300,,,196,92,536,893,541,516,176,204,0,0,120,143,49,103,78,138,174,168,75,97,81,105,0,0,0,216,276,132,91,196,149,106,24,0,0,144,84,,,0,0,173,223,,,115,160,,,110,152,51,83
2020-10-06,,188,119,660,672,219,149,514,578,177,136,0,0,362,241,,,246,202,280,257,277,365,,,141,68,382,623,621,625,146,153,29,26,169,168,35,92,79,63,275,247,400,362,92,114,0,0,0,337,463,113,55,296,266,106,17,0,0,101,46,,,0,0,117,134,,,205,308,,,193,298,89,47
2020-10-07,,408,214,801,805,177,219,553,599,176,142,0,0,491,292,,,262,244,518,426,317,379,,,202,74,823,885,755,705,225,278,24,1,185,193,22,26,120,190,292,298,565,565,132,132,0,0,0,360,512,139,110,320,308,153,24,0,0,148,112,,,0,0,333,327,,,298,396,,,246,422,135,114
2020-10-08,,412,230,1029,1109,227,132,669,665,177,128,0,0,528,304,,,277,239,727,572,370,450,,,216,86,1004,1060,810,802,263,313,8,3,202,252,73,29,138,194,380,332,682,698,133,146,0,0,0,418,564,200,138,382,338,166,32,0,0,215,136,,,0,0,472,424,,,360,536,,,314,425,158,146
2020-10-09,,450,228,1282,1032,275,163,516,619,143,147,0,0,440,231,,,273,237,829,629,403,524,,,190,89,961,1027,826,813,278,312,0,0,236,255,154,57,146,199,362,339,897,902,118,137,0,0,0,400,613,150,120,368,362,212,29,0,0,260,154,,,0,0,631,601,,,458,613,,,375,582,165,158
2020-10-10,,174,53,1273,282,107,55,76,87,38,49,0,0,106,57,,,48,47,130,97,49,52,,,43,11,171,195,117,117,55,55,2,3,22,28,54,14,22,66,52,36,128,99,25,34,0,0,0,73,88,33,28,54,41,47,6,0,0,42,22,,,0,0,82,77,,,51,80,,,59,82,63,43
2020-10-11,,432,173,756,286,136,130,282,339,76,78,0,0,231,122,,,151,79,642,591,328,394,,,89,26,606,653,501,497,104,131,11,9,184,193,84,36,95,8,242,228,916,1018,97,79,0,0,0,338,449,98,61,244,265,181,13,0,0,205,146,,,0,0,692,743,,,550,601,,,448,554,170,156
2020-10-12,,196,111,618,305,212,190,506,566,227,180,0,0,364,251,,,206,224,715,523,287,356,,,82,129,861,942,672,646,216,253,19,8,172,158,162,60,113,168,322,279,646,680,112,115,0,0,0,390,456,186,109,326,297,163,53,0,0,197,118,,,0,0,450,456,,,312,433,,,273,381,123,112
2020-10-13,,0,0,767,387,213,200,344,399,117,82,0,0,240,244,,,165,171,398,346,186,199,,,83,333,644,636,475,419,168,206,3,0,103,129,134,44,71,118,173,144,317,336,72,105,0,0,0,214,273,114,79,181,153,143,30,0,0,140,89,,,0,0,205,213,,,148,219,,,143,185,85,95
2020-10-14,,0,0,365,193,566,46,55,73,48,40,0,0,55,65,,,37,42,60,58,12,20,,,24,296,108,204,53,56,32,43,0,0,50,66,112,21,9,54,17,17,21,27,12,18,0,0,0,12,21,46,95,14,12,33,8,0,0,25,15,,,0,0,11,20,,,8,11,,,3,11,17,22
2020-10-15,,0,0,437,193,187,129,290,307,131,126,0,0,175,195,,,152,147,430,343,173,213,,,73,256,557,557,390,350,163,200,2,1,150,155,102,30,57,110,146,118,378,375,48,60,0,0,0,202,242,95,97,179,158,98,23,0,0,119,81,,,0,0,250,270,,,134,186,,,146,209,87,95
2020-10-16,,102,47,410,435,174,121,214,253,68,50,0,0,118,142,,,100,107,273,206,112,128,,,93,209,356,415,256,243,110,135,0,0,117,113,100,30,53,82,86,84,234,215,47,49,0,10,5,113,146,67,37,94,108,80,18,0,0,90,59,,,0,0,150,137,,,109,136,,,86,127,44,64
2020-10-17,,139,100,415,341,109,79,201,217,47,41,0,0,125,91,,,96,82,332,296,175,217,,,73,152,397,429,306,301,73,129,2,1,151,155,50,19,48,79,128,122,516,537,57,58,0,34,15,184,231,7,4,153,137,91,10,0,0,98,107,,,0,0,92,59,,,219,263,,,244,285,132,119
2020-10-18,,140,153,486,292,153,107,297,361,145,133,0,0,139,155,,,156,84,611,536,304,420,,,94,173,656,634,511,502,111,139,0,0,219,242,65,20,96,133,318,278,1043,1072,121,120,0,2,0,388,576,11,12,291,340,198,20,0,0,141,128,,,0,0,699,670,,,505,677,,,485,669,136,145
2020-10-19,,147,188,580,311,188,160,387,471,194,122,0,0,201,247,,,162,179,354,320,273,306,,,119,256,727,715,566,492,189,214,16,35,146,150,106,48,94,156,242,222,406,435,91,95,0,11,1825,309,374,9,4,256,221,111,32,0,0,138,145,,,0,0,274,229,,,233,340,,,231,298,72,70
2020-10-20,,172,214,666,398,164,199,467,545,175,127,0,0,299,230,,,184,193,558,514,365,432,,,142,382,890,924,712,643,220,260,134,114,233,246,124,45,131,164,331,310,750,820,117,136,0,96,465,401,532,96,95,338,294,173,23,0,0,132,157,,,0,0,504,459,,,436,610,,,358,481,127,105
2020-10-21,,178,220,1020,352,190,193,572,612,124,123,0,0,336,314,,,240,243,599,563,399,493,,,165,314,954,966,808,734,242,277,123,116,220,250,155,55,144,190,369,335,868,853,125,142,0,87,941,410,550,100,125,359,331,203,49,0,0,177,192,,,0,0,536,459,,,470,630,,,348,501,99,105
2020-10-22,,220,298,1347,375,233,223,597,688,148,145,0,0,282,276,,,253,203,855,802,485,625,,,172,308,1140,1262,1021,995,247,277,125,121,267,324,130,67,180,243,589,523,1255,1439,190,156,0,121,89,597,865,170,134,538,517,238,47,0,0,243,241,,,0,0,927,802,,,782,991,,,585,804,177,154
2020-10-23,,81,101,1312,552,174,123,227,252,71,58,0,0,155,146,,,120,103,264,213,172,226,,,99,166,427,474,302,309,128,131,84,72,361,353,98,29,62,107,116,110,398,384,41,63,0,44,35,168,230,76,63,150,108,82,27,0,0,79,71,,,0,0,218,190,,,166,222,,,154,209,73,46
2020-10-24,,198,250,1458,370,169,140,598,650,75,69,0,0,264,219,,,287,201,1227,1078,606,742,,,123,179,1199,1276,1109,1120,172,237,66,79,1757,1660,73,36,192,224,526,527,2252,2480,220,212,0,129,155,632,948,142,72,550,592,385,44,0,0,283,361,,,0,0,1570,1350,,,1060,1372,,,893,1230,247,187
2020-10-25,,186,252,1130,395,153,154,616,653,94,79,0,0,341,194,,,314,197,1513,1222,676,873,,,132,204,1383,1408,1349,1252,223,290,82,69,1789,1591,89,49,191,221,695,625,2610,2733,210,187,0,243,209,814,1186,139,68,689,727,422,53,0,0,370,387,,,0,0,1834,1554,,,1381,1723,,,1187,1527,275,216
2020-10-26,,156,181,1635,469,615,152,407,458,124,109,0,0,238,239,,,178,164,417,363,231,271,,,114,234,691,746,553,558,183,195,106,98,547,515,126,43,84,146,250,240,606,585,74,108,0,65,50,297,370,121,85,225,202,111,22,0,0,116,110,,,0,0,372,286,,,266,376,,,202,273,89,63
2020-10-27,,123,147,1202,486,377,153,359,402,146,102,0,0,236,186,,,171,157,381,313,186,238,,,111,231,608,622,458,411,166,178,85,82,442,420,112,38,78,122,180,149,475,489,79,75,0,38,589,239,308,100,103,184,165,104,21,0,0,103,92,,,0,0,311,269,,,184,274,,,157,255,69,59
2020-10-28,,82,132,1009,292,146,104,271,306,50,50,0,0,159,128,,,136,100,481,415,237,301,,,96,141,613,599,491,466,117,127,53,59,487,505,63,26,71,126,264,268,722,742,95,95,0,38,3347,246,470,54,45,255,270,136,19,0,0,88,101,,,0,0,476,438,,,420,453,,,296,447,116,96
2020-10-29,,83,80,1044,525,172,92,223,234,75,80,0,0,160,139,,,105,94,254,189,132,150,,,62,195,459,448,312,294,118,119,73,75,291,259,72,33,51,84,107,94,250,232,56,54,0,15,1825,150,169,61,74,113,99,99,14,0,0,46,60,,,0,0,135,124,,,91,122,,,86,82,38,35
2020-10-30,,57,66,1101,464,142,82,148,160,52,59,0,0,130,112,,,87,70,163,123,69,91,,,49,186,315,309,166,167,77,108,53,37,200,182,97,24,32,73,60,54,166,171,40,34,0,17,48,76,91,68,71,61,56,59,15,0,0,36,43,,,0,0,88,103,,,60,70,,,52,72,31,21
2020-10-31,,100,118,857,314,111,112,373,392,49,60,0,0,173,132,,,179,110,686,546,332,409,,,103,190,768,891,678,695,128,197,75,68,845,814,71,29,109,178,331,274,1179,1231,123,118,0,92,160,393,575,28,42,324,342,196,25,0,0,138,149,,,0,0,781,725,,,600,789,,,534,666,177,137
2020-11-01,,45,60,850,244,56,48,98,117,25,19,0,0,77,52,,,50,30,240,193,118,150,,,45,76,328,311,224,190,51,81,19,27,233,229,34,14,41,92,100,85,349,357,45,38,0,24,48,133,148,2,30,82,77,66,12,0,0,42,54,,,0,0,237,208,,,165,203,,,107,183,46,46
2020-11-02,,130,122,1243,249,151,150,351,412,99,96,0,0,210,219,,,165,134,496,427,320,382,,,92,112,703,745,541,516,167,223,75,89,547,517,120,43,96,152,246,221,701,711,82,98,0,61,148,353,410,179,96,230,223,119,34,0,0,146,139,,,0,0,389,386,,,297,367,,,284,365,84,62
2020-11-03,,128,115,812,504,130,158,332,390,162,104,0,0,240,208,,,146,133,410,292,237,283,,,116,516,644,634,462,446,177,173,81,92,435,385,129,40,92,113,178,158,507,496,59,73,0,59,105,234,269,125,92,155,146,114,23,0,0,102,85,,,0,0,276,249,,,143,226,,,172,199,65,57
2020-11-04,,136,134,1751,423,90,149,323,349,133,104,0,0,231,202,,,169,158,371,284,221,283,,,96,508,601,634,436,417,179,193,86,103,430,419,107,39,81,127,161,139,515,498,73,83,0,49,99,238,288,96,94,141,141,111,35,0,0,94,104,,,0,0,275,294,,,165,205,,,166,218,54,52
2020-11-05,,156,167,912,292,174,174,447,458,136,106,0,0,263,233,,,187,177,524,406,319,404,,,128,611,791,849,602,602,180,207,109,117,623,561,119,32,119,166,281,249,776,789,101,128,0,75,383,356,414,171,88,267,231,147,27,0,0,167,160,,,0,0,494,425,,,300,472,,,308,382,97,90
2020-11-06,,154,157,906,352,199,146,373,435,142,90,0,0,232,202,,,169,146,514,444,274,336,,,111,530,679,699,543,524,167,192,101,132,588,544,103,41,69,115,300,243,772,811,91,108,0,77,224,326,420,190,123,247,215,115,31,0,0,137,124,,,0,0,519,472,,,319,456,,,287,416,73,73
2020-11-07,,97,104,1174,244,119,79,249,269,67,78,0,0,155,100,,,115,84,479,369,197,262,,,98,281,552,580,457,458,87,113,42,50,516,503,67,28,67,88,245,217,724,711,69,76,0,36,58,271,376,38,39,206,192,147,22,0,0,81,94,,,0,0,475,383,,,33,395,,,323,462,0,0
2020-11-08,,77,88,1216,176,113,76,182,161,62,65,0,0,112,83,,,94,63,367,289,180,212,,,50,201,424,429,312,283,84,104,34,36,386,304,52,27,50,68,144,146,551,563,55,41,0,56,68,193,225,20,15,145,125,108,13,0,0,91,87,,,0,0,328,308,,,25,285,,,223,241,0,0
2020-11-09,,102,98,822,1469,141,113,267,288,85,78,0,0,166,173,,,123,135,267,211,163,191,,,81,496,524,515,354,318,129,180,98,79,251,257,94,29,60,109,143,136,275,271,62,62,0,91,98,174,198,95,68,126,102,86,19,0,0,71,87,,,0,0,156,143,,,15,153,,,93,107,39,30
2020-11-10,,113,111,1174,1895,141,121,303,299,81,81,0,0,177,169,,,137,124,283,229,176,213,,,126,655,567,534,399,353,142,163,91,107,302,312,96,45,55,95,150,143,298,290,52,63,0,93,97,217,237,91,108,146,130,74,20,0,0,85,85,,,0,0,162,155,,,27,200,,,129,183,60,49
2020-11-11,,122,125,1043,719,166,155,328,350,84,77,0,0,192,209,,,144,130,338,285,190,227,,,133,548,601,619,420,417,168,190,102,102,344,332,99,26,68,98,175,169,437,473,79,84,0,82,73,253,274,134,102,165,147,71,17,0,0,104,115,,,0,0,269,231,,,62,244,,,164,195,76,59
2020-11-12,,116,146,822,1001,126,151,319,362,146,112,0,0,222,173,,,145,118,367,278,180,244,,,130,597,588,572,379,384,154,179,97,73,385,350,96,29,68,111,168,155,427,440,70,79,0,87,50,214,263,153,103,132,146,96,27,0,0,102,91,,,0,0,251,223,,,135,192,,,155,184,62,51
2020-11-13,,119,144,707,1183,128,151,337,359,96,71,0,0,208,184,,,157,142,396,375,241,325,,,133,524,646,679,498,481,147,170,97,93,470,481,99,42,58,144,217,237,595,638,95,97,0,125,107,296,360,168,126,250,200,139,31,0,0,111,108,,,0,0,390,330,,,266,345,,,287,362,89,72
2020-11-14,,99,109,798,1179,124,125,439,453,64,40,0,0,224,158,,,187,139,830,668,424,543,,,118,429,929,927,822,781,126,143,73,72,976,900,60,24,123,168,454,358,1402,1553,115,131,0,219,206,494,691,108,61,376,382,243,32,0,0,191,203,,,0,0,955,865,,,794,901,,,624,860,189,134
2020-11-15,,77,85,1213,1025,118,107,259,269,50,48,0,0,168,92,,,157,73,502,396,266,301,,,96,258,562,585,481,449,95,120,39,53,548,515,55,28,38,88,232,209,744,794,96,84,0,99,72,270,402,82,43,201,207,111,22,0,0,130,128,,,0,0,493,459,,,415,456,,,322,430,93,91
2020-11-16,,74,80,503,1947,220,112,234,283,98,82,0,0,148,140,,,115,113,318,252,165,199,,,131,520,460,482,328,353,132,152,52,42,342,323,100,32,56,105,142,130,370,422,59,63,0,66,73,228,240,133,121,150,131,81,26,0,0,58,64,,,0,0,212,206,,,169,239,,,194,212,60,50
2020-11-17,,130,148,691,1022,167,136,412,440,122,135,0,0,214,171,,,207,147,668,536,339,415,,,111,434,852,828,744,639,136,221,72,90,856,795,78,29,88,152,347,317,1169,1315,135,128,0,193,180,448,575,98,59,327,320,179,31,0,0,148,186,,,0,0,789,758,,,603,713,,,528,651,179,94
2020-11-18,,145,182,1040,1460,214,178,426,483,126,127,0,0,314,249,,,180,154,518,496,309,389,,,196,695,780,843,618,598,183,223,110,98,637,591,123,50,104,170,334,281,864,925,108,106,0,128,126,431,527,371,174,352,281,130,27,0,0,173,156,,,0,0,581,512,,,433,602,,,330,417,128,83
2020-11-19,,130,145,689,1807,203,150,381,418,102,112,0,0,237,236,,,181,168,368,356,205,258,,,125,606,633,656,460,433,173,192,114,113,370,353,121,44,71,109,188,168,412,432,75,79,0,96,75,262,335,278,131,198,177,100,24,0,0,96,92,,,0,0,264,254,,,156,245,,,187,224,64,62
2020-11-20,,113,95,809,1779,181,145,282,355,90,78,0,0,194,179,,,155,134,318,261,173,188,,,91,527,592,583,395,367,150,196,83,82,338,328,98,39,73,107,162,168,386,380,79,88,0,92,86,240,264,307,118,198,168,78,17,0,0,83,86,,,0,0,232,212,,,163,226,,,144,180,3,8
2020-11-21,,67,98,664,1157,105,88,275,305,48,64,0,0,173,90,,,129,67,429,341,192,239,,,80,375,491,455,378,361,74,121,55,51,519,494,51,28,45,94,197,164,741,732,61,63,0,91,113,254,314,124,65,179,158,123,21,0,0,112,106,,,0,0,520,479,,,40,345,,,268,379,0,0
2020-11-22,,87,115,614,927,114,78,239,252,39,59,0,0,161,87,,,135,82,430,342,208,264,,,61,303,508,525,383,384,101,131,35,45,520,476,46,23,46,103,231,184,682,722,64,68,0,111,92,254,336,75,54,175,200,133,13,0,0,105,107,,,0,0,503,472,,,105,428,,,294,345,0,0
2020-11-23,,118,102,1145,788,148,132,297,356,90,76,0,0,199,209,,,143,134,259,197,146,176,,,99,712,523,524,342,327,139,154,102,98,279,295,122,25,50,112,131,130,276,263,53,50,0,81,79,170,210,277,137,132,119,84,17,0,0,71,64,,,0,0,150,136,,,89,144,,,98,135,0,0
2020-11-24,,96,119,728,950,164,121,278,321,142,155,0,0,208,173,,,147,124,255,210,146,175,,,113,754,514,522,362,326,140,161,105,109,289,262,124,40,58,112,145,131,269,265,49,69,0,76,65,172,241,244,150,119,128,98,13,0,0,61,73,,,0,0,155,138,,,107,136,,,96,132,35,33
2020-11-25,,106,110,291,1331,104,123,269,297,63,75,0,0,201,177,,,150,114,248,198,145,183,,,128,712,507,511,341,315,121,154,85,100,286,251,110,31,52,91,110,98,247,254,55,57,0,74,72,162,196,304,142,131,103,87,13,0,0,75,80,,,0,0,133,142,,,73,155,,,92,103,45,38
2020-11-26,,102,108,0,1182,55,137,267,285,68,59,0,0,164,133,,,136,117,258,197,128,150,,,115,757,464,492,299,289,136,144,92,73,266,252,110,25,67,119,116,115,256,252,64,68,0,61,59,158,172,265,117,103,109,78,22,0,0,78,82,,,0,0,165,153,,,4,133,,,98,95,46,39
2020-11-27,,94,83,269,1259,148,139,232,259,102,107,0,0,197,111,,,112,107,243,207,120,161,,,124,718,439,451,277,266,122,136,103,86,250,252,91,14,53,99,109,106,252,243,61,69,0,64,56,147,180,217,131,125,112,82,22,0,0,56,57,,,0,0,145,131,,,14,133,,,89,130,43,35
2020-11-28,,39,51,796,1467,97,48,142,164,67,52,0,0,93,66,,,68,59,234,178,110,122,,,79,423,289,303,201,196,62,98,31,40,248,234,68,0,19,50,97,75,320,341,61,55,0,65,43,115,152,68,56,75,66,60,12,0,0,52,56,,,0,0,206,179,,,22,161,,,119,192,49,37
2020-11-29,,93,91,866,1153,97,88,202,231,50,64,0,0,146,86,,,105,75,398,310,158,180,,,85,489,502,478,323,307,74,109,35,36,400,362,56,0,42,67,168,152,572,629,55,51,0,117,106,202,312,54,29,159,127,98,25,0,0,103,144,,,0,0,394,337,,,35,335,,,225,337,96,63
2020-11-30,,115,106,499,922,177,128,278,307,163,137,0,0,168,163,,,138,135,297,233,167,180,,,117,882,530,522,372,332,135,169,94,86,287,269,109,41,59,118,115,115,340,357,80,80,0,70,79,166,211,357,170,120,137,87,17,0,0,85,91,,,0,0,198,174,,,14,187,,,136,144,59,40
2020-12-01,,86,106,476,1502,136,121,268,274,154,137,0,0,130,147,,,104,113,235,178,135,165,,,112,990,435,457,288,293,122,137,117,94,248,209,97,66,31,73,99,105,254,235,43,55,0,61,72,144,183,284,131,117,104,84,10,0,0,53,70,,,0,0,131,130,,,16,129,,,78,106,44,21
2020-12-02,,90,100,323,963,158,138,247,250,102,69,0,0,143,176,,,181,128,230,167,120,136,,,103,727,498,500,319,300,110,130,99,91,241,241,90,68,34,97,112,95,244,238,49,53,0,71,63,164,183,279,132,132,118,69,15,0,0,63,78,,,0,0,135,129,,,16,131,,,83,101,39,32
2020-12-03,,52,52,155,449,131,104,142,137,59,43,0,0,71,97,,,80,87,95,76,66,70,,,86,415,274,275,152,138,80,110,62,64,129,118,175,47,26,63,35,33,74,74,28,33,0,27,26,68,71,480,238,51,40,43,6,0,0,47,43,,,0,0,35,39,,,20,41,,,23,17,31,15
2020-12-04,,62,62,197,349,186,125,165,193,65,57,0,0,108,129,,,117,112,160,125,63,80,,,100,489,310,336,192,183,82,97,82,59,187,160,120,57,35,48,61,58,177,190,30,30,0,41,37,95,112,309,147,74,58,42,6,0,0,34,45,,,0,0,105,107,,,44,64,,,51,78,34,30
2020-12-05,,73,65,196,297,144,97,181,232,49,41,0,0,84,97,,,96,79,325,273,159,187,,,94,294,480,458,365,347,56,118,49,39,357,357,72,27,38,81,161,137,507,534,65,62,0,65,75,266,342,113,64,163,159,76,18,0,0,80,75,,,0,0,343,315,,,302,384,,,287,412,96,85
2020-12-06,,66,71,173,256,118,92,294,288,60,61,0,0,80,104,,,102,82,438,356,185,245,,,54,297,549,512,420,389,113,135,37,43,498,466,74,34,34,87,218,193,694,759,86,76,0,91,102,295,369,96,62,194,218,115,19,0,0,108,120,,,0,0,510,440,,,428,500,,,358,444,108,88
2020-12-07,,90,84,280,119,192,157,302,320,128,96,0,0,141,271,,,149,145,205,163,124,146,,,131,556,433,482,315,309,120,123,110,98,239,247,118,62,53,75,99,93,215,224,65,57,0,0,0,168,198,329,188,144,116,66,14,0,0,48,63,,,0,0,112,106,,,69,106,,,82,94,42,29
2020-12-08,,111,109,319,274,126,156,305,349,86,77,0,0,170,176,,,141,134,262,245,149,173,,,151,600,507,500,392,378,137,177,116,108,300,285,163,56,55,94,171,168,355,344,66,70,0,21,16,215,242,259,87,157,125,73,13,0,0,73,77,,,0,0,224,210,,,127,176,,,126,175,67,34
2020-12-09,,79,65,168,277,152,110,196,229,136,104,0,0,102,162,,,118,109,181,135,80,101,,,102,602,356,369,228,228,116,108,97,74,183,178,228,55,40,59,65,53,156,156,52,62,0,6,5,111,131,423,207,69,67,50,9,0,0,44,46,,,0,0,89,77,,,46,60,,,46,45,23,19
2020-12-10,,84,81,226,201,157,120,225,250,89,54,0,0,116,166,,,123,127,181,156,110,118,,,131,761,396,392,259,232,121,129,90,92,228,206,174,46,31,62,58,54,177,195,43,49,0,0,0,110,106,409,230,94,76,60,16,0,0,50,62,,,0,0,98,97,,,52,76,,,54,54,35,18
2020-12-11,,73,70,185,154,250,126,225,221,92,74,0,0,107,184,,,152,135,179,144,99,135,,,106,649,383,450,266,268,123,128,81,90,258,222,143,58,29,60,81,87,209,203,44,53,0,0,0,135,152,247,87,103,97,56,8,0,0,52,43,,,0,0,133,110,,,66,111,,,81,107,41,38
2020-12-12,,33,50,0,0,105,59,122,167,27,22,0,0,50,88,,,95,87,185,157,83,111,,,66,410,286,307,193,177,71,122,48,50,267,252,70,40,33,50,80,80,327,350,34,35,0,0,0,141,160,0,0,110,87,96,1,0,0,29,41,,,0,0,203,187,,,138,189,,,116,189,61,63
2020-12-13,,60,74,0,0,102,82,150,148,21,33,0,0,79,79,,,100,73,267,227,102,145,,,51,462,355,338,250,229,75,109,34,46,274,239,62,34,30,78,111,88,381,431,41,39,0,0,0,206,235,0,0,118,129,15,1,0,0,59,66,,,0,0,257,241,,,182,242,,,166,216,62,46
2020-12-14,,90,114,0,0,167,144,264,309,91,75,0,0,144,211,,,150,130,259,195,153,175,,,118,639,481,522,315,341,141,162,80,95,265,225,147,65,65,92,119,113,271,262,69,74,0,0,0,192,254,2,1,131,132,1,3,0,0,72,78,,,0,0,176,155,,,122,188,,,112,169,56,37
2020-12-15,,97,95,0,61,125,136,284,297,102,74,0,0,125,194,,,157,143,235,195,142,164,,,170,636,455,506,298,290,134,150,98,100,232,196,185,65,52,100,102,96,228,214,55,58,0,0,0,178,194,155,197,123,104,1,9,0,0,72,60,,,0,0,135,110,,,75,132,,,90,110,57,33
2020-12-16,,86,110,0,77,154,135,267,274,86,58,0,0,153,222,,,132,162,225,189,107,146,,,135,599,430,479,299,309,138,144,108,97,241,229,181,66,44,75,95,93,245,235,51,55,0,0,0,140,187,394,215,127,112,7,16,0,0,54,71,,,0,0,137,126,,,83,122,,,74,111,52,39
2020-12-17,,77,84,0,87,218,155,252,289,72,47,0,0,109,194,,,127,136,196,156,117,133,,,119,622,414,445,281,275,143,158,108,103,221,231,164,67,49,71,96,94,202,199,56,49,0,0,0,151,175,415,216,100,107,3,19,0,0,58,69,,,0,0,123,98,,,62,122,,,78,120,44,32
2020-12-18,,95,83,0,92,197,134,233,240,81,56,0,0,103,187,,,126,128,199,164,98,134,,,130,603,382,405,263,257,113,135,73,72,209,222,207,50,44,71,90,92,232,220,52,54,0,18,25,136,168,193,161,98,93,4,14,0,0,54,65,,,0,0,149,133,,,93,131,,,97,125,38,31
2020-12-19,,37,62,0,46,104,60,129,179,32,19,0,0,87,78,,,81,64,203,192,86,111,,,61,452,296,298,204,194,111,112,46,37,235,255,69,33,37,58,109,94,310,298,35,38,0,44,49,151,147,58,73,123,119,6,19,0,0,51,64,,,0,0,228,205,,,151,197,,,143,196,61,46
2020-12-20,,49,78,0,44,119,86,130,133,27,24,0,0,61,67,,,87,68,240,214,99,156,,,48,346,311,288,187,167,69,112,34,30,223,251,49,29,14,45,113,108,366,333,30,26,0,64,61,130,172,58,51,107,117,13,20,0,0,68,63,,,0,0,249,212,,,174,245,,,142,196,58,38
2020-12-21,,66,66,0,77,155,106,195,236,71,37,0,0,89,162,,,114,121,181,155,114,149,,,118,388,347,382,220,239,91,110,53,61,240,239,215,57,184,55,94,78,235,229,43,53,0,50,49,111,136,241,167,94,85,7,12,0,0,68,56,,,0,0,130,143,,,98,129,,,95,114,25,30
2020-12-22,,73,74,0,76,173,108,156,173,60,37,0,0,78,166,,,110,104,238,181,124,141,,,101,418,381,359,250,222,95,131,71,64,278,256,149,55,106,51,106,70,309,286,47,60,0,52,40,135,147,147,120,103,75,2,7,0,0,47,75,,,0,0,206,184,,,113,115,,,95,159,32,30
2020-12-23,,40,30,0,50,120,67,115,104,61,38,0,0,65,96,,,57,74,114,93,54,81,,,57,478,214,242,115,113,64,97,48,37,148,141,88,54,34,53,50,44,126,121,34,32,0,45,36,62,80,166,282,40,56,0,6,0,0,40,38,,,0,0,82,79,,,49,68,,,60,66,39,21
2020-12-24,,35,31,0,33,40,21,57,98,23,22,0,0,44,19,,,44,36,136,134,60,88,,,58,238,217,189,129,111,62,99,16,14,168,181,29,19,24,42,70,65,239,235,25,25,0,42,40,99,117,22,143,63,61,4,9,0,0,33,40,,,0,0,172,157,,,116,117,,,83,145,34,20
2020-12-25,,27,17,0,10,21,30,42,42,13,13,0,0,20,22,,,25,14,87,73,50,59,,,36,179,142,141,70,70,43,64,8,9,71,68,14,13,26,39,39,32,129,130,11,12,0,23,23,53,55,13,124,29,30,3,3,0,0,12,34,,,0,0,78,87,,,49,64,,,48,50,19,9
2020-12-26,,27,38,0,34,69,46,98,118,20,13,0,0,33,45,,,55,36,228,174,101,115,,,50,227,281,286,184,165,42,81,13,16,266,278,24,24,36,44,92,97,368,381,39,41,0,77,61,145,169,20,167,85,68,14,20,0,0,66,67,,,0,0,231,201,,,198,228,,,138,235,50,50
2020-12-27,,43,59,0,39,47,49,117,102,23,19,0,0,49,40,,,58,36,246,172,97,125,,,33,266,257,239,182,161,64,72,13,21,253,207,34,23,36,49,129,127,326,388,60,42,0,67,57,157,174,19,131,101,96,6,18,0,0,43,60,,,0,0,280,274,,,202,270,,,135,215,49,29
2020-12-28,,46,64,0,36,89,67,116,112,35,29,0,0,52,69,,,56,43,173,128,98,124,,,78,355,255,300,171,166,48,68,27,39,180,185,41,34,30,53,89,112,269,252,52,45,0,41,45,146,136,50,299,94,71,5,11,0,0,43,46,,,0,0,175,155,,,128,183,,,112,141,40,31
2020-12-29,,53,66,0,76,123,71,193,223,54,38,0,0,94,95,,,91,75,291,225,138,177,,,62,378,400,411,282,278,75,103,45,43,336,297,70,32,41,50,125,123,422,442,50,61,0,72,62,198,236,20,324,107,88,3,16,0,0,60,79,,,0,0,232,221,,,189,259,,,167,232,58,48
2020-12-30,,60,71,0,64,112,67,156,203,34,27,0,0,120,108,,,82,81,295,212,120,156,,,59,392,309,370,220,242,100,109,55,53,286,286,71,41,37,63,127,114,401,412,66,62,0,51,56,191,228,141,208,120,136,6,10,0,0,67,82,,,0,0,259,261,,,224,269,,,161,224,48,41
2020-12-31,,60,69,0,51,72,69,128,177,25,23,0,0,74,56,,,84,56,287,224,133,149,,,58,324,374,393,242,252,64,97,30,43,291,252,36,27,33,66,123,130,403,450,55,46,0,68,59,162,206,117,89,99,113,3,14,0,0,66,69,,,0,0,288,274,,,218,253,,,148,240,44,54
2021-01-01,,44,43,0,43,61,38,95,108,24,23,0,0,55,38,,,60,31,207,149,89,95,,,49,207,239,251,152,165,47,64,24,20,199,168,25,16,39,49,114,107,293,314,43,40,0,48,40,129,166,48,49,92,80,8,13,0,0,64,59,,,0,0,199,196,,,167,215,,,144,193,41,39
2021-01-02,,41,44,0,26,52,44,84,82,14,18,0,0,64,33,,,36,26,189,154,85,110,,,36,218,227,244,138,141,50,63,20,16,163,144,33,24,24,46,67,75,231,241,21,26,0,39,43,72,105,62,55,57,51,10,13,0,0,40,64,,,0,0,130,123,,,126,157,,,69,103,33,37
2021-01-03,,34,39,0,21,46,32,59,68,22,17,0,0,60,33,,,37,17,151,93,56,70,,,38,168,296,223,99,98,41,56,19,27,110,123,25,19,16,26,51,32,146,134,15,19,0,27,26,77,52,56,59,30,26,2,4,0,0,37,50,,,0,0,97,85,,,70,86,,,48,51,26,16
2021-01-04,,54,52,0,62,156,94,125,146,37,35,0,0,107,106,,,70,52,167,124,79,96,,,72,443,372,387,191,183,86,114,54,139,147,144,69,43,28,58,48,60,117,92,36,36,0,45,46,94,105,121,92,58,57,1,6,0,0,56,49,,,0,0,62,60,,,29,41,,,41,52,18,11
2021-01-05,,69,75,0,62,248,103,168,179,58,38,0,0,132,109,,,71,75,205,146,101,105,,,71,431,415,379,195,197,94,126,68,53,187,205,66,37,34,58,53,57,137,142,35,42,0,40,52,106,111,126,120,70,57,3,5,0,0,45,66,,,0,0,72,78,,,44,56,,,49,83,32,18
2021-01-06,,66,64,0,75,169,78,123,153,53,39,0,0,111,108,,,63,66,180,124,82,102,,,56,476,287,327,170,154,76,81,63,63,142,152,94,57,22,52,53,57,99,121,24,23,0,36,36,69,79,167,124,46,45,3,9,0,0,44,54,,,0,0,62,67,,,34,34,,,42,50,19,10
2021-01-07,,44,37,0,53,106,72,97,110,33,29,0,0,73,86,,,64,58,179,96,54,60,,,34,454,279,253,122,131,52,92,44,39,116,123,67,47,21,35,38,36,88,80,17,20,0,22,23,54,52,186,133,30,27,1,10,0,0,28,48,,,0,0,42,44,,,27,26,,,13,19,17,9
2021-01-08,,52,65,0,52,89,68,126,154,48,30,0,0,100,88,,,66,76,165,103,64,86,,,74,427,249,273,114,130,68,105,53,39,142,142,60,47,19,45,33,25,132,127,23,40,0,26,19,62,63,220,123,35,34,1,11,0,0,23,31,,,0,0,81,79,,,24,37,,,37,38,19,10
2021-01-09,,40,48,0,43,48,43,95,78,26,17,0,0,58,54,,,49,39,240,150,65,88,,,36,272,275,242,136,137,43,69,23,31,176,158,28,25,10,30,35,40,203,220,9,27,0,19,23,63,82,70,61,30,37,9,6,0,0,25,42,,,0,0,135,148,,,68,67,,,71,103,31,23
2021-01-10,,58,53,0,38,63,45,87,115,16,26,0,0,66,33,,,47,23,200,165,92,93,,,46,170,259,246,117,127,59,65,11,20,146,153,35,17,29,33,60,46,237,229,13,23,0,21,30,72,74,56,59,31,27,4,4,0,0,53,64,,,0,0,166,135,,,85,134,,,65,78,36,22
2021-01-11,,69,71,0,74,96,96,169,173,45,37,0,0,164,183,,,87,98,196,143,96,117,,,66,439,63,33,188,189,87,103,65,65,174,179,84,48,42,70,53,36,185,173,24,30,0,39,45,96,94,185,185,57,59,3,17,0,0,35,44,,,0,0,110,97,,,51,78,,,62,86,34,15
2021-01-12,,37,36,37,71,153,77,107,124,39,28,0,0,113,121,,,52,56,171,115,63,68,,,62,521,40,39,126,130,74,104,64,57,124,106,96,37,14,41,43,43,83,92,14,27,0,27,27,58,69,210,176,36,43,1,11,0,0,39,60,,,0,0,48,54,,,17,34,,,21,32,17,12
2021-01-13,,60,55,211,79,106,93,146,157,62,32,0,0,107,98,,,84,65,189,128,66,78,,,53,536,151,201,133,159,78,82,58,127,155,147,96,49,22,57,42,34,148,145,33,34,0,34,27,56,69,152,151,39,42,0,17,0,0,25,71,,,0,0,77,88,,,47,44,,,45,37,23,19
2021-01-14,,34,16,121,63,112,73,101,108,41,31,0,0,80,87,,,52,27,154,76,36,42,,,49,376,244,238,102,95,60,86,45,29,124,109,80,38,15,34,33,24,64,81,26,25,0,23,28,49,57,137,142,38,36,3,11,0,0,23,48,,,0,0,40,49,,,21,22,,,14,25,11,4
2021-01-15,,38,34,152,55,100,60,87,101,46,27,0,0,81,73,,,49,51,127,70,30,36,,,48,498,202,195,81,78,38,60,47,43,95,83,61,38,14,31,27,23,61,72,9,17,0,18,14,40,49,213,223,20,21,4,4,0,0,26,38,,,0,0,33,42,,,18,16,,,20,29,20,6
2021-01-16,,17,24,140,21,52,28,40,38,13,7,0,0,42,18,,,27,16,116,47,11,23,,,30,103,133,117,52,44,12,43,0,0,67,53,20,16,9,21,22,30,59,63,14,17,0,24,16,32,40,71,77,18,19,0,3,0,0,16,27,,,0,0,32,46,,,5,21,,,19,39,23,6
2021-01-17,,19,27,193,25,72,28,40,41,19,18,0,0,43,24,,,30,17,118,48,18,31,,,33,107,129,143,51,39,27,51,11,14,59,47,22,22,12,34,31,26,65,63,9,12,0,13,13,44,44,60,66,24,20,4,5,0,0,14,41,,,0,0,43,43,,,8,28,,,29,42,19,9
2021-01-18,,38,14,262,64,109,71,104,110,45,25,0,0,102,77,,,65,68,157,67,36,40,,,55,399,242,269,113,100,67,84,59,38,104,91,46,43,28,34,35,32,79,85,13,22,0,24,23,40,46,148,163,33,28,2,11,0,0,20,36,,,0,0,43,50,,,3,20,,,17,32,5,3
2021-01-19,,50,37,127,68,134,88,104,124,55,41,0,0,101,130,,,72,81,188,106,45,34,,,26,533,335,304,145,145,59,86,61,62,121,113,88,40,32,46,50,44,94,99,18,12,0,29,24,44,65,80,83,32,35,2,9,0,0,32,39,,,0,0,45,47,,,3,28,,,23,39,12,8
2021-01-20,,68,61,152,84,156,95,184,209,62,44,0,0,142,179,,,124,91,305,193,125,134,,,65,667,421,423,240,234,111,137,54,56,252,193,69,39,40,84,74,69,305,303,32,31,0,50,48,133,161,15,83,70,77,5,19,0,0,41,76,,,0,0,188,166,,,77,119,,,101,142,25,29
2021-01-21,,71,78,197,96,161,134,206,209,55,46,0,0,146,163,,,117,122,283,230,158,161,,,89,653,337,363,270,289,81,88,68,74,247,221,79,46,50,78,89,88,305,317,40,48,0,40,37,146,156,21,90,80,74,4,22,0,0,59,65,,,0,0,180,180,,,95,148,,,110,145,36,31
2021-01-22,,103,120,271,140,164,117,284,288,60,39,0,0,173,125,,,158,119,442,349,224,264,,,67,705,422,546,415,432,0,1,55,68,411,375,73,56,88,97,148,159,623,660,57,75,0,65,59,258,307,11,64,142,144,7,32,0,0,89,82,,,0,0,436,382,,,251,361,,,244,302,82,50
2021-01-23,,19,31,169,39,63,37,60,61,13,6,0,0,50,45,,,40,37,179,117,66,81,,,15,215,113,131,78,85,37,53,14,14,73,75,24,24,13,28,27,31,111,103,15,17,0,8,4,35,44,56,51,25,21,2,2,0,0,9,34,,,0,0,64,66,,,48,59,,,39,63,21,17
2021-01-24,,25,44,163,42,61,36,63,59,26,24,0,0,57,37,,,43,34,280,214,87,103,,,27,171,140,160,89,105,50,74,16,21,153,139,29,16,22,33,35,37,187,206,13,16,0,9,15,65,58,25,34,21,13,5,7,0,0,32,52,,,0,0,119,114,,,71,84,,,51,82,26,31
2021-01-25,,64,74,221,91,143,107,183,198,66,46,0,0,121,168,,,91,89,299,209,120,146,,,96,469,293,354,217,226,111,117,64,72,185,174,68,47,56,61,76,62,227,219,28,28,0,34,29,110,123,182,120,84,59,5,16,0,0,50,67,,,0,0,131,132,,,110,147,,,83,120,39,20
2021-01-26,,47,61,190,87,121,87,119,138,53,45,0,0,76,111,,,58,58,205,145,52,64,,,36,420,241,252,156,146,90,99,51,51,134,107,63,52,27,55,52,41,90,104,23,29,0,20,13,66,78,253,194,39,39,1,12,0,0,28,58,,,0,0,53,55,,,21,31,,,27,35,5,3
2021-01-27,,39,34,124,74,182,91,116,145,55,32,0,0,181,165,,,73,90,241,151,41,54,,,62,600,221,290,153,157,76,95,62,54,130,126,57,55,35,54,46,35,130,133,15,27,0,12,16,89,78,157,156,46,44,5,16,0,0,37,56,,,0,0,72,63,,,62,67,,,55,63,22,11
2021-01-28,,30,33,226,75,631,87,97,109,51,27,0,0,119,93,,,49,68,152,109,39,49,,,56,536,172,207,113,110,83,93,48,38,121,109,54,50,27,34,23,24,78,81,17,15,0,17,13,46,52,185,127,22,35,2,16,0,0,21,30,,,0,0,33,38,,,35,31,,,26,40,16,12
2021-01-29,,30,28,143,47,131,60,65,77,27,22,0,0,43,58,,,32,34,111,81,24,33,,,42,489,112,175,67,70,48,69,43,24,76,82,54,40,24,27,12,11,37,36,15,9,0,14,11,26,26,154,117,17,26,1,5,0,0,14,24,,,0,0,23,26,,,14,9,,,22,20,11,7
2021-01-30,,23,30,174,40,70,42,61,73,13,12,0,0,58,37,,,36,31,240,149,54,64,,,36,246,108,132,70,75,45,68,14,12,109,85,32,22,20,48,21,19,146,155,27,34,0,13,13,41,56,51,57,29,27,2,4,0,0,35,59,,,0,0,108,111,,,48,52,,,35,63,21,19
2021-01-31,,35,65,146,71,54,59,125,135,24,20,0,0,104,62,,,68,35,373,297,134,170,,,47,338,238,260,199,167,56,103,17,38,281,245,29,29,46,60,73,91,449,445,47,37,0,14,22,156,167,81,65,70,70,8,23,0,0,71,90,,,0,0,262,255,,,42,146,,,171,207,60,49
2021-02-01,,68,75,225,112,129,111,152,177,59,37,0,0,151,142,,,73,95,309,241,117,148,,,75,556,303,331,225,232,109,112,68,66,183,189,64,51,42,79,73,72,254,269,43,39,0,31,31,104,120,153,121,69,67,3,18,0,0,40,55,,,0,0,158,156,,,9,122,,,86,110,34,27
2021-02-02,,63,64,237,101,141,112,168,203,44,38,0,0,145,143,,,99,60,301,234,90,130,,,62,403,303,322,206,204,118,125,61,48,171,171,80,58,48,77,77,81,210,220,38,38,0,23,27,132,132,140,124,73,69,4,11,0,0,43,65,,,0,0,129,127,,,12,85,,,81,96,33,18
2021-02-03,,67,58,216,80,152,87,134,161,62,31,0,0,103,168,,,63,57,248,165,76,87,,,71,495,262,266,165,165,91,122,54,81,175,178,78,44,34,66,61,50,152,159,27,29,0,17,23,79,97,184,108,44,60,1,8,0,0,34,53,,,0,0,81,75,,,11,43,,,36,57,18,20
2021-02-04,,95,72,88,131,135,125,246,272,76,48,0,0,214,189,,,124,107,457,306,195,213,,,112,560,457,525,366,388,133,147,54,75,317,318,77,44,64,109,155,164,415,435,60,63,0,32,27,244,274,185,135,151,146,3,20,0,0,73,66,,,0,0,270,248,,,22,214,,,184,244,46,26
2021-02-05,,70,62,121,83,120,104,171,214,41,31,0,0,155,134,,,119,111,286,241,122,138,,,72,545,320,367,34,20,96,123,57,56,204,231,81,53,46,57,100,87,256,265,42,47,0,20,17,140,159,162,129,85,74,5,18,0,0,48,43,,,0,0,171,163,,,15,130,,,104,141,41,25
2021-02-06,,20,29,31,55,45,29,37,38,11,4,0,0,46,20,,,26,19,162,85,27,29,,,27,225,74,106,0,0,35,61,16,11,53,44,37,25,9,29,21,8,47,58,4,3,0,4,3,23,23,105,111,15,10,2,5,0,0,17,24,,,0,0,37,43,,,3,13,,,16,24,13,8
2021-02-07,,11,15,13,66,34,9,30,35,9,11,0,0,39,19,,,11,9,132,72,12,22,,,21,71,63,79,0,0,39,46,7,14,59,39,22,24,9,16,19,25,52,67,14,18,0,9,5,27,36,80,118,29,27,0,6,0,0,25,37,,,0,0,34,59,,,4,24,,,27,27,19,13
2021-02-08,,8,12,63,758,61,0,51,48,22,21,0,0,35,101,,,28,22,88,43,14,15,,,19,120,83,152,55,40,48,57,1,5,57,45,91,16,7,17,15,8,28,30,0,0,0,8,2,17,20,253,312,16,20,12,180,0,0,15,38,,,0,0,15,11,,,1,2,,,6,8,4,3
2021-02-09,,16,8,39,396,67,0,47,58,22,12,0,0,34,27,,,17,17,80,45,21,24,,,25,190,95,151,36,37,38,67,3,1,56,68,68,15,5,33,13,14,18,21,0,0,0,3,6,12,17,154,245,18,20,2,19,0,0,18,40,,,0,0,15,21,,,0,2,,,2,6,3,1
2021-02-10,,26,24,27,444,79,1,40,43,25,20,0,0,43,59,,,22,27,83,48,18,20,,,15,182,83,134,35,31,40,55,4,0,76,85,86,30,2,24,6,6,2,0,0,0,0,8,10,23,25,124,193,21,24,1,3,0,0,11,32,,,0,0,15,31,,,3,5,,,1,1,5,3
2021-02-11,,28,26,41,301,75,21,56,59,29,15,0,0,27,14,,,24,26,55,48,15,14,,,24,174,91,158,23,12,39,43,11,0,62,58,49,20,12,30,21,13,34,31,0,0,0,6,2,12,19,132,141,15,17,3,8,0,0,14,35,,,0,0,12,34,,,3,4,,,4,6,9,3
2021-02-12,,26,22,24,283,65,13,44,61,20,22,0,0,36,15,,,33,22,86,57,14,25,,,10,228,90,129,48,25,35,48,6,0,78,60,43,17,6,12,20,22,34,40,7,5,0,8,4,29,29,62,59,26,22,2,7,0,0,15,33,,,0,0,35,37,,,4,13,,,1,5,12,3
2021-02-13,,16,12,17,103,47,3,36,34,8,5,0,0,13,9,,,19,7,99,62,13,16,,,20,88,64,74,38,22,29,51,2,0,41,43,25,16,15,10,21,25,55,63,6,10,0,3,1,19,19,3,15,15,16,4,6,0,0,16,47,,,0,0,33,36,,,6,32,,,3,5,10,6
2021-02-14,,13,13,37,113,42,4,33,35,10,10,0,0,33,23,,,24,17,127,96,18,26,,,6,28,81,91,36,20,21,43,3,0,40,37,23,7,6,16,43,40,63,54,0,0,0,4,3,20,26,4,17,16,16,1,3,0,0,17,50,,,0,0,40,42,,,14,26,,,3,3,27,7
2021-02-15,,23,18,66,234,57,7,31,50,19,20,0,0,50,73,,,43,28,73,57,7,11,,,18,205,117,131,61,59,41,51,23,1,49,39,59,23,12,19,21,18,32,21,0,0,0,8,5,5,3,104,119,24,28,2,5,0,0,15,22,,,0,0,12,13,,,2,10,,,5,7,13,6
2021-02-16,,21,22,86,208,67,10,60,65,45,30,0,0,53,71,,,30,17,113,69,14,21,,,37,215,100,154,64,50,40,61,12,1,69,90,58,38,10,28,27,19,34,29,0,0,0,10,10,0,0,81,102,17,14,2,11,0,0,14,45,,,0,0,17,16,,,1,8,,,4,9,10,9
2021-02-17,,15,17,131,211,98,26,67,61,38,22,0,0,73,58,,,45,11,89,58,8,7,,,20,299,148,189,68,74,47,83,19,10,93,96,84,35,19,32,14,17,45,35,8,7,0,6,7,0,0,169,119,15,19,2,11,0,0,17,41,,,0,0,18,24,,,15,11,,,3,3,13,4
2021-02-18,,46,46,237,215,81,72,125,159,50,37,0,0,126,100,,,69,7,265,164,48,61,,,38,387,283,314,222,213,91,109,41,57,166,176,76,36,37,66,59,60,224,228,41,46,0,12,17,0,0,177,115,63,54,5,15,0,0,44,66,,,0,0,115,109,,,152,113,,,93,97,35,33
2021-02-19,,75,78,413,160,101,119,210,223,59,38,0,0,139,144,,,97,5,368,271,137,164,,,56,538,379,456,317,319,103,121,68,59,281,263,72,5,64,99,139,138,417,402,52,56,0,12,11,118,132,114,115,112,111,8,21,0,0,79,81,,,0,0,221,207,,,264,283,,,173,230,6,4
2021-02-20,,79,83,182,110,105,81,362,382,55,37,0,0,222,123,,,149,0,825,652,389,468,,,60,349,454,674,665,684,101,127,35,42,722,674,54,34,111,105,275,320,1287,1286,95,120,0,11,7,462,553,147,85,272,266,0,45,0,0,125,156,,,0,0,777,715,,,802,874,,,656,838,0,0
2021-02-21,,50,54,230,76,71,57,172,207,32,23,0,0,102,49,,,84,0,460,353,212,246,,,68,221,279,369,314,312,92,90,27,33,327,373,41,35,69,79,138,138,573,564,60,57,0,7,4,251,278,43,60,125,123,0,19,0,0,88,108,,,0,0,376,362,,,374,392,,,250,340,0,0
2021-02-22,,85,84,257,169,128,106,250,308,70,41,0,0,177,182,,,110,1,370,287,188,243,,,84,582,354,457,337,317,108,142,80,91,338,329,84,53,53,85,100,115,360,369,58,61,0,20,36,160,197,120,98,120,89,1,30,0,0,87,89,,,0,0,192,188,,,93,218,,,119,170,33,29
2021-02-23,,124,144,278,199,138,146,307,377,67,38,0,0,217,195,,,155,31,502,413,285,355,,,114,732,522,667,516,522,169,168,102,89,488,441,126,69,89,141,254,260,674,711,99,114,0,18,17,344,447,175,124,240,205,5,31,0,0,99,99,,,0,0,416,385,,,40,550,,,315,448,96,90
2021-02-24,,103,122,183,138,149,129,321,383,77,51,0,0,205,191,,,153,128,564,462,300,382,,,107,727,521,699,558,560,172,156,93,102,552,542,108,56,101,131,297,246,805,762,86,92,0,18,11,353,458,175,110,233,231,0,22,0,0,107,123,,,0,0,499,394,,,58,607,,,337,514,114,102
2021-02-25,,129,134,122,149,110,134,379,448,88,58,0,0,215,163,,,166,152,641,545,346,455,,,87,742,608,772,656,615,219,174,102,80,649,618,72,65,123,140,339,300,979,1063,124,131,0,16,13,458,536,194,143,310,290,5,24,0,0,121,116,,,0,0,606,535,,,57,829,,,442,622,146,101
2021-02-26,,83,91,171,134,134,113,255,314,63,51,0,0,127,145,,,123,96,411,357,226,285,,,81,576,415,531,450,427,127,120,67,85,405,392,69,46,96,92,208,225,590,623,91,83,0,5,3,291,364,119,91,216,202,8,10,0,0,85,88,,,0,0,333,300,,,25,466,,,270,390,93,71
2021-02-27,,58,50,192,65,80,82,160,172,35,26,0,0,112,55,,,81,56,410,293,178,212,,,44,271,282,352,308,296,68,77,28,34,299,263,40,35,51,74,81,125,488,496,48,43,0,1,0,158,199,56,48,119,103,16,16,0,0,72,112,,,0,0,338,324,,,31,316,,,211,274,68,50
2021-02-28,,105,155,272,132,98,102,354,367,43,50,0,0,182,119,,,151,108,829,662,378,481,,,83,390,612,726,731,645,133,113,49,54,744,729,63,47,137,162,343,332,1315,1379,102,114,0,0,0,464,648,36,39,314,319,19,41,0,0,237,226,,,0,0,942,876,,,307,869,,,568,823,141,120
2021-03-01,,114,105,266,167,110,121,316,294,60,57,0,0,181,160,,,126,117,422,337,281,323,,,98,618,402,514,393,384,160,172,73,91,397,366,85,15,79,123,169,158,455,512,57,71,0,0,0,228,277,102,60,167,160,9,18,0,0,78,106,,,0,0,258,232,,,206,239,,,136,175,48,51
2021-03-02,,108,115,250,112,121,125,250,286,59,44,0,0,192,155,,,120,120,346,325,204,260,,,84,653,369,512,359,354,140,137,78,87,357,348,66,48,67,113,148,140,353,387,0,0,0,0,0,222,237,103,91,156,131,7,21,0,0,74,83,,,0,0,171,167,,,214,196,,,162,200,49,53
2021-03-03,,104,110,166,116,115,128,264,289,84,43,0,0,165,155,,,108,106,448,404,299,353,,,101,571,457,574,439,443,156,165,90,77,476,444,77,63,86,129,203,203,537,570,0,0,0,0,0,289,352,89,75,217,211,18,21,0,0,110,130,,,0,0,257,270,,,361,388,,,215,302,88,72
2021-03-04,,108,115,218,106,108,104,278,282,60,56,0,0,157,152,,,125,101,498,403,306,367,,,80,622,415,539,437,427,117,158,75,77,490,474,76,58,76,121,208,205,689,694,60,72,0,0,0,263,320,149,111,217,197,10,25,0,0,189,208,,,0,0,402,330,,,295,405,,,237,296,88,77
2021-03-05,,65,81,182,81,93,84,160,173,45,30,0,0,114,95,,,101,68,258,216,133,167,,,57,443,234,288,169,175,95,114,56,65,227,253,67,49,37,60,76,66,259,261,39,37,0,0,0,84,121,71,57,66,51,3,19,0,0,62,77,,,0,0,117,110,,,124,121,,,54,97,35,27
2021-03-06,,124,159,182,111,113,92,435,508,70,35,0,0,218,107,,,173,139,1028,796,544,622,,,104,442,792,867,832,811,153,180,64,53,916,845,79,10,124,141,467,418,1394,1425,149,171,0,0,0,579,724,138,93,456,372,31,67,0,0,244,246,,,0,0,825,762,,,89,783,,,605,780,171,160
2021-03-07,,198,225,4,131,131,122,517,577,82,42,0,0,253,140,,,198,162,1246,1011,656,812,,,108,437,1025,1080,1040,1007,188,185,73,94,1098,1037,81,52,193,195,579,608,1757,1765,212,202,0,0,0,757,1083,119,76,640,636,26,57,0,0,326,371,,,0,0,1009,922,,,432,1153,,,814,1084,254,194
2021-03-08,,74,62,147,69,117,110,169,172,42,50,0,0,139,116,,,85,81,280,228,154,171,,,200,199,292,337,225,206,109,132,64,41,258,246,75,44,42,50,81,88,235,266,47,47,0,0,0,114,147,126,91,81,81,7,13,0,0,75,93,,,0,0,114,118,,,12,113,,,57,91,34,32
2021-03-09,,116,127,90,93,133,114,219,254,67,43,0,0,187,138,,,123,101,399,346,235,277,,,300,235,443,500,344,330,143,156,68,81,401,377,75,61,70,94,157,128,486,489,68,73,0,0,0,222,237,115,82,168,142,6,26,0,0,111,144,,,0,0,269,229,,,25,273,,,148,204,74,63
2021-03-10,,129,125,90,92,155,140,228,283,78,73,0,0,179,190,,,145,109,436,366,280,327,,,273,235,451,505,355,353,147,158,88,70,417,399,79,64,75,106,158,170,518,505,77,91,0,0,0,233,285,90,92,143,141,20,33,0,0,157,153,,,0,0,303,283,,,38,270,,,150,195,66,52
2021-03-11,,110,89,61,67,127,117,195,220,101,76,0,0,134,144,,,98,89,308,236,152,172,,,300,227,362,397,289,270,142,143,56,65,314,290,79,53,73,113,125,132,295,309,57,65,0,0,0,176,191,109,71,118,110,9,13,0,0,62,82,,,0,0,162,153,,,18,174,,,117,114,58,48
2021-03-12,,134,142,93,125,140,131,281,326,116,103,0,0,146,140,,,167,135,512,428,314,376,,,455,76,581,634,480,459,145,169,85,76,513,503,85,66,112,135,182,232,641,607,84,105,0,0,0,285,349,122,91,230,218,18,19,0,0,98,136,,,0,0,327,305,,,48,356,,,252,308,75,85
2021-03-13,,122,139,67,86,133,101,330,348,90,87,0,0,122,93,,,184,83,704,602,397,517,,,249,53,607,615,567,579,161,166,39,73,761,737,53,37,145,128,364,346,860,855,113,123,0,0,0,454,540,91,65,341,351,17,42,0,0,108,164,,,0,0,532,486,,,59,612,,,348,409,139,132
2021-03-14,,106,136,96,84,90,94,329,374,78,70,0,0,108,91,,,160,86,770,662,394,515,,,250,59,670,671,649,593,156,123,61,59,771,737,61,37,123,137,372,347,901,1009,118,115,0,0,0,510,587,111,71,383,376,17,28,0,0,156,205,,,0,0,546,569,,,57,685,,,438,540,0,0
2021-03-15,,97,99,72,69,191,130,199,217,114,90,0,0,109,186,,,125,99,334,226,191,192,,,320,110,322,401,312,306,120,128,67,62,326,308,68,35,62,100,131,119,279,295,55,61,0,0,0,187,180,112,109,121,103,9,16,0,0,62,66,,,0,0,170,151,,,16,211,,,137,144,0,0
2021-03-16,,100,103,78,74,157,123,196,233,107,85,0,0,117,142,,,99,93,322,245,144,189,,,315,72,302,415,276,255,139,152,71,58,264,258,67,69,60,87,103,114,279,278,46,48,0,0,0,148,171,151,92,119,91,8,18,0,0,62,92,,,0,0,126,118,,,7,154,,,78,102,43,42
2021-03-17,,65,62,75,74,116,94,143,178,109,99,0,0,109,195,,,89,76,252,201,124,153,,,328,70,326,356,231,237,98,122,82,69,190,208,79,45,47,72,94,81,183,190,48,52,0,0,0,121,127,141,111,70,80,3,15,0,0,49,63,,,0,0,88,97,,,8,89,,,64,71,38,34
2021-03-18,,99,121,72,98,157,133,265,272,128,95,0,0,166,144,,,141,132,472,404,246,318,,,322,60,490,530,407,385,146,173,76,114,452,418,72,55,70,112,159,161,565,575,76,75,0,0,0,261,307,120,100,165,176,15,28,0,0,117,122,,,0,0,298,286,,,264,357,,,210,270,102,85
2021-03-19,,49,44,41,47,115,87,130,141,96,84,0,0,116,87,,,81,66,260,198,91,101,,,261,98,216,274,150,153,90,96,50,52,185,182,64,39,34,41,48,49,165,179,42,39,0,0,0,72,89,143,119,64,60,5,16,0,0,48,58,,,0,0,78,101,,,83,62,,,34,58,24,22
2021-03-20,,59,79,40,58,83,76,144,178,50,46,0,0,107,66,,,67,54,427,304,182,208,,,148,55,293,324,299,264,95,96,18,38,341,359,43,29,38,54,116,89,424,405,38,52,0,0,0,170,222,91,68,129,110,12,22,0,0,97,108,,,0,0,232,215,,,285,258,,,171,216,88,55
2021-03-21,,55,82,35,42,86,60,137,176,52,44,0,0,93,76,,,69,58,409,313,185,220,,,146,63,302,321,268,261,79,87,28,40,392,389,30,37,44,71,136,136,505,499,42,56,0,0,0,188,255,69,69,112,124,9,20,0,0,74,106,,,0,0,265,254,,,249,279,,,168,211,64,59
2021-03-22,,124,111,102,92,173,137,271,314,130,113,0,0,188,171,,,163,114,452,386,305,329,,,356,62,507,539,408,394,174,183,103,93,422,413,81,6,92,136,137,148,515,507,60,63,0,0,0,231,241,143,112,173,152,12,21,0,0,123,138,,,0,0,273,225,,,290,307,,,149,191,62,58
2021-03-23,,118,116,75,110,171,135,239,291,122,110,0,0,237,171,,,157,124,384,321,249,280,,,384,68,455,527,349,357,151,182,83,141,385,384,85,5,89,102,154,151,415,412,67,74,0,0,0,223,250,150,139,151,151,11,51,0,0,96,114,,,0,0,239,200,,,257,260,,,137,190,84,62
2021-03-24,,180,209,137,158,195,171,458,483,169,147,0,0,268,252,,,196,197,743,637,523,604,,,484,28,820,862,728,651,217,235,134,127,782,781,110,62,146,199,368,311,1026,1096,148,144,0,0,0,481,609,173,121,327,361,9,33,0,0,186,183,,,0,0,630,521,,,719,789,,,394,592,176,130
2021-03-25,,227,315,105,157,260,205,581,644,214,191,0,0,295,244,,,256,212,993,920,686,739,,,593,76,1186,1142,1036,994,280,285,138,127,1056,972,107,65,202,264,523,522,1587,1742,183,170,0,0,0,654,864,162,147,547,510,267,292,0,0,302,349,,,0,0,1000,866,,,1179,1258,,,615,896,6,10
2021-03-26,,283,373,188,165,283,199,718,689,201,180,0,0,408,287,,,326,233,1243,1050,766,869,,,608,73,1341,1342,1282,1238,277,327,126,145,1382,1306,130,63,208,263,714,631,2102,2135,209,194,0,0,0,786,1000,217,155,756,660,314,453,0,0,353,375,,,0,0,1359,1123,,,1597,1544,,,838,1099,248,192
2021-03-27,,151,160,104,88,145,107,330,445,113,98,0,0,196,118,,,158,116,742,655,438,502,,,284,90,652,717,688,684,150,147,44,51,760,753,64,21,110,132,357,335,1019,1043,138,134,0,0,0,398,504,78,53,361,355,225,334,0,0,172,222,,,0,0,578,534,,,763,704,,,390,486,122,124
2021-03-28,,203,311,168,132,142,157,663,664,127,107,0,0,251,161,,,281,171,1314,1109,804,1029,,,415,64,1347,1310,1399,1312,251,202,74,95,1397,1315,108,48,180,262,781,717,2044,2144,232,206,0,0,0,768,1148,136,95,740,732,398,574,0,0,400,427,,,0,0,1211,1126,,,1685,1519,,,1001,1210,271,221
2021-03-29,,241,289,178,138,217,180,507,568,147,112,0,0,349,279,,,270,197,828,717,566,702,,,501,88,992,1008,888,887,251,251,246,83,919,835,147,62,159,212,432,387,1271,1381,171,162,0,160,116,532,608,267,487,466,433,189,289,0,0,223,233,,,0,0,766,642,,,918,948,,,476,597,186,157
2021-03-30,,398,565,299,213,277,246,1012,1084,261,231,0,0,486,348,,,379,314,1694,1504,1016,1196,,,745,95,1894,1908,1792,1733,431,399,180,195,1801,1652,138,85,301,387,926,866,2945,3030,306,317,0,561,564,927,1354,380,613,1002,933,497,607,0,0,519,524,,,0,0,1973,1528,,,2321,2324,,,1143,1541,301,252
2021-03-31,,318,463,247,280,284,274,1001,1074,270,210,0,0,378,415,,,392,318,1570,1402,1020,1223,,,791,83,1851,1805,1799,1699,415,409,178,147,1704,1490,166,70,265,374,970,869,2334,2638,320,312,0,492,514,947,1249,269,250,964,871,508,596,0,0,478,469,,,0,0,1713,1320,,,2184,2009,,,1063,1342,316,242
2021-04-01,,362,412,252,170,260,238,807,894,180,146,0,0,427,289,,,368,280,1373,1301,864,1079,,,680,100,1593,1545,1510,1460,388,348,154,155,1460,1373,141,77,230,269,798,792,2183,2313,302,291,0,450,408,840,1100,142,142,897,825,402,481,0,0,382,383,,,0,0,1390,1199,,,1821,1913,,,923,1284,242,201
2021-04-02,,198,257,117,105,134,151,507,560,177,173,0,0,218,133,,,235,173,917,846,535,682,,,325,73,978,899,973,880,204,190,67,85,979,940,66,48,156,151,465,506,1294,1429,166,156,0,358,365,608,737,63,57,606,490,332,374,0,0,291,278,,,0,0,826,729,,,1220,1100,,,602,776,201,180
2021-04-03,,113,144,47,57,91,83,249,271,108,81,0,0,154,84,,,116,82,499,399,258,333,,,182,57,369,415,371,388,115,122,41,35,492,465,48,34,70,110,193,173,578,664,96,81,0,167,130,173,254,41,55,143,128,137,160,0,0,118,133,,,0,0,280,280,,,25,378,,,171,219,57,66
2021-04-04,,204,319,175,124,142,123,689,711,172,150,0,0,400,152,,,259,189,1311,1168,834,997,,,393,43,1336,1306,1382,1299,230,217,83,126,1536,1333,84,53,183,263,808,696,2165,2452,247,206,0,393,351,805,1150,81,66,784,707,456,587,0,0,430,495,,,0,0,1400,1263,,,2072,1782,,,1105,1345,328,255
2021-04-05,,91,128,48,54,90,83,257,253,71,71,0,0,218,52,,,155,66,475,424,300,395,,,150,56,448,432,429,386,83,97,24,30,500,435,40,30,59,85,226,240,598,630,75,74,0,163,161,246,315,47,43,177,200,154,184,0,0,141,140,,,0,0,392,365,,,244,374,,,266,290,87,68
2021-04-06,,76,71,114,54,170,106,161,152,84,81,0,0,127,97,,,106,97,254,178,139,156,,,252,82,274,302,193,192,115,151,55,68,211,197,73,43,51,87,39,46,174,157,56,44,0,54,60,82,103,82,78,62,63,40,41,0,0,68,77,,,0,0,88,77,,,86,92,,,54,69,0,0
2021-04-07,,113,113,84,87,143,114,225,235,110,79,0,0,174,193,,,135,155,277,224,162,185,,,290,84,365,408,283,261,119,141,91,76,287,256,81,38,68,90,101,98,242,266,61,68,0,80,73,159,184,113,90,103,103,71,87,0,0,87,93,,,0,0,135,128,,,142,164,,,93,120,0,0
2021-04-08,,142,137,87,118,177,161,240,278,106,97,0,0,172,149,,,128,139,346,288,224,269,,,306,68,433,494,353,351,133,153,83,78,307,291,74,60,99,110,134,133,305,322,69,64,0,89,93,161,216,94,95,130,148,88,114,0,0,79,103,,,0,0,186,171,,,184,222,,,130,164,52,45
2021-04-09,,239,309,139,157,202,197,511,504,189,150,0,0,273,196,,,149,200,779,708,513,577,,,437,81,930,960,836,792,251,281,119,113,917,838,134,70,130,223,428,416,1211,1332,164,173,0,165,168,466,661,122,96,456,410,201,267,0,0,210,238,,,0,0,880,756,,,924,917,,,485,678,168,160
2021-04-10,,226,329,151,145,135,192,695,721,133,95,0,0,308,213,,,308,221,1393,1218,942,1226,,,415,61,1464,1296,1497,1343,303,297,105,111,1723,1556,76,44,131,224,911,812,2423,2484,240,274,0,523,419,965,1220,91,62,859,813,524,654,0,0,445,517,,,0,0,1605,1397,,,1871,1712,,,1183,1395,312,238
2021-04-11,,409,636,212,199,216,219,1235,1208,244,207,0,0,487,256,,,526,313,2534,2366,1697,2251,,,635,71,2389,2206,2552,2546,384,356,132,147,2683,2607,135,61,266,414,1483,1293,4546,4436,540,507,0,974,983,1498,2052,159,72,1622,1511,975,1345,0,0,910,1026,,,0,0,3158,2603,,,3514,3364,,,2419,2874,521,381
2021-04-12,,59,46,30,41,119,85,126,144,57,47,0,0,153,96,,,62,68,136,117,68,79,,,298,62,260,275,192,162,75,88,49,42,125,130,92,51,39,67,46,47,89,103,24,36,0,25,26,74,74,123,110,63,48,36,43,0,0,26,30,,,0,0,37,43,,,74,46,,,34,37,20,16
2021-04-13,,143,145,42,90,231,155,265,317,132,90,0,0,204,169,,,160,155,421,312,221,270,,,367,67,489,534,362,354,175,160,90,89,389,363,104,77,84,122,169,154,458,476,58,67,0,116,115,212,271,136,94,163,142,95,120,0,0,106,115,,,0,0,243,176,,,297,295,,,149,236,65,68
2021-04-14,,159,150,51,111,217,168,337,378,171,130,0,0,301,219,,,198,177,439,400,292,344,,,427,78,625,676,495,497,206,212,111,105,470,438,120,68,103,158,224,238,516,543,91,96,0,128,129,259,373,152,116,232,219,135,129,0,0,140,130,,,0,0,272,227,,,385,393,,,209,287,76,48
2021-04-15,,102,114,42,89,171,156,229,280,107,100,0,0,176,148,,,149,127,282,242,144,165,,,358,75,451,476,354,323,132,146,85,85,274,265,79,52,78,92,115,119,250,272,63,72,0,84,69,153,193,198,142,135,120,80,102,0,0,63,68,,,0,0,140,127,,,204,192,,,92,130,4,3
2021-04-16,,74,70,63,61,133,121,176,175,99,68,0,0,171,116,,,100,106,233,173,110,135,,,326,73,324,372,250,237,106,113,64,74,210,194,88,47,52,81,102,84,233,256,48,48,0,47,50,122,152,129,125,82,80,51,50,0,0,41,55,,,0,0,113,103,,,125,142,,,90,138,0,0
2021-04-17,,43,60,37,50,99,64,95,123,47,39,0,0,108,63,,,84,44,270,224,92,108,,,160,54,243,290,198,199,81,131,28,36,245,264,44,39,49,43,84,81,354,360,33,29,0,50,46,108,150,61,57,87,93,25,58,0,0,47,70,,,0,0,203,217,,,176,191,,,130,165,0,0
2021-04-18,,136,204,117,99,119,95,340,393,89,74,0,0,200,106,,,212,124,769,634,446,580,,,256,61,751,730,726,680,194,161,59,52,869,777,58,36,197,144,354,332,1214,1289,129,139,0,216,231,468,536,81,53,354,346,227,278,0,0,213,243,,,0,0,822,734,,,367,854,,,533,642,0,0
2021-04-19,,142,153,98,98,237,166,302,352,150,125,0,0,227,189,,,180,161,416,361,243,285,,,412,61,574,620,468,451,167,202,85,95,438,424,104,56,103,124,153,151,489,549,65,61,0,120,124,225,273,176,124,188,169,105,134,0,0,138,143,,,0,0,299,266,,,236,241,,,150,219,54,45
2021-04-20,,278,371,159,175,304,227,634,701,216,199,0,0,388,271,,,269,254,995,901,623,732,,,630,71,1218,1187,1115,1062,326,302,138,135,1032,1011,140,79,204,271,504,474,1736,1787,168,160,0,214,251,587,782,206,183,535,493,211,297,0,0,321,324,,,0,0,1138,790,,,1178,1175,,,594,814,173,155
2021-04-21,,274,352,184,228,329,227,679,751,239,197,0,0,438,319,,,313,236,937,805,602,717,,,699,67,1253,1255,1083,1062,301,308,136,170,1084,1014,156,77,201,260,489,507,1473,1514,177,189,0,236,219,596,741,231,177,539,475,232,289,0,0,289,306,,,0,0,1059,829,,,574,843,,,492,683,166,153
2021-04-22,,219,249,144,160,296,227,522,600,161,111,0,0,289,221,,,231,217,654,575,448,518,,,509,66,876,860,730,700,300,256,109,127,685,649,124,77,147,181,348,345,872,918,136,136,0,179,179,416,465,249,243,364,300,151,198,0,0,196,183,,,0,0,514,391,,,731,596,,,322,427,91,85
2021-04-23,,238,290,136,149,284,233,507,596,166,127,0,0,298,231,,,252,194,725,646,459,541,,,530,77,968,956,813,797,275,239,119,125,704,708,118,69,176,210,384,370,1105,1144,133,130,0,178,180,463,644,214,132,424,385,172,230,0,0,187,185,,,0,0,673,489,,,799,785,,,398,601,150,142
2021-04-24,,225,317,124,137,220,208,644,714,94,98,0,0,286,175,,,331,183,1311,1143,724,857,,,459,59,1196,1191,1226,1220,210,239,93,109,1468,1341,110,59,181,223,674,557,2353,2436,228,206,0,239,252,665,957,96,65,707,620,411,517,0,0,342,298,,,0,0,1604,1443,,,1748,1654,,,1113,1320,6,1
2021-04-25,,198,302,125,81,148,142,564,586,127,130,0,0,280,145,,,232,141,1085,883,599,736,,,322,44,1037,953,1064,961,183,184,74,71,1141,1082,85,44,142,190,576,503,1659,1736,203,186,0,273,305,534,729,85,69,497,462,296,356,0,0,293,305,,,0,0,1168,1006,,,1182,1352,,,818,977,0,0
2021-04-26,,217,255,165,105,258,210,620,634,208,158,0,0,299,280,,,250,236,553,496,474,577,,,462,72,795,690,787,745,267,280,137,137,778,721,116,68,156,189,376,364,1178,1158,162,177,0,187,213,412,507,160,141,396,375,162,173,0,0,222,226,,,0,0,523,402,,,723,766,,,350,518,64,51
2021-04-27,,234,360,197,122,237,242,691,770,226,186,0,0,388,290,,,302,249,921,807,547,644,,,575,61,1220,1239,1060,1026,325,285,140,179,964,957,157,76,155,270,469,447,1414,1451,171,191,0,215,186,558,735,329,207,503,441,202,243,0,0,260,250,,,0,0,961,746,,,958,1027,,,462,615,152,151
2021-04-28,,321,456,189,269,283,306,922,986,277,258,0,0,514,363,,,404,322,1267,1110,773,939,,,773,57,1647,1567,1430,1399,403,384,183,188,1447,1291,151,98,232,312,768,659,2079,2213,262,270,0,349,326,745,1067,243,162,761,696,329,375,0,0,354,353,,,0,0,1478,1152,,,1511,1522,,,684,971,273,238
2021-04-29,,217,236,145,167,339,250,601,656,157,114,0,0,351,245,,,261,223,684,616,455,523,,,544,75,963,957,804,787,302,288,138,140,766,712,97,61,152,190,393,362,983,984,143,154,0,163,156,446,596,219,171,398,389,145,197,0,0,214,212,,,0,0,621,490,,,734,721,,,346,471,136,108
2021-04-30,,254,328,218,186,232,262,774,838,206,201,0,0,450,316,,,334,276,1076,981,641,808,,,666,68,1257,1299,1185,1138,346,285,138,164,1087,1051,139,78,204,261,549,515,1758,1468,229,195,0,314,263,643,839,137,129,608,550,253,307,0,0,314,319,,,0,0,1186,839,,,1341,1393,,,646,945,222,165
2021-05-01,,137,170,139,80,208,131,526,534,92,75,0,0,292,138,,,237,158,1005,831,598,706,,,410,66,984,924,1014,972,194,189,85,95,1193,1117,80,40,118,177,485,435,1807,1870,198,151,0,234,243,543,693,75,81,422,415,324,380,0,0,288,281,,,0,0,1274,1105,,,1319,1181,,,786,896,185,156
2021-05-02,,58,55,48,36,118,61,133,158,44,42,0,0,94,59,,,59,50,266,202,110,154,,,175,53,201,239,175,183,77,101,27,35,276,241,44,36,43,55,71,54,273,316,30,46,0,49,59,81,114,49,48,74,89,58,66,0,0,67,92,,,0,0,151,170,,,214,173,,,131,122,44,24
2021-05-03,,198,216,135,159,243,206,559,654,274,246,0,0,340,425,,,246,242,725,611,441,523,,,549,65,983,952,822,790,305,275,139,141,637,621,145,95,163,247,331,352,765,848,158,170,0,219,195,456,522,163,153,407,363,183,195,0,0,199,178,,,0,0,536,468,,,253,588,,,314,398,111,91
2021-05-04,,245,254,169,127,211,254,701,754,200,159,0,0,450,289,,,312,271,773,704,441,521,,,674,58,1092,1087,940,946,352,320,153,165,789,707,183,58,176,234,467,441,865,908,163,170,0,29,48,504,652,216,166,431,415,188,234,0,0,170,174,,,0,0,631,528,,,244,583,,,294,376,103,90
2021-05-05,,209,222,157,163,245,235,564,633,186,146,0,0,306,271,,,232,226,599,535,408,440,,,539,47,860,848,753,683,280,238,163,128,633,589,138,53,141,175,269,281,675,689,155,142,0,154,155,350,444,180,151,329,303,149,187,0,0,137,153,,,0,0,435,361,,,413,438,,,228,313,75,61
2021-05-06,,199,210,177,153,263,236,588,585,195,159,0,0,352,279,,,238,239,603,568,378,475,,,552,73,948,942,201,177,283,282,137,152,557,505,152,76,144,176,304,313,631,674,123,147,0,157,165,419,519,241,150,357,350,171,185,0,0,139,124,,,0,0,423,368,,,428,484,,,256,308,101,67
2021-05-07,,155,167,132,138,219,187,389,454,151,129,0,0,266,157,,,201,167,454,356,250,289,,,462,43,577,641,92,109,201,210,115,105,451,441,110,66,88,112,197,194,490,539,100,114,0,122,136,213,267,146,111,194,190,103,135,0,0,104,97,,,0,0,296,243,,,299,327,,,141,226,0,0
2021-05-08,,213,354,100,135,173,191,698,795,129,116,0,0,280,181,,,1068,915,1276,1092,726,913,,,477,49,1359,1384,383,391,236,252,1405,1988,1433,1347,89,53,162,178,736,675,2240,2375,237,214,0,360,311,671,1103,76,48,636,636,370,454,0,0,379,420,,,0,0,1726,1525,,,1862,1905,,,1026,1409,0,0
2021-05-09,,280,461,216,151,241,264,976,1041,139,147,0,0,446,242,,,646,336,2058,1817,1110,1327,,,686,55,2058,1764,504,465,301,298,55,63,2174,2012,162,77,200,256,1103,963,3658,3912,364,349,0,616,633,1109,1410,103,80,1095,1004,620,883,0,0,522,570,,,0,0,2834,2488,,,2773,2829,,,1919,2110,0,0
2021-05-10,,373,464,223,251,314,329,1126,1259,300,242,0,0,513,371,,,382,370,1471,1349,907,1188,,,874,50,1890,1823,443,427,449,441,189,248,1470,1374,167,62,238,317,796,777,2325,2151,254,286,0,394,428,913,1088,250,197,854,739,357,447,0,0,435,427,,,0,0,1659,1228,,,1540,1854,,,786,1106,270,212
2021-05-11,,426,483,271,262,357,361,1299,1424,278,201,0,0,552,361,,,456,433,1658,1587,1033,1261,,,951,40,2143,1964,494,496,541,503,225,252,1599,1486,258,68,272,354,922,900,2407,1405,247,247,0,453,437,1000,1333,363,245,1007,911,428,532,0,0,451,425,,,0,0,1783,1281,,,1475,1996,,,879,1169,246,223
2021-05-12,,110,108,96,94,248,168,382,421,154,126,0,0,289,171,,,152,157,393,322,208,239,,,604,58,550,564,105,86,198,167,98,97,344,337,282,40,63,67,151,169,317,343,0,0,0,65,69,171,196,243,159,159,134,85,101,0,0,91,90,,,0,0,158,130,,,116,141,,,65,66,47,38
2021-05-13,,60,43,48,32,234,78,147,148,64,52,0,0,159,92,,,84,74,202,130,89,107,,,518,47,202,257,33,33,98,83,53,45,142,173,305,1,24,42,52,45,103,94,29,26,0,33,35,58,60,434,203,44,44,37,43,0,0,43,41,,,0,0,51,52,,,28,19,,,9,11,21,13
2021-05-14,,99,57,56,61,159,114,189,226,88,80,0,0,244,159,,,112,135,305,254,163,178,,,571,62,310,365,65,68,140,128,57,60,251,276,245,21,64,82,99,113,282,285,49,50,0,96,85,126,175,343,146,111,99,48,69,0,0,79,84,,,0,0,168,153,,,73,137,,,43,55,39,32
2021-05-15,,158,204,62,97,116,152,497,588,115,102,0,0,223,174,,,239,150,952,824,476,637,,,515,62,786,870,219,231,204,215,69,87,989,947,81,2,103,63,364,414,1370,1471,148,159,0,236,188,426,606,141,74,377,342,235,291,0,0,259,266,,,0,0,917,809,,,964,1062,,,492,669,193,178
2021-05-16,,227,345,159,154,89,191,622,630,140,135,0,0,303,166,,,264,169,1326,1155,743,891,,,397,34,1001,1056,292,260,209,210,74,95,1411,1355,86,31,184,88,586,505,2093,2337,191,199,0,215,194,669,898,143,80,568,592,356,470,0,0,365,370,,,0,0,1421,1238,,,1599,1550,,,781,1058,267,181
2021-05-17,,205,197,145,154,189,228,649,721,190,157,0,0,375,278,,,290,226,698,642,398,465,,,653,69,844,920,203,177,321,311,137,166,675,641,201,33,156,183,341,343,802,849,137,165,0,148,148,398,528,474,213,335,303,166,204,0,0,166,148,,,0,0,457,385,,,427,466,,,175,274,83,65
2021-05-18,,271,287,221,214,126,285,821,912,232,155,0,0,366,331,,,342,269,886,843,535,662,,,728,51,1069,1139,277,247,345,356,163,180,949,906,253,26,208,237,443,451,1110,1249,188,177,0,163,209,0,0,507,264,542,498,232,250,0,0,224,216,,,0,0,701,566,,,700,751,,,291,442,110,103
2021-05-19,,259,252,155,182,154,270,678,767,205,118,0,0,376,293,,,296,264,754,652,472,538,,,750,55,850,1018,224,201,341,329,161,174,741,679,306,42,254,227,355,344,891,985,166,159,0,219,202,0,0,449,230,367,354,195,218,0,0,183,189,,,0,0,577,491,,,403,596,,,181,299,92,70
2021-05-20,,226,232,209,160,172,269,722,751,200,148,0,0,349,287,,,302,276,729,649,437,544,,,673,53,991,929,185,179,277,281,130,148,675,603,303,45,214,1727,345,332,790,900,151,164,0,201,195,3,1,417,226,381,348,162,175,0,0,196,189,,,0,0,459,434,,,431,399,,,155,290,102,74
2021-05-21,,178,204,160,134,189,284,626,686,213,110,0,0,262,249,,,263,248,651,554,361,480,,,700,52,912,1025,214,216,304,275,137,149,632,575,202,40,151,1401,308,299,821,839,121,126,0,167,117,417,550,291,148,369,343,170,208,0,0,161,171,,,0,0,506,425,,,455,562,,,231,371,92,77
2021-05-22,,210,277,145,103,132,234,609,630,114,118,0,0,260,152,,,296,167,1017,796,565,697,,,444,78,1003,998,276,290,229,239,83,91,1174,1045,102,3,159,554,426,467,1535,1570,175,154,0,156,577,578,761,94,85,483,435,270,387,0,0,207,256,,,0,0,1100,993,,,1197,1241,,,579,896,225,122
2021-05-23,,164,220,120,114,101,157,426,449,94,93,0,0,210,112,,,216,139,769,666,411,552,,,346,58,781,643,192,195,160,142,53,88,906,778,89,21,137,590,299,252,1249,1512,97,100,0,195,251,396,504,82,59,347,301,194,254,0,0,228,224,,,0,0,890,853,,,959,805,,,404,499,136,92
2021-05-24,,270,296,182,209,168,306,904,964,296,235,0,0,448,323,,,354,312,966,887,664,781,,,730,52,1425,1373,281,312,376,422,165,188,1028,844,223,32,216,986,592,546,1318,1436,201,195,0,179,200,769,866,453,201,641,595,285,355,0,0,287,255,,,0,0,894,742,,,949,1064,,,535,697,172,121
2021-05-25,,155,174,107,126,313,249,563,609,149,135,0,0,284,251,,,221,208,510,427,254,322,,,609,45,777,771,141,145,262,222,118,146,501,472,216,49,176,870,194,200,472,515,74,79,0,112,99,327,371,330,157,235,230,108,152,0,0,113,101,,,0,0,292,250,,,294,300,,,111,164,21,17
2021-05-26,,182,180,141,138,311,257,614,681,239,196,0,0,409,283,,,243,237,557,483,317,397,,,659,61,917,898,261,214,339,302,140,154,503,480,179,53,211,1143,274,256,550,566,107,123,0,132,151,410,440,329,181,320,281,97,102,0,0,127,114,,,0,0,346,289,,,389,390,,,147,182,49,31
2021-05-27,,225,226,111,190,253,275,714,734,293,192,0,0,400,254,,,277,200,735,622,478,583,,,716,58,1038,1038,222,178,322,311,135,174,728,653,174,76,235,880,388,359,787,898,153,159,0,166,178,551,677,330,179,442,399,164,196,0,0,193,162,,,0,0,532,419,,,568,695,,,244,337,127,83
2021-05-28,,178,228,102,181,292,260,650,706,210,144,0,0,671,306,,,273,244,700,632,393,499,,,687,73,932,997,212,209,279,325,135,157,676,652,123,1,197,888,322,307,895,920,131,142,0,168,165,483,529,370,159,370,334,177,217,0,0,186,192,,,0,0,575,464,,,619,688,,,176,272,102,83
2021-05-29,,169,205,159,105,142,201,567,620,113,124,0,0,229,151,,,251,162,847,760,433,636,,,436,59,886,909,216,229,212,239,72,99,845,865,72,55,151,349,402,339,1350,1401,145,179,0,170,158,419,583,98,60,368,338,184,301,0,0,183,206,,,0,0,891,775,,,71,1059,,,442,666,140,103
2021-05-30,,216,271,165,99,119,235,607,678,89,52,0,0,243,167,,,256,166,1010,881,643,742,,,457,53,1046,1054,271,265,221,212,77,101,1141,1050,76,65,183,375,565,425,1903,2066,166,128,0,314,335,656,730,76,70,553,537,288,461,0,0,253,271,,,0,0,1244,1151,,,1560,1447,,,571,818,191,131
2021-05-31,,297,339,239,252,363,307,1000,1091,274,245,0,0,358,286,,,363,344,1051,944,720,854,,,838,67,1455,1437,332,263,363,386,173,164,1011,966,202,52,272,866,524,498,1453,1601,196,197,0,206,220,719,815,378,174,573,521,284,310,0,0,262,240,,,0,0,974,817,,,102,1101,,,314,463,158,111
2021-06-01,,341,395,181,226,347,379,1020,1111,319,247,0,0,449,307,,,409,390,1175,1050,699,885,,,966,70,1699,1632,378,363,415,415,176,206,1178,1086,188,25,255,978,637,580,1585,1772,230,226,0,299,305,858,1035,556,246,689,586,269,334,0,0,314,280,,,0,0,1106,893,,,1306,1289,,,338,542,190,162
2021-06-02,,292,385,184,216,381,349,1160,1242,257,179,0,0,581,356,,,441,405,1248,1113,761,882,,,1003,74,1697,1642,388,335,445,438,197,231,1227,1149,221,92,339,1000,642,611,1752,1908,251,260,0,354,439,846,1041,482,253,722,649,354,421,0,0,333,310,,,0,0,1248,992,,,877,1352,,,197,220,220,159
2021-06-03,,297,325,232,236,394,358,1108,1194,292,235,0,0,457,395,,,373,387,1169,1093,676,809,,,1035,74,1609,1643,358,329,410,437,183,226,1176,1131,232,86,346,1215,654,584,1621,1779,230,256,0,305,345,908,1023,555,191,705,629,298,349,0,0,327,297,,,0,0,1118,883,,,1136,1269,,,266,338,178,137
2021-06-04,,247,368,206,174,473,336,934,1058,226,202,0,0,470,303,,,429,323,1058,947,555,755,,,1071,59,1555,1515,374,377,367,376,151,223,1084,1116,184,54,235,1402,563,528,1687,1174,160,154,0,306,310,795,902,362,124,637,540,303,331,0,0,261,258,,,0,0,1110,869,,,1264,1375,,,318,523,170,143
2021-06-05,,175,266,209,108,292,218,721,722,83,72,0,0,235,175,,,276,167,1115,952,550,719,,,632,89,1041,1138,269,327,222,231,78,104,1163,1005,103,5,174,563,547,513,1862,2034,0,0,0,287,319,560,767,125,47,517,478,221,224,0,0,253,289,,,0,0,1311,1173,,,1560,1477,,,405,850,199,122
2021-06-06,,238,328,197,142,263,237,667,763,120,110,0,0,310,155,,,271,181,1270,1130,710,919,,,594,90,1301,1211,355,324,273,244,70,99,1361,1250,118,58,185,700,665,567,2123,2443,0,0,0,379,387,728,903,150,60,579,553,344,476,0,0,353,354,,,0,0,1561,1458,,,1501,1680,,,249,562,244,190
2021-06-07,,334,416,181,210,361,369,1088,1152,342,293,0,0,509,341,,,458,345,1170,992,714,856,,,958,67,1687,1557,372,356,427,402,158,203,1238,1025,197,75,290,1577,624,580,1554,1635,244,251,0,353,317,897,955,514,235,683,628,296,350,0,0,298,272,,,0,0,1039,831,,,1181,1210,,,228,219,173,126
2021-06-08,,377,439,145,240,310,374,1143,1226,329,285,0,0,538,405,,,474,389,1206,1068,770,985,,,1009,61,1843,1761,416,406,403,459,0,0,1430,1253,205,96,351,1423,723,642,1751,1983,255,237,0,442,425,964,1116,472,178,769,671,366,385,0,0,402,355,,,0,0,1119,972,,,1342,1420,,,256,288,17,27
2021-06-09,,320,352,130,318,336,337,980,1104,325,242,0,0,262,149,,,310,196,992,861,593,688,,,883,83,1470,1465,301,293,395,450,199,224,992,886,259,88,257,1534,536,467,1227,1199,179,195,0,272,259,718,794,443,196,562,482,277,315,0,0,289,257,,,0,0,854,696,,,560,844,,,172,150,0,0
2021-06-10,,288,327,205,229,332,368,939,1071,317,259,0,0,461,365,,,425,326,882,825,515,709,,,995,78,1421,1375,322,305,399,416,168,225,1018,1007,213,6,284,1412,488,450,1161,1074,191,186,0,275,372,711,767,514,210,546,494,253,322,0,0,247,227,,,0,0,747,638,,,684,837,,,234,233,96,88
2021-06-11,,240,285,163,188,250,288,804,880,262,204,0,0,537,280,,,367,322,766,685,454,583,,,904,67,1234,1189,244,250,323,334,160,156,878,781,160,71,210,1194,416,382,1069,1011,166,193,0,249,237,599,603,323,171,452,377,272,283,0,0,233,202,,,0,0,771,666,,,738,889,,,150,235,132,113
2021-06-12,,31,24,40,23,56,84,291,256,56,38,0,0,232,152,,,254,162,73,131,243,347,,,174,41,351,152,235,255,67,52,79,66,355,234,23,2,12,154,447,409,96,185,155,131,0,253,465,343,324,19,27,180,283,109,167,0,0,33,25,,,0,0,60,113,,,465,245,,,331,668,24,14
2021-06-13,,72,90,32,49,58,99,341,310,116,117,0,0,202,151,,,235,181,146,243,283,417,,,137,28,413,219,276,278,69,59,68,73,480,340,40,36,25,230,376,324,350,627,153,117,0,0,1,440,385,46,21,224,314,141,207,0,0,69,42,,,0,0,159,225,,,609,373,,,304,508,39,36
2021-06-14,,367,429,105,244,279,400,1031,1097,357,241,0,0,478,318,,,446,321,1083,984,690,826,,,940,55,1641,1586,348,320,407,387,178,207,1123,975,185,80,283,1516,588,552,1557,1753,95,57,0,308,363,788,822,400,196,594,517,272,348,0,0,297,268,,,0,0,1029,877,,,1143,1212,,,222,223,145,126
2021-06-15,,333,412,248,276,307,376,1089,1278,378,307,0,0,542,377,,,464,378,1142,1060,739,905,,,1033,77,1769,1642,385,332,430,438,184,238,1141,1050,249,99,268,1394,685,620,1530,1368,0,0,0,323,332,935,993,429,226,675,649,334,381,0,0,381,320,,,0,0,1064,893,,,1109,1324,,,237,240,193,149
2021-06-16,,316,370,234,252,338,366,1081,1224,346,272,0,0,500,374,,,474,397,1097,980,754,873,,,1047,65,1782,1672,410,344,456,449,197,251,1111,1028,241,92,321,1516,682,633,1460,1591,225,234,0,327,281,895,925,492,164,663,601,323,335,0,0,323,302,,,0,0,1018,788,,,1067,1177,,,219,213,187,155
2021-06-17,,304,299,83,282,326,309,1061,1170,296,232,0,0,451,317,,,438,344,974,909,595,784,,,1078,60,1670,1536,350,349,402,408,145,201,1003,939,226,6,199,1580,594,610,1352,1484,220,232,0,304,291,794,808,499,194,578,497,178,260,0,0,278,281,,,0,0,919,734,,,386,1080,,,210,223,142,145
2021-06-18,,254,250,206,187,281,294,801,859,284,224,0,0,420,304,,,374,291,835,725,492,586,,,1093,62,1276,1242,255,220,283,318,132,147,901,756,191,12,229,1759,430,421,1109,1108,159,167,0,228,192,586,651,278,117,445,402,214,244,0,0,222,202,,,0,0,735,545,,,836,946,,,174,207,171,113
2021-06-19,,155,197,163,133,145,222,564,662,118,91,0,0,257,210,,,283,206,761,646,329,455,,,725,69,1058,973,406,384,208,242,56,75,749,642,103,33,143,1023,337,360,1178,1273,73,83,0,197,195,500,530,67,40,429,362,140,170,0,0,228,182,,,0,0,884,772,,,1054,1157,,,148,430,69,34
2021-06-20,,201,241,122,89,119,190,537,600,54,64,0,0,224,153,,,232,171,736,620,349,443,,,568,50,1022,947,316,358,177,182,78,71,734,633,91,73,96,1181,378,367,1296,1465,0,0,0,0,0,531,547,72,59,380,421,208,223,0,0,189,176,,,0,0,982,801,,,1190,1140,,,166,340,0,0
2021-06-21,,262,252,183,180,237,293,910,952,251,169,0,0,401,327,,,346,306,776,749,493,618,,,832,46,1308,1128,229,261,380,351,199,193,884,814,189,58,248,2517,420,414,1009,936,179,192,0,0,0,653,663,195,143,506,447,206,222,0,0,216,186,,,0,0,664,516,,,834,820,,,116,88,103,87
2021-06-22,,166,150,122,125,249,169,0,0,169,117,0,0,179,156,,,233,194,430,381,195,231,,,617,46,636,640,135,120,206,195,87,105,481,475,141,71,134,2294,146,131,529,548,73,72,0,0,0,291,348,157,143,193,189,137,167,0,0,97,99,,,0,0,288,255,,,379,401,,,31,16,76,52
2021-06-23,,273,265,201,199,224,267,734,795,208,147,0,0,320,299,,,304,271,720,670,436,530,,,686,65,1035,1107,248,239,339,343,136,165,745,733,179,86,198,1779,375,359,907,947,176,155,0,0,0,547,612,270,165,370,339,204,268,0,0,199,196,,,0,0,590,470,,,717,733,,,64,41,87,65
2021-06-24,,242,225,199,164,228,274,744,799,237,126,0,0,303,319,,,337,274,735,644,464,559,,,663,52,933,1034,233,221,322,379,126,166,771,743,176,77,157,1036,346,315,993,1085,145,139,0,192,184,413,571,237,176,401,357,218,238,0,0,228,206,,,0,0,621,524,,,684,715,,,75,59,107,72
2021-06-25,,76,87,65,78,169,151,288,302,104,65,0,0,164,169,,,153,129,236,193,92,140,,,625,60,275,385,56,77,217,253,68,68,297,308,188,43,55,86,117,85,275,267,42,43,0,39,43,95,138,205,99,101,81,62,86,0,0,65,59,,,0,0,150,120,,,178,226,,,14,9,43,33
2021-06-26,,207,268,131,123,162,175,628,627,146,111,0,0,287,148,,,309,210,994,795,488,660,,,639,54,885,1010,250,273,305,407,75,100,1057,950,106,1,142,177,511,453,1744,1896,160,161,0,285,284,434,603,96,82,535,454,278,361,0,0,218,234,,,0,0,1291,1088,,,71,1330,,,41,131,209,130
2021-06-27,,258,332,159,137,209,213,613,685,159,161,0,0,310,206,,,160,139,1138,1035,633,822,,,582,52,1118,1168,302,271,325,310,56,67,1155,1102,107,7,122,202,588,559,2079,2442,240,208,0,330,397,562,732,63,43,585,593,378,410,0,0,341,326,,,0,0,1474,1409,,,822,1766,,,37,166,308,215
2021-06-28,,312,379,153,196,205,310,932,1065,363,292,0,0,524,350,,,364,330,986,884,564,739,,,938,64,1349,1506,308,286,364,392,181,181,985,847,191,84,177,304,529,499,1273,1443,205,225,0,302,284,617,720,198,130,611,539,326,331,0,0,288,255,,,0,0,889,720,,,799,1084,,,491,593,143,144
2021-06-29,,270,285,128,121,230,249,686,789,258,178,0,0,349,277,,,319,262,717,629,382,468,,,863,44,935,1043,215,202,331,342,139,172,774,682,194,88,141,247,347,322,1019,1153,59,72,0,226,215,392,509,164,135,420,341,207,256,0,0,197,170,,,0,0,660,560,,,0,0,,,354,483,119,110
2021-06-30,,241,260,143,216,111,264,725,758,289,219,0,0,413,323,,,339,297,721,612,394,462,,,755,52,997,1135,237,253,303,370,181,178,742,727,252,89,156,247,420,360,897,1019,0,0,0,218,219,470,576,181,117,436,408,230,230,0,0,190,187,,,0,0,587,519,,,0,0,,,34,9,114,101
2021-07-01,,207,202,138,150,0,267,662,731,231,168,0,0,463,239,,,320,250,588,535,346,438,,,562,48,671,787,166,162,273,328,132,156,619,612,212,68,105,205,281,282,612,617,103,122,0,128,131,321,422,148,102,343,283,176,236,0,0,164,168,,,0,0,405,329,,,0,0,,,12,1,72,52
2021-07-02,,112,103,77,77,0,173,316,332,132,97,0,0,263,158,,,180,149,281,255,156,192,,,494,41,373,452,92,73,146,156,83,91,303,266,140,64,58,89,125,103,298,312,54,52,0,84,59,162,184,91,66,142,119,81,80,0,0,88,78,,,0,0,199,157,,,0,0,,,77,119,37,45
2021-07-03,,168,197,150,120,0,220,540,566,225,159,0,0,256,156,,,201,164,791,657,395,512,,,407,5,840,927,229,197,235,264,63,89,828,774,85,38,298,149,337,352,1478,1420,120,130,0,202,270,377,538,64,50,409,323,240,304,0,0,178,208,,,0,0,1068,862,,,0,0,,,603,865,160,100
2021-07-04,,149,178,146,90,0,170,461,534,172,169,0,0,228,138,,,202,170,809,729,397,531,,,345,3,901,930,271,241,182,207,59,53,866,827,92,2,84,170,383,372,1517,1572,131,123,0,191,219,359,552,47,26,417,389,231,303,0,0,197,206,,,0,0,1042,891,,,0,0,,,724,851,210,157
2021-07-05,,150,195,115,94,0,181,491,533,181,177,0,0,222,151,,,163,148,752,628,360,460,,,279,3,786,865,228,235,191,211,65,78,788,638,83,47,72,165,344,309,1122,1247,112,115,0,201,195,283,414,58,56,335,310,211,260,0,0,162,162,,,0,0,847,764,,,0,0,,,489,629,160,93
2021-07-06,,200,212,143,111,0,223,544,618,219,255,0,0,270,134,,,231,169,855,732,409,551,,,349,3,1031,1057,255,249,231,250,80,66,889,752,103,44,70,178,513,447,1528,1726,180,159,0,242,265,441,615,62,37,491,468,252,290,0,0,236,219,,,0,0,1187,969,,,0,0,,,837,876,132,101
2021-07-07,,173,189,102,115,0,246,505,554,264,250,0,0,277,176,,,227,187,589,494,267,368,,,478,71,648,733,167,176,207,246,96,106,571,517,112,2,76,153,237,233,791,820,93,105,0,178,150,301,381,83,68,293,245,153,168,0,0,140,136,,,0,0,526,404,,,0,0,,,271,395,84,67
2021-07-08,,1,0,0,0,0,0,0,2,194,147,0,0,180,127,,,228,0,0,0,0,0,,,2,0,1,0,169,144,0,6,0,0,0,0,1,2,0,0,228,201,0,0,83,98,0,0,0,2,0,0,0,0,0,0,0,0,0,0,0,,,0,0,0,0,,,0,0,,,234,305,0,0
2021-07-09,,100,116,95,108,251,152,441,450,146,100,0,0,225,189,,,207,185,401,296,205,267,,,399,58,400,535,128,129,153,186,89,96,434,401,66,44,73,113,134,149,539,563,91,88,0,111,263,194,229,76,47,198,167,117,134,0,0,92,81,,,0,0,298,237,,,0,0,,,193,251,41,33
2021-07-10,,188,268,175,121,228,224,618,742,157,152,0,0,365,195,,,325,224,1006,910,560,666,,,583,58,1090,1271,312,344,251,279,58,64,1102,1076,105,4,166,193,518,465,1890,1992,188,171,0,243,279,490,792,50,29,568,598,336,417,0,0,254,222,,,0,0,1448,1189,,,0,0,,,921,1153,242,150
2021-07-11,,138,178,110,94,164,145,413,396,113,164,0,0,264,137,,,199,124,717,648,357,486,,,316,55,736,767,227,164,181,166,51,52,672,592,88,47,86,124,303,284,1117,1258,124,146,0,183,282,335,424,48,38,362,356,220,261,0,0,205,170,,,0,0,842,707,,,0,0,,,601,630,163,82
2021-07-12,,297,316,170,173,325,263,809,859,218,164,0,0,425,343,,,370,311,950,816,511,666,,,608,4,1094,1268,291,266,330,360,139,161,954,897,180,80,193,268,455,409,1270,1395,155,167,0,217,302,597,717,113,88,524,459,261,302,0,0,237,212,,,0,0,863,685,,,0,0,,,477,662,159,143
2021-07-13,,277,286,125,198,335,287,864,880,237,144,0,0,427,268,,,366,291,883,814,470,642,,,793,0,1261,1316,335,287,332,332,138,150,942,891,186,6,209,288,492,483,1213,1324,194,211,0,232,233,562,747,140,108,580,489,234,262,0,0,212,183,,,0,0,841,644,,,0,0,,,466,732,159,144
2021-07-14,,152,159,100,130,257,201,468,445,145,104,0,0,309,186,,,201,183,496,349,233,278,,,605,40,512,663,129,121,196,214,102,97,463,493,141,65,91,144,213,191,709,673,80,81,0,127,125,290,358,124,83,249,201,113,145,0,0,98,109,,,0,0,447,383,,,0,0,,,215,291,73,62
2021-07-15,,233,286,99,197,323,283,788,906,207,145,0,0,540,295,,,331,287,824,718,401,526,,,841,98,979,1098,266,253,297,319,128,162,791,766,164,3,176,254,411,389,1150,1151,42,20,0,182,221,503,573,187,98,454,383,200,232,0,0,177,170,,,0,0,746,620,,,0,0,,,439,546,13,14
2021-07-16,,248,249,164,168,317,287,759,860,198,147,0,0,541,247,,,351,275,796,700,421,575,,,934,74,1038,1165,264,277,307,310,127,146,861,853,153,66,207,219,412,386,1276,1380,92,107,0,210,214,473,595,120,92,477,446,240,298,0,0,208,175,,,0,0,839,687,,,0,0,,,500,719,0,0
2021-07-17,,123,146,81,77,219,157,256,330,55,32,0,0,242,125,,,156,115,359,319,189,266,,,482,77,405,491,104,109,114,158,40,37,364,373,59,4,62,77,149,130,586,609,45,30,0,82,103,171,242,83,150,175,144,108,99,0,0,78,96,,,0,0,402,368,,,0,0,,,232,331,0,0
2021-07-18,,241,299,208,167,263,211,675,790,114,123,0,0,405,175,,,300,244,1136,1003,597,799,,,571,66,1096,1164,332,302,223,247,83,74,1169,1105,115,47,184,213,496,448,1317,1537,78,108,0,292,351,537,739,66,42,548,508,283,413,0,0,254,304,,,0,0,1401,1255,,,0,0,,,940,1108,0,0
2021-07-19,,306,305,178,189,433,300,820,969,270,277,0,0,440,301,,,340,321,862,724,490,591,,,826,85,1097,1248,273,285,322,386,123,131,894,898,148,63,234,249,494,436,1166,1263,187,180,0,220,200,525,633,128,110,509,429,240,272,0,0,220,207,,,0,0,726,612,,,0,0,,,436,565,0,0
2021-07-20,,286,325,205,176,336,291,912,971,225,143,0,0,376,335,,,373,316,870,804,517,665,,,826,96,1168,1352,340,307,377,421,155,159,917,876,169,83,221,269,515,453,1147,1251,158,177,0,174,279,533,741,140,116,520,442,218,269,0,0,239,220,,,0,0,816,681,,,0,0,,,435,611,0,0
2021-07-21,,253,323,288,35,342,292,910,1027,262,248,0,0,412,295,,,332,283,923,779,528,683,,,890,81,1194,1353,744,577,356,393,181,185,692,702,168,77,230,316,504,485,1277,1433,179,194,0,222,241,650,812,92,83,584,514,265,289,0,0,232,220,,,0,0,846,751,,,0,0,,,494,707,0,0
2021-07-22,,254,270,362,23,351,310,878,971,308,248,0,0,419,305,,,354,288,922,767,518,634,,,897,99,1131,1264,790,746,343,359,155,162,908,842,150,5,228,306,530,478,1490,1522,188,162,0,238,231,520,707,129,113,510,412,256,302,0,0,238,204,,,0,0,971,784,,,0,0,,,469,619,0,0
2021-07-23,,252,276,322,30,354,276,802,905,235,203,0,0,360,275,,,372,286,811,669,479,591,,,938,86,1040,1156,880,863,322,281,133,137,915,843,155,13,180,219,383,378,1227,1302,176,178,0,236,220,436,576,140,83,438,386,237,230,0,0,219,222,,,0,0,833,659,,,0,0,,,492,653,133,85
2021-07-24,,166,202,197,10,266,195,612,629,139,127,0,0,283,172,,,274,191,845,702,416,523,,,672,74,994,1037,839,797,225,225,72,104,971,914,126,8,130,159,401,347,1399,1192,158,114,0,251,228,391,557,59,46,450,389,261,404,0,0,179,222,,,0,0,1107,934,,,0,0,,,707,860,210,140
2021-07-25,,184,221,162,9,239,196,511,542,152,139,0,0,266,155,,,238,178,838,697,359,492,,,603,60,820,914,591,628,223,217,58,49,794,699,58,9,102,154,344,295,1340,1415,0,0,0,183,212,377,503,57,45,359,350,222,291,0,0,209,189,,,0,0,993,832,,,0,0,,,628,642,174,141
2021-07-26,,224,240,366,13,329,280,773,835,282,245,0,0,334,268,,,320,237,715,597,432,523,,,802,74,931,1080,725,709,324,320,149,177,799,746,181,6,176,234,334,328,818,671,0,0,0,175,196,366,493,83,121,384,386,265,198,0,0,180,179,,,0,0,620,491,,,0,0,,,341,433,118,94
2021-07-27,,315,363,324,14,391,308,1036,1179,305,270,0,0,466,348,,,409,300,1153,892,588,731,,,964,98,1327,1413,616,310,394,405,185,200,1129,1004,137,13,194,292,559,522,1435,1238,0,0,0,278,311,581,828,131,104,659,616,439,260,0,0,303,256,,,0,0,1107,839,,,0,0,,,542,757,169,148
2021-07-28,,172,194,336,24,335,230,700,761,245,169,0,0,330,256,,,294,217,598,548,362,431,,,701,96,830,858,592,443,312,312,125,144,629,576,198,77,128,208,323,295,672,776,0,0,0,28,31,333,416,141,112,333,292,318,141,0,0,144,129,,,0,0,389,401,,,0,0,,,229,298,80,66
2021-07-29,,273,320,273,145,338,340,961,1042,291,260,0,0,405,317,,,416,299,1007,889,544,752,,,906,92,1178,1394,332,345,389,440,164,165,1101,1015,148,91,194,294,584,505,1435,1507,0,0,0,267,278,595,743,125,119,543,488,391,307,0,0,276,255,,,0,0,980,821,,,0,0,,,596,741,146,137
2021-07-30,,264,260,195,168,305,301,845,891,249,231,0,0,345,296,,,386,277,820,691,442,573,,,1040,74,1003,1216,340,150,309,373,142,159,927,877,163,81,179,223,444,417,1169,1157,0,0,0,224,209,506,639,112,63,495,417,286,234,0,0,195,239,,,0,0,837,691,,,0,0,,,452,663,158,125
2021-07-31,,197,235,125,136,290,251,694,704,117,108,0,0,259,193,,,294,217,1003,797,477,647,,,782,79,980,1073,,,267,277,92,91,1079,962,104,10,157,186,427,408,1428,1492,0,0,0,249,234,502,656,84,43,486,462,254,377,0,0,218,233,,,0,0,1198,1023,,,0,0,,,855,965,218,146
2021-08-01,,87,82,57,59,302,118,231,239,83,91,0,0,124,101,,,115,92,255,238,104,154,,,391,83,260,270,,,119,100,31,37,266,248,62,35,40,78,70,51,318,347,0,0,0,46,55,90,109,36,30,75,62,60,68,0,0,74,71,,,0,0,183,193,,,0,0,,,132,150,0,0
2021-08-02,,154,151,127,146,290,217,560,642,210,191,0,0,243,228,,,224,142,467,436,284,341,,,608,107,699,692,160,145,258,283,109,107,520,518,140,68,134,175,276,240,494,544,0,0,0,116,125,326,379,109,108,295,245,129,150,0,0,124,121,,,0,0,288,262,,,0,0,,,230,329,69,63
2021-08-03,,262,323,198,224,305,272,838,916,250,232,0,0,402,311,,,330,278,976,756,523,680,,,753,105,1065,1260,280,237,346,361,133,155,1042,974,222,72,222,310,513,443,1270,1324,0,0,0,237,201,567,707,144,144,471,438,223,259,0,0,263,259,,,0,0,866,702,,,0,0,,,513,667,157,137
2021-08-04,,233,275,175,182,271,260,737,777,222,191,0,0,324,285,,,304,251,704,595,372,499,,,785,88,833,1009,212,173,300,324,119,147,753,730,198,77,149,215,333,313,930,944,0,0,0,127,122,458,604,170,103,379,365,168,242,0,0,168,177,,,0,0,618,504,,,0,0,,,377,557,101,96
2021-08-05,,87,74,86,69,233,194,278,300,145,118,0,0,197,165,,,128,128,228,195,97,117,,,561,86,275,340,59,46,155,145,79,82,262,238,143,51,44,98,74,78,235,231,0,0,0,67,48,114,121,126,76,80,69,59,61,0,0,69,78,,,0,0,142,127,,,0,0,,,62,79,28,19
2021-08-06,,182,218,136,127,268,199,598,617,197,158,0,0,333,225,,,258,189,614,478,281,380,,,706,93,626,655,175,145,238,284,117,120,658,640,102,64,132,140,292,240,831,859,106,121,0,129,115,350,426,114,68,287,282,126,151,0,0,151,145,,,0,0,537,460,,,0,0,,,321,454,112,90
2021-08-07,,164,214,114,112,270,233,602,674,139,113,0,0,242,160,,,259,151,1032,909,463,628,,,808,71,1138,1054,301,288,190,224,112,82,1052,967,119,58,122,174,446,397,1067,1172,312,182,0,243,218,552,606,63,41,496,495,290,348,0,0,232,228,,,0,0,1321,1081,,,0,0,,,888,1057,225,184
2021-08-08,,200,198,97,91,234,199,497,584,156,159,0,0,297,198,,,247,161,838,745,399,575,,,560,62,935,854,215,236,184,179,71,88,975,890,87,54,102,153,369,328,1397,1515,312,194,0,169,191,349,483,60,40,335,301,203,272,0,0,188,190,,,0,0,1053,903,,,0,0,,,569,649,160,140
2021-08-09,,252,278,133,200,322,290,892,942,328,266,0,0,376,277,,,345,245,931,773,499,717,,,843,71,1473,1441,353,352,356,425,150,159,934,880,150,97,183,261,476,448,1381,1464,364,267,0,231,363,593,690,180,109,508,467,201,249,0,0,243,218,,,0,0,957,755,,,0,0,,,481,644,113,94
2021-08-10,,302,343,196,217,377,331,1004,1135,289,273,0,0,408,265,,,389,310,1022,884,511,715,,,887,63,1676,1551,389,374,356,408,154,194,1067,1017,227,91,225,231,565,526,1378,1484,313,246,0,238,275,706,798,102,50,592,570,219,285,0,0,256,234,,,0,0,986,810,,,0,0,,,583,775,185,145
2021-08-11,,305,315,155,149,497,284,1011,1107,330,265,0,0,366,386,,,381,370,1007,919,528,725,,,976,73,1643,1597,397,384,372,400,143,174,1027,965,201,105,212,274,520,517,1389,1587,370,309,0,244,543,636,803,117,114,584,501,290,318,0,0,248,238,,,0,0,988,849,,,0,0,,,520,780,179,171
2021-08-12,,263,318,128,162,107,120,938,1027,327,262,0,0,456,331,,,376,335,879,807,537,675,,,937,59,1560,1468,387,369,350,407,182,174,901,878,179,92,196,260,502,460,1265,1367,333,240,0,238,209,615,775,188,107,567,470,232,284,0,0,250,256,,,0,0,936,772,,,0,0,,,514,703,158,152
2021-08-13,,222,251,176,140,333,293,763,870,269,233,0,0,347,288,,,364,275,708,661,420,496,,,937,79,1318,1257,300,311,283,312,117,68,793,732,133,83,141,227,386,387,1038,1113,262,197,0,196,192,452,565,116,82,440,385,204,233,0,0,173,170,,,0,0,732,619,,,0,0,,,406,620,130,133
2021-08-14,,148,196,125,112,299,223,523,612,136,108,0,0,241,176,,,285,205,788,694,366,477,,,806,64,1105,1052,244,280,233,263,89,104,739,679,116,74,136,169,386,357,1313,1412,253,189,0,175,252,410,518,28,44,394,398,233,268,0,0,181,180,,,0,0,1018,846,,,0,0,,,682,838,214,166
2021-08-15,,187,242,104,105,228,212,584,603,79,66,0,0,268,175,,,256,181,762,649,385,518,,,690,49,1163,1024,154,202,226,208,63,81,794,674,114,78,153,196,381,355,1228,1495,303,210,0,211,246,443,541,53,63,435,442,234,233,0,0,230,201,,,0,0,996,868,,,0,0,,,667,759,220,169
2021-08-16,,232,268,118,164,335,288,838,925,152,92,0,0,377,272,,,327,298,721,601,420,570,,,821,71,1293,1266,278,327,335,368,147,151,806,730,358,91,155,218,339,335,963,1033,279,208,0,185,441,397,492,105,85,379,356,199,248,0,0,187,179,,,0,0,639,521,,,0,0,,,340,478,135,126
2021-08-17,,249,255,162,149,316,298,828,849,273,212,0,0,344,303,,,333,262,681,552,397,515,,,729,65,1309,1285,290,291,296,343,161,162,718,680,164,11,152,288,323,313,710,775,248,174,0,134,150,481,563,127,117,387,388,167,205,0,0,164,163,,,0,0,459,390,,,0,0,,,338,414,100,72
2021-08-18,,237,252,185,193,933,311,793,910,181,164,0,0,341,263,,,314,259,692,596,390,516,,,724,78,1334,1296,315,317,338,357,133,203,736,745,194,47,159,279,396,401,879,892,260,199,0,183,210,450,596,192,119,432,424,241,391,0,0,199,176,,,0,0,595,513,,,0,0,,,339,396,123,99
2021-08-19,,209,219,156,170,439,290,834,847,271,224,0,0,322,253,,,296,288,659,556,360,482,,,810,86,1291,1209,291,287,304,326,130,137,697,698,168,95,145,261,350,345,880,887,231,172,0,112,127,452,536,129,90,383,344,223,332,0,0,131,132,,,0,0,620,566,,,0,0,,,336,448,127,103
2021-08-20,,139,179,132,116,946,245,589,614,244,200,0,0,336,235,,,253,213,478,428,273,355,,,771,71,990,897,189,210,222,239,105,121,580,542,146,58,98,212,251,217,670,683,199,151,0,106,103,302,352,76,63,256,224,164,216,0,0,124,111,,,0,0,414,373,,,0,0,,,221,334,7,5
2021-08-21,,197,247,134,94,203,268,712,744,123,148,0,0,313,165,,,321,196,1065,913,447,602,,,757,40,1355,1226,361,324,217,294,79,105,1095,1013,111,53,118,228,502,483,1724,1646,345,274,0,261,249,487,717,74,39,539,558,290,368,0,0,250,283,,,0,0,1505,1230,,,0,0,,,877,1044,0,0
2021-08-22,,91,101,79,47,150,171,279,323,103,103,0,0,144,114,,,150,102,417,375,193,268,,,453,37,519,509,120,117,153,144,48,55,375,360,65,47,59,129,166,179,733,735,149,103,0,83,87,228,301,13,14,191,221,122,146,0,0,118,119,,,0,0,481,455,,,0,0,,,304,325,0,0
2021-08-23,,160,161,69,124,253,226,595,628,221,202,0,0,307,235,,,245,225,487,445,276,404,,,589,66,938,871,207,175,271,261,121,143,578,538,134,70,123,157,206,193,616,615,173,152,0,128,169,257,303,86,67,236,202,117,152,0,0,127,109,,,0,0,372,317,,,0,0,,,164,273,35,36
2021-08-24,,150,138,94,62,244,185,380,386,193,155,0,0,206,165,,,208,165,339,286,139,195,,,495,58,579,634,146,139,147,177,1351,1395,382,368,131,82,89,133,124,107,440,446,94,78,0,91,79,205,221,90,105,158,140,79,94,0,0,87,80,,,0,0,262,242,,,0,0,,,168,187,59,53
2021-08-25,,327,386,229,186,259,310,1029,1130,264,172,0,0,397,393,,,374,311,1089,916,643,809,,,588,59,1543,1565,359,321,413,452,0,0,1094,954,176,76,233,285,579,594,1065,1197,436,316,0,228,232,785,962,189,124,667,612,273,332,0,0,310,258,,,0,0,1244,1076,,,0,0,,,782,931,183,158
2021-08-26,,103,86,53,60,259,174,315,329,111,102,0,0,161,191,,,162,149,264,231,117,166,,,409,42,511,514,115,108,175,209,0,0,304,320,125,49,72,99,89,85,260,309,64,49,0,65,53,146,163,124,94,113,112,78,95,0,0,67,65,,,0,0,156,147,,,0,0,,,122,163,67,44
2021-08-27,,65,64,62,49,660,136,247,280,116,70,0,0,144,172,,,101,116,197,159,101,126,,,513,47,431,376,119,94,149,145,0,0,266,257,146,45,67,121,96,94,223,236,74,59,0,50,43,119,156,112,93,104,73,55,55,0,0,52,55,,,0,0,126,120,,,0,0,,,74,128,47,39
2021-08-28,,106,111,57,80,507,142,314,379,56,73,0,0,149,93,,,131,86,402,362,213,286,,,542,70,375,371,111,98,115,146,0,0,396,385,198,53,10,94,114,135,645,621,152,125,0,126,124,190,216,74,107,154,136,82,119,0,0,125,138,,,0,0,417,332,,,0,0,,,228,302,74,58
2021-08-29,,114,134,85,85,429,136,360,408,60,57,0,0,159,140,,,164,116,615,544,347,455,,,515,55,533,600,154,131,146,159,0,0,549,517,81,56,29,143,287,289,841,882,204,165,0,141,178,293,411,96,73,255,247,147,181,0,0,227,200,,,0,0,561,550,,,0,0,,,390,575,136,122
2021-08-30,,166,159,108,130,646,213,614,676,190,144,0,0,288,248,,,228,183,546,459,318,398,,,648,81,707,803,168,157,234,242,0,0,631,547,254,92,52,167,278,261,613,683,188,140,0,127,107,371,408,109,105,297,258,149,172,0,0,161,129,,,0,0,394,353,,,0,0,,,255,326,101,91
2021-08-31,,91,79,90,54,811,196,388,440,146,138,0,0,239,171,,,166,133,276,226,124,156,,,506,106,378,463,80,81,183,178,0,0,291,243,407,57,74,131,98,85,221,233,99,91,0,78,90,168,176,137,142,125,111,79,92,0,0,85,100,,,0,0,142,126,,,0,0,,,97,143,46,39
2021-09-01,,279,304,164,180,721,302,825,927,309,242,0,0,403,282,,,346,249,797,684,431,568,,,477,88,980,1210,274,219,336,391,0,0,802,774,246,91,210,248,417,405,1114,1129,294,206,0,169,182,528,626,152,113,474,399,204,282,0,0,207,191,,,0,0,666,539,,,558,608,,,375,530,124,120
2021-09-02,,285,306,244,196,793,320,996,1097,285,258,0,0,453,337,,,418,279,985,895,555,719,,,545,96,1121,1360,317,264,366,360,140,171,998,987,255,75,691,316,507,462,1320,1377,306,253,0,234,206,651,853,182,212,577,546,258,312,0,0,232,251,,,0,0,950,722,,,736,785,,,527,779,133,111
2021-09-03,,240,305,181,185,796,289,853,939,165,111,0,0,385,260,,,367,259,887,779,475,652,,,595,80,1014,1151,275,216,321,323,177,158,989,883,228,85,606,255,443,415,1249,1336,331,237,0,258,200,517,654,95,148,526,458,275,305,0,0,245,248,,,0,0,881,723,,,693,762,,,493,714,140,152
2021-09-04,,184,236,158,134,509,226,745,829,98,81,0,0,327,156,,,340,224,1149,998,601,717,,,723,62,1063,1185,308,261,225,263,99,95,1241,1111,110,65,341,169,626,590,1380,1547,363,241,0,277,252,676,826,64,82,670,535,360,430,0,0,280,280,,,0,0,1450,1329,,,1230,1216,,,950,1266,0,0
2021-09-05,,217,270,164,126,489,242,717,772,98,72,0,0,322,197,,,310,194,1170,1103,632,781,,,618,55,960,1085,287,195,201,242,82,97,1366,1166,89,57,342,222,603,543,1360,1542,446,346,0,332,302,592,932,63,63,670,628,387,489,0,0,314,325,,,0,0,1466,1489,,,1284,1251,,,969,1155,0,0
2021-09-06,,285,298,172,214,779,306,936,1045,315,259,0,0,385,321,,,355,291,155,217,549,676,,,673,78,1101,1324,266,266,368,353,179,172,880,837,311,107,606,255,508,441,1126,1178,317,273,0,230,201,594,676,212,192,557,465,245,290,0,0,222,225,,,0,0,732,596,,,654,702,,,496,576,0,0
2021-09-07,,251,295,196,217,1172,328,995,1083,228,175,0,0,408,265,,,374,309,0,0,536,682,,,741,77,1140,1331,279,237,388,384,208,187,874,814,297,101,325,287,486,471,1147,1177,357,257,0,241,233,560,734,194,210,521,468,247,304,0,0,258,233,,,0,0,730,590,,,647,666,,,400,548,0,0
2021-09-08,,289,334,167,241,1374,334,1028,1064,328,264,0,0,448,320,,,465,346,0,0,632,791,,,737,78,1199,1484,333,297,410,418,206,213,1049,908,266,97,318,316,519,510,1301,1314,426,309,0,252,232,658,819,212,208,601,520,282,342,0,0,283,254,,,0,0,533,401,,,737,833,,,535,658,0,0
2021-09-09,,290,298,237,239,1162,350,1035,1071,322,279,0,0,480,376,,,395,334,0,0,531,706,,,817,100,1282,1445,351,317,391,431,178,214,1087,944,247,105,483,414,505,497,1343,1364,346,280,0,279,225,590,820,223,202,553,492,322,328,0,0,301,287,,,0,0,880,767,,,784,847,,,522,740,0,0
2021-09-10,,234,254,219,170,1169,267,806,865,218,149,0,0,373,289,,,357,255,0,0,469,584,,,775,96,901,1093,261,205,314,364,146,154,851,793,242,105,431,327,398,362,1089,1143,329,246,0,219,425,493,573,175,149,548,389,246,260,0,0,212,229,,,0,0,717,575,,,594,632,,,414,632,0,0
2021-09-11,,122,144,123,99,1083,187,448,471,105,89,0,0,188,165,,,119,136,0,0,303,362,,,676,56,653,731,182,158,173,234,69,80,708,674,94,56,201,189,279,229,893,918,227,180,0,142,105,314,471,72,50,322,330,177,191,0,0,153,135,,,0,0,656,583,,,625,678,,,552,645,0,0
2021-09-12,,145,159,144,113,722,203,544,605,93,70,0,0,271,156,,,255,131,0,0,411,564,,,616,53,750,815,230,207,214,197,60,82,966,843,82,71,248,246,458,387,1429,1503,291,231,0,246,184,459,602,80,74,455,473,283,370,0,0,241,223,,,0,0,1001,908,,,998,1019,,,738,781,0,0
2021-09-13,,253,286,154,200,290,320,868,943,241,211,0,0,357,278,,,318,245,0,0,487,608,,,801,82,1047,1207,250,257,386,388,161,174,867,778,271,94,462,384,421,378,1099,1113,357,236,0,198,207,503,643,174,218,436,386,225,237,0,0,227,225,,,0,0,691,550,,,514,592,,,331,489,0,0
2021-09-14,,345,376,227,234,360,346,1068,1181,363,294,0,0,459,365,,,427,326,0,0,644,776,,,769,94,1269,1488,332,259,403,424,192,185,1063,977,289,104,539,560,540,518,1477,1456,388,262,0,295,275,644,875,229,255,613,564,319,349,0,0,267,259,,,0,0,999,796,,,769,805,,,526,756,0,0
2021-09-15,,288,259,155,110,300,312,932,1014,318,266,0,0,347,315,,,182,88,0,0,496,641,,,831,79,703,626,270,199,378,461,155,184,821,747,318,95,380,451,403,386,883,898,343,212,0,175,168,548,640,136,167,468,432,194,254,0,0,231,217,,,0,0,561,468,,,490,517,,,361,449,92,93
2021-09-16,,133,131,0,0,315,187,476,475,194,153,0,0,198,195,,,44,69,0,0,179,188,,,742,85,438,463,127,123,227,240,100,117,358,319,340,62,315,278,125,119,234,259,110,84,0,66,69,190,225,335,150,177,146,85,110,0,0,86,82,,,0,0,126,118,,,163,148,,,112,122,61,32
2021-09-17,,166,171,0,0,266,257,567,603,140,110,0,0,373,229,,,250,194,0,0,268,348,,,761,79,578,753,142,107,231,264,114,115,553,509,288,66,298,327,199,183,602,641,190,140,0,141,144,291,336,228,163,222,229,137,151,0,0,140,147,,,0,0,365,314,,,236,277,,,193,271,108,70
2021-09-18,,119,140,0,0,208,174,398,532,82,53,0,0,223,145,,,58,137,0,0,290,379,,,652,69,586,788,180,183,178,221,75,101,631,690,81,53,188,298,252,254,1037,981,177,130,0,172,157,266,398,72,53,266,246,187,274,0,0,134,157,,,0,0,663,544,,,506,478,,,405,541,118,109
2021-09-19,,114,114,0,0,186,143,354,374,75,85,0,0,167,130,,,149,125,0,0,252,356,,,386,63,565,624,168,128,148,158,40,51,503,441,85,46,110,176,250,185,703,771,180,106,0,142,165,272,326,57,62,231,213,120,123,0,0,150,131,,,0,0,449,451,,,482,432,,,337,417,99,85
2021-09-20,,186,209,39,0,305,277,601,677,255,209,0,0,256,220,,,53,52,0,0,313,365,,,602,75,745,862,175,135,278,282,133,171,515,467,255,17,169,252,212,196,534,536,204,147,0,129,145,309,431,293,230,281,244,158,162,0,0,133,131,,,0,0,308,243,,,260,267,,,188,289,84,75
2021-09-21,,221,214,130,0,297,278,693,726,267,231,0,0,303,263,,,274,212,0,0,353,390,,,625,92,710,851,185,145,286,305,147,164,576,479,262,98,196,278,269,249,637,621,248,198,0,11,131,345,426,305,165,316,286,184,210,0,0,142,156,,,0,0,396,307,,,328,366,,,245,320,55,46
2021-09-22,,179,218,99,0,283,290,653,683,280,226,0,0,277,239,,,233,217,361,263,296,387,,,631,89,731,869,175,129,283,267,130,151,544,500,294,63,177,281,259,227,560,553,216,151,0,0,128,338,427,871,289,283,258,143,167,0,0,146,127,,,0,0,330,274,,,293,320,,,193,286,95,70
2021-09-23,,221,240,198,0,283,271,784,863,272,254,0,0,361,302,,,307,213,734,579,445,529,,,671,75,948,1103,269,243,325,324,142,176,748,684,267,100,214,273,401,370,880,918,307,244,0,0,166,490,586,270,223,441,378,214,247,0,0,215,204,,,0,0,609,507,,,571,620,,,417,519,141,125
2021-09-24,,171,185,143,0,299,223,586,636,229,193,0,0,256,237,,,248,182,465,379,270,356,,,703,82,629,760,138,129,242,272,113,124,492,460,259,62,136,240,183,174,543,568,177,139,0,0,16,290,350,295,155,250,216,122,140,0,0,120,116,,,0,0,311,284,,,222,280,,,185,228,70,77
2021-09-25,,132,207,172,0,261,171,612,617,129,116,0,0,257,153,,,73,154,863,693,437,555,,,673,64,746,908,219,200,187,242,74,94,958,764,90,50,121,183,414,389,1397,1303,279,225,0,0,0,459,585,89,59,453,434,261,355,0,0,201,238,,,0,0,1034,891,,,822,831,,,724,772,192,143
2021-09-26,,141,194,125,0,240,189,608,627,114,124,0,0,244,166,,,90,171,949,800,479,615,,,628,68,895,1012,244,255,202,216,72,40,1115,935,90,47,151,194,466,411,1454,1474,341,255,0,0,0,536,622,71,37,520,505,266,323,0,0,263,262,,,0,0,1250,1166,,,1108,1170,,,880,877,217,155
2021-09-27,,118,121,108,0,274,215,442,494,139,101,0,0,251,189,,,197,159,409,320,252,313,,,589,107,504,593,141,113,227,205,91,76,469,391,119,70,72,182,191,154,569,538,166,138,0,0,0,240,291,168,112,203,202,124,139,0,0,139,111,,,0,0,337,274,,,236,257,,,188,225,52,42
2021-09-28,,202,272,167,0,270,255,681,734,158,147,0,0,326,163,,,296,206,1116,909,619,746,,,597,54,903,1053,246,226,219,202,87,93,1251,1091,102,63,145,221,522,464,1365,1251,397,288,0,0,0,468,690,75,77,568,485,353,460,0,0,269,275,,,0,0,1266,1152,,,1180,1102,,,769,984,200,167
2021-09-29,,172,190,144,0,307,240,626,660,231,175,0,0,281,244,,,255,167,404,369,309,360,,,674,77,619,788,160,133,221,257,126,128,441,421,287,104,160,251,171,172,456,518,173,127,0,0,0,280,359,139,183,227,228,117,170,0,0,127,130,,,0,0,257,236,,,176,223,,,156,182,60,65
2021-09-30,,212,266,144,0,316,261,687,760,190,138,0,0,278,313,,,130,197,591,477,342,434,,,643,74,794,984,215,190,287,315,130,154,582,564,264,79,187,238,290,291,735,692,266,189,0,138,204,371,498,280,214,337,316,181,219,0,0,172,155,,,0,0,457,358,,,333,414,,,250,368,98,91
2021-10-01,,184,221,142,0,283,271,651,687,226,173,0,0,291,350,,,124,103,600,514,357,420,,,649,81,702,920,179,192,286,306,134,141,642,564,230,84,189,308,325,296,825,837,264,184,0,123,206,343,469,215,133,329,308,176,198,0,0,164,169,,,0,0,534,480,,,429,505,,,349,437,117,97
2021-10-02,,165,183,127,0,262,196,530,632,98,75,0,0,204,159,,,261,140,858,732,483,576,,,655,69,737,924,230,201,219,257,73,93,1077,923,118,69,42,270,497,423,1539,1583,302,235,0,188,306,483,697,70,53,513,451,270,402,0,0,227,218,,,0,0,1121,1083,,,952,872,,,717,879,212,155
2021-10-03,,199,269,117,0,251,201,531,597,112,88,0,0,275,133,,,120,187,996,910,580,642,,,541,56,864,1029,228,233,234,208,86,76,1280,1046,94,57,41,231,548,463,1596,1678,297,254,0,216,322,462,713,78,67,523,464,307,416,0,0,289,331,,,0,0,1325,1238,,,1091,1140,,,827,888,224,192
2021-10-04,,234,224,150,0,289,261,703,759,175,96,0,0,295,245,,,263,236,577,511,422,495,,,719,68,819,976,175,175,261,270,160,178,564,511,273,80,68,286,275,294,690,766,148,133,0,132,224,371,446,249,199,360,311,189,197,0,0,180,177,,,0,0,445,393,,,320,350,,,249,309,115,89
2021-10-05,,195,181,94,0,261,237,635,727,168,103,0,0,314,226,,,263,190,539,462,339,406,,,693,76,737,862,175,161,311,272,142,148,516,462,264,70,44,287,281,277,592,623,130,130,0,113,161,367,504,248,190,339,302,170,186,0,0,172,131,,,0,0,420,377,,,304,353,,,253,329,81,75
2021-10-06,,116,136,75,0,321,197,400,403,191,126,0,0,220,178,,,59,139,264,227,173,215,,,654,102,317,436,66,69,186,200,101,105,308,285,317,81,101,171,91,85,233,299,0,0,0,67,123,145,195,258,179,105,117,85,110,0,0,88,86,,,0,0,144,147,,,107,132,,,97,128,65,52
2021-10-07,,166,170,127,0,606,245,544,600,202,185,0,0,264,234,,,240,209,479,411,263,294,,,664,77,550,734,149,134,293,294,149,154,423,405,324,78,152,249,2,0,501,503,0,0,0,112,176,281,351,225,167,222,188,142,151,0,0,136,140,,,0,0,289,259,,,228,257,,,184,253,84,64
2021-10-08,,178,221,130,0,330,269,551,631,252,212,0,0,311,280,,,221,234,488,449,315,395,,,661,78,698,862,85,42,295,277,110,133,532,536,188,90,177,264,107,119,694,739,0,0,0,102,185,328,498,258,202,317,300,174,200,0,0,166,160,,,0,0,458,380,,,387,388,,,273,404,108,77
2021-10-09,,97,115,108,0,249,182,402,429,117,94,0,0,245,133,,,69,121,664,519,345,397,,,576,58,618,707,155,143,170,153,68,72,678,632,110,70,106,192,0,0,1107,1037,0,0,0,121,188,307,464,106,76,324,267,182,253,0,0,141,172,,,0,0,756,679,,,586,597,,,483,588,118,74
2021-10-10,,123,141,95,0,195,156,364,374,62,97,0,0,197,100,,,152,93,597,504,301,387,,,496,108,510,609,118,134,150,145,53,57,668,589,90,51,95,155,0,0,987,1034,0,0,0,122,187,310,422,96,88,281,262,185,251,0,0,169,169,,,0,0,706,678,,,589,563,,,446,532,110,67
2021-10-11,,159,159,78,0,501,220,450,506,220,181,0,0,249,193,,,117,85,23,38,244,294,,,553,101,465,604,100,93,212,244,112,123,370,357,194,65,110,235,0,0,18,51,71,101,0,101,148,223,314,292,183,25,12,4,23,0,0,107,109,,,0,0,12,20,,,175,171,,,133,182,8,6
2021-10-12,,112,98,79,0,766,191,353,379,166,117,0,0,206,147,,,149,129,0,0,135,140,,,530,144,361,383,310,262,195,189,83,147,298,241,314,51,93,233,0,0,192,196,134,85,0,61,102,118,160,350,211,79,80,54,51,0,0,62,63,,,0,0,82,60,,,74,72,,,72,94,12,17
2021-10-13,,139,126,97,0,509,225,466,508,215,174,0,0,295,139,,,215,174,0,0,197,249,,,578,124,482,691,455,412,251,273,123,129,366,364,228,22,135,242,0,0,347,382,138,107,0,82,154,232,367,195,192,178,204,78,116,0,0,86,109,,,0,0,222,228,,,156,155,,,130,184,77,53
2021-10-14,,77,78,47,0,542,158,299,329,146,127,0,0,202,123,,,132,122,166,85,107,130,,,556,149,258,369,224,215,162,167,87,89,179,200,304,55,61,150,20,31,130,142,61,54,0,43,70,80,104,278,140,83,69,47,99,0,0,43,54,,,0,0,68,77,,,34,55,,,39,38,32,28
2021-10-15,,119,120,97,0,434,232,443,503,166,124,0,0,272,199,,,187,182,362,317,202,278,,,629,125,474,595,457,409,187,217,103,95,385,363,236,38,98,178,0,0,427,430,172,120,0,90,147,261,333,213,147,201,212,104,123,0,0,94,90,,,0,0,277,252,,,188,248,,,170,225,0,0
2021-10-16,,89,107,94,0,290,185,374,426,80,72,0,0,230,102,,,195,124,453,401,231,293,,,574,105,439,522,467,408,160,178,48,53,558,489,85,62,74,113,0,0,675,731,171,119,0,108,161,239,346,96,93,214,231,124,172,0,0,112,132,,,0,0,482,461,,,427,437,,,323,379,0,0
2021-10-17,,91,88,53,0,222,117,316,305,76,72,0,0,146,95,,,135,114,346,283,196,253,,,405,94,298,373,313,263,130,132,44,49,370,344,2,18,53,93,0,0,517,550,143,115,0,87,140,168,225,55,69,133,131,85,126,0,0,89,117,,,0,0,374,342,,,256,266,,,262,280,0,0
2021-10-18,,166,178,115,0,442,264,609,661,256,192,0,0,318,225,,,253,217,526,452,301,376,,,589,148,644,831,630,579,277,294,128,123,563,507,0,31,139,177,0,0,599,646,194,169,0,113,178,296,408,279,240,289,270,117,133,0,0,132,131,,,0,0,392,349,,,329,359,,,243,291,39,31
2021-10-19,,184,195,96,0,430,247,612,674,201,122,0,0,329,229,,,218,216,490,439,296,361,,,675,88,615,785,584,574,300,306,144,151,551,518,0,26,122,198,0,0,617,637,196,162,0,125,177,297,371,209,189,269,236,113,150,0,0,150,146,,,0,0,431,352,,,252,291,,,238,292,0,0
2021-10-20,,223,251,72,0,411,288,779,816,289,237,0,0,355,299,,,173,239,778,653,455,587,,,731,113,940,1142,984,876,332,415,155,171,909,775,0,23,163,294,0,0,1101,1193,278,225,0,158,254,515,721,204,199,489,467,238,266,0,0,213,206,,,0,0,799,708,,,529,631,,,509,628,0,0
2021-10-21,,114,109,83,0,228,217,360,375,204,154,0,0,221,209,,,164,157,179,143,124,143,,,600,122,338,433,311,263,192,221,99,86,235,249,0,23,60,99,0,0,156,202,91,76,0,44,88,158,167,206,143,119,109,66,104,0,0,77,73,,,0,0,85,90,,,72,95,,,64,94,0,0
2021-10-22,,124,157,108,0,416,226,425,444,222,163,0,0,205,181,,,193,193,316,251,191,238,,,491,133,408,563,387,369,203,249,113,85,375,337,0,19,100,116,0,0,332,336,113,88,0,65,106,217,277,129,156,179,164,89,99,0,0,93,106,,,0,0,216,203,,,134,171,,,122,165,0,0
2021-10-23,,98,85,59,0,211,159,242,258,73,81,0,0,169,95,,,144,109,337,278,146,184,,,459,102,314,453,353,328,165,131,41,41,358,288,0,23,62,131,0,0,462,563,121,94,0,78,126,202,269,46,51,159,151,99,116,0,0,75,86,,,0,0,311,333,,,254,286,,,219,326,0,0
2021-10-24,,99,118,60,0,212,133,295,347,88,70,0,0,201,84,,,156,97,503,408,231,267,,,423,118,370,451,440,400,126,103,52,69,517,447,0,10,23,117,0,0,746,759,181,118,0,107,157,234,348,66,57,212,193,104,164,0,0,115,127,,,0,0,477,465,,,470,421,,,360,441,0,0
2021-10-25,,145,132,91,0,280,220,398,456,202,159,0,0,231,199,,,151,172,317,286,207,269,,,477,141,421,587,389,377,203,225,107,107,351,324,0,33,93,123,0,0,314,328,134,86,0,83,144,150,232,273,182,151,146,87,111,0,0,88,96,,,0,0,200,175,,,147,159,,,98,144,33,22
2021-10-26,,121,123,95,0,246,241,465,519,214,153,0,0,221,158,,,188,192,337,289,194,251,,,509,150,458,592,432,403,214,259,127,132,372,373,0,8,94,136,0,0,388,384,165,120,0,98,142,212,276,206,213,166,175,81,99,0,0,111,98,,,0,0,240,202,,,171,214,,,152,207,72,60
2021-10-27,,135,135,85,0,258,226,440,444,161,125,0,0,265,194,,,188,187,381,299,205,258,,,557,113,518,617,440,367,186,218,118,109,420,376,0,19,87,128,0,0,419,433,144,107,0,86,119,206,283,138,104,160,159,94,88,0,0,111,96,,,0,0,237,218,,,182,212,,,166,197,60,45
2021-10-28,,92,105,82,0,167,176,266,310,208,186,0,0,158,115,,,143,152,463,399,215,283,,,391,72,404,540,456,395,144,168,40,65,489,425,0,14,17,122,0,0,707,761,127,105,0,83,139,175,314,62,66,191,151,117,137,0,0,113,98,,,0,0,477,435,,,413,372,,,240,383,77,61
2021-10-29,,123,111,59,0,228,163,273,296,125,101,0,0,163,100,,,130,180,299,267,142,215,,,431,78,337,448,323,294,156,167,73,67,390,365,0,23,54,100,0,0,482,506,135,99,0,71,112,181,238,79,87,179,153,90,94,0,0,79,85,,,0,0,288,264,,,213,251,,,170,231,55,50
2021-10-30,,73,64,73,0,224,140,237,279,110,84,0,0,126,97,,,117,144,389,318,188,226,,,480,93,304,415,343,303,115,142,42,49,476,391,0,34,73,91,0,0,617,706,137,109,0,51,122,171,309,66,52,149,175,86,70,0,0,96,104,,,0,0,456,424,,,337,310,,,262,356,83,63
2021-10-31,,120,105,93,0,204,166,301,349,98,81,0,0,165,106,,,141,127,482,455,231,314,,,489,101,422,547,465,386,127,128,57,45,564,460,0,23,70,105,0,0,781,833,215,151,0,55,187,269,421,97,78,239,244,145,205,0,0,131,112,,,0,0,540,489,,,477,490,,,355,503,102,100
2021-11-01,,91,120,82,0,257,193,323,379,170,108,0,0,198,191,,,138,164,260,218,169,174,,,511,22,279,324,327,268,189,179,36,37,273,252,0,7,72,132,0,0,229,251,123,108,0,40,83,142,178,339,272,112,91,70,111,0,0,72,88,,,0,0,115,107,,,78,77,,,62,88,49,41
2021-11-02,,101,99,54,0,218,173,267,301,124,82,0,0,187,176,,,113,157,200,175,87,119,,,502,12,249,350,246,230,156,184,0,0,205,187,0,20,51,90,38,39,158,179,56,51,0,46,80,94,101,285,213,80,71,42,86,0,0,58,48,,,0,0,76,77,,,52,83,,,47,63,9,3
2021-11-03,,128,160,71,0,291,236,466,479,164,130,0,0,241,192,,,176,181,340,280,188,253,,,537,9,434,574,377,308,207,220,0,0,416,358,0,24,86,132,148,147,334,377,130,74,0,69,132,232,284,274,218,176,163,115,130,0,0,93,92,,,0,0,184,173,,,141,162,,,131,169,0,0
2021-11-04,,83,77,41,0,239,162,183,194,111,91,0,0,152,127,,,97,125,150,114,78,96,,,519,9,170,252,154,181,120,141,0,0,160,159,0,20,32,61,0,0,95,95,44,44,0,26,47,73,98,252,245,45,60,43,73,0,0,35,38,,,0,0,47,46,,,23,42,,,32,36,0,0
2021-11-05,,75,83,82,0,201,174,294,318,133,139,0,0,227,192,,,137,147,164,140,121,135,,,496,7,300,382,290,245,171,179,0,0,190,201,0,20,56,88,0,0,154,147,74,56,0,43,71,138,151,188,192,101,94,68,64,0,0,45,55,,,0,0,75,68,,,47,54,,,51,83,0,0
2021-11-06,,2,0,52,0,169,134,245,321,107,90,0,0,158,106,,,124,99,438,353,175,222,,,474,11,364,502,411,342,125,199,0,0,482,399,0,17,82,132,0,0,665,695,156,115,0,75,124,206,352,78,69,167,194,102,131,0,0,72,78,,,0,0,477,419,,,357,350,,,268,384,0,0
2021-11-07,,0,0,44,0,160,90,200,185,64,57,0,0,125,88,,,97,91,258,194,129,154,,,295,8,204,254,221,167,88,110,0,0,240,221,0,16,42,66,0,0,281,286,68,55,0,46,78,140,152,67,83,85,78,60,76,0,0,54,54,,,0,0,203,184,,,136,124,,,126,140,0,0
2021-11-08,,84,80,68,0,290,211,396,423,170,134,0,0,205,165,,,150,174,292,247,170,200,,,425,9,344,451,336,292,170,190,0,0,312,294,0,19,76,126,103,98,263,267,93,70,0,70,92,173,206,183,207,136,137,76,105,0,0,74,85,,,0,0,134,127,,,93,125,,,98,103,28,28
2021-11-09,,145,156,95,0,353,200,441,444,182,129,0,0,253,170,,,175,175,383,326,201,242,,,467,14,415,565,439,388,223,200,0,0,339,320,0,6,89,204,156,154,388,426,138,102,0,83,137,235,326,261,197,193,191,94,113,0,0,95,80,,,0,0,237,197,,,143,207,,,149,180,71,52
2021-11-10,,118,110,83,0,239,236,379,397,148,136,0,0,233,188,,,162,171,312,257,167,195,,,446,9,366,493,372,363,220,222,0,0,326,311,0,20,89,355,133,118,306,333,126,80,0,88,118,179,257,197,231,153,165,96,111,0,0,81,92,,,0,0,175,161,,,150,184,,,123,135,65,52
2021-11-11,,88,96,77,0,367,176,332,377,134,98,0,0,297,174,,,154,184,218,193,132,161,,,512,12,330,469,319,302,181,194,0,0,253,251,0,14,68,83,102,101,213,218,111,78,0,67,110,138,178,241,176,121,117,66,77,0,0,67,74,,,0,0,101,98,,,90,137,,,80,93,37,35
2021-11-12,,88,93,56,0,272,176,325,325,100,108,0,0,223,122,,,147,134,226,172,113,149,,,450,12,313,406,288,277,159,191,0,0,256,225,0,22,71,87,99,89,226,206,87,87,0,55,85,146,201,205,175,112,106,78,78,0,0,68,60,,,0,0,108,92,,,74,102,,,74,111,53,46
2021-11-13,,50,56,42,0,216,106,136,144,46,59,0,0,99,50,,,92,77,197,145,70,85,,,402,7,171,242,175,151,106,141,0,0,193,173,0,19,34,69,97,87,214,244,58,66,0,35,85,123,146,70,56,87,86,36,54,0,0,52,54,,,0,0,157,142,,,126,128,,,95,122,51,26
2021-11-14,,66,50,32,0,189,123,140,139,63,56,0,0,105,62,,,62,43,187,157,91,128,,,321,8,173,257,167,167,72,98,0,0,217,215,0,8,33,60,86,70,254,274,71,57,0,31,86,105,134,56,58,81,68,51,66,0,0,45,42,,,0,0,174,181,,,126,129,,,103,148,45,39
2021-11-15,,110,98,54,0,171,169,332,366,137,116,0,0,192,132,,,137,143,263,206,129,176,,,476,13,377,467,345,302,172,173,0,0,273,263,0,25,72,108,112,111,212,207,143,87,0,66,107,179,204,140,181,125,119,54,69,0,0,71,73,,,0,0,92,89,,,77,101,,,88,109,10,6
2021-11-16,,110,117,73,0,222,210,334,369,160,122,0,0,208,192,,,162,157,281,229,131,173,,,485,6,377,472,225,107,169,180,0,0,282,266,0,21,90,115,100,113,254,258,135,104,0,82,105,187,209,80,168,155,131,78,85,0,0,75,89,,,0,0,132,109,,,87,141,,,107,136,39,35
2021-11-17,,67,71,56,0,126,113,228,227,61,56,0,0,139,81,,,125,89,292,235,136,161,,,356,9,229,351,0,0,116,122,0,0,310,290,0,20,64,81,117,109,408,422,64,58,0,63,111,186,211,48,76,127,122,74,84,0,0,57,63,,,0,0,245,226,,,192,203,,,179,200,59,38
2021-11-18,,92,119,72,0,205,218,356,379,135,119,0,0,212,178,,,169,161,284,218,162,187,,,486,7,365,509,295,224,200,185,0,0,317,279,310,72,93,116,118,123,305,310,114,93,0,71,99,191,236,111,194,162,144,81,95,0,0,74,91,,,0,0,192,166,,,115,143,,,115,123,61,56
2021-11-19,,92,82,66,0,181,192,294,319,98,84,0,0,171,154,,,141,132,228,197,110,141,,,486,11,322,449,296,279,145,165,0,0,272,273,339,58,59,93,95,90,231,223,94,65,0,46,100,140,184,56,159,115,117,60,81,0,0,65,55,,,0,0,110,110,,,88,123,,,84,124,60,51
2021-11-20,,58,58,56,0,162,104,211,217,45,48,0,0,149,69,,,117,88,267,254,158,177,,,352,4,260,375,261,238,90,158,0,0,327,273,148,30,62,93,133,109,450,449,89,77,0,49,103,174,261,42,68,131,156,83,125,0,0,59,73,,,0,0,320,287,,,254,255,,,202,269,89,59
2021-11-21,,66,62,61,0,134,92,150,142,53,91,0,0,104,65,,,81,56,214,191,102,108,,,257,8,184,256,170,157,79,93,0,0,216,191,116,42,36,68,100,98,347,332,101,65,0,61,119,145,181,40,73,117,111,56,73,0,0,76,68,,,0,0,222,206,,,160,174,,,129,162,57,50
2021-11-22,,79,75,45,0,167,148,243,270,98,87,0,0,193,164,,,124,105,201,158,92,128,,,417,6,266,336,228,187,160,154,0,0,223,199,339,51,46,69,59,54,169,167,68,50,0,55,76,92,133,205,211,71,73,64,70,0,0,44,57,,,0,0,79,78,,,48,62,,,45,59,40,36
2021-11-23,,104,112,64,0,172,171,310,355,152,123,0,0,184,166,,,158,150,276,220,143,172,,,449,8,359,479,307,292,172,212,0,0,298,264,342,61,58,105,120,103,257,269,111,79,0,57,107,171,208,180,182,137,144,95,100,0,0,80,82,,,0,0,147,142,,,91,121,,,95,136,0,0
2021-11-24,,120,122,80,0,202,178,293,325,122,122,0,0,191,164,,,149,158,252,204,118,164,,,428,9,314,471,298,291,168,157,0,0,291,272,405,45,66,114,98,95,261,273,86,59,0,57,115,166,214,214,193,132,122,75,80,0,0,79,89,,,0,0,142,138,,,87,128,,,94,119,0,0
2021-11-25,,99,90,64,0,238,169,248,290,123,116,0,0,170,151,,,137,132,212,163,97,144,,,392,8,256,377,239,202,149,152,0,0,223,209,411,58,53,90,81,75,185,194,82,73,0,59,90,130,161,202,182,100,103,76,66,0,0,60,65,,,0,0,96,91,,,68,76,,,55,80,0,0
2021-11-26,,80,67,52,0,176,147,186,213,114,80,0,0,177,108,,,104,116,159,120,64,97,,,398,7,234,303,211,197,133,133,53,79,185,200,488,29,51,87,51,48,167,166,54,43,0,47,61,100,107,184,173,75,64,54,59,0,0,35,55,,,0,0,80,70,,,37,59,,,53,65,0,0
2021-11-27,,57,52,44,0,164,100,132,140,66,48,0,0,122,54,,,76,65,217,153,72,97,,,357,6,160,246,158,156,101,125,34,20,171,154,147,29,36,41,82,73,231,244,65,62,0,45,83,105,139,60,58,57,68,31,47,0,0,39,52,,,0,0,152,152,,,109,101,,,98,144,0,0
2021-11-28,,35,36,19,0,121,53,56,56,27,19,0,0,75,39,,,53,44,131,80,36,41,,,241,5,59,114,48,54,52,71,21,18,74,73,117,33,8,16,26,24,98,98,31,28,0,21,43,48,52,56,62,22,25,24,21,0,0,24,34,,,0,0,57,69,,,26,21,,,15,30,0,0
2021-11-29,,58,61,46,0,247,137,201,193,105,84,0,0,153,110,,,96,93,153,111,75,93,,,364,58,223,285,186,164,131,109,83,70,166,175,352,48,42,55,33,40,135,131,64,46,0,47,72,66,94,203,182,51,46,48,52,0,0,41,49,,,0,0,60,61,,,39,38,,,33,46,4,4
2021-11-30,,58,63,41,0,269,117,134,156,92,64,0,0,136,100,,,80,84,133,110,61,76,,,404,81,157,230,127,132,98,110,91,47,129,141,433,26,34,46,18,25,71,58,39,34,0,29,49,46,61,195,185,46,49,35,46,0,0,27,43,,,0,0,36,32,,,15,30,,,26,21,0,0
2021-12-01,,74,68,33,0,282,134,193,194,99,91,0,0,138,133,,,78,76,202,136,63,88,,,445,77,175,270,165,173,114,126,65,56,148,146,417,22,44,49,42,52,117,129,68,50,0,41,76,85,122,138,186,55,57,41,44,0,0,30,45,,,0,0,55,73,,,16,30,,,46,64,0,0
2021-12-02,,66,85,57,0,161,155,211,240,123,110,0,0,186,141,,,112,122,190,151,83,106,,,461,68,285,328,244,197,128,124,73,63,193,207,411,51,69,57,72,78,147,154,66,59,0,46,75,137,156,192,217,80,84,47,58,0,0,48,53,,,0,0,97,86,,,57,64,,,46,69,0,0
2021-12-03,,79,73,42,0,168,128,204,221,98,102,0,0,151,130,,,93,102,219,183,95,122,,,406,88,241,351,223,220,118,135,65,67,231,214,358,60,57,70,54,59,238,223,73,46,0,20,43,101,119,155,146,67,65,80,74,0,0,54,67,,,0,0,138,121,,,48,83,,,76,85,0,0
2021-12-04,,17,17,6,0,97,29,25,39,30,14,0,0,31,19,,,22,16,81,52,16,14,,,324,64,48,92,43,38,52,71,20,8,33,46,174,30,7,22,23,20,44,176,15,18,0,17,56,22,27,107,101,17,15,4,39,0,0,9,25,,,0,0,20,188,,,16,16,,,12,22,0,0
2021-12-05,,41,32,25,0,81,60,65,83,45,32,0,0,44,48,,,48,27,162,116,45,46,,,263,40,105,115,95,73,92,99,19,25,91,82,142,16,19,41,17,26,138,124,47,29,0,18,50,55,54,89,99,29,24,30,28,0,0,19,35,,,0,0,87,79,,,37,50,,,69,80,0,0
2021-12-06,,64,67,54,0,151,135,193,206,119,93,0,0,153,130,,,87,96,187,146,76,98,,,319,85,200,301,191,166,102,111,69,75,169,166,352,26,41,65,30,39,120,125,55,46,0,52,84,69,79,255,228,51,47,51,65,0,0,33,44,,,0,0,53,59,,,30,40,,,34,50,0,0
2021-12-07,,63,66,64,0,172,135,206,240,96,81,0,0,169,131,,,97,102,184,154,85,98,,,429,79,240,325,200,191,146,128,85,81,171,193,418,46,45,84,46,35,150,141,48,32,0,49,98,99,108,240,175,70,57,51,53,0,0,37,44,,,0,0,73,66,,,26,29,,,50,53,0,0
2021-12-08,,89,77,54,0,193,141,181,227,109,92,0,0,142,122,,,88,105,178,156,83,114,,,417,53,242,344,217,210,124,131,86,76,200,194,457,59,50,73,44,57,146,148,46,38,0,45,83,99,133,214,234,72,73,64,69,0,0,45,72,,,0,0,80,77,,,51,54,,,60,83,22,18
2021-12-09,,33,33,30,0,172,73,79,101,47,37,0,0,98,88,,,56,77,104,81,37,51,,,424,69,105,197,85,73,69,76,52,37,93,96,576,60,23,41,24,25,50,62,27,37,0,26,62,45,53,79,91,35,35,30,44,0,0,20,35,,,0,0,28,31,,,7,18,,,13,17,15,9
2021-12-10,,54,46,28,0,248,105,117,139,71,50,0,0,164,126,,,69,64,142,118,39,54,,,446,83,139,209,100,102,81,110,64,52,126,119,581,42,31,65,28,31,102,93,35,30,0,30,50,34,38,232,195,24,20,33,40,0,0,25,45,,,0,0,58,49,,,25,33,,,23,25,20,10
2021-12-11,,34,38,25,0,120,61,64,79,29,35,0,0,60,49,,,54,51,118,89,39,48,,,294,63,88,152,75,74,67,104,37,17,92,81,127,32,19,45,33,21,92,102,29,35,0,20,39,36,49,71,66,27,23,26,23,0,0,19,33,,,0,0,57,60,,,37,38,,,29,49,30,12
2021-12-12,,53,28,41,0,64,64,107,127,30,34,0,0,84,52,,,68,54,223,186,59,70,,,285,56,128,202,118,126,56,84,15,22,167,144,115,27,29,52,45,43,237,271,35,42,0,45,87,66,104,11,17,31,31,39,38,0,0,50,55,,,0,0,156,153,,,89,109,,,60,89,27,31
2021-12-13,,97,70,50,0,0,125,178,197,112,85,0,0,135,139,,,112,108,158,127,78,99,,,497,79,196,273,175,157,81,101,66,66,153,155,441,42,42,82,36,32,125,117,44,52,0,47,80,76,68,159,227,43,49,36,54,0,0,36,48,,,0,0,67,63,,,25,34,,,35,45,20,13
2021-12-14,,76,73,53,0,0,137,232,255,109,81,0,0,159,135,,,116,144,197,148,85,105,,,556,66,249,366,227,223,125,145,78,61,207,193,590,46,49,81,65,64,169,155,83,50,0,40,73,108,144,275,228,79,89,63,65,0,0,46,48,,,0,0,92,87,,,54,65,,,70,64,37,21
2021-12-15,,94,97,62,0,0,185,252,280,148,96,0,0,207,202,,,115,138,244,203,113,133,,,539,66,317,398,273,238,140,147,91,82,222,230,849,23,53,90,89,92,237,228,80,45,0,51,98,152,196,195,269,108,116,68,63,0,0,61,74,,,0,0,125,112,,,71,107,,,86,78,50,32
2021-12-16,,83,71,46,0,0,140,230,254,121,80,0,0,190,176,,,108,121,178,151,82,107,,,522,79,232,372,0,0,129,140,82,90,175,197,507,41,39,80,65,60,172,141,61,51,0,42,72,118,153,318,267,69,80,55,60,0,0,43,46,,,0,0,76,70,,,41,65,,,55,64,35,35
2021-12-17,,81,80,53,0,0,145,225,241,108,87,0,0,152,122,,,131,111,203,168,93,109,,,482,66,242,324,0,0,121,129,84,70,185,165,492,48,57,103,61,55,175,182,76,62,0,46,69,115,130,224,271,81,70,65,60,0,0,46,56,,,0,0,101,92,,,69,61,,,73,104,28,31
2021-12-18,,60,67,71,0,0,83,149,181,54,53,0,0,74,68,,,80,69,266,215,99,106,,,356,45,207,294,0,0,103,112,37,31,231,202,161,47,32,81,110,92,367,389,87,61,0,71,96,146,184,77,83,104,119,56,72,0,0,58,62,,,0,0,253,234,,,145,146,,,139,196,0,2
2021-12-19,,33,56,38,0,0,81,99,119,60,41,0,0,86,50,,,68,31,174,141,75,110,,,302,48,140,234,0,0,83,95,30,31,149,159,137,15,34,61,60,61,223,202,54,37,0,33,86,97,126,68,63,61,69,33,45,0,0,40,51,,,0,0,144,123,,,121,131,,,91,114,0,0
2021-12-20,,81,60,54,0,0,123,177,206,116,93,0,0,175,135,,,118,114,166,122,72,82,,,429,65,217,287,0,0,122,141,72,62,188,178,629,48,38,97,41,51,124,125,58,41,0,43,70,82,100,142,74,48,44,43,52,0,0,37,50,,,0,0,70,52,,,42,40,,,50,67,0,0
2021-12-21,,51,57,48,0,0,129,168,208,108,81,0,0,125,136,,,78,120,137,126,71,98,,,484,73,164,243,0,0,120,138,73,61,152,155,585,62,42,68,52,42,140,134,53,45,0,42,73,71,98,256,183,55,58,27,35,0,0,40,49,,,0,0,81,77,,,38,59,,,48,60,0,0
2021-12-22,,59,58,29,0,0,115,128,192,77,87,0,0,277,251,,,113,131,139,119,72,82,,,458,56,141,257,41,82,128,115,64,72,185,153,592,55,46,70,43,40,159,168,65,50,0,42,67,69,85,217,157,53,44,40,42,0,0,26,39,,,0,0,93,86,,,49,62,,,50,51,0,0
2021-12-23,,42,41,25,0,0,70,67,95,62,60,0,0,88,82,,,60,74,89,64,28,36,,,302,76,95,162,79,75,69,80,27,28,76,97,319,50,18,48,18,19,60,60,50,36,0,32,57,51,53,115,104,26,24,24,30,0,0,31,39,,,0,0,44,33,,,18,34,,,30,35,0,0
2021-12-24,,26,26,24,0,0,40,51,60,24,33,0,0,45,36,,,43,30,132,106,50,59,,,258,37,78,117,76,74,92,123,16,12,107,85,66,22,13,33,37,39,130,167,42,36,0,23,64,56,86,41,47,33,39,29,31,0,0,23,32,,,0,0,94,102,,,84,77,,,50,79,0,0
2021-12-25,,10,17,11,0,0,15,19,19,17,27,0,0,32,15,,,19,11,75,61,21,24,,,150,46,48,76,26,18,57,44,7,8,30,35,52,19,5,27,14,18,58,50,11,12,0,18,26,13,11,52,74,13,8,11,7,0,0,16,19,,,0,0,43,32,,,15,17,,,18,25,0,0
2021-12-26,,32,15,15,0,0,23,14,25,15,13,0,0,48,14,,,16,21,75,49,12,16,,,146,74,38,79,30,27,46,53,5,7,43,39,61,23,6,19,16,11,60,42,28,16,0,13,29,36,23,51,70,15,12,12,12,0,0,18,26,,,0,0,34,22,,,20,14,,,22,23,0,0
2021-12-27,,38,35,22,0,0,50,56,80,37,68,0,0,52,50,,,41,40,101,95,32,36,,,242,79,85,152,78,69,71,79,22,24,91,100,104,36,22,40,29,28,103,84,28,20,0,26,47,52,62,73,62,30,27,19,24,0,0,30,37,,,0,0,60,60,,,38,40,,,65,73,0,0
2021-12-28,,36,41,30,0,0,54,57,66,53,42,0,0,55,48,,,45,44,95,89,41,50,,,278,81,77,149,69,72,66,72,26,22,84,88,115,36,19,33,17,23,106,86,24,29,0,33,44,42,40,76,72,19,21,19,23,0,0,17,27,,,0,0,60,47,,,27,26,,,30,28,0,0
2021-12-29,,39,36,23,0,0,55,63,64,47,45,0,0,55,51,,,47,48,108,92,36,42,,,360,67,91,144,70,74,72,82,35,22,74,73,162,30,17,37,27,29,86,94,26,15,0,20,28,39,75,60,72,22,27,19,21,0,0,16,29,,,0,0,45,50,,,33,31,,,39,57,0,0
2021-12-30,,44,40,21,0,0,42,0,0,55,60,0,0,76,70,,,50,51,157,115,54,70,,,395,69,111,169,113,103,86,84,35,28,138,93,152,34,24,41,38,39,142,156,60,54,0,29,48,69,93,87,63,43,44,34,29,0,0,40,40,,,0,0,69,77,,,53,57,,,64,87,0,0
2021-12-31,,65,52,36,0,0,94,0,0,33,31,0,0,121,101,,,74,47,316,237,134,157,,,470,59,216,295,244,210,118,116,29,49,315,272,100,14,45,67,94,117,457,436,76,72,0,47,88,175,275,96,84,114,129,66,83,0,0,75,71,,,0,0,300,252,,,206,214,,,218,293,0,0
2022-01-01,,58,60,39,0,0,65,0,0,53,27,0,0,89,75,,,83,51,355,277,159,196,,,371,44,248,332,144,182,95,104,18,36,313,290,80,19,43,78,143,128,526,520,102,82,0,75,112,224,311,47,51,178,158,81,79,0,0,100,87,,,0,0,299,268,,,311,277,,,241,356,0,0
2022-01-02,,73,67,45,0,0,52,0,0,51,77,0,0,90,58,,,96,63,393,306,149,209,,,290,44,262,348,274,266,66,85,24,31,380,306,100,17,59,94,124,166,539,552,123,86,0,84,146,247,298,86,57,154,145,109,113,0,0,96,82,,,0,0,387,326,,,283,281,,,318,330,0,0
2022-01-03,,95,95,58,0,0,150,0,0,99,98,0,0,170,131,,,116,101,314,216,145,187,,,404,66,367,463,338,299,152,187,79,73,333,296,249,46,74,106,86,98,347,390,88,77,0,69,117,172,217,105,90,115,125,92,87,0,0,69,86,,,0,0,202,192,,,93,107,,,117,125,0,0
2022-01-04,,57,49,34,0,0,90,1,0,61,70,0,0,105,113,,,54,62,124,103,38,61,,,409,63,167,209,115,118,80,104,56,51,112,125,326,17,20,51,24,37,76,87,43,41,0,38,55,49,74,157,147,43,44,17,26,0,0,19,25,,,0,0,34,35,,,18,17,,,31,29,0,0
2022-01-05,,66,55,43,0,0,102,130,164,99,67,0,0,138,100,,,97,69,188,163,83,99,,,330,74,206,281,179,170,94,155,52,90,186,171,232,26,39,75,35,38,133,117,49,46,0,55,69,97,113,172,142,70,54,31,32,0,0,42,45,,,0,0,69,69,,,35,43,,,54,70,0,0
2022-01-06,,92,68,65,0,0,137,0,0,102,95,0,0,137,127,,,93,107,206,169,97,131,,,390,73,255,350,233,196,116,113,59,56,182,168,248,23,53,67,63,68,184,178,60,48,0,51,80,108,140,246,210,77,76,50,56,0,0,52,54,,,0,0,98,97,,,71,76,,,84,77,0,0
2022-01-07,,67,64,58,0,0,108,0,0,89,79,0,0,118,107,,,85,85,144,140,65,93,,,342,70,204,306,174,156,86,118,55,60,145,149,203,50,41,76,44,51,145,129,68,48,0,35,66,60,94,172,146,51,62,33,45,0,0,32,42,,,0,0,84,81,,,47,56,,,40,59,23,18
2022-01-08,,34,44,32,0,0,51,0,0,33,30,0,0,48,33,,,40,29,168,138,64,59,,,237,63,110,160,111,96,51,109,18,29,103,103,125,18,28,37,63,45,171,155,60,27,0,34,66,85,99,61,48,54,41,26,36,0,0,28,37,,,0,0,113,100,,,67,89,,,66,103,27,18
2022-01-09,,24,25,24,0,0,44,0,0,29,32,0,0,60,28,,,34,29,174,120,44,50,,,158,35,82,141,64,62,30,64,10,21,81,61,79,22,18,22,23,20,87,85,34,31,0,23,45,32,43,57,58,19,26,22,19,0,0,28,45,,,0,0,61,69,,,33,31,,,37,48,14,12
2022-01-10,,65,63,38,0,0,110,0,0,98,75,0,0,94,89,,,87,84,198,140,67,96,,,333,77,213,270,161,146,85,94,59,58,167,150,298,44,36,52,30,31,84,108,45,34,0,35,64,53,76,125,100,43,45,45,47,0,0,49,58,,,0,0,51,51,,,20,29,,,28,34,20,13
2022-01-11,,68,70,92,0,0,102,0,0,109,89,0,0,146,119,,,59,66,189,162,101,111,,,344,88,228,307,199,163,125,128,60,62,159,150,241,24,51,81,51,49,146,127,57,49,0,46,87,99,126,112,148,75,64,38,48,0,0,56,43,,,0,0,82,58,,,48,53,,,51,69,20,15
2022-01-12,,92,83,45,0,0,124,1,0,114,106,0,0,117,115,,,97,95,202,181,79,102,,,316,70,218,326,196,180,116,127,66,68,177,172,262,38,43,65,54,52,135,142,56,47,0,53,82,83,129,136,126,64,74,52,59,0,0,50,58,,,0,0,73,79,,,44,56,,,43,68,39,20
2022-01-13,,70,87,50,0,0,126,179,205,120,83,0,0,117,126,,,96,96,188,162,84,105,,,351,94,236,335,210,214,99,124,68,64,175,170,268,56,52,81,87,75,193,170,69,64,0,47,82,141,148,179,172,82,88,52,70,0,0,59,64,,,0,0,113,99,,,51,80,,,80,81,27,27
2022-01-14,,73,75,59,0,0,115,202,228,99,71,0,0,149,99,,,108,80,260,230,123,160,,,362,82,288,380,258,240,104,137,70,69,232,270,215,39,67,39,104,95,305,319,96,77,0,48,89,151,187,170,189,109,97,63,78,0,0,61,61,,,0,0,189,148,,,116,155,,,104,155,50,39
2022-01-15,,41,38,52,0,0,65,131,168,34,52,0,0,77,63,,,82,43,269,229,113,129,,,277,51,200,326,212,212,58,71,25,33,258,218,101,27,54,0,130,109,331,373,86,60,0,53,96,171,246,80,76,142,118,58,87,0,0,67,77,,,0,0,241,226,,,189,210,,,158,212,68,56
2022-01-16,,36,24,19,0,0,66,63,88,38,38,0,0,69,35,,,42,58,192,174,51,57,,,187,46,119,183,111,109,54,65,19,32,121,105,98,39,36,0,47,53,170,163,46,29,0,36,62,66,102,51,72,39,51,35,27,0,0,48,55,,,0,0,117,117,,,88,82,,,76,78,33,35
2022-01-17,,61,45,28,0,0,86,132,149,87,73,0,0,138,127,,,63,77,128,96,56,56,,,357,98,165,233,131,123,92,91,53,42,126,128,340,58,42,0,27,31,71,74,34,24,0,23,47,70,70,247,230,40,42,40,35,0,0,23,30,,,0,0,32,36,,,22,27,,,29,43,27,22
2022-01-18,,60,63,60,0,0,127,157,220,114,81,0,0,134,111,,,94,85,217,184,82,85,,,356,71,159,291,155,110,104,127,72,50,145,147,274,44,40,0,39,43,165,141,52,54,0,33,64,87,93,207,159,59,62,50,53,0,0,45,62,,,0,0,97,90,,,34,47,,,39,57,0,0
2022-01-19,,72,79,62,0,0,114,176,200,111,80,0,0,168,140,,,97,131,245,201,97,104,,,397,83,200,340,190,156,112,126,80,79,236,224,201,47,48,0,53,62,217,236,60,50,0,49,87,128,149,174,175,89,84,61,60,0,0,53,62,,,0,0,124,128,,,49,74,,,72,75,32,20
2022-01-20,,47,56,38,0,0,90,148,135,88,69,0,0,113,94,,,62,86,147,121,78,80,,,365,77,130,245,126,94,74,98,61,42,123,134,296,24,29,0,23,30,120,115,38,26,0,30,60,53,65,198,233,34,36,32,43,0,0,39,49,,,0,0,57,59,,,23,28,,,21,28,18,12
2022-01-21,,33,33,27,0,0,80,80,116,54,39,0,0,61,86,,,62,61,102,97,34,38,,,287,83,75,170,63,59,39,59,24,21,94,90,175,30,24,0,19,24,69,94,40,46,0,25,36,29,37,160,136,25,22,22,28,0,0,24,40,,,0,0,35,41,,,20,18,,,13,22,21,8
2022-01-22,,24,31,23,0,0,56,75,107,28,31,0,0,66,25,,,39,27,197,170,70,72,,,210,56,106,135,99,73,47,60,16,19,105,82,104,17,7,0,30,34,153,163,41,31,0,36,57,55,42,62,67,26,28,20,23,0,0,34,50,,,0,0,80,93,,,53,45,,,47,57,19,9
2022-01-23,,35,37,24,0,0,61,71,90,45,33,0,0,63,29,,,40,20,203,153,75,82,,,188,60,126,150,91,94,63,61,16,16,103,104,85,24,17,0,33,51,160,145,34,23,0,34,73,63,107,82,61,48,49,30,36,0,0,39,51,,,0,0,106,99,,,93,79,,,65,93,22,20
2022-01-24,,65,59,43,0,0,104,170,181,103,85,0,0,111,131,,,98,95,191,149,83,112,,,364,80,198,265,176,157,87,83,59,63,163,170,199,48,55,0,57,45,148,126,49,45,0,41,61,85,114,185,158,55,65,41,43,0,0,41,52,,,0,0,72,59,,,44,42,,,48,51,33,21
2022-01-25,,69,68,38,0,0,113,187,222,116,89,0,0,116,130,,,76,85,206,175,100,112,,,369,79,230,347,208,198,134,126,71,52,187,186,239,50,49,0,62,60,181,161,60,51,0,45,84,115,149,132,143,77,78,42,52,0,0,51,62,,,0,0,84,96,,,61,64,,,50,76,38,28
2022-01-26,,65,83,29,0,0,129,205,232,102,85,0,0,154,138,,,94,93,223,168,104,124,,,353,99,235,316,231,193,118,115,70,72,188,172,240,50,52,0,75,70,175,164,61,48,0,46,80,109,145,132,135,87,91,42,43,0,0,60,61,,,0,0,89,89,,,59,68,,,49,75,35,32
2022-01-27,,62,57,29,0,0,102,189,182,100,70,0,0,109,132,,,97,92,153,144,63,83,,,335,93,191,288,152,132,78,104,61,59,155,159,223,41,43,0,53,61,121,117,58,45,0,29,58,82,119,82,81,64,71,29,30,0,0,52,50,,,0,0,68,58,,,48,51,,,43,64,26,20
2022-01-28,,62,61,27,0,0,96,137,152,69,67,0,0,102,77,,,74,91,150,120,60,73,,,304,71,168,262,152,128,73,87,55,58,137,128,211,41,43,0,40,42,114,98,56,38,0,36,66,75,78,104,99,40,46,25,28,0,0,38,49,,,0,0,73,52,,,46,43,,,50,48,28,25
2022-01-29,,33,18,8,0,0,37,61,80,26,36,0,0,49,45,,,40,27,115,79,42,40,,,221,54,90,124,76,67,43,55,22,24,57,65,104,22,9,0,18,24,56,62,14,23,0,25,34,23,32,45,45,24,20,16,15,0,0,24,25,,,0,0,46,55,,,40,33,,,32,40,11,10
2022-01-30,,33,28,18,0,0,59,73,62,30,38,0,0,59,29,,,48,21,154,120,42,50,,,140,66,87,141,79,80,51,61,11,14,77,70,77,30,22,0,36,41,105,87,40,18,0,13,44,53,60,43,66,36,31,23,32,0,0,19,33,,,0,0,64,57,,,60,50,,,42,56,0,0
2022-01-31,,55,45,12,0,0,100,141,158,95,71,0,0,107,98,,,63,77,170,110,68,87,,,334,83,167,231,143,123,73,99,53,45,143,148,279,61,35,0,26,36,101,91,43,36,0,38,60,66,81,151,158,44,45,25,22,0,0,33,40,,,0,0,49,43,,,22,23,,,22,22,0,0
2022-02-01,,56,51,15,0,0,102,144,158,87,63,0,0,131,109,,,70,76,169,142,68,83,,,378,87,154,236,122,124,89,102,50,47,119,129,274,13,37,0,32,41,111,94,47,41,0,32,67,41,41,102,152,53,51,24,40,0,0,41,54,,,0,0,63,54,,,24,34,,,29,35,0,0
2022-02-02,,66,79,23,0,0,103,171,173,88,76,0,0,121,86,,,66,73,193,159,78,75,,,376,73,163,237,148,128,87,82,56,60,163,157,259,61,42,0,37,44,116,125,46,36,0,28,59,77,82,77,145,40,41,26,35,0,0,33,44,,,0,0,53,57,,,35,44,,,43,41,0,0
2022-02-03,,58,57,16,0,0,103,189,194,101,93,0,0,111,87,,,66,66,182,144,75,94,,,424,106,198,286,186,168,92,124,60,44,198,175,246,16,34,0,54,52,153,156,59,46,0,43,81,91,124,137,140,54,60,26,36,0,0,47,57,,,0,0,87,72,,,55,73,,,53,79,31,17
2022-02-04,,55,57,30,0,0,109,170,187,102,101,0,0,117,108,,,86,84,200,183,89,118,,,394,71,199,301,169,158,87,120,45,59,201,199,194,56,45,0,64,73,197,173,69,55,0,48,78,95,126,85,84,76,77,44,45,0,0,50,57,,,0,0,123,99,,,74,84,,,77,105,41,28
2022-02-05,,52,51,24,0,0,73,112,152,41,46,0,0,77,59,,,71,48,238,205,93,121,,,253,70,170,247,157,143,57,81,30,37,209,170,115,43,42,0,101,83,278,290,75,42,0,43,67,141,154,69,75,102,97,44,71,0,0,39,54,,,0,0,207,198,,,136,150,,,165,183,73,43
2022-02-06,,31,28,16,0,0,45,102,103,32,27,0,0,59,31,,,50,36,200,136,49,80,,,159,64,95,160,82,86,52,54,21,21,117,97,78,22,24,0,25,38,154,178,43,37,0,25,62,50,81,27,59,44,48,30,34,0,0,26,25,,,0,0,121,105,,,49,50,,,63,86,23,21
2022-02-07,,58,37,25,0,0,105,163,192,93,83,0,0,144,120,,,61,80,160,119,83,81,,,325,89,187,251,165,134,101,114,53,67,148,143,238,43,40,0,29,39,102,106,39,35,0,34,66,72,79,98,113,53,52,33,34,0,0,33,40,,,0,0,41,42,,,36,38,,,42,43,34,19
2022-02-08,,71,71,32,0,0,114,213,236,109,83,0,0,158,127,,,96,98,212,197,99,126,,,381,85,242,321,210,198,130,126,59,84,206,172,185,49,58,0,59,77,177,170,71,39,0,48,88,121,148,112,129,89,96,34,55,0,0,49,68,,,0,0,93,87,,,64,74,,,51,80,34,30
2022-02-09,,96,79,32,0,0,153,253,316,136,102,0,0,130,127,,,115,119,272,232,144,160,,,436,91,319,423,290,280,145,128,67,79,277,223,316,55,68,0,110,128,252,260,87,61,0,64,103,184,209,122,178,115,128,51,69,0,0,56,75,,,0,0,149,144,,,111,148,,,103,116,58,43
2022-02-10,,118,118,29,0,0,150,316,364,121,111,0,0,153,158,,,121,127,344,270,198,227,,,519,87,384,506,378,354,152,137,76,83,329,305,166,61,96,0,177,157,387,392,106,76,0,61,95,233,310,109,174,158,145,66,76,0,0,89,114,,,0,0,251,210,,,218,217,,,148,225,58,45
2022-02-11,,64,58,35,0,0,121,173,192,103,66,0,0,130,115,,,97,96,158,146,67,67,,,479,96,182,293,162,159,92,127,61,54,172,160,254,56,50,0,54,45,141,151,72,63,0,37,77,87,102,120,130,65,64,27,31,0,0,35,63,,,0,0,73,80,,,63,66,,,46,65,5,5
2022-02-12,,50,57,44,0,0,81,164,209,58,53,0,0,98,80,,,101,76,344,244,143,166,,,488,177,255,321,270,216,83,76,31,42,286,251,142,37,48,0,99,110,440,387,87,74,0,58,96,140,198,69,62,112,94,55,81,0,0,78,81,,,0,0,318,270,,,240,246,,,143,242,0,0
2022-02-13,,74,83,57,0,0,98,227,276,72,72,0,0,119,57,,,114,83,492,401,220,244,,,481,142,260,374,345,310,98,105,26,35,447,406,102,30,80,0,163,143,699,743,117,80,0,106,145,231,328,82,76,180,178,99,139,0,0,109,109,,,0,0,503,479,,,357,383,,,312,376,0,0
2022-02-14,,93,100,0,0,0,150,245,330,148,123,0,0,239,176,,,123,139,298,267,169,184,,,514,94,311,403,322,287,132,142,80,91,319,292,326,44,61,0,105,89,393,415,102,87,0,75,112,180,198,174,197,141,132,57,81,0,0,83,98,,,0,0,259,216,,,147,201,,,139,146,0,0
2022-02-15,,72,72,0,0,0,139,239,291,109,93,0,0,129,136,,,103,99,240,213,106,130,,,429,70,244,342,211,210,128,131,84,77,210,241,251,66,31,0,78,91,223,195,95,54,0,63,102,125,150,142,188,86,95,44,54,0,0,61,81,,,0,0,115,87,,,68,74,,,89,100,0,0
2022-02-16,,78,72,0,0,0,136,250,250,119,93,0,0,148,164,,,132,104,223,188,98,130,,,416,2,263,355,253,230,141,127,77,64,191,190,293,61,24,0,82,72,146,157,71,58,0,50,91,105,149,171,147,79,75,37,53,0,0,45,60,,,0,0,82,84,,,61,85,,,68,67,0,0
2022-02-17,,67,54,0,0,0,120,147,152,85,78,0,0,89,141,,,67,56,124,95,54,69,,,168,0,132,187,134,132,109,109,57,109,114,119,289,19,21,0,22,24,77,60,47,31,0,32,56,62,60,141,152,35,36,29,23,0,0,22,35,,,0,0,34,33,,,24,22,,,26,28,0,0
2022-02-18,,74,67,0,0,0,109,199,217,88,68,0,0,81,108,,,85,59,187,160,97,107,,,477,0,230,255,213,176,111,120,62,63,179,176,362,0,46,0,60,57,178,184,67,41,0,34,68,103,131,165,114,72,64,41,52,0,0,43,43,,,0,0,92,86,,,52,71,,,75,84,0,0
2022-02-19,,57,45,0,0,0,69,162,152,46,35,0,0,83,63,,,89,68,224,196,92,137,,,326,0,148,213,166,140,98,74,27,31,223,185,146,0,37,0,79,99,217,296,69,53,0,31,63,114,147,51,54,77,92,46,52,0,0,32,46,,,0,0,147,147,,,137,160,,,118,141,0,0
2022-02-20,,54,54,0,0,0,84,118,122,35,34,0,0,66,46,,,79,54,240,190,116,141,,,246,0,153,185,156,133,62,77,35,31,163,153,99,0,34,0,73,86,206,212,66,52,0,37,74,117,134,52,45,81,86,45,55,0,0,37,60,,,0,0,138,116,,,117,112,,,97,134,0,0
2022-02-21,,71,81,0,0,0,168,185,198,64,36,0,0,116,135,,,106,116,190,143,74,100,,,335,0,211,274,195,171,102,89,71,64,164,185,258,0,41,0,44,52,144,124,57,53,0,33,81,95,93,151,143,52,50,26,45,0,0,31,45,,,0,0,72,56,,,53,70,,,40,50,0,0
2022-02-22,,98,81,0,0,0,176,251,277,97,66,0,0,132,130,,,108,116,247,208,98,128,,,393,0,288,392,280,264,145,148,78,83,179,211,204,0,50,0,88,88,190,187,106,66,0,60,90,135,160,165,95,106,89,44,48,0,0,64,64,,,0,0,104,86,,,72,91,,,81,84,0,0
2022-02-23,,109,130,0,0,0,170,324,360,140,107,0,0,237,264,,,166,147,347,294,165,217,,,482,0,384,560,414,396,187,183,80,94,314,279,224,0,31,0,135,148,321,370,101,91,0,75,107,217,246,203,204,150,143,64,74,0,0,77,106,,,0,0,211,191,,,173,221,,,173,185,0,0
2022-02-24,,88,115,0,0,0,166,335,337,110,79,0,0,190,167,,,146,141,321,299,177,185,,,515,0,370,499,354,319,178,183,91,92,309,293,272,0,15,0,143,149,372,387,103,79,0,69,122,225,275,196,161,157,160,57,79,0,0,96,96,,,0,0,220,206,,,155,198,,,164,222,47,35
2022-02-25,,83,65,0,0,0,131,208,273,94,60,0,0,150,133,,,112,97,196,178,113,148,,,417,0,272,368,265,224,114,146,61,66,192,193,221,0,10,0,64,73,202,221,107,64,0,40,94,136,148,144,137,98,86,35,46,0,0,54,62,,,0,0,122,110,,,91,127,,,98,130,50,40
2022-02-26,,33,39,0,0,0,73,101,116,36,35,0,0,72,42,,,59,33,184,132,65,61,,,338,0,119,147,117,106,72,67,23,18,97,99,175,0,6,0,52,42,137,129,35,36,0,17,45,74,90,54,54,57,48,20,22,0,0,37,37,,,0,0,97,85,,,75,73,,,47,85,29,27
2022-02-27,,55,68,0,0,0,109,176,180,52,53,0,0,101,83,,,100,73,342,273,119,141,,,341,0,238,362,265,282,92,105,28,41,336,269,147,0,10,0,126,156,463,479,120,69,0,76,133,194,246,67,77,143,131,77,95,0,0,71,111,,,0,0,327,314,,,277,301,,,232,283,72,56
2022-02-28,,72,94,0,0,0,151,227,258,105,90,0,0,169,100,,,112,114,221,174,112,145,,,372,0,277,368,251,230,110,149,73,68,236,213,232,0,19,0,78,66,197,194,83,63,0,59,89,111,163,277,199,107,93,63,84,0,0,60,80,,,0,0,103,95,,,1089,313,,,81,98,39,31
2022-03-01,,89,107,0,0,0,129,272,305,118,104,0,0,173,165,,,113,137,269,255,107,129,,,448,0,333,465,304,292,165,154,85,82,237,270,256,0,8,0,121,113,290,300,91,86,0,66,98,160,188,251,186,126,110,74,78,0,0,69,87,,,0,0,169,143,,,1277,511,,,105,130,69,46
2022-03-02,,85,102,0,0,0,149,282,325,102,85,0,0,192,157,,,112,135,270,243,125,145,,,438,0,313,422,276,272,146,138,95,84,254,265,225,0,17,0,95,97,295,296,107,69,0,70,114,152,220,280,179,106,135,59,69,0,0,72,88,,,0,0,172,153,,,1120,172,,,88,113,54,36
2022-03-03,,99,86,0,0,0,149,290,296,108,93,0,0,202,123,,,123,124,260,215,104,117,,,429,0,339,424,311,257,129,145,91,75,267,255,266,0,16,0,114,105,246,284,77,73,0,57,79,154,181,364,179,123,111,71,68,0,0,72,78,,,0,0,151,144,,,746,287,,,110,146,64,50
2022-03-04,,45,43,0,0,0,90,111,138,74,57,0,0,104,65,,,71,71,107,76,45,56,,,421,0,144,201,122,118,93,94,59,51,110,107,352,0,14,0,33,30,67,61,42,30,0,21,42,58,66,328,243,37,39,34,78,0,0,33,28,,,0,0,31,29,,,89,743,,,18,23,27,17
2022-03-05,,27,35,0,0,0,84,99,118,39,46,0,0,91,58,,,68,50,159,139,64,65,,,267,0,127,190,116,120,75,79,27,30,134,133,157,0,3,0,51,54,159,166,67,53,0,30,60,94,95,89,48,51,35,27,22,0,0,22,36,,,0,0,98,100,,,3188,585,,,76,72,26,20
2022-03-06,,39,30,0,0,0,78,115,124,50,40,0,0,71,40,,,45,52,205,162,72,95,,,192,0,138,190,139,126,56,60,21,29,181,164,115,0,8,0,54,65,227,208,49,40,0,47,78,85,113,68,52,50,59,44,54,0,0,46,54,,,0,0,133,152,,,935,234,,,83,100,0,0
2022-03-07,,47,54,0,0,0,151,214,231,111,81,0,0,163,122,,,96,118,178,180,83,99,,,318,0,203,293,197,177,111,98,58,60,164,161,187,0,9,0,59,53,133,153,63,38,0,49,90,73,119,135,115,60,56,52,55,0,0,58,67,,,0,0,71,80,,,7780,574,,,53,83,0,0
2022-03-08,,82,104,0,0,0,144,261,334,110,72,0,0,137,156,,,123,119,303,270,152,160,,,402,0,319,453,299,288,143,167,88,69,310,279,216,0,10,0,98,120,344,368,119,68,0,73,112,158,212,171,116,76,25,69,78,0,0,96,106,,,0,0,206,193,,,906,479,,,124,163,0,0
2022-03-09,,88,125,0,0,0,166,352,390,116,98,0,0,221,180,,,158,169,380,346,165,232,,,436,7,386,530,383,337,144,144,80,72,403,370,237,0,17,0,148,135,501,472,108,84,0,95,147,198,289,173,140,87,116,84,94,0,0,105,123,,,0,0,327,269,,,1120,673,,,171,234,0,0
2022-03-10,,114,106,0,0,0,180,310,346,127,106,0,0,204,161,,,154,147,313,290,159,186,,,426,16,379,495,340,315,157,152,105,97,324,292,214,0,28,0,129,116,405,408,93,66,0,90,145,167,271,167,144,147,146,67,91,0,0,85,98,,,0,0,250,211,,,621,610,,,119,191,0,0
2022-03-11,,91,96,0,0,0,145,236,283,108,99,0,0,186,123,,,117,123,245,212,115,138,,,380,12,300,403,288,272,126,146,73,58,247,240,249,0,10,0,74,84,304,289,73,61,0,74,114,135,186,76,61,116,101,77,72,0,0,61,78,,,0,0,169,155,,,557,393,,,85,115,0,0
2022-03-12,,58,62,0,0,0,97,189,262,59,48,0,0,153,81,,,106,83,376,327,160,190,,,359,15,347,416,392,315,101,108,32,38,442,330,143,0,20,0,179,179,592,631,110,78,0,78,138,221,306,56,59,183,174,108,113,0,0,89,110,,,0,0,440,401,,,1176,965,,,274,319,0,0
2022-03-13,,94,117,0,0,0,103,262,279,81,100,0,0,176,85,,,146,94,493,420,226,266,,,375,9,441,562,507,448,120,112,34,39,541,466,148,0,62,0,268,264,852,863,183,134,0,98,148,270,499,60,49,249,245,102,127,0,0,141,119,,,0,0,633,578,,,696,764,,,410,600,0,0
2022-03-14,,108,124,0,0,0,166,338,343,162,136,0,0,173,186,,,143,133,307,293,189,241,,,391,13,441,597,419,393,166,165,93,102,355,306,214,0,97,0,148,145,355,371,137,94,0,87,124,208,287,128,153,174,163,78,110,0,0,95,117,,,0,0,245,221,,,277,327,,,160,205,0,0
2022-03-15,,99,88,0,0,0,174,297,318,134,113,0,0,174,132,,,126,115,267,228,123,153,,,443,16,353,475,360,284,150,156,91,84,262,233,294,0,108,0,130,152,282,289,123,83,0,6,14,209,280,182,134,165,150,64,76,0,0,77,92,,,0,0,181,162,,,211,196,,,124,160,0,0
2022-03-16,,104,106,0,0,0,180,322,350,165,131,0,0,194,141,,,138,135,302,254,149,194,,,483,18,326,504,363,306,150,166,99,72,302,279,297,0,65,0,120,125,328,338,116,89,0,0,0,202,277,133,119,158,144,65,81,0,0,89,114,,,0,0,194,165,,,253,239,,,130,196,0,0
2022-03-17,,131,131,0,0,0,191,401,433,162,149,0,0,230,161,,,138,136,377,344,203,260,,,513,15,533,674,301,190,184,197,91,91,361,340,288,0,87,0,232,225,498,483,154,116,0,0,0,311,434,124,135,262,258,89,115,0,0,107,101,,,0,0,320,276,,,339,360,,,224,282,0,0
2022-03-18,,111,93,0,0,0,182,347,390,137,115,0,0,241,177,,,168,124,347,280,211,235,,,526,607,450,593,425,402,140,159,80,76,335,301,262,0,103,0,175,176,406,421,151,107,0,0,0,257,369,115,101,210,198,86,95,0,0,96,111,,,0,0,252,190,,,353,377,,,174,259,0,0
2022-03-19,,72,105,0,0,0,149,250,293,123,84,0,0,190,90,,,136,102,414,331,206,227,,,385,782,376,546,431,394,140,159,51,42,506,425,181,0,66,0,208,170,654,624,146,111,0,0,0,239,338,63,53,226,209,88,131,0,0,92,90,,,0,0,440,361,,,638,581,,,0,0,0,0
2022-03-20,,53,82,0,0,0,118,323,343,93,69,0,0,215,90,,,147,108,626,454,337,348,,,385,697,551,606,594,544,141,139,34,56,579,483,159,0,56,0,270,231,862,838,218,125,0,0,0,288,446,10,60,284,218,133,161,0,0,115,123,,,0,0,677,606,,,791,801,,,0,0,0,0
2022-03-21,,146,163,0,0,0,213,459,482,200,135,0,0,254,186,,,153,171,420,360,233,296,,,545,926,559,681,534,475,199,204,109,106,409,381,356,0,121,0,190,186,468,435,154,114,0,0,0,280,351,232,202,217,240,107,121,0,0,128,139,,,0,0,304,258,,,558,431,,,0,0,0,0
2022-03-22,,181,215,0,0,0,249,583,606,215,175,0,0,293,248,,,237,229,613,517,351,410,,,590,946,751,911,742,633,256,249,132,129,610,560,348,0,168,0,293,282,635,586,201,159,0,0,0,347,508,191,140,322,321,121,147,0,0,180,202,,,0,0,553,413,,,296,351,,,0,0,101,78
2022-03-23,,197,230,0,0,0,252,640,744,257,164,0,0,281,316,,,242,255,676,593,394,469,,,600,942,802,1018,860,744,271,267,148,145,750,709,421,0,185,0,383,360,0,0,224,180,0,0,0,485,640,232,215,434,372,148,181,0,0,202,210,,,0,0,675,558,,,0,0,,,0,0,139,95
2022-03-24,,210,240,0,0,32,251,636,669,247,194,0,0,338,270,,,250,265,656,588,387,471,,,638,1007,802,951,831,705,238,248,114,130,680,649,501,0,168,0,352,295,0,0,240,175,0,0,0,425,547,127,258,390,334,184,213,0,0,189,169,,,0,0,628,480,,,0,0,,,0,0,122,87
2022-03-25,,157,179,0,0,242,228,561,651,157,111,0,0,288,190,,,190,196,593,529,379,448,,,605,1003,660,826,474,406,232,277,129,135,642,591,470,0,86,0,301,292,0,0,207,165,0,0,0,408,544,216,186,391,323,179,191,0,0,165,169,,,0,0,566,435,,,0,0,,,0,0,134,92
2022-03-26,,235,254,0,0,187,201,580,724,160,128,0,0,331,155,,,273,218,889,906,616,744,,,653,803,819,1071,1122,971,203,223,73,80,1388,1235,355,0,25,0,512,417,0,0,354,240,0,0,0,558,789,171,175,581,528,352,473,0,0,317,345,,,0,0,1460,1296,,,0,0,,,0,0,248,150
2022-03-27,,172,249,0,0,217,202,562,598,112,112,0,0,237,156,,,253,154,1123,984,597,706,,,546,667,786,1029,1063,939,164,188,78,99,1259,1087,200,0,30,0,517,495,0,0,360,227,0,0,0,525,740,10,92,536,463,257,359,0,0,318,343,,,0,0,1376,1291,,,0,2,,,0,0,210,133
2022-03-28,,225,260,0,0,239,241,821,866,275,201,0,0,408,342,,,305,249,846,715,501,634,,,735,894,877,1103,946,899,282,291,127,140,826,754,382,0,48,0,413,354,0,0,260,203,0,0,0,501,660,210,166,440,412,187,245,0,0,222,235,,,0,0,851,707,,,941,946,,,32,70,109,33
2022-03-29,,185,194,23,70,238,255,621,658,199,129,0,0,309,261,,,247,237,548,456,303,398,,,659,1055,685,862,671,640,244,273,155,133,580,526,334,0,33,0,260,241,66,47,194,152,0,0,0,382,490,258,169,308,299,183,174,0,0,174,159,,,0,0,424,334,,,453,468,,,238,272,79,9
2022-03-30,,78,61,42,41,164,135,188,203,58,57,0,0,223,291,,,90,99,147,119,76,75,,,579,1076,194,236,169,156,106,99,71,68,160,141,454,0,22,0,40,41,16,29,42,34,0,0,0,67,80,237,170,52,45,14,22,0,0,33,45,,,0,0,34,44,,,33,25,,,21,32,30,3
2022-03-31,,63,77,41,41,273,164,249,256,122,88,0,0,107,122,,,112,130,229,191,86,125,,,473,1036,236,291,209,207,152,131,94,79,189,199,504,0,43,0,47,62,167,164,55,45,0,0,0,78,125,230,172,70,70,7,16,0,0,64,68,,,0,0,81,88,,,65,66,,,50,63,31,16
2022-04-01,,67,78,27,40,208,133,179,192,95,62,0,0,39,80,,,40,8,176,147,72,96,,,465,976,192,269,160,155,112,113,63,54,150,161,435,52,41,0,40,46,98,96,62,49,0,0,0,58,82,172,132,46,43,10,20,0,0,43,46,,,0,0,43,46,,,55,68,,,44,52,11,5
2022-04-02,,44,44,28,21,230,105,123,138,52,48,0,0,2382,32,,,0,0,139,125,58,70,,,67,254,116,187,132,107,104,106,25,48,108,123,147,49,26,0,34,44,132,136,36,34,0,0,0,42,68,37,55,49,43,10,15,0,0,29,35,,,0,0,83,78,,,107,101,,,50,64,3,2
2022-04-03,,41,35,22,41,202,85,131,173,65,49,0,0,38,16,,,0,0,211,168,114,115,,,0,0,152,239,187,170,86,94,25,25,228,181,105,39,46,0,105,99,262,277,73,51,0,0,0,100,176,42,56,89,79,27,33,0,0,55,56,,,0,0,165,176,,,257,210,,,103,173,0,0
2022-04-04,,100,103,41,81,247,200,361,373,127,75,0,0,75,62,,,0,0,292,243,185,217,,,0,0,360,504,348,313,169,159,112,98,292,279,249,68,81,0,114,119,271,293,113,89,0,0,0,175,224,188,153,150,138,41,56,0,0,71,90,,,0,0,167,147,,,168,191,,,98,147,0,0
2022-04-05,,80,81,30,62,283,184,286,315,145,110,0,0,54,57,,,0,0,222,169,107,136,,,0,0,232,329,221,228,136,144,95,84,216,226,357,63,44,0,84,78,176,185,76,71,0,0,0,109,139,198,154,73,81,39,40,0,0,41,66,,,0,0,105,79,,,89,93,,,58,76,7,11
2022-04-06,,126,170,67,145,297,242,521,547,166,141,0,0,68,74,,,0,0,462,367,233,299,,,0,0,442,598,516,471,191,178,151,106,477,431,425,75,133,0,242,198,519,504,155,120,0,0,0,305,428,197,210,277,229,94,106,0,0,134,172,,,0,0,324,250,,,343,368,,,200,263,26,49
2022-04-07,,139,117,57,127,270,229,400,440,165,97,0,0,86,82,,,0,0,307,280,190,235,,,0,0,413,580,411,457,204,205,139,107,322,297,372,65,98,0,154,169,279,287,147,106,0,0,0,217,311,184,179,175,168,70,85,0,0,97,110,,,0,0,167,143,,,166,218,,,105,146,10,29
2022-04-08,,87,92,35,61,179,148,233,257,121,100,0,0,24,39,,,0,0,179,167,119,135,,,0,0,243,347,250,244,139,131,87,68,259,232,479,69,73,0,76,85,160,189,81,60,0,0,0,127,176,190,127,101,85,44,37,0,0,61,65,,,0,0,97,97,,,97,103,,,76,97,13,19
2022-04-09,,57,45,16,34,101,89,138,163,48,44,0,0,0,20,,,0,0,232,174,105,141,,,0,0,158,225,164,190,118,99,39,46,188,176,183,26,31,0,71,64,267,279,63,39,0,0,0,111,137,120,118,74,87,33,42,0,0,50,39,,,0,0,164,149,,,166,177,,,114,145,31,37
2022-04-10,,61,59,32,56,127,95,168,188,64,69,0,0,21,26,,,0,0,293,222,151,158,,,0,0,228,309,230,219,113,108,29,33,243,232,134,47,50,0,134,117,297,312,80,61,0,0,0,174,213,60,69,126,122,41,68,0,0,65,71,,,0,0,209,169,,,281,284,,,164,186,34,30
2022-04-11,,173,175,69,140,220,234,579,546,212,127,0,0,36,92,,,0,0,495,364,297,330,,,0,0,499,656,541,486,270,253,106,115,533,453,454,78,116,0,214,195,626,599,155,121,0,0,0,255,374,210,150,237,221,75,88,0,0,141,136,,,0,0,393,313,,,384,461,,,222,286,32,68
2022-04-12,,189,224,23,182,317,302,742,814,233,170,0,0,34,83,,,0,21,741,680,392,491,,,442,249,751,915,878,802,325,286,158,150,764,728,558,90,176,0,387,326,1090,1071,250,207,0,0,0,464,641,243,208,435,398,158,219,0,0,202,185,,,0,0,727,538,,,837,879,,,422,557,67,127
2022-04-13,,236,274,12,227,351,299,843,912,243,155,0,0,138,127,,,0,0,841,734,517,643,,,750,409,846,1002,1052,976,328,314,168,180,1005,845,515,88,219,0,494,429,1307,1366,319,230,0,0,0,598,842,147,187,580,522,80,122,0,0,233,231,,,0,0,938,697,,,1034,1089,,,535,709,58,157
2022-04-14,,212,244,59,185,254,243,729,773,165,126,0,0,98,86,,,0,0,746,638,476,573,,,789,581,849,1006,883,847,300,319,144,136,948,846,432,84,189,0,377,338,1176,1185,241,210,0,93,138,438,585,61,114,422,340,199,208,0,0,197,209,,,0,0,779,577,,,923,916,,,411,544,48,115
2022-04-15,,96,126,48,62,189,163,339,329,155,152,0,0,52,28,,,0,0,489,414,268,336,,,524,835,373,526,430,446,155,162,59,64,544,461,173,49,79,0,197,210,788,761,118,95,0,83,133,222,327,23,44,230,199,117,165,0,0,94,109,,,0,0,481,395,,,669,646,,,307,446,11,18
2022-04-16,,69,69,66,53,147,144,242,270,114,100,0,0,56,27,,,0,0,247,227,132,173,,,476,785,238,340,279,274,146,130,30,38,308,292,126,40,52,0,111,97,407,445,111,66,0,54,100,139,185,13,35,117,107,75,85,0,0,64,82,,,0,0,273,234,,,295,298,,,154,174,0,0
2022-04-17,,85,104,42,60,154,148,328,369,114,131,0,0,60,24,,,0,0,443,370,232,266,,,492,755,372,506,443,419,162,134,51,42,595,499,161,38,66,0,232,240,818,922,182,132,0,88,149,230,385,25,46,269,235,127,155,0,0,128,127,,,0,0,564,533,,,780,729,,,367,494,0,0
2022-04-18,,122,179,104,83,183,171,388,347,153,185,0,0,16,24,,,0,0,632,459,304,359,,,363,622,448,575,532,471,148,136,49,50,702,512,144,51,66,0,208,175,955,991,139,105,0,125,210,281,364,21,48,286,246,94,142,0,0,183,169,,,0,0,536,473,,,809,701,,,381,404,0,0
2022-04-19,,126,104,51,83,200,203,369,424,157,151,0,0,58,64,,,0,0,252,247,183,209,,,507,77,410,478,383,337,209,199,111,77,307,288,523,74,84,0,112,113,226,266,104,89,0,85,146,190,243,65,151,156,152,54,50,0,0,78,73,,,0,0,107,108,,,144,144,,,90,111,0,0
2022-04-20,,124,106,72,99,177,213,438,477,170,154,0,0,71,92,,,0,0,355,295,195,200,,,619,3,388,533,379,370,215,195,97,116,363,327,646,84,93,0,158,177,328,337,123,86,0,78,117,245,304,258,145,195,180,55,67,0,0,92,89,,,0,0,192,176,,,187,193,,,115,174,4,11
2022-04-21,,147,124,71,103,240,240,435,506,207,162,0,0,102,55,,,0,0,374,313,198,255,,,599,4,497,601,470,429,231,235,120,92,400,389,530,60,85,0,180,176,389,381,121,104,0,87,145,244,331,270,234,174,182,79,74,0,0,114,109,,,0,0,223,170,,,252,269,,,136,226,20,33
2022-04-22,,100,98,55,109,227,242,405,501,159,133,0,0,47,51,,,0,0,329,320,188,260,,,664,8,448,655,436,451,210,209,109,97,362,344,464,79,94,0,174,163,355,358,120,106,0,80,134,236,312,253,237,157,187,104,98,0,0,101,103,,,0,0,227,179,,,213,264,,,135,202,13,32
2022-04-23,,175,243,133,138,207,248,614,748,113,122,0,0,67,40,,,0,0,1056,953,628,789,,,814,7,938,1197,355,575,198,219,86,94,1329,1163,225,69,160,0,515,439,1967,2028,316,235,0,206,341,590,826,96,72,612,529,267,386,0,0,299,342,,,0,0,1472,1221,,,1800,1717,,,1025,1203,166,230
2022-04-24,,38,33,33,27,131,79,112,115,47,45,0,0,40,16,,,0,0,138,135,73,74,,,334,3,102,161,96,107,64,56,19,27,106,95,169,48,22,0,43,34,119,128,42,39,0,37,60,58,66,39,54,50,43,29,30,0,0,40,38,,,0,0,78,82,,,98,92,,,55,65,8,13
2022-04-25,,102,104,54,80,180,205,337,353,169,125,0,0,73,52,,,0,0,272,233,197,222,,,493,6,346,470,333,312,173,170,107,87,284,289,350,63,72,0,114,96,300,293,80,70,0,61,128,143,200,196,148,130,124,57,58,0,0,75,96,,,0,0,153,115,,,149,186,,,84,137,14,26
2022-04-26,,201,234,88,185,283,269,667,703,141,89,0,0,92,93,,,0,0,672,555,362,464,,,709,20,719,905,706,665,294,264,152,146,674,635,333,85,161,0,311,306,858,887,231,169,0,158,211,385,545,230,173,372,327,134,152,0,0,192,168,,,0,0,549,415,,,505,568,,,295,394,45,84
2022-04-27,,209,219,82,199,281,260,679,812,154,114,0,0,39,60,,,0,0,625,538,408,484,,,702,7,818,1036,802,726,326,308,167,152,657,615,397,92,165,0,296,294,776,779,234,176,0,159,221,439,568,332,199,433,392,147,156,0,0,203,180,,,0,0,483,372,,,541,548,,,315,390,39,91
2022-04-28,,257,301,124,222,258,278,820,902,179,122,0,0,13,70,,,0,0,766,668,460,549,,,688,7,846,1080,799,718,360,341,146,141,776,691,423,108,184,0,390,375,935,995,208,158,0,180,254,510,712,249,210,461,436,167,177,0,0,207,219,,,0,0,619,498,,,752,725,,,397,611,35,102
2022-04-29,,232,256,96,186,267,266,782,860,110,71,0,0,1,63,,,0,0,752,696,488,614,,,792,8,861,1107,209,93,298,282,125,128,836,735,395,104,175,0,430,381,1076,1090,260,176,0,170,216,476,618,242,201,473,404,177,183,0,0,223,222,,,0,0,763,595,,,847,929,,,440,558,61,91
2022-04-30,,171,252,82,149,231,240,614,682,65,43,0,0,0,43,,,0,0,966,904,559,746,,,643,11,781,1029,939,895,179,213,61,105,1091,993,212,58,145,0,449,426,1836,1830,317,209,0,162,273,508,684,162,80,559,511,274,343,0,0,235,252,,,0,0,1357,1145,,,1506,1493,,,823,1047,2,9
2022-05-01,,190,213,12,153,227,177,511,602,80,53,0,0,0,30,,,0,0,924,847,556,662,,,579,2,767,859,930,763,159,154,72,69,1130,1020,179,79,107,0,460,421,1696,1751,298,217,0,207,327,455,604,121,93,491,405,93,143,0,0,327,274,,,0,0,1201,1071,,,1362,1239,,,710,848,0,0
2022-05-02,,244,293,131,221,226,307,889,948,148,88,0,0,23,77,,,179,123,812,710,527,660,,,888,15,1089,1232,1072,961,352,361,163,143,800,730,402,85,173,0,450,429,1003,1027,290,183,0,160,257,576,711,298,167,557,462,192,212,0,0,220,218,,,0,0,664,488,,,675,676,,,367,470,0,0
2022-05-03,,309,296,219,260,206,344,1029,1089,155,106,0,0,1,72,,,356,265,943,816,589,707,,,1030,9,1133,1378,749,462,389,410,161,164,885,792,464,88,72,0,528,509,1116,1149,371,259,0,179,319,620,814,286,189,606,542,223,226,0,0,245,249,,,0,0,746,580,,,897,923,,,413,577,0,0
2022-05-04,,332,387,160,284,300,347,1181,1216,145,104,0,0,2,100,,,416,293,1064,943,720,847,,,1030,7,1286,1544,1360,1205,409,440,165,179,1119,990,581,97,79,0,608,590,1342,1378,399,286,0,175,334,749,915,351,262,664,596,248,285,0,0,287,287,,,0,0,955,804,,,933,1008,,,507,597,0,0
2022-05-05,,197,195,98,156,249,298,759,866,105,86,0,0,4,67,,,262,237,589,558,371,474,,,882,10,730,806,728,662,289,317,127,141,562,542,428,69,98,0,301,274,638,658,179,134,0,130,241,416,409,282,207,348,314,123,136,0,0,179,159,,,0,0,369,296,,,297,332,,,191,230,19,34
2022-05-06,,231,252,193,208,262,330,791,838,156,141,0,0,14,138,,,280,236,689,652,454,607,,,864,8,871,1092,898,860,294,312,145,129,699,684,428,99,67,0,402,399,874,941,281,189,0,142,245,479,596,273,233,430,381,158,206,0,0,206,231,,,0,0,633,528,,,697,755,,,329,442,31,82
2022-05-07,,191,296,138,163,249,284,703,865,208,177,0,0,128,62,,,300,212,1157,1058,671,843,,,403,5,957,1187,1209,1121,235,271,123,83,1372,1286,237,86,171,0,625,580,2178,2187,323,261,0,240,382,655,934,82,51,624,627,327,441,0,0,346,356,,,0,0,1617,1397,,,1809,1719,,,844,1116,136,212
2022-05-08,,259,327,181,185,262,278,706,816,159,175,0,0,4522,46,,,320,190,1382,1167,820,1004,,,421,8,938,1049,1351,1152,201,215,99,103,1534,1423,219,103,223,0,714,641,2366,2356,428,333,0,263,529,752,910,108,65,685,613,215,252,0,0,434,417,,,0,0,1678,1483,,,2080,1890,,,1117,1214,156,238
2022-05-09,,311,356,103,289,350,346,1142,1254,304,239,0,0,75,92,,,350,164,1098,964,707,865,,,881,14,1434,1677,1422,1250,412,462,193,191,1025,961,463,78,272,0,625,578,1473,1335,386,275,0,195,359,725,933,395,260,660,570,257,286,0,0,337,314,,,0,0,985,750,,,1067,1160,,,452,708,50,158
2022-05-10,,365,374,160,354,277,425,1358,1491,328,287,0,0,100,68,,,391,227,1263,1138,830,1080,,,989,10,1651,1873,1567,1408,502,485,177,203,1273,1187,503,118,352,0,776,717,1807,1407,420,315,0,263,394,992,1155,357,242,894,784,302,304,0,0,359,351,,,0,0,1287,1010,,,1334,1443,,,617,781,76,188
2022-05-11,,344,393,270,373,368,418,1269,1424,342,272,0,0,128,134,,,417,192,1363,1230,832,1022,,,1139,8,1691,1942,1591,1432,374,341,205,208,1332,1257,502,113,349,0,776,712,1853,1857,458,315,0,255,433,968,1120,259,224,889,813,283,378,0,0,386,389,,,0,0,1284,1038,,,1372,1499,,,656,808,88,174
2022-05-12,,319,326,273,265,301,374,1175,1247,281,203,0,0,89,156,,,398,48,1043,927,730,851,,,1048,15,1433,1577,1419,1210,479,446,181,182,1079,974,515,109,255,0,592,554,1308,1468,362,264,0,232,354,784,862,221,205,679,558,279,290,0,0,343,288,,,0,0,898,739,,,1004,1044,,,477,575,72,134
2022-05-13,,277,286,98,238,303,341,847,1036,190,169,0,0,105,89,,,408,111,889,858,567,710,,,976,5,985,1233,1188,1094,357,410,147,151,938,860,531,97,238,0,565,461,1241,1259,306,238,0,212,303,659,820,215,185,572,511,218,284,0,0,351,320,,,0,0,827,670,,,937,1040,,,418,608,54,110
2022-05-14,,235,300,112,188,217,172,748,885,169,171,0,0,121,52,,,355,32,1310,1090,634,783,,,474,12,941,1280,1290,1273,288,318,85,102,1335,1304,291,85,207,0,590,556,1183,1178,347,260,0,230,345,638,896,93,67,638,600,310,458,0,0,336,373,,,0,0,1657,1408,,,1802,1881,,,894,1189,152,198
2022-05-15,,251,341,149,189,232,65,845,869,145,138,0,0,139,35,,,314,225,1462,1216,785,930,,,816,7,1005,1231,1378,1265,243,254,72,103,1492,1221,266,82,157,0,596,530,1707,1144,413,304,0,267,479,829,947,104,85,772,718,347,487,0,0,649,631,,,0,0,1821,1644,,,2065,2122,,,1162,1254,171,274
2022-05-16,,331,357,12,331,519,137,1205,1224,336,262,0,0,117,99,,,336,329,1081,945,741,850,,,1134,10,1262,1388,1510,1260,18,8,166,203,1059,920,516,84,269,0,643,619,1356,1368,385,309,0,233,357,925,991,283,221,763,641,246,200,0,0,476,406,,,0,0,908,717,,,1089,1159,,,433,595,0,0
2022-05-17,,180,202,12,177,296,133,664,769,219,175,0,0,77,60,,,210,215,545,448,288,359,,,988,3,557,602,675,620,271,319,84,119,534,542,505,91,156,0,315,290,658,620,218,165,0,119,201,378,457,279,217,319,284,133,154,0,0,148,122,,,0,0,393,354,,,396,449,,,184,256,0,0
2022-05-18,,364,430,30,350,360,68,1343,1414,312,247,0,0,122,132,,,428,346,1337,1141,806,1022,,,1229,4,1425,1627,702,228,502,503,169,238,1259,1151,585,135,308,0,679,622,1761,1698,470,335,0,113,336,896,1134,390,285,878,802,306,380,0,0,398,356,,,0,0,1212,966,,,1360,1494,,,566,701,0,0
2022-05-19,,325,329,24,325,483,18,1209,1402,230,209,0,0,133,152,,,410,354,1209,1114,777,911,,,1127,2,1444,1639,0,0,421,513,171,196,1188,1092,462,109,301,0,649,612,1621,1433,404,321,0,32,183,821,1010,258,158,813,708,290,353,0,0,350,336,,,0,0,1161,905,,,1276,1417,,,536,693,0,0
2022-05-20,,244,290,12,178,293,9,900,997,181,141,0,0,123,108,,,368,279,869,795,498,689,,,1242,8,995,1108,0,0,363,393,135,145,906,819,433,93,180,0,461,440,1323,1361,293,226,0,112,255,556,725,191,181,595,485,211,260,0,0,269,261,,,0,0,985,704,,,872,998,,,352,560,0,0
2022-05-21,,209,220,97,164,331,11,667,777,84,95,0,0,90,86,,,343,249,1057,851,480,658,,,844,6,824,1028,0,0,247,316,71,71,1105,984,195,58,121,0,411,341,1445,1358,289,225,0,131,235,492,548,72,76,490,394,220,317,0,0,227,211,,,0,0,1122,993,,,1432,1426,,,688,790,0,0
2022-05-22,,222,310,148,187,273,18,741,757,144,144,0,0,113,76,,,333,281,1261,1078,730,864,,,925,8,881,1095,0,0,242,274,72,102,6,17,246,96,198,0,581,546,2137,2209,377,246,0,189,340,609,797,82,59,609,573,285,413,0,0,357,331,,,0,0,1523,1381,,,1908,1831,,,912,1013,0,0
2022-05-23,,295,321,159,291,289,7,1134,1198,228,168,0,0,126,62,,,377,329,1008,860,713,899,,,1075,5,1317,1548,0,0,423,465,182,209,993,907,423,110,243,0,584,548,1379,1288,386,304,0,102,276,726,930,245,192,736,656,223,294,0,0,287,270,,,0,0,930,726,,,913,1014,,,389,560,0,0
2022-05-24,,173,202,108,175,241,7,697,801,136,111,0,0,74,109,,,281,192,486,476,353,382,,,898,5,784,822,0,0,296,324,111,136,540,492,548,78,149,0,294,277,497,590,222,167,0,79,134,422,449,241,164,373,294,136,152,0,0,139,132,,,0,0,368,287,,,320,282,,,157,180,0,0
2022-05-25,,216,226,697,191,202,6,839,951,186,141,0,0,104,124,,,232,237,705,579,416,578,,,899,5,829,972,0,0,348,341,134,165,679,646,511,94,197,0,272,222,855,876,189,157,0,131,205,467,628,265,207,389,360,160,177,0,0,204,155,,,0,0,519,404,,,552,610,,,257,361,0,0
2022-05-26,,278,283,215,288,441,7,1093,1225,226,166,0,0,109,130,,,364,325,945,862,560,719,,,1000,7,1122,1305,0,0,454,477,188,222,960,885,470,105,234,0,532,519,1249,1221,336,244,0,153,225,708,835,273,235,608,539,211,258,0,0,262,213,,,0,0,836,658,,,772,969,,,457,531,0,0
2022-05-27,,145,171,141,129,218,6,516,634,118,90,0,0,64,93,,,233,186,423,485,275,297,,,889,5,571,609,0,0,254,282,104,116,496,424,468,76,117,0,220,232,456,589,149,121,0,84,112,286,365,159,140,283,237,95,130,0,0,152,120,,,0,0,319,352,,,310,393,,,156,216,0,0
2022-05-28,,169,232,78,143,271,7,543,534,101,79,0,0,124,54,,,238,188,881,731,330,487,,,732,12,650,817,0,0,201,202,83,72,832,795,234,47,119,0,298,294,1219,1273,241,161,0,77,180,391,551,87,69,395,312,168,242,0,0,144,180,,,0,0,852,818,,,1072,1115,,,484,739,0,0
2022-05-29,,130,136,83,107,194,9,311,377,56,66,0,0,54,30,,,174,129,634,514,337,390,,,539,6,450,581,0,0,135,178,38,60,642,581,194,69,84,0,233,196,1053,1034,154,110,0,84,165,288,417,86,47,315,299,143,161,0,0,181,146,,,0,0,771,666,,,710,660,,,332,446,0,0
2022-05-30,,246,223,138,117,226,20,870,912,160,114,0,0,99,79,,,316,258,723,655,527,647,,,795,6,901,1039,0,0,328,320,141,163,710,663,377,104,183,168,403,375,816,826,265,208,0,143,233,513,628,139,148,462,406,152,179,0,0,201,181,,,0,0,598,487,,,624,716,,,297,389,0,0
2022-05-31,,290,329,173,271,263,7,1131,1204,290,208,0,0,97,97,,,390,342,1065,931,658,871,,,934,4,1272,1461,0,0,431,467,161,184,1075,1019,480,124,270,323,491,487,1461,1441,366,292,0,199,320,737,952,248,208,695,610,231,268,0,0,304,238,,,0,0,1040,832,,,1071,1186,,,458,644,0,0
2022-06-01,,344,375,210,255,330,27,1118,1277,256,234,0,0,276,139,,,404,187,1014,910,645,788,,,1103,8,1278,1533,498,614,438,452,161,204,941,918,466,88,272,233,498,460,1324,1327,344,228,0,157,275,678,827,284,255,621,537,243,229,0,0,298,262,,,0,0,888,741,,,1035,1164,,,407,526,51,107
2022-06-02,,299,303,234,258,462,17,1131,1205,332,257,0,0,117,73,,,373,187,1114,959,651,758,,,1034,8,1282,1490,1347,1184,453,439,165,191,1156,1034,466,116,243,232,558,507,1506,1557,343,267,0,189,285,748,893,266,212,634,561,235,267,0,0,310,310,,,0,0,1060,822,,,1096,1192,,,470,592,63,162
2022-06-03,,294,321,202,210,302,10,903,997,256,210,0,0,111,76,,,371,53,920,834,557,702,,,1073,9,1105,1324,1141,1048,343,375,161,175,981,965,399,129,236,204,402,381,1537,1412,367,256,0,88,289,523,704,244,140,532,446,237,218,0,0,289,261,,,0,0,1050,760,,,1067,1194,,,414,600,58,111
2022-06-04,,166,230,87,136,254,12,651,687,69,55,0,0,80,253,,,262,66,889,741,417,491,,,1042,16,818,850,980,895,208,283,77,96,909,788,237,79,118,148,346,369,1476,1452,211,148,0,124,245,373,463,72,67,363,354,200,251,0,0,206,237,,,0,0,1109,897,,,1144,1137,,,493,408,85,121
2022-06-05,,254,369,19,162,297,13,809,894,104,74,0,0,108,159,,,335,5,1389,1488,747,924,,,1003,22,1096,1155,1433,1296,272,289,72,101,1449,1314,288,92,182,219,564,524,2338,2461,294,248,0,111,347,664,908,87,69,686,649,325,385,0,0,488,507,,,0,0,1790,1590,,,2059,1999,,,931,304,164,253
2022-06-06,,239,269,55,192,264,8,781,806,132,107,0,0,74,123,,,292,155,706,610,424,586,,,1158,12,775,787,911,826,289,315,133,139,753,690,449,81,204,155,320,303,1039,1036,227,199,0,147,245,437,566,205,161,435,374,151,167,0,0,332,337,,,0,0,727,569,,,804,816,,,284,151,41,96
2022-06-07,,143,150,64,81,201,4,435,454,109,98,0,0,181,59,,,128,88,350,288,199,252,,,1058,14,260,360,348,363,183,189,81,80,365,358,541,83,97,92,106,103,425,457,144,141,0,41,133,173,224,149,88,145,144,59,78,0,0,93,88,,,0,0,267,237,,,206,256,,,75,54,14,33
2022-06-08,,284,301,153,309,311,7,1161,1264,309,265,0,0,221,115,,,415,108,1126,1024,669,858,,,1347,10,1058,1377,1287,1123,454,444,202,186,1094,1078,510,112,275,202,538,529,1552,1601,372,306,0,169,351,799,982,86,404,704,627,231,316,0,0,313,296,,,0,0,1073,788,,,1166,1263,,,496,215,81,137
2022-06-09,,193,211,169,174,420,11,750,814,227,156,0,0,125,86,,,284,191,579,545,394,478,,,1167,17,704,959,707,683,328,327,133,150,624,639,462,114,161,167,246,278,793,772,205,145,0,118,176,377,420,224,125,329,272,129,158,0,0,181,189,,,0,0,452,364,,,463,514,,,202,130,30,59
2022-06-10,,287,311,201,222,398,9,926,1038,176,129,0,0,152,92,,,346,149,924,854,575,716,,,1234,10,957,1163,1061,984,327,388,145,159,956,862,406,113,215,240,449,451,1313,1328,333,266,0,177,278,537,734,127,121,569,484,216,229,0,0,279,273,,,0,0,912,695,,,962,1000,,,330,184,0,0
2022-06-11,,247,290,196,199,494,12,685,802,190,183,0,0,338,77,,,353,60,1126,1000,612,789,,,1149,16,934,1221,0,2,230,296,85,97,1308,1216,470,113,173,164,487,436,1918,2006,310,232,0,196,386,636,801,242,130,625,521,328,412,0,0,308,315,,,0,0,1408,1181,,,1724,1765,,,769,359,0,0
2022-06-12,,234,348,69,209,355,14,717,730,94,76,0,0,115,50,,,328,24,1156,1077,640,774,,,990,22,1025,1035,1170,1087,253,220,89,87,1215,1130,236,86,174,188,514,513,1926,1964,378,297,0,197,359,652,819,69,66,632,615,286,403,0,0,312,301,,,0,0,1515,1266,,,1795,1707,,,862,297,0,0
2022-06-13,,172,182,11,167,363,16,590,672,190,169,0,0,107,77,,,249,115,499,465,341,397,,,1022,20,671,555,691,618,352,386,123,129,517,507,464,85,133,145,174,216,649,628,179,167,0,71,133,358,409,220,142,314,282,98,188,0,0,155,165,,,0,0,386,294,,,418,442,,,154,100,0,0
2022-06-14,,321,351,47,97,424,20,1089,1244,334,266,0,0,198,94,,,384,133,1106,922,646,813,,,1252,19,1853,1426,1347,1076,433,418,155,180,1062,1009,492,131,268,177,519,451,1464,1552,382,296,0,49,80,747,893,248,188,677,552,244,250,0,0,352,329,,,0,0,980,784,,,1089,1198,,,448,226,80,103
2022-06-15,,338,373,0,0,411,4,1167,1301,317,282,0,0,134,77,,,423,111,1190,1079,666,872,,,1444,20,1964,1607,1361,1216,437,397,151,181,1142,1113,484,152,291,289,457,400,1653,1468,428,313,0,233,350,796,1025,248,189,761,665,121,196,0,0,335,314,,,0,0,1142,827,,,1097,1195,,,460,252,67,145
2022-06-16,,265,274,110,240,333,10,1047,1051,275,194,0,0,134,109,,,352,179,809,696,496,631,,,1358,20,1633,1209,1054,905,404,404,175,167,868,851,450,113,221,188,369,402,1092,1118,327,243,0,128,201,563,677,243,158,479,406,172,194,0,0,257,249,,,0,0,708,596,,,754,806,,,303,163,49,77
2022-06-17,,237,291,123,266,331,3,842,886,176,139,0,0,130,56,,,344,70,937,797,527,699,,,1320,18,1704,1268,1100,951,359,396,166,143,920,878,458,123,226,236,423,419,1330,1034,292,221,0,182,233,520,698,260,171,530,484,214,243,0,0,269,278,,,0,0,929,708,,,1037,1026,,,404,267,67,123
2022-06-18,,180,186,169,192,256,1,661,690,129,84,0,0,92,43,,,278,12,837,717,415,512,,,1181,25,1309,1021,926,834,239,283,73,71,763,719,248,83,143,167,344,338,1384,1336,257,169,0,151,273,420,541,80,68,473,418,158,229,0,0,319,320,,,0,0,1062,792,,,1267,1315,,,547,218,84,149
2022-06-19,,140,142,122,150,263,1,438,461,94,75,0,0,67,32,,,226,52,594,490,330,397,,,961,24,1047,815,696,677,212,208,70,63,595,570,244,67,110,167,220,221,1031,1102,194,139,0,94,171,350,413,49,50,317,276,133,146,0,0,168,148,,,0,0,807,629,,,910,968,,,379,139,83,118
2022-06-20,,161,173,122,175,276,2,574,619,171,141,0,0,80,46,,,135,107,500,412,313,347,,,1163,14,1155,622,709,569,288,291,108,128,491,453,489,87,148,204,244,252,540,517,158,111,0,97,169,374,439,171,114,319,256,121,154,0,0,136,127,,,0,0,317,241,,,320,235,,,164,73,0,0
2022-06-21,,290,324,212,225,290,1,1116,1219,247,184,0,0,150,93,,,0,236,719,708,593,807,,,1330,12,1939,1547,1246,1178,439,426,171,182,989,965,455,110,252,314,466,451,1498,1435,339,292,0,169,269,712,897,226,207,670,589,154,231,0,0,317,294,,,0,0,1008,715,,,1069,1098,,,444,264,0,0
2022-06-22,,306,320,210,240,340,0,1038,1116,290,211,0,0,151,76,,,0,311,575,520,579,747,,,1397,3,1837,1429,1299,1132,448,449,184,203,1030,950,493,127,271,291,481,475,1332,1337,389,264,0,250,385,709,844,293,194,627,528,242,276,0,0,433,423,,,0,0,853,643,,,963,1079,,,402,181,0,0
2022-06-23,,309,305,141,258,443,1,1067,1182,284,231,0,0,160,77,,,0,256,571,489,588,703,,,1459,18,1703,1179,1233,1118,428,484,160,196,998,891,472,107,242,301,491,402,1420,1408,302,235,0,202,287,664,835,173,173,638,542,205,264,0,0,281,285,,,0,0,998,697,,,1021,1116,,,370,229,0,0
2022-06-24,,137,154,131,107,265,13,566,592,183,134,0,0,107,62,,,0,210,215,176,274,297,,,1225,16,1022,685,619,579,260,297,97,115,477,448,381,65,142,163,194,193,593,577,195,142,0,68,111,300,374,257,134,260,242,134,143,0,0,134,148,,,0,0,418,348,,,365,431,,,195,98,0,0
2022-06-25,,72,90,48,42,185,38,250,265,68,63,0,0,54,15,,,0,104,145,100,154,182,,,850,20,507,291,309,261,114,178,40,32,252,243,192,43,68,59,46,56,403,417,66,62,0,47,85,113,125,79,54,68,57,52,34,0,0,67,94,,,0,0,225,192,,,207,140,,,124,82,0,0
2022-06-26,,198,241,193,200,327,15,838,821,174,164,0,0,89,38,,,0,228,889,677,604,794,,,1081,17,1493,1261,1204,1115,295,339,79,97,1371,1119,255,98,194,189,527,489,2215,2311,346,263,0,159,323,736,888,64,40,671,637,279,324,0,0,309,312,,,0,0,1660,1420,,,1883,1735,,,965,392,0,0
2022-06-27,,187,211,34,179,333,11,872,978,266,219,0,0,88,65,,,0,283,489,394,546,637,,,1430,31,1633,1267,1122,988,367,359,140,129,803,735,337,89,241,238,358,361,1007,932,299,254,0,121,274,2,4,237,158,561,480,133,174,0,0,201,174,,,0,0,615,427,,,750,806,,,321,166,0,0
2022-06-28,,266,288,55,215,276,4,819,901,260,222,0,0,112,46,,,0,58,409,309,465,596,,,1316,33,962,1001,978,811,348,336,115,133,763,748,495,94,207,211,295,315,1086,1045,258,177,0,118,233,0,2,109,165,348,343,102,156,0,0,213,210,,,0,0,698,514,,,729,739,,,208,181,28,92
2022-06-29,,103,103,20,75,240,3,385,407,184,137,0,0,89,39,,,0,67,106,104,172,197,,,1180,25,379,420,391,338,191,169,88,83,310,292,635,52,104,125,115,102,326,284,104,93,0,23,90,0,0,199,147,136,114,56,74,0,0,84,86,,,0,0,170,116,,,197,190,,,70,77,9,20
2022-06-30,,226,221,25,180,330,4,765,824,223,203,0,0,77,61,,,0,146,260,226,384,531,,,1422,31,836,971,819,770,312,359,144,136,739,707,494,96,213,245,282,303,975,1001,259,205,0,92,223,0,0,225,168,389,354,166,209,0,0,206,198,,,0,0,663,488,,,735,790,,,323,196,57,90
2022-07-01,,128,122,60,119,264,2,502,529,166,154,0,0,91,41,,,0,137,155,121,235,276,,,1077,37,463,552,452,417,207,196,88,112,437,431,398,84,123,160,168,165,475,444,168,134,0,76,130,0,0,152,109,242,195,93,119,0,0,146,124,,,0,0,319,223,,,285,289,,,111,82,16,43
2022-07-02,,66,106,84,104,71,1,374,400,109,72,0,0,80,42,,,0,209,131,185,141,207,,,491,20,354,292,1010,897,82,109,64,52,588,454,89,65,55,105,301,289,539,922,265,204,0,3,3,0,0,17,19,285,308,134,197,0,0,106,86,,,0,0,256,369,,,676,447,,,595,340,35,50
2022-07-03,,101,106,82,109,29,0,400,373,69,61,0,0,83,54,,,0,195,159,174,313,409,,,368,25,446,407,911,833,37,51,51,53,556,440,83,39,77,98,290,217,589,844,260,190,0,0,0,0,0,24,18,312,326,164,179,0,0,122,99,,,0,0,305,403,,,859,620,,,536,277,44,46
2022-07-04,,173,205,50,136,329,1,601,578,173,149,0,0,86,47,,,0,185,280,221,284,392,,,579,42,656,815,669,597,235,235,107,85,616,617,242,86,145,174,220,228,855,863,206,178,0,0,0,0,0,83,50,298,306,125,142,0,0,169,163,,,0,0,629,465,,,714,727,,,281,167,11,8
2022-07-05,,142,193,99,124,276,1,573,530,133,130,0,0,120,35,,,0,186,219,233,363,466,,,718,34,754,838,852,766,226,228,61,74,822,824,187,84,115,162,304,285,1396,1312,240,185,0,0,0,0,0,59,32,384,329,197,268,0,0,211,187,,,0,0,1042,785,,,1162,1112,,,457,241,0,0
2022-07-06,,158,224,141,156,276,1,593,604,106,129,0,0,100,33,,,0,204,246,244,472,640,,,707,25,32,48,886,844,186,237,69,79,956,852,197,83,149,183,308,306,1611,1627,244,177,0,0,0,0,0,52,45,449,418,238,300,0,0,258,220,,,0,0,1156,1002,,,1365,1302,,,551,286,0,0
2022-07-07,,98,97,17,99,233,4,365,394,81,51,0,0,61,38,,,0,163,86,92,183,213,,,727,39,0,0,392,385,118,118,72,62,336,332,257,85,74,100,129,118,362,371,118,97,0,0,0,0,0,84,56,140,138,66,68,0,0,101,82,,,0,0,204,182,,,188,194,,,103,44,16,19
2022-07-08,,136,152,67,139,293,13,523,564,87,53,0,0,24,60,,,0,198,164,132,256,348,,,907,53,0,0,0,0,214,260,81,90,518,529,242,67,120,151,219,195,765,748,199,132,0,0,0,0,0,59,73,271,226,134,137,0,0,135,137,,,0,0,522,412,,,537,561,,,222,133,44,88
2022-07-09,,130,137,83,89,310,17,393,445,72,51,0,0,19,41,,,0,154,211,143,199,280,,,683,41,0,0,500,482,157,191,47,57,503,528,188,56,77,84,143,146,901,794,148,120,0,0,0,0,0,37,38,235,196,109,150,0,0,157,147,,,0,0,623,509,,,684,673,,,271,195,42,82
2022-07-10,,152,187,119,141,238,1,394,471,101,63,0,0,24,46,,,0,167,295,224,302,397,,,635,29,1,5,712,638,171,191,59,55,681,616,195,84,120,161,206,213,1085,1088,196,143,0,0,0,0,0,40,41,311,311,164,214,0,0,157,138,,,0,0,786,660,,,1047,912,,,401,210,85,98
2022-07-11,,264,282,170,235,377,13,796,859,252,187,0,0,21,91,,,0,239,345,268,423,536,,,1048,24,828,1035,909,796,302,337,135,171,817,788,381,69,185,216,326,307,1111,995,244,174,0,0,0,0,0,95,81,447,401,175,188,0,0,233,192,,,0,0,753,545,,,846,875,,,273,179,37,97
2022-07-12,,247,277,104,225,325,11,1014,1145,237,226,0,0,23,70,,,0,152,347,295,590,753,,,1242,38,1029,1367,1154,1005,365,374,121,304,1060,1025,388,103,227,286,455,457,1346,1358,349,226,0,0,0,0,0,148,139,631,512,220,247,0,0,284,275,,,0,0,953,711,,,1086,1125,,,416,277,66,137
2022-07-13,,295,303,209,281,356,13,1106,1093,167,127,0,0,15,71,,,0,120,392,311,534,715,,,1306,27,973,1075,1155,984,331,326,166,570,1015,993,372,120,211,308,576,506,1306,1286,312,257,0,132,186,0,0,235,121,599,520,228,272,0,0,313,269,,,0,0,906,699,,,1065,1063,,,409,239,71,141
2022-07-14,,207,190,160,173,304,18,765,870,131,92,0,0,17,60,,,0,148,348,222,364,510,,,1185,46,742,959,828,732,1,4,126,132,661,616,363,90,177,200,302,314,786,863,191,174,0,119,212,0,0,235,122,418,347,135,134,0,0,210,203,,,0,0,482,386,,,714,669,,,244,170,46,78
2022-07-15,,221,277,188,193,282,20,728,843,132,99,0,0,17,67,,,0,212,382,307,410,527,,,1166,40,909,1065,851,745,13,50,113,145,896,759,343,85,150,230,323,292,998,1058,255,201,0,134,251,0,0,188,119,419,339,169,194,0,0,218,210,,,0,0,742,623,,,838,892,,,366,217,65,108
2022-07-16,,156,202,165,186,278,9,582,639,80,49,0,0,21,38,,,0,192,579,374,387,512,,,967,36,755,979,873,790,25,31,68,90,956,904,234,73,121,173,321,305,1508,1480,226,156,0,114,222,0,0,51,45,405,361,169,263,0,0,182,229,,,0,0,1131,892,,,1240,1256,,,525,298,92,172
2022-07-17,,236,257,169,220,296,13,724,675,122,99,0,0,22,52,,,0,313,820,507,512,706,,,907,38,1054,1241,1166,1045,235,225,103,122,1215,1098,222,75,124,241,484,412,2041,1980,287,243,0,126,319,0,0,42,42,612,499,301,342,0,0,312,317,,,0,0,1504,1266,,,1737,1582,,,729,390,122,183
2022-07-18,,281,324,111,256,359,7,971,1032,238,230,0,0,37,82,,,0,378,530,369,527,729,,,1292,37,1228,1383,1206,1004,348,348,170,194,945,931,381,125,261,316,486,459,1292,1257,301,235,0,117,297,0,0,140,92,540,495,215,226,0,0,329,273,,,0,0,926,676,,,1034,1110,,,362,240,69,100
2022-07-19,,303,290,168,253,420,15,1088,1208,229,252,0,0,99,93,,,0,379,477,425,538,756,,,1453,30,1219,1440,1254,1069,378,403,156,191,1086,1056,442,119,282,364,515,508,1431,1477,319,221,0,49,321,0,0,78,57,635,578,159,238,0,0,297,270,,,0,0,974,740,,,1108,1165,,,411,220,62,117
2022-07-20,,237,250,166,262,369,4,1008,1086,288,241,0,0,155,76,,,0,347,352,247,484,578,,,1461,26,1197,1431,1153,1027,330,327,150,176,916,847,392,113,241,328,443,421,1078,1093,322,206,0,8,248,0,0,167,74,590,488,183,219,0,0,249,240,,,0,0,727,546,,,905,1031,,,354,194,66,98
2022-07-21,,211,218,181,236,334,4,865,971,280,196,0,0,107,73,,,0,311,278,237,434,531,,,1308,28,859,1056,962,864,349,341,145,181,800,729,395,114,207,263,416,374,986,992,204,193,0,89,230,0,0,146,80,450,432,74,119,0,0,204,206,,,0,0,612,494,,,728,809,,,297,153,61,88
2022-07-22,,182,191,133,189,391,5,773,852,254,230,0,0,102,78,,,0,294,315,234,425,535,,,1422,38,859,1153,923,860,306,301,96,131,828,800,365,113,208,215,339,335,1094,1084,192,185,0,76,247,0,0,114,83,439,369,187,183,0,0,198,222,,,0,0,750,506,,,731,870,,,314,160,64,107
2022-07-23,,133,165,97,111,266,4,442,503,121,128,0,0,88,40,,,0,2452,257,173,246,335,,,1001,33,461,618,611,548,183,173,48,83,542,567,194,78,95,116,164,190,904,931,168,136,0,55,153,0,0,60,39,239,211,119,169,0,0,128,121,,,0,0,630,506,,,742,769,,,313,158,55,87
2022-07-24,,237,286,153,180,303,26,649,677,130,118,0,0,71,37,,,0,4401,525,353,505,654,,,1083,26,984,1093,1071,976,236,226,82,97,1110,960,239,101,166,195,439,384,1602,1661,313,240,0,121,299,0,0,69,47,511,513,216,283,0,0,250,238,,,0,0,1350,1140,,,1601,1507,,,803,305,155,235
2022-07-25,,235,236,185,240,451,3,951,1016,264,217,0,0,101,58,,,0,6252,364,269,482,624,,,1343,53,902,1202,1118,1007,317,352,129,164,924,912,394,120,239,253,402,382,1161,1049,266,212,0,90,257,0,0,164,97,525,470,128,195,0,0,277,237,,,0,0,796,524,,,886,988,,,354,158,51,84
2022-07-26,,254,267,199,253,316,2,993,1030,260,220,0,0,90,66,,,0,5452,449,332,550,706,,,1312,32,1042,1292,1131,980,354,339,141,166,962,898,373,122,226,286,431,368,1229,1284,297,230,0,147,291,0,0,135,103,543,470,234,247,0,0,265,233,,,0,0,816,661,,,1063,985,,,402,194,85,116
2022-07-27,,250,294,72,271,179,2,1047,1048,266,210,0,0,117,78,,,0,407,437,320,558,711,,,1175,35,1054,1218,1114,930,343,344,149,173,948,903,387,93,211,299,401,358,1219,1214,264,218,0,181,292,0,0,130,101,492,462,210,205,0,0,257,239,,,0,0,774,634,,,1054,1009,,,363,235,47,109
2022-07-28,,270,318,181,303,295,1,1051,1105,253,206,0,0,117,48,,,0,514,447,352,516,641,,,1357,27,1122,1362,1301,1156,394,384,158,196,1031,1009,386,114,219,277,501,466,1431,1416,302,229,0,161,336,5,1,144,95,576,497,219,239,0,0,330,282,,,0,0,1048,840,,,1218,1265,,,494,240,59,79
2022-07-29,,217,220,131,216,315,1,705,759,125,96,0,0,123,61,,,0,438,316,217,386,508,,,1239,26,693,989,766,700,265,312,112,152,798,788,630,104,157,244,322,298,1090,1019,197,151,0,107,203,0,0,108,85,385,296,149,178,0,0,202,206,,,0,0,739,550,,,744,857,,,284,131,0,0
2022-07-30,,112,88,60,52,275,0,300,302,63,51,0,0,51,18,,,0,482,196,119,144,187,,,824,27,250,276,302,281,152,134,49,57,390,311,192,59,39,62,55,70,436,435,76,75,0,40,79,0,0,51,33,82,69,66,80,0,0,50,65,,,0,0,289,231,,,259,232,,,110,80,0,0
2022-07-31,,202,252,210,219,374,1,737,754,136,109,0,0,80,50,,,0,836,684,571,602,790,,,994,19,1054,1302,1219,1164,207,221,101,127,1300,1188,259,80,155,225,514,492,2189,2256,311,285,0,188,346,0,0,61,56,625,526,321,404,0,0,348,309,,,0,0,1647,1450,,,1908,1795,,,805,333,0,0
2022-08-01,,225,261,68,238,374,0,846,915,194,92,0,0,101,57,,,0,337,365,258,503,600,,,1110,100,944,1118,1000,865,357,351,148,184,835,868,350,121,202,245,343,325,1047,1007,239,182,0,129,249,3,3,120,143,448,381,181,190,0,0,235,230,,,0,0,700,529,,,809,800,,,321,153,0,0
2022-08-02,,312,357,204,332,383,2,1126,1214,227,168,0,0,132,90,,,0,843,507,408,624,858,,,1338,364,1077,1283,852,851,406,419,170,175,1142,1160,407,147,290,351,523,502,1564,1541,309,247,0,139,317,0,0,98,130,670,628,228,255,0,0,328,305,,,0,0,1075,834,,,1217,1320,,,490,206,77,126
2022-08-03,,307,300,233,305,490,3,1072,1166,131,125,0,0,101,69,,,0,691,422,393,554,719,,,1347,793,1168,1439,1267,1233,402,463,159,176,1132,1059,433,126,240,322,490,440,1326,1317,281,228,0,138,285,0,0,87,95,578,526,175,242,0,0,292,271,,,0,0,919,717,,,1032,1136,,,422,218,80,130
2022-08-04,,263,265,227,250,445,3,966,997,117,90,0,0,91,79,,,0,504,341,290,462,587,,,1333,534,991,1263,1091,1004,421,402,144,173,909,842,405,114,215,292,337,379,1136,1230,248,218,0,127,255,0,0,57,66,487,463,148,211,0,0,217,205,,,0,0,749,636,,,911,999,,,411,199,67,125
2022-08-05,,206,221,178,181,276,3,671,749,110,68,0,0,107,48,,,0,347,220,174,342,429,,,1336,385,788,918,866,725,280,303,100,138,720,715,323,105,174,200,294,265,866,798,173,148,0,79,172,0,0,70,69,371,307,57,102,0,0,186,179,,,0,0,624,385,,,609,745,,,273,161,42,59
2022-08-06,,168,202,125,136,244,1,576,641,118,68,0,0,133,51,,,0,108,362,307,365,513,,,892,373,635,773,755,740,238,265,61,63,919,799,242,73,122,147,272,250,1300,1383,248,155,0,99,233,0,0,24,53,359,296,204,217,0,0,184,172,,,0,0,942,836,,,1003,977,,,474,227,82,127
2022-08-07,,228,299,169,154,519,0,721,827,166,166,0,0,120,35,,,0,115,607,487,552,707,,,908,389,894,1055,1105,1096,245,315,73,361,1202,1161,238,95,175,240,420,427,2037,2047,304,226,0,145,316,0,0,55,67,573,558,322,351,0,0,285,287,,,0,0,1595,1333,,,1760,1750,,,762,259,131,207
2022-08-08,,252,306,134,264,490,1,1006,1060,239,170,0,0,136,107,,,0,648,375,303,584,763,,,1177,441,966,1211,1131,963,383,353,153,189,975,968,394,124,230,318,441,402,1328,1271,276,208,0,141,277,0,0,109,127,575,453,229,255,0,0,281,238,,,0,0,908,729,,,1017,1006,,,377,166,65,118
2022-08-09,,280,335,244,306,367,2,1070,1185,191,138,0,0,153,51,,,0,1927,458,412,596,787,,,1308,405,1191,1507,0,0,366,359,145,184,1107,1005,386,117,285,364,529,458,1463,1464,338,238,0,146,292,0,0,121,120,616,553,290,305,0,0,326,280,,,0,0,1082,829,,,1183,1195,,,457,248,83,134
2022-08-10,,261,292,139,137,338,2,1077,1162,214,155,0,0,115,57,,,0,932,459,387,619,818,,,1303,422,1064,1412,1251,1130,438,404,192,204,1021,1011,454,117,260,312,572,494,1523,1445,303,255,0,150,301,0,0,99,110,621,576,250,267,0,0,316,316,,,0,0,1122,840,,,1206,1187,,,414,227,81,176
2022-08-11,,268,324,196,180,356,2,0,0,209,165,0,0,140,110,,,0,771,431,346,616,742,,,1268,431,1085,1403,1108,1021,345,354,135,211,4,3,385,95,271,332,480,463,1316,1391,307,222,0,143,297,0,0,70,99,556,475,221,247,0,0,289,266,,,0,0,939,782,,,1055,1050,,,426,187,96,116
2022-08-12,,210,231,144,192,350,0,0,0,140,94,0,0,122,67,,,0,354,303,232,448,569,,,1244,410,970,1203,936,854,329,334,147,153,0,0,294,105,223,220,400,356,1174,1129,230,223,0,110,256,0,0,74,102,478,402,172,194,0,0,238,250,,,0,0,813,633,,,902,941,,,354,175,57,103
2022-08-13,,161,226,104,131,241,1,0,0,123,73,0,0,61,40,,,0,118,420,306,361,498,,,1069,423,784,975,792,697,245,215,84,100,0,0,221,99,133,163,252,268,1216,1168,182,141,0,96,222,0,0,65,38,400,358,182,201,0,0,196,181,,,0,0,856,724,,,1142,1038,,,464,242,58,129
2022-08-14,,183,187,156,150,243,0,0,0,126,89,0,0,84,52,,,0,108,419,340,354,451,,,1006,407,796,913,863,766,240,214,82,87,0,0,226,79,130,189,354,319,1526,1583,224,194,0,82,230,0,0,64,64,422,427,209,250,0,0,224,202,,,0,0,1191,977,,,1309,1123,,,561,227,110,150
2022-08-15,,237,276,183,232,280,3,0,0,189,121,0,0,98,70,,,0,357,312,237,403,554,,,1241,395,939,1060,933,777,310,305,161,169,0,0,391,100,188,229,365,338,971,942,245,172,0,91,245,0,0,162,123,450,381,169,163,0,0,183,154,,,0,0,687,481,,,766,686,,,281,124,47,98
2022-08-16,,307,331,239,220,345,0,1121,1242,225,190,0,0,149,56,,,0,230,492,372,563,760,,,1312,488,1236,1536,1214,1109,398,363,167,192,0,0,448,129,276,347,497,553,1485,1480,317,239,0,123,294,0,0,133,128,637,571,222,252,0,0,306,269,,,0,0,1022,717,,,1267,1273,,,501,183,100,150
2022-08-17,,249,275,215,276,347,3,1143,1199,259,248,0,0,100,65,,,0,521,377,328,514,654,,,1421,447,1255,1509,1266,1076,405,386,162,189,0,0,460,126,270,334,531,467,1356,1192,263,209,0,109,303,0,0,154,112,634,535,180,222,0,0,277,275,,,0,0,991,741,,,1092,1209,,,434,216,84,131
2022-08-18,,236,240,184,229,337,2,1062,1060,270,237,0,0,124,84,,,0,1866,356,237,426,624,,,1397,438,988,1218,972,860,306,319,157,189,0,0,376,103,202,287,436,433,1117,990,244,186,0,81,262,0,0,150,102,487,428,163,192,0,0,246,217,,,0,0,828,570,,,875,839,,,318,180,50,99
2022-08-19,,196,200,151,158,257,4,637,705,173,167,0,0,123,67,,,0,312,236,197,328,441,,,1173,426,647,881,683,618,218,253,125,139,19,18,343,106,151,215,255,244,783,830,194,158,0,78,197,0,0,109,79,312,282,131,137,0,0,186,163,,,0,0,537,460,,,757,729,,,236,152,6,4
2022-08-20,,44,33,19,25,142,2,119,119,51,35,0,0,32,15,,,1,276,57,25,40,41,,,761,303,101,175,96,95,62,64,20,242,74,76,235,39,30,43,29,30,95,96,33,29,0,8,29,0,0,35,71,38,24,18,14,0,0,20,22,,,0,0,79,68,,,29,29,,,26,15,0,0
2022-08-21,,142,155,115,121,261,4,500,580,126,137,0,0,96,53,,,0,69,346,219,408,498,,,768,344,683,778,739,683,164,186,55,89,855,782,185,81,142,188,237,235,1290,1341,200,150,0,83,211,0,0,69,62,360,354,199,217,0,0,190,166,,,0,0,870,768,,,1114,1045,,,467,198,0,0
2022-08-22,,84,94,65,81,173,2,377,418,116,124,0,0,84,40,,,0,453,82,53,141,170,,,818,235,383,453,344,280,158,180,96,102,287,267,440,70,88,100,97,96,256,229,92,70,0,48,96,3,7,75,141,119,101,65,83,0,0,73,69,,,0,0,158,110,,,150,101,,,65,27,8,11
2022-08-23,,79,76,58,72,213,9,272,372,145,126,0,0,78,40,,,0,838,93,58,114,165,,,943,201,277,471,241,290,141,142,69,128,261,273,452,88,77,102,94,69,293,316,67,58,0,36,93,154,182,118,138,97,89,56,49,0,0,54,64,,,0,0,162,157,,,153,171,,,61,34,13,23
2022-08-24,,214,222,142,186,594,7,884,1019,233,183,0,0,113,72,,,0,443,264,217,440,597,,,1132,434,964,1236,968,828,312,340,122,156,842,826,428,96,205,220,472,441,1160,1222,271,193,0,90,252,647,895,125,135,465,427,193,204,0,0,229,221,,,0,0,781,656,,,926,985,,,332,183,64,110
2022-08-25,,220,232,90,238,421,5,873,1032,237,202,0,0,84,79,,,1,140,348,251,419,585,,,1153,437,1037,1293,1042,929,322,307,80,1544,928,910,418,66,202,278,488,458,1169,1154,307,212,0,88,215,687,856,135,90,536,452,161,204,0,0,257,236,,,0,0,741,626,,,924,917,,,347,209,48,90
2022-08-26,,143,149,7,150,351,3,571,653,238,164,0,0,81,43,,,0,140,169,122,272,371,,,1110,470,636,829,641,559,83,115,119,131,622,626,423,59,137,205,243,230,806,801,213,148,0,30,101,386,525,155,80,329,277,100,113,0,0,148,152,,,0,0,458,330,,,563,530,,,250,112,41,92
2022-08-27,,93,91,7,105,294,4,371,403,138,93,0,0,63,46,,,0,22,202,129,220,288,,,843,410,457,560,479,431,137,150,47,110,421,409,190,37,81,108,186,130,664,664,126,108,0,47,123,316,336,30,74,214,178,86,100,0,0,100,115,,,0,0,490,407,,,499,467,,,251,146,45,66
2022-08-28,,139,166,4,154,251,2,530,530,134,133,0,0,91,42,,,0,38,349,251,360,453,,,744,371,628,749,664,602,168,199,56,102,724,639,225,65,109,154,272,226,1254,1216,168,122,0,82,231,461,605,64,75,305,356,177,246,0,0,169,174,,,0,0,905,754,,,928,847,,,445,177,81,102
2022-08-29,,231,277,144,252,408,6,1008,1095,249,239,0,0,126,39,,,0,418,368,303,583,779,,,1016,430,1131,1359,1154,1029,335,330,120,1482,1009,906,412,128,241,249,493,497,1381,1444,352,248,0,134,312,740,1032,159,153,519,505,222,243,0,0,291,293,,,0,0,902,755,,,1083,1145,,,413,219,69,110
2022-08-30,,296,311,139,289,382,5,1176,1252,320,290,0,0,145,98,,,1,285,430,363,622,806,,,1150,425,1216,1492,1206,1120,428,398,155,180,993,966,410,126,273,311,616,546,1382,1404,366,280,0,124,328,867,1115,134,196,695,552,100,176,0,0,308,292,,,0,0,963,778,,,1215,1158,,,399,229,77,140
2022-08-31,,247,236,126,233,377,6,920,1034,295,228,0,0,116,100,,,0,315,331,240,503,624,,,1110,378,1052,1286,0,0,409,384,161,196,805,821,398,129,233,285,478,446,1019,1020,290,210,0,113,289,699,951,153,198,476,435,0,0,0,0,215,223,,,0,0,624,503,,,842,739,,,308,157,63,83
2022-09-01,,224,252,126,223,299,4,912,1016,284,235,0,0,119,91,,,0,416,301,267,478,660,,,1036,368,956,1222,918,857,311,308,127,433,756,771,442,124,226,296,362,343,991,966,237,195,0,117,301,617,762,174,172,481,446,0,0,0,0,228,235,,,0,0,638,488,,,725,748,,,261,109,53,81
2022-09-02,,221,222,127,159,274,10,864,929,243,207,0,0,113,105,,,0,280,330,230,450,594,,,877,421,925,1088,896,779,292,320,148,197,805,783,419,87,192,221,315,296,1040,1073,269,207,0,63,240,541,715,204,132,448,345,0,0,0,0,226,220,,,0,0,705,550,,,745,778,,,302,154,61,83
2022-09-03,,174,213,154,143,252,10,636,640,147,151,0,0,152,49,,,0,128,513,397,411,527,,,962,370,792,1014,875,899,247,280,84,92,977,957,258,70,140,176,424,336,1606,1565,266,224,0,41,266,577,691,87,61,510,410,0,0,0,0,213,214,,,0,0,1208,1045,,,1390,1376,,,609,287,8,25
2022-09-04,,210,241,152,166,278,5,759,850,170,148,0,0,100,34,,,0,107,641,527,666,805,,,902,444,951,1101,1078,967,235,270,81,86,1258,1148,230,88,188,222,440,436,2015,2130,418,301,0,94,372,685,901,89,68,568,565,0,0,0,0,317,300,,,0,0,1560,1329,,,1868,1725,,,820,308,0,0
2022-09-05,,279,297,106,260,319,6,1034,1059,304,233,0,0,129,108,,,6,433,377,279,513,681,,,1147,417,1046,1290,1016,920,341,326,165,205,855,761,406,93,225,286,449,413,1098,1081,276,213,0,52,297,630,809,226,175,491,412,0,0,0,0,246,218,,,0,0,720,510,,,786,811,,,253,121,0,0
2022-09-06,,226,205,96,242,299,13,957,1044,211,174,0,0,165,73,,,0,179,340,299,461,609,,,1174,350,1036,1223,1005,916,382,366,118,1058,793,743,431,107,251,323,459,428,927,923,283,205,0,52,312,673,906,235,194,488,465,0,0,0,0,249,259,,,0,0,639,507,,,811,800,,,282,130,0,0
2022-09-07,,247,288,117,252,255,4,976,1108,259,229,0,0,153,155,,,0,167,408,316,538,720,,,1196,338,1118,1457,1096,1040,395,368,111,167,888,871,465,135,261,333,511,473,1225,1253,305,257,0,93,317,699,996,188,134,529,494,0,0,0,0,296,246,,,0,0,804,568,,,975,962,,,323,155,0,0
2022-09-08,,183,160,76,176,317,15,635,679,193,149,0,0,127,94,,,0,313,237,137,235,317,,,1049,264,586,698,533,469,297,254,102,152,491,471,398,80,149,146,171,168,489,542,181,122,0,68,179,315,370,147,99,227,200,0,0,0,0,147,142,,,0,0,289,261,,,241,243,,,116,45,9,19
2022-09-09,,179,165,102,185,460,8,625,695,203,162,0,0,93,47,,,1,570,183,156,225,314,,,987,315,594,720,569,543,126,177,105,121,503,503,444,89,147,201,226,186,598,601,182,132,0,47,167,358,458,150,94,314,217,8,6,0,0,141,117,,,0,0,391,336,,,351,397,,,161,123,29,43
2022-09-10,,126,135,78,95,321,3,444,481,123,110,0,0,60,27,,,1,82,345,253,257,335,,,833,401,547,684,597,553,140,191,57,58,617,594,190,68,90,104,228,209,906,911,174,153,0,79,153,314,389,72,36,213,235,119,137,0,0,84,80,,,0,0,582,544,,,318,594,,,321,152,54,90
2022-09-11,,125,122,80,128,225,0,388,444,87,59,0,0,87,41,,,3,157,321,258,302,395,,,665,340,494,642,529,502,159,174,45,73,675,638,228,72,104,106,175,178,913,993,152,125,0,91,191,326,516,58,56,294,259,145,157,0,0,70,74,,,0,0,582,566,,,345,689,,,301,172,71,101
2022-09-12,,221,239,87,225,367,0,919,935,222,211,0,0,121,95,,,0,665,372,279,408,531,,,1041,380,896,1089,895,767,332,311,115,149,761,742,387,83,190,228,325,361,1052,1032,287,208,0,124,287,619,759,131,133,399,393,139,177,0,0,239,205,,,0,0,711,532,,,406,668,,,298,164,48,75
2022-09-13,,236,239,169,233,367,1,930,1019,193,142,0,0,106,87,,,0,5851,416,315,460,598,,,1159,388,934,1242,957,882,228,241,139,168,816,738,459,137,251,247,404,366,1056,1064,282,215,0,134,278,669,863,244,188,486,445,177,190,0,0,227,132,,,0,0,672,539,,,706,835,,,329,127,51,73
2022-09-14,,76,79,37,70,249,1,260,264,73,77,0,0,79,100,,,0,7435,88,49,93,145,,,931,261,217,288,194,196,148,148,45,66,214,249,577,70,76,62,51,61,189,184,65,57,0,19,56,125,169,200,121,66,71,43,54,0,0,36,48,,,0,0,95,75,,,226,216,,,32,23,9,12
2022-09-15,,89,84,22,66,305,2,353,391,130,106,0,0,95,76,,,0,7176,122,71,122,157,,,1016,294,278,332,262,222,152,164,66,72,265,244,491,76,82,73,57,56,270,270,75,79,0,29,103,122,180,211,171,74,72,59,62,0,0,71,78,,,0,0,150,135,,,96,85,,,46,41,12,11
2022-09-16,,160,155,0,112,393,3,564,656,191,155,0,0,90,78,,,3,7383,209,182,254,344,,,981,302,565,681,530,516,286,236,102,112,563,524,377,106,149,165,195,177,651,686,144,113,0,78,160,381,503,133,144,253,239,109,147,0,0,131,121,,,0,0,398,338,,,387,455,,,197,140,43,63
2022-09-17,,71,56,0,65,416,0,212,211,45,43,0,0,108,45,,,0,5191,113,84,92,117,,,529,354,215,265,199,194,131,154,42,66,222,213,242,45,48,55,50,51,338,338,70,51,0,43,73,143,188,41,62,102,79,47,64,0,0,48,51,,,0,0,254,198,,,149,205,,,98,47,19,14
2022-09-18,,89,100,0,70,169,0,214,249,50,45,0,0,69,17,,,0,4682,169,121,141,172,,,421,331,209,319,219,214,119,117,33,53,314,346,233,58,57,66,84,86,442,465,96,74,0,44,74,153,219,81,83,142,115,85,75,0,0,82,80,,,0,0,308,284,,,294,265,,,134,71,25,34
2022-09-19,,124,127,0,87,256,6,359,377,172,119,0,0,65,42,,,0,6935,163,113,165,204,,,770,271,279,377,290,272,193,243,76,101,302,315,424,69,107,93,68,82,312,329,80,71,0,52,105,131,176,211,181,88,87,51,71,0,0,65,57,,,0,0,163,152,,,109,101,,,47,33,9,20
2022-09-20,,102,102,0,68,212,3,336,374,126,133,0,0,58,61,,,0,6878,139,91,126,173,,,825,264,306,389,292,286,175,156,71,79,275,266,591,81,109,122,76,66,279,265,63,46,0,39,103,155,203,208,183,99,98,45,58,0,0,70,76,,,0,0,163,136,,,104,94,,,58,46,15,11
2022-09-21,,147,124,94,89,285,12,523,542,155,177,0,0,63,72,,,0,2357,34,47,219,301,,,889,286,513,618,460,414,274,244,82,118,487,471,468,92,142,155,175,180,421,475,135,119,0,80,144,323,469,264,198,217,204,91,116,0,0,112,97,,,0,0,262,235,,,288,294,,,136,92,30,41
2022-09-22,,164,171,109,167,232,0,559,612,178,130,0,0,98,88,,,0,542,0,0,273,362,,,923,304,608,809,607,528,259,249,97,129,595,553,411,114,186,191,214,172,691,700,143,131,0,119,185,422,500,249,203,317,269,106,117,0,0,147,152,,,0,0,411,350,,,441,528,,,211,137,40,66
2022-09-23,,162,163,110,156,242,1,511,587,152,155,0,0,64,69,,,0,1284,0,0,216,301,,,906,271,548,703,534,477,253,249,87,130,503,470,408,86,168,188,229,208,689,663,173,137,0,76,185,368,517,216,162,287,239,93,104,0,0,136,154,,,0,0,467,379,,,346,374,,,191,118,38,42
2022-09-24,,135,181,90,97,209,8,466,517,116,114,0,0,65,35,,,0,129,0,0,283,401,,,798,369,534,732,603,545,198,257,53,67,808,784,202,76,118,117,260,253,1223,1215,198,120,0,82,205,332,540,127,157,315,285,128,254,0,0,175,170,,,0,0,887,748,,,631,942,,,370,276,67,98
2022-09-25,,125,127,75,90,182,9,392,442,91,94,0,0,77,28,,,0,92,0,0,307,392,,,659,353,469,554,534,472,160,180,36,54,685,680,201,54,116,119,230,189,1006,1083,189,154,0,86,183,368,452,72,57,296,292,152,174,0,0,174,174,,,0,0,734,666,,,623,1029,,,381,224,68,114
2022-09-26,,151,162,122,137,326,4,503,562,178,130,0,0,279,128,,,1,723,0,0,234,311,,,855,309,501,669,500,430,243,248,93,104,477,512,399,84,154,138,189,181,510,563,137,133,0,59,150,329,451,240,205,207,188,92,99,0,0,114,106,,,0,0,319,256,,,131,414,,,148,94,26,29
2022-09-27,,104,109,65,86,210,0,390,362,136,129,0,0,81,118,,,0,1448,0,0,136,180,,,746,281,299,449,278,263,196,212,72,84,269,294,419,80,91,101,98,85,247,231,75,79,0,40,107,189,246,210,162,113,99,50,68,0,0,70,73,,,0,0,150,129,,,5271,2767,,,48,32,10,18
2022-09-28,,80,81,38,62,120,6,200,211,60,70,0,0,56,37,,,0,1247,0,0,117,145,,,512,267,180,244,172,178,36,49,40,45,242,249,184,47,56,46,57,66,321,326,46,46,0,25,83,95,151,92,96,73,60,38,56,0,0,68,80,,,0,0,204,156,,,191,227,,,61,55,10,21
2022-09-29,,127,151,62,142,244,7,500,590,138,138,0,0,91,126,,,0,4551,1,1,243,307,,,799,346,505,676,494,428,274,252,103,103,470,451,371,85,125,142,163,167,513,601,124,124,0,56,147,336,447,183,168,263,229,95,118,0,0,129,124,,,0,0,339,304,,,383,399,,,170,123,29,63
2022-09-30,,134,140,90,124,265,1,458,526,139,111,0,0,89,153,,,0,6636,236,179,229,312,,,886,352,429,605,438,406,245,199,88,106,491,506,383,76,133,167,198,183,650,693,117,111,0,61,144,308,426,163,139,237,196,84,107,0,0,108,127,,,0,0,417,317,,,408,439,,,161,131,29,51
2022-10-01,,56,72,37,62,208,22,212,223,78,50,0,0,65,40,,,0,5488,170,126,122,166,,,640,313,240,324,239,212,200,175,37,49,238,240,298,56,73,97,117,98,347,345,74,43,0,46,116,199,244,59,45,161,142,61,89,0,0,59,73,,,0,0,252,198,,,325,323,,,153,92,38,35
2022-10-02,,87,83,66,69,200,14,276,322,72,57,0,0,71,59,,,1,4682,222,224,215,227,,,608,325,346,419,352,315,166,153,28,44,408,407,221,65,70,109,177,158,600,636,118,103,0,50,143,266,344,70,72,188,181,89,127,0,0,93,113,,,0,0,402,360,,,443,447,,,206,110,45,57
2022-10-03,,140,116,91,134,671,0,486,500,153,140,0,0,80,139,,,0,7538,154,120,186,239,,,808,319,410,579,362,339,262,269,101,109,366,361,444,42,121,125,136,157,332,347,102,95,0,54,109,222,312,258,253,128,130,48,79,0,0,86,92,,,0,0,162,133,,,190,195,,,89,49,18,21
2022-10-04,,177,175,99,167,365,3,612,686,155,130,0,0,114,162,,,0,7242,282,218,274,378,,,909,342,458,816,398,452,291,276,107,137,591,554,468,96,153,186,190,216,667,753,186,140,0,90,184,418,562,295,251,192,278,91,118,0,0,170,150,,,0,0,463,348,,,416,466,,,159,78,26,50
2022-10-05,,228,213,118,156,302,11,680,745,169,100,0,0,104,104,,,0,6536,345,269,380,488,,,947,313,498,995,429,577,309,339,126,138,688,658,480,35,197,235,379,347,818,862,234,197,0,119,229,588,794,348,242,187,365,109,135,0,0,200,178,,,0,0,571,463,,,637,659,,,266,134,38,66
2022-10-06,,203,225,82,156,330,15,645,709,121,102,0,0,93,172,,,2,6629,314,250,316,441,,,952,301,460,855,392,498,292,323,103,114,625,602,446,89,166,179,298,287,747,798,209,145,0,98,177,480,610,313,248,134,291,98,154,0,0,183,163,,,0,0,450,362,,,548,584,,,189,119,23,54
2022-10-07,,173,182,87,142,269,8,524,576,173,150,0,0,43,101,,,0,7137,305,247,282,345,,,900,362,374,748,305,449,247,265,93,103,599,536,387,119,122,120,222,224,767,809,176,156,0,105,174,392,549,287,212,128,229,95,131,0,0,139,125,,,0,0,475,393,,,561,583,,,226,169,33,67
2022-10-08,,92,115,66,79,189,7,366,364,78,46,0,0,82,68,,,0,5077,252,204,207,284,,,748,356,271,477,264,351,156,212,45,52,489,445,258,99,87,116,193,183,752,789,132,104,0,72,164,278,406,112,99,80,199,71,92,0,0,118,125,,,0,0,482,449,,,538,513,,,252,155,50,65
2022-10-09,,122,141,91,111,237,0,429,493,87,60,0,0,77,38,,,1,4802,560,410,392,494,,,594,340,447,748,442,587,158,178,51,67,874,773,277,95,117,153,401,338,1406,1402,252,184,0,136,242,453,619,194,125,135,339,150,192,0,0,222,229,,,0,0,1018,935,,,1081,932,,,479,231,99,149
2022-10-10,,201,186,101,111,234,3,595,695,125,123,0,0,99,120,,,1,7133,247,215,301,379,,,833,315,414,792,317,441,297,284,124,121,576,570,460,87,159,168,227,224,707,744,192,149,0,104,209,369,550,364,233,114,258,76,114,0,0,143,148,,,0,0,467,363,,,475,526,,,195,84,32,57
2022-10-11,,135,130,86,145,261,14,494,568,158,107,0,0,106,136,,,0,7395,211,113,266,302,,,860,327,324,641,263,344,257,262,101,108,410,415,439,97,143,127,172,166,496,494,133,114,0,84,169,308,395,320,245,59,183,94,135,0,0,130,137,,,0,0,299,232,,,204,254,,,100,49,19,29
2022-10-12,,159,179,115,150,286,11,656,679,147,115,0,0,114,229,,,0,7868,216,162,276,363,,,906,345,381,817,315,445,295,254,113,122,606,546,425,97,166,162,231,226,666,761,175,141,0,106,189,422,562,376,276,102,265,80,106,0,0,159,145,,,0,0,425,373,,,437,466,,,191,94,29,37
2022-10-13,,184,166,119,147,301,4,625,626,221,158,0,0,112,112,,,0,7498,274,224,248,356,,,990,351,405,751,329,414,280,251,119,174,488,467,442,105,156,155,230,203,576,602,170,129,0,83,163,390,496,378,238,132,238,81,100,0,0,157,131,,,0,0,375,309,,,396,439,,,174,92,32,48
2022-10-14,,127,157,99,144,309,5,487,505,162,124,0,0,66,138,,,0,7561,226,198,185,240,,,922,362,296,617,240,333,265,216,111,114,362,396,491,105,110,128,131,155,501,527,161,102,0,76,149,244,346,247,172,114,160,91,96,0,0,104,99,,,0,0,290,235,,,242,275,,,107,68,17,31
2022-10-15,,43,67,48,33,287,8,153,157,42,44,0,0,60,46,,,1,5500,81,55,56,74,,,727,321,99,197,81,119,107,94,26,16,151,157,295,67,28,36,55,68,164,170,48,33,0,26,57,59,97,118,93,59,39,33,29,0,0,25,35,,,0,0,100,109,,,130,127,,,47,49,15,26
2022-10-16,,125,134,102,122,217,8,374,444,111,89,0,0,81,43,,,0,4887,580,497,330,485,,,810,355,350,660,361,508,152,173,44,69,837,804,274,83,118,143,290,265,1368,1432,192,158,0,136,233,493,616,121,80,189,369,153,189,0,0,209,204,,,0,0,951,831,,,970,899,,,561,187,93,125
2022-10-17,,184,218,157,2,530,11,807,869,230,192,0,0,104,115,,,0,7334,447,376,384,472,,,1063,357,517,1019,439,586,349,332,115,148,780,762,405,108,200,222,332,332,1180,1179,269,180,0,120,224,608,756,392,225,216,385,133,186,0,0,220,213,,,0,0,737,529,,,697,835,,,373,155,77,77
2022-10-18,,151,139,42,2,239,5,473,489,119,69,0,0,89,195,,,0,7718,175,156,171,239,,,865,308,333,526,260,299,228,206,107,119,373,333,593,47,140,118,124,118,312,332,121,91,0,52,125,287,340,315,216,104,150,45,92,0,0,108,92,,,0,0,180,136,,,222,200,,,103,37,19,26
2022-10-19,,158,155,94,2,211,2,528,580,143,106,0,0,93,115,,,0,7979,263,195,175,255,,,829,353,356,676,285,346,238,220,111,108,481,438,577,85,158,162,205,165,436,460,139,101,0,81,141,359,426,263,219,97,189,106,124,0,0,104,98,,,0,0,239,229,,,243,279,,,132,78,17,38
2022-10-20,,179,182,60,7,252,5,538,594,169,193,0,0,132,99,,,0,7747,304,242,228,292,,,837,258,331,688,252,369,274,277,122,123,462,410,667,96,121,158,209,205,513,505,182,127,0,106,156,374,430,215,225,160,205,42,68,0,0,111,122,,,0,0,315,232,,,294,373,,,157,90,27,40
2022-10-21,,106,116,5,6,399,2,359,386,150,113,0,0,84,105,,,0,7563,156,122,120,164,,,849,310,228,446,162,238,165,203,90,79,288,270,497,91,73,91,102,101,216,240,93,75,0,80,101,207,228,199,151,80,100,69,93,0,0,63,60,,,0,0,117,92,,,119,125,,,68,29,16,13
2022-10-22,,54,47,4,46,126,3,209,249,50,35,0,0,74,48,,,6,5511,229,160,92,114,,,735,294,144,267,120,180,93,153,25,30,252,245,246,47,43,57,76,75,417,406,87,61,0,0,0,136,190,54,55,55,84,29,44,0,0,2,5,,,0,0,265,216,,,249,270,,,120,65,24,23
2022-10-23,,124,113,2,121,228,10,362,444,110,84,0,0,82,0,,,2,4929,590,536,320,409,,,682,380,310,695,318,484,166,172,58,61,702,658,249,0,156,154,352,325,1203,1282,248,179,0,0,1,533,661,64,88,198,347,145,193,0,0,174,167,,,0,0,780,712,,,295,975,,,520,253,84,106
2022-10-24,,102,94,13,81,234,5,341,383,87,70,0,0,110,0,,,0,7399,198,153,157,190,,,790,314,247,425,174,240,191,186,117,119,305,262,460,43,106,93,101,97,233,245,90,78,0,0,0,186,236,175,210,54,111,55,86,0,0,89,84,,,0,0,140,109,,,217,183,,,56,21,6,11
2022-10-25,,154,162,119,149,249,8,582,632,145,154,0,0,109,0,,,0,7539,413,353,262,364,,,867,341,381,762,309,394,262,274,186,238,559,553,508,88,170,184,218,211,716,759,137,131,0,0,0,410,504,202,200,168,290,106,126,0,0,150,138,,,0,0,411,335,,,344,496,,,184,108,32,54
2022-10-26,,123,142,77,106,188,9,460,511,172,133,0,0,84,0,,,7,6940,302,255,199,238,,,843,320,315,576,236,312,214,229,128,115,387,379,450,88,98,149,171,176,423,436,121,115,0,0,0,308,362,175,172,117,180,91,110,0,0,100,98,,,0,0,234,206,,,12496,946,,,97,57,26,21
2022-10-27,,129,136,76,119,257,1,463,498,163,154,0,0,90,0,,,2,7381,416,329,253,273,,,798,385,364,651,321,397,188,214,103,108,558,489,437,69,143,152,231,208,688,721,163,126,0,0,0,367,518,219,166,136,249,105,116,0,0,119,126,,,0,0,444,368,,,14913,1751,,,251,125,54,62
2022-10-28,,106,128,43,89,180,2,425,390,112,118,0,0,57,0,,,12,5250,549,457,291,354,,,705,273,290,547,291,402,152,205,51,54,569,485,242,65,90,113,248,243,925,994,158,137,0,0,0,368,434,88,88,161,234,128,200,0,0,124,146,,,0,0,629,516,,,682,713,,,351,173,73,87
2022-10-29,,76,97,50,105,180,0,315,357,101,97,0,0,55,0,,,2,4984,428,365,219,265,,,742,352,248,496,249,322,163,187,51,54,551,523,258,73,86,81,228,207,869,887,149,115,0,0,0,338,415,95,55,186,219,126,180,0,0,126,128,,,0,0,609,495,,,663,684,,,307,132,56,73
2022-10-30,,94,101,51,91,203,1,337,360,69,61,0,0,7,0,,,0,1253,429,379,218,277,,,667,328,268,528,232,344,170,152,48,52,497,430,279,66,80,132,255,212,814,827,178,116,0,0,1,381,502,103,71,211,255,115,159,0,0,128,103,,,0,0,522,489,,,745,689,,,361,172,63,114
2022-10-31,,131,145,47,109,242,3,507,569,143,132,0,0,0,0,,,0,190,358,310,222,290,,,704,237,371,691,299,380,267,249,126,149,412,480,577,59,176,165,231,219,495,498,180,125,0,102,136,381,507,403,294,122,253,104,125,0,0,108,109,,,0,0,254,203,,,344,415,,,208,100,31,46
2022-11-01,,138,133,70,84,266,5,510,555,153,175,0,0,0,0,,,0,186,268,189,199,257,,,773,279,320,602,238,308,269,261,115,135,373,353,569,88,160,154,187,178,365,391,121,93,0,103,139,307,417,295,232,148,191,96,100,0,0,119,100,,,0,0,179,144,,,213,229,,,107,46,16,20
2022-11-02,,146,143,121,111,240,5,531,596,150,123,0,0,0,0,,,0,186,253,204,228,287,,,811,339,357,699,272,369,290,217,115,154,434,473,615,82,154,174,199,188,447,496,131,115,0,112,160,350,433,282,227,218,219,106,112,0,0,134,131,,,0,0,270,222,,,234,316,,,148,57,0,0
2022-11-03,,140,142,83,103,199,2,474,504,169,161,0,0,0,0,,,0,157,219,176,194,271,,,738,305,316,604,244,332,235,209,104,138,406,413,456,100,141,138,169,163,351,373,128,100,0,112,132,271,370,329,221,196,185,84,83,0,0,109,127,,,0,0,228,203,,,236,259,,,124,71,20,23
2022-11-04,,42,59,33,30,206,10,136,141,67,66,0,0,0,0,,,0,55,105,79,46,60,,,821,300,102,182,76,80,100,99,65,74,152,155,625,86,63,69,31,36,83,102,47,38,0,34,44,72,91,263,163,42,37,35,43,0,0,37,26,,,0,0,38,37,,,26,17,,,20,4,3,7
2022-11-05,,57,68,54,63,348,11,185,218,72,68,0,0,0,0,,,0,71,311,239,136,186,,,606,306,170,332,151,180,123,182,44,31,257,263,242,84,83,93,97,94,429,454,92,61,0,66,100,173,192,65,84,97,103,54,77,0,0,74,75,,,0,0,266,246,,,211,283,,,140,73,22,36
2022-11-06,,66,93,58,53,158,14,220,263,63,72,0,0,0,0,,,0,76,423,354,172,242,,,433,286,176,358,157,213,112,143,30,48,362,324,250,88,74,106,175,161,597,628,129,87,0,99,129,261,375,71,98,202,182,75,104,0,0,92,98,,,0,0,392,353,,,420,466,,,252,134,54,52
2022-11-07,,137,122,73,61,229,16,457,479,148,143,0,0,0,0,,,1,127,334,250,168,252,,,701,310,281,526,213,260,241,241,112,149,377,357,448,116,127,120,141,141,356,378,120,83,0,89,132,239,319,197,196,173,150,86,102,0,0,105,99,,,0,0,212,170,,,136,231,,,104,47,21,26
2022-11-08,,151,157,69,118,213,22,563,583,157,122,0,0,0,0,,,0,153,439,386,217,280,,,836,346,309,681,227,332,228,215,108,152,449,478,642,119,168,198,208,203,547,593,172,136,0,110,163,327,460,226,217,216,201,124,138,0,0,136,113,,,0,0,340,280,,,258,355,,,185,95,30,39
2022-11-09,,132,135,8,95,253,1119,475,500,156,130,0,0,0,0,,,1,168,310,284,166,193,,,724,305,264,540,208,270,205,177,126,145,338,335,507,127,147,146,138,150,340,356,105,96,0,85,127,248,326,251,226,159,141,84,112,0,0,98,88,,,0,0,188,171,,,172,205,,,105,42,14,18
2022-11-10,,118,115,5,92,375,1802,440,465,195,192,0,0,37,37,,,0,135,336,279,131,189,,,865,309,263,510,193,256,204,185,113,133,349,340,546,54,118,113,135,119,329,347,121,92,0,91,132,194,276,245,221,150,137,73,91,0,0,94,88,,,0,0,182,170,,,166,191,,,104,53,21,16
2022-11-11,,104,112,8,98,224,1578,392,409,139,140,0,0,112,83,,,0,112,307,258,141,192,,,823,295,244,497,168,251,229,220,101,115,341,345,499,112,83,119,137,137,360,360,141,121,0,81,116,214,291,204,148,151,134,79,99,0,0,85,78,,,0,0,189,159,,,147,190,,,114,66,13,34
2022-11-12,,54,92,6,82,167,1271,175,200,84,62,0,0,79,49,,,0,72,289,252,97,127,,,575,249,137,326,128,154,152,123,42,60,289,275,294,80,70,93,121,118,372,433,107,95,0,49,60,187,304,131,125,147,141,58,86,0,0,47,68,,,0,0,225,229,,,299,310,,,176,101,31,54
2022-11-13,,63,64,2,41,178,1023,157,152,52,49,0,0,62,57,,,0,66,277,201,91,110,,,430,271,121,263,90,138,95,90,20,28,184,162,223,77,48,65,78,68,326,332,55,54,0,47,78,118,174,69,73,90,81,38,50,0,0,46,42,,,0,0,198,173,,,197,191,,,106,50,17,20
2022-11-14,,140,133,7,105,239,1301,420,452,177,131,0,0,140,111,,,1,138,378,321,183,240,,,712,282,295,491,0,0,211,205,123,142,383,374,450,111,119,103,174,177,394,388,152,101,0,80,127,240,329,300,201,185,164,85,112,0,0,101,87,,,0,0,222,182,,,215,246,,,121,66,7,11
2022-11-15,,93,103,25,65,229,204,359,417,120,98,0,0,129,105,,,41,257,304,218,123,157,,,707,213,198,401,0,0,177,188,105,118,254,265,528,111,116,87,116,113,235,235,89,81,0,77,99,186,212,224,194,109,100,68,76,0,0,66,75,,,0,0,125,108,,,77,109,,,61,28,0,0
2022-11-16,,71,78,18,37,210,22,210,255,86,80,0,0,68,74,,,59,199,190,141,71,90,,,628,181,162,266,0,0,114,137,87,87,177,195,753,76,106,61,51,35,124,109,68,50,0,50,62,56,54,343,226,63,54,37,43,0,0,40,43,,,0,0,60,62,,,51,42,,,24,13,9,2
2022-11-17,,46,45,19,18,147,12,85,102,76,80,0,0,25,30,,,47,107,177,116,36,44,,,492,251,77,143,0,0,65,92,37,25,87,77,330,64,38,39,26,28,97,94,35,26,0,20,47,52,58,80,60,30,24,18,23,0,0,21,28,,,0,0,50,49,,,67,56,,,38,25,15,7
2022-11-18,,39,32,10,23,178,11,87,96,104,80,0,0,28,31,,,40,91,104,77,28,51,,,525,231,67,135,0,0,68,75,48,21,97,88,419,25,41,43,15,24,46,50,30,28,0,23,36,42,54,114,123,29,27,21,21,0,0,22,27,,,0,0,27,23,,,31,23,,,14,8,2,4
2022-11-19,,22,29,10,23,135,16,58,58,47,38,0,0,33,28,,,22,68,125,90,23,36,,,346,263,112,134,0,0,71,65,18,20,47,54,177,60,18,36,26,33,89,82,29,26,0,31,45,39,55,46,47,20,23,17,16,0,0,18,25,,,0,0,52,43,,,0,2,,,33,14,7,8
2022-11-20,,29,24,23,27,130,8,45,74,47,39,0,0,18,14,,,33,79,160,129,28,38,,,291,208,189,104,2,3,52,75,21,13,74,55,167,56,25,35,34,26,108,120,27,28,0,31,56,58,61,42,61,27,21,22,17,0,0,26,33,,,0,0,82,66,,,0,0,,,37,16,8,11
2022-11-21,,75,64,34,52,183,15,207,216,78,76,0,0,94,73,,,62,184,209,147,75,102,,,576,208,544,255,99,125,109,116,78,71,183,207,660,24,65,82,44,39,112,122,69,44,0,34,54,82,110,187,173,43,38,33,49,0,0,47,39,,,0,0,57,51,,,0,0,,,19,9,4,3
2022-11-22,,92,112,47,59,210,19,235,270,105,81,0,0,91,83,,,56,228,195,174,81,116,,,600,178,522,321,119,147,135,156,91,105,198,208,481,69,101,83,84,68,148,154,69,49,0,51,67,130,158,319,189,71,61,52,59,0,0,45,48,,,0,0,89,74,,,0,0,,,47,22,11,8
2022-11-23,,81,68,49,62,231,20,249,276,99,97,0,0,95,67,,,74,192,250,189,96,137,,,615,231,569,344,126,150,128,149,86,91,253,255,420,86,107,81,71,76,174,179,72,60,0,49,70,134,158,279,170,75,72,55,56,0,0,51,52,,,0,0,86,86,,,71,74,,,48,17,8,15
2022-11-24,,76,80,49,52,253,18,225,254,86,75,0,0,63,81,,,71,191,205,161,71,104,,,677,244,568,269,73,37,134,141,69,89,210,211,572,88,64,68,60,54,134,128,55,42,0,48,76,111,133,279,164,63,66,44,46,0,0,44,48,,,0,0,54,57,,,48,54,,,34,16,13,9
2022-11-25,,89,107,45,44,228,21,248,260,94,95,0,0,111,75,,,78,205,241,194,107,139,,,677,218,590,382,0,0,128,121,96,81,239,254,466,84,89,76,90,88,276,254,82,56,0,56,79,109,154,224,176,91,71,58,62,0,0,46,47,,,0,0,164,132,,,113,143,,,76,37,9,17
2022-11-26,,53,49,30,51,186,16,127,178,51,48,0,0,56,43,,,92,160,272,211,74,108,,,588,242,372,249,0,0,113,105,33,28,202,197,251,70,58,74,70,62,313,307,68,45,0,59,68,51,124,115,170,74,85,39,45,0,0,42,49,,,0,0,195,174,,,177,153,,,110,59,15,21
2022-11-27,,57,56,38,41,172,9,129,151,76,69,0,0,54,40,,,59,130,285,236,89,105,,,452,215,325,224,0,0,74,81,31,33,194,169,188,84,44,63,80,76,339,373,80,52,0,56,81,43,143,71,79,73,77,52,56,0,0,62,52,,,0,0,239,216,,,148,160,,,106,54,16,22
2022-11-28,,83,96,56,61,212,30,258,283,108,75,0,0,99,80,,,72,209,197,169,88,123,,,549,244,580,338,0,0,138,141,77,116,262,253,458,90,71,80,70,69,171,180,55,43,0,46,65,43,130,256,181,81,88,55,68,0,0,49,52,,,0,0,94,72,,,71,76,,,37,18,2,0
2022-11-29,,85,103,41,48,202,20,254,284,104,93,0,0,89,58,,,45,195,247,184,92,140,,,663,200,575,352,0,0,149,162,85,100,216,224,466,89,102,88,72,65,182,169,84,61,0,56,72,37,115,243,187,82,66,52,69,0,0,59,59,,,0,0,94,76,,,52,56,,,52,13,0,0
2022-11-30,,105,120,36,68,230,14,294,315,129,104,0,0,102,83,,,56,246,279,238,97,117,,,562,226,607,440,0,0,147,142,86,84,276,282,381,42,94,108,67,77,209,223,80,59,0,70,89,44,142,233,187,92,74,66,64,0,0,56,60,,,0,0,127,113,,,95,96,,,46,28,0,0
2022-12-01,,88,89,34,71,199,20,274,303,110,87,0,0,116,81,,,60,200,211,185,79,107,,,596,195,631,334,0,0,135,141,72,80,214,213,420,92,97,93,78,73,200,182,72,52,0,59,69,28,136,208,173,105,82,53,60,0,0,52,36,,,0,0,102,81,,,74,100,,,63,43,0,0
2022-12-02,,79,70,1,32,186,15,205,224,89,72,0,0,64,60,,,57,174,176,171,73,86,,,611,198,539,272,0,0,104,118,65,52,138,179,501,73,68,64,48,51,164,142,52,37,0,39,54,28,93,208,224,70,63,42,47,0,0,47,47,,,0,0,83,70,,,63,81,,,37,12,0,0
2022-12-03,,21,23,2,15,132,2,34,51,16,25,0,0,29,9,,,36,69,114,70,25,37,,,512,177,213,93,0,0,78,75,19,22,71,72,324,42,31,46,12,14,56,156,12,21,0,13,40,13,27,62,65,12,16,13,21,0,0,17,17,,,0,0,40,176,,,31,25,,,11,9,0,0
2022-12-04,,40,34,10,20,138,5,59,84,34,35,0,0,23,13,,,31,89,187,165,44,67,,,436,266,241,150,0,0,68,80,13,18,89,96,195,59,36,49,51,45,154,161,51,36,0,26,54,31,90,73,77,33,34,28,29,0,0,28,27,,,0,0,107,92,,,107,90,,,65,31,0,0
2022-12-05,,91,74,17,58,205,4,248,262,91,87,0,0,100,61,,,48,210,219,174,73,95,,,574,187,599,323,0,0,145,154,107,105,220,203,379,80,63,72,68,53,172,179,78,50,0,39,59,34,107,108,89,75,64,32,41,0,0,39,50,,,0,0,92,88,,,60,85,,,40,21,0,0
2022-12-06,,68,69,15,39,175,6,88,72,38,22,0,0,64,38,,,39,122,138,108,32,30,,,597,198,430,204,0,0,97,101,44,47,105,81,556,64,56,63,13,13,47,55,22,24,0,27,45,4,24,156,95,28,14,14,22,0,0,13,15,,,0,0,52,48,,,15,16,,,15,4,0,0
2022-12-07,,72,78,20,52,210,13,254,281,81,83,0,0,116,66,,,64,226,255,207,90,117,,,612,178,629,337,0,0,157,125,66,84,241,210,580,88,93,84,65,59,179,212,68,51,0,43,84,30,115,244,189,89,76,58,47,0,0,47,54,,,0,0,117,101,,,70,76,,,53,19,0,0
2022-12-08,,74,85,17,55,235,15,259,265,97,70,0,0,111,65,,,61,200,234,205,87,121,,,666,206,596,341,0,0,133,141,74,114,216,201,609,83,77,95,60,63,198,202,40,43,0,43,60,25,120,172,193,75,72,50,64,0,0,45,40,,,0,0,99,100,,,70,90,,,48,25,0,0
2022-12-09,,71,79,29,48,197,17,186,189,98,82,0,0,66,48,,,41,196,192,160,65,91,,,588,197,490,261,0,0,111,105,61,53,174,163,418,100,55,55,54,61,142,139,59,52,0,29,60,13,93,80,119,59,51,24,35,0,0,33,38,,,0,0,78,57,,,0,0,,,36,20,0,0
2022-12-10,,36,38,20,25,140,25,81,85,46,39,0,0,45,32,,,42,124,161,134,47,68,,,454,246,276,186,0,0,115,98,36,32,92,84,224,57,42,61,37,41,162,180,49,35,0,33,59,17,65,18,44,38,40,19,32,0,0,23,41,,,0,0,102,104,,,0,0,,,62,22,0,0
2022-12-11,,34,41,30,29,148,17,66,73,27,28,0,0,10,15,,,32,81,184,132,28,52,,,327,261,216,157,0,0,60,63,12,20,81,75,157,51,37,59,31,23,109,114,52,44,0,30,52,12,61,20,61,31,27,23,14,0,0,28,30,,,0,0,76,71,,,0,0,,,40,29,0,0
2022-12-12,,29,39,14,19,118,15,94,105,41,31,0,0,44,32,,,12,97,106,86,20,28,,,426,184,572,163,0,0,67,64,41,33,84,93,388,57,58,60,20,21,58,48,35,25,0,29,44,17,36,28,177,27,22,22,42,0,0,26,25,,,0,0,22,20,,,0,0,,,20,12,0,0
2022-12-13,,38,33,10,15,166,9,92,106,37,30,0,0,42,24,,,21,107,113,87,20,28,,,414,142,448,180,0,0,81,76,42,32,84,87,476,73,50,55,19,28,81,49,29,23,0,21,34,15,26,62,168,21,18,19,30,0,0,16,25,,,0,0,16,21,,,0,0,,,14,12,0,0
2022-12-14,,25,33,7,9,151,8,88,99,31,34,0,0,29,31,,,14,135,90,61,12,14,,,486,109,863,158,0,0,52,53,37,31,94,75,614,60,64,43,20,17,33,38,18,23,0,17,41,11,31,87,208,17,19,29,30,0,0,15,20,,,0,0,14,18,,,0,0,,,4,3,0,0
2022-12-15,,32,29,2,10,156,9,87,81,45,36,0,0,32,27,,,11,107,123,94,14,23,,,450,138,615,112,0,0,64,57,24,20,78,88,634,49,58,32,18,8,147,72,25,27,0,24,39,25,30,69,86,25,21,13,20,0,0,18,30,,,0,0,12,16,,,0,0,,,11,8,0,0
2022-12-16,,27,20,2,2,139,12,86,67,45,28,0,0,23,19,,,11,87,66,47,12,16,,,525,165,846,108,0,0,66,55,27,5,49,44,734,31,43,45,23,25,22,21,24,20,0,20,35,12,25,17,75,13,15,10,23,0,0,10,12,,,0,0,8,11,,,0,0,,,6,3,0,0
2022-12-17,,22,14,1,5,115,8,21,25,11,13,0,0,10,3,,,8,32,92,61,5,10,,,398,162,217,57,0,0,60,71,13,4,38,33,211,27,19,24,10,10,39,30,8,14,0,17,35,7,23,5,26,12,21,7,4,0,0,9,18,,,0,0,20,24,,,0,0,,,6,7,0,0
2022-12-18,,17,15,0,2,119,2,30,26,19,15,0,0,12,7,,,15,36,97,79,3,17,,,255,217,129,56,0,0,37,54,8,2,33,28,149,37,22,24,14,15,21,24,9,11,0,16,28,5,12,6,19,8,6,10,6,0,0,11,15,,,0,0,18,21,,,0,0,,,5,10,0,0
2022-12-19,,20,23,0,14,160,18,64,55,38,41,0,0,30,30,,,13,118,84,62,7,17,,,510,149,295,106,0,0,34,40,30,10,85,99,792,58,56,32,13,12,59,29,19,13,0,14,35,13,23,42,76,13,13,12,7,0,0,9,20,,,0,0,7,7,,,0,0,,,10,5,1,1
2022-12-20,,11,27,2,15,160,9,72,64,40,25,0,0,27,19,,,25,122,82,67,8,18,,,492,171,338,102,0,0,53,56,38,12,87,90,619,42,51,25,14,11,26,25,16,18,0,22,28,14,14,51,83,10,7,4,4,0,0,8,17,,,0,0,5,4,,,0,0,,,8,3,1,0
2022-12-21,,10,4,6,15,142,11,52,42,25,30,0,0,31,20,,,19,140,50,26,7,6,,,656,166,452,89,0,0,39,48,43,27,76,62,611,77,48,45,6,3,15,23,16,15,0,12,23,5,7,36,56,7,9,6,9,0,0,9,16,,,0,0,1,5,,,0,0,,,2,1,1,0
2022-12-22,,23,35,5,29,163,11,78,101,45,46,0,0,44,37,,,44,131,84,57,10,18,,,641,186,339,126,0,0,43,68,37,25,101,120,507,51,39,47,10,5,71,59,23,13,0,16,37,8,26,44,51,20,20,11,14,0,0,11,17,,,0,0,30,30,,,0,0,,,9,3,5,1
2022-12-23,,42,31,12,19,204,5,79,84,37,29,0,0,39,18,,,47,132,107,85,25,30,,,571,229,311,151,0,0,95,83,32,39,121,111,496,64,53,82,29,31,108,109,33,35,0,30,43,18,60,38,34,31,31,22,26,0,0,21,29,,,0,0,67,58,,,0,0,,,31,23,9,6
2022-12-24,,34,24,3,32,96,4,57,69,28,14,0,0,22,32,,,23,67,164,137,50,68,,,448,229,207,125,0,0,132,127,10,19,147,129,114,28,42,50,45,42,236,258,40,29,0,28,39,9,83,17,20,37,42,25,22,0,0,21,26,,,0,0,163,135,,,0,0,,,49,25,11,13
2022-12-25,,29,38,33,32,81,5,64,86,38,71,0,0,31,19,,,25,35,225,146,77,93,,,413,164,220,197,129,120,89,84,10,19,135,129,117,21,37,43,53,43,253,277,28,23,0,33,63,19,95,27,29,77,64,34,45,0,0,24,30,,,0,0,187,150,,,0,0,,,77,56,10,32
2022-12-26,,35,30,36,36,133,6,71,84,18,26,0,0,27,12,,,33,67,182,134,55,69,,,448,194,269,177,133,117,63,65,11,16,107,119,115,40,35,49,49,56,209,190,29,36,0,28,49,17,81,32,25,54,59,20,36,0,0,24,31,,,0,0,127,103,,,0,0,,,58,40,12,22
2022-12-27,,47,40,32,40,153,14,92,116,44,61,0,0,51,30,,,33,84,209,169,56,75,,,480,192,346,252,137,162,133,110,18,26,183,163,218,34,57,45,69,69,228,218,66,38,0,40,73,22,112,43,50,49,53,26,32,0,0,24,36,,,0,0,146,128,,,0,0,,,103,38,17,26
2022-12-28,,57,56,47,50,148,14,87,120,48,47,0,0,28,26,,,31,65,185,159,43,63,,,476,192,352,232,106,104,95,99,31,33,161,145,202,30,37,70,53,54,174,184,47,53,0,38,44,18,99,40,59,52,48,22,24,0,0,28,33,,,0,0,127,104,,,0,0,,,66,37,17,23
2022-12-29,,63,64,34,37,171,20,128,162,55,42,0,0,45,55,,,49,120,254,235,66,112,,,572,212,410,278,191,163,98,107,33,53,179,187,213,52,57,70,82,88,292,307,61,50,0,34,51,29,138,73,63,72,76,45,64,0,0,36,38,,,0,0,193,158,,,0,0,,,94,72,25,37
2022-12-30,,44,55,40,59,155,14,140,154,51,41,0,0,48,58,,,52,97,248,202,87,139,,,549,218,370,264,0,0,101,99,31,37,230,206,244,31,47,72,100,75,326,368,77,61,0,30,60,31,152,40,42,103,98,56,64,0,0,49,40,,,0,0,232,211,,,0,0,,,121,58,32,37
2022-12-31,,53,64,71,59,162,9,183,185,34,37,0,0,52,29,,,78,128,363,299,139,189,,,634,121,356,291,0,0,93,117,32,60,308,257,131,13,59,71,140,136,487,529,90,62,0,70,101,52,230,40,45,158,157,46,67,0,0,71,70,,,0,0,342,293,,,0,0,,,202,113,38,69
2023-01-01,,65,91,59,80,142,11,224,217,61,54,0,0,80,48,,,59,115,502,425,189,266,,,629,241,502,405,0,0,109,126,25,40,443,376,125,53,92,131,190,172,750,778,110,84,0,112,154,63,326,58,24,211,227,64,88,0,0,117,105,,,0,0,534,462,,,0,0,,,337,161,61,94
2023-01-02,,95,93,28,94,184,9,335,361,107,100,0,0,118,99,,,68,189,396,340,160,236,,,594,267,643,522,0,0,170,160,52,72,337,374,229,60,98,99,123,134,418,441,129,96,0,80,105,44,222,61,76,151,160,58,69,0,0,74,86,,,0,0,271,215,,,0,0,,,137,58,12,24
2023-01-03,,104,107,27,99,176,15,344,404,116,105,0,0,158,98,,,36,193,402,372,132,191,,,573,284,683,551,0,0,175,184,83,164,330,329,291,52,119,109,139,140,375,400,115,84,0,98,129,33,212,68,92,146,139,62,76,0,0,87,91,,,0,0,257,201,,,0,0,,,112,65,15,38
2023-01-04,,100,100,50,70,91,19,257,276,89,82,0,0,95,107,,,33,169,254,231,103,128,,,573,194,573,353,0,0,148,152,79,64,235,212,304,76,101,102,106,93,200,203,78,57,0,67,86,23,132,54,83,103,86,59,55,0,0,42,40,,,0,0,94,88,,,0,0,,,62,27,9,16
2023-01-05,,68,65,48,65,553,24,289,285,122,114,0,0,91,89,,,21,185,243,221,95,131,,,589,267,603,379,0,0,166,152,76,62,244,238,354,67,97,72,73,70,199,186,71,56,0,63,83,21,132,55,78,102,90,56,49,0,0,51,51,,,0,0,106,94,,,0,0,,,57,20,11,17
2023-01-06,,63,82,22,62,196,17,221,246,97,90,0,0,91,64,,,35,137,271,213,93,135,,,699,272,562,366,0,0,143,136,69,63,221,212,317,75,62,65,75,66,210,211,78,62,0,57,86,17,104,61,97,96,79,46,49,0,0,45,45,,,0,0,128,98,,,0,0,,,57,30,9,14
2023-01-07,,62,80,43,79,156,14,176,242,46,56,0,0,78,60,,,31,147,424,388,154,183,,,531,283,493,345,0,0,112,117,58,46,317,356,201,68,75,98,132,125,539,559,108,71,0,84,118,46,242,45,55,137,153,69,107,0,0,75,94,,,0,0,400,306,,,0,0,,,250,165,48,73
2023-01-08,,34,37,33,44,130,12,118,132,45,45,0,0,43,34,,,33,124,315,252,111,121,,,309,247,301,217,0,0,79,70,29,36,200,193,158,23,48,55,86,70,349,370,50,45,0,57,99,28,100,27,44,63,67,40,39,0,0,62,66,,,0,0,242,236,,,0,0,,,96,44,27,37
2023-01-09,,73,81,46,55,172,12,221,230,96,74,0,0,109,103,,,26,162,257,189,94,133,,,508,296,529,331,0,0,119,121,72,81,248,229,310,73,83,75,59,64,160,158,64,52,0,41,69,20,83,61,124,79,70,41,51,0,0,41,49,,,0,0,82,83,,,0,0,,,42,17,2,9
2023-01-10,,88,101,77,92,209,30,282,333,108,96,0,0,124,147,,,41,185,1038,321,125,169,,,561,261,672,444,0,0,162,136,82,90,293,294,302,64,119,96,100,99,272,302,72,58,0,70,94,28,156,75,124,116,127,45,53,0,0,64,63,,,0,0,163,131,,,0,0,,,86,40,16,19
2023-01-11,,86,84,40,57,194,14,252,243,101,93,0,0,116,152,,,55,170,219,205,87,115,,,546,285,637,335,0,0,111,110,75,68,235,212,362,79,106,92,92,78,169,178,62,53,0,52,77,29,102,59,108,87,82,47,50,0,0,43,54,,,0,0,79,72,,,0,0,,,53,26,5,9
2023-01-12,,78,96,37,61,199,10,247,268,87,70,0,0,96,194,,,59,156,243,222,88,114,,,599,286,590,349,191,219,116,140,81,71,195,180,358,89,80,89,73,66,145,160,65,53,0,52,77,19,116,42,97,65,66,44,45,0,0,48,56,,,0,0,78,74,,,0,0,,,45,27,8,8
2023-01-13,,65,85,49,61,209,15,200,201,99,76,0,0,70,142,,,45,177,219,194,92,102,,,588,341,582,335,198,201,108,124,60,61,198,196,338,89,94,83,51,55,154,146,67,64,0,36,68,18,99,40,91,82,69,33,46,0,0,34,33,,,0,0,85,73,,,0,0,,,40,35,8,11
2023-01-14,,85,80,39,71,206,11,186,208,74,85,0,0,70,86,,,28,117,440,363,133,184,,,469,288,404,315,1,3,80,99,35,32,331,308,203,49,74,89,137,157,588,607,85,76,0,64,94,43,246,34,35,160,126,68,112,0,0,71,60,,,0,0,444,359,,,0,0,,,218,113,44,65
2023-01-15,,42,36,24,48,142,12,92,95,40,27,0,0,29,52,,,45,64,263,223,56,66,,,297,250,281,170,118,129,44,57,17,20,126,133,154,45,44,68,43,44,207,197,56,48,0,46,83,18,65,32,40,50,39,24,19,0,0,23,34,,,0,0,146,122,,,0,0,,,66,38,12,14
2023-01-16,,90,96,56,82,228,22,275,296,116,86,0,0,126,176,,,60,206,377,302,143,169,,,548,284,722,436,277,278,141,129,69,91,317,308,302,86,94,109,108,86,341,345,89,68,0,73,94,37,177,63,105,119,105,58,57,0,0,72,69,,,0,0,205,167,,,0,0,,,86,44,12,18
2023-01-17,,76,114,28,69,250,22,291,298,131,101,0,0,135,181,,,56,152,342,317,118,175,,,515,302,657,439,258,251,155,159,79,102,282,281,391,81,109,106,95,110,284,315,91,69,0,72,86,17,143,76,128,103,112,58,67,0,0,71,65,,,0,0,179,168,,,0,0,,,87,53,11,16
2023-01-18,,47,58,29,35,198,14,159,147,73,75,0,0,57,114,,,40,185,192,170,47,66,,,495,290,462,240,116,120,115,112,79,77,168,161,406,74,76,45,29,26,111,131,43,35,0,34,62,5,51,56,120,36,34,15,20,0,0,22,26,,,0,0,56,60,,,0,0,,,32,11,8,9
2023-01-19,,67,91,41,51,198,19,213,216,94,74,0,0,80,116,,,41,188,239,220,73,107,,,455,293,218,302,176,177,139,123,67,77,173,184,349,101,70,81,56,56,323,191,70,41,0,56,66,22,87,90,120,64,59,46,60,0,0,51,56,,,0,0,97,90,,,0,0,,,39,12,9,16
2023-01-20,,55,65,30,46,165,8,139,157,90,75,0,0,66,99,,,23,98,190,180,44,70,,,448,310,507,253,1,0,116,109,53,87,170,145,295,86,53,69,54,50,156,126,59,46,0,33,51,12,73,42,73,53,49,40,32,0,0,31,46,,,0,0,85,77,,,0,0,,,38,21,7,8
2023-01-21,,22,20,10,1,120,7,33,27,29,26,0,0,19,28,,,7,38,135,77,10,20,,,379,232,357,55,15,20,51,44,10,13,33,49,249,33,33,28,19,15,1106,62,17,13,0,16,43,9,20,30,57,14,13,9,14,0,0,12,21,,,0,0,30,30,,,0,0,,,11,24,1,3
2023-01-22,,21,8,8,8,95,12,24,29,22,9,0,0,9,14,,,1,44,143,102,0,0,,,262,199,192,55,19,14,28,39,10,12,20,20,174,51,26,38,9,13,28,34,15,21,0,20,42,5,12,35,47,11,7,7,8,0,0,13,26,,,0,0,23,26,,,0,0,,,2,6,3,2
2023-01-23,,37,40,32,30,210,18,109,128,66,63,0,0,58,80,,,9,111,164,120,0,0,,,441,280,440,190,78,88,68,81,59,37,97,95,247,74,56,65,25,29,80,88,30,22,0,25,43,4,32,60,111,25,26,20,18,0,0,26,31,,,0,0,33,31,,,0,0,,,13,6,1,3
2023-01-24,,61,63,6,48,174,12,135,157,73,69,0,0,70,102,,,12,122,191,193,56,70,,,494,212,567,281,160,149,105,118,60,44,145,140,351,85,67,74,29,36,142,143,44,35,0,37,58,14,71,90,96,46,40,27,32,0,0,38,38,,,0,0,66,73,,,0,0,,,32,18,11,9
2023-01-25,,83,78,30,50,201,13,175,188,97,82,0,0,87,142,,,19,141,237,191,77,94,,,544,244,556,297,168,165,94,110,55,65,190,172,361,70,80,99,39,52,173,169,43,38,0,45,56,20,93,70,108,50,57,40,39,0,0,45,41,,,0,0,95,84,,,0,0,,,41,24,6,12
2023-01-26,,55,66,39,48,207,19,140,154,80,80,0,0,83,99,,,23,134,197,153,63,83,,,502,254,574,276,160,153,116,125,58,61,146,131,330,90,77,89,50,54,120,116,31,41,0,42,50,17,87,54,82,55,49,41,35,0,0,37,40,,,0,0,59,66,,,0,0,,,29,24,10,12
2023-01-27,,69,58,30,37,191,15,100,112,74,61,0,0,45,110,,,35,125,160,127,55,58,,,494,224,404,202,97,103,35,34,53,53,100,103,370,74,62,41,24,31,102,85,37,31,0,19,38,4,34,39,86,28,23,21,19,0,0,21,33,,,0,0,55,39,,,0,0,,,22,11,5,5
2023-01-28,,23,32,33,16,159,11,48,60,27,28,0,0,25,44,,,27,67,142,116,40,61,,,335,255,246,138,57,50,57,75,25,29,70,68,196,46,27,44,29,42,674,165,30,32,0,28,40,17,45,16,27,25,19,20,18,0,0,12,31,,,0,0,79,84,,,0,0,,,31,25,9,10
2023-01-29,,27,30,25,20,159,14,42,67,25,23,0,0,21,46,,,33,47,174,165,51,49,,,229,239,254,147,65,86,65,63,17,16,73,75,108,28,24,56,24,31,146,164,35,27,0,34,54,10,51,14,38,24,26,26,17,0,0,29,36,,,0,0,106,111,,,0,0,,,42,23,16,20
2023-01-30,,63,69,36,43,165,15,129,141,73,65,0,0,73,107,,,53,139,157,143,52,83,,,434,190,525,233,133,129,114,115,59,60,143,147,336,70,49,74,37,41,91,93,38,36,0,33,53,13,53,33,72,50,45,29,28,0,0,29,43,,,0,0,49,52,,,0,0,,,27,12,7,5
2023-01-31,,71,71,33,45,220,9,143,148,89,62,0,0,53,104,,,66,158,165,179,63,93,,,472,194,478,253,120,133,116,170,58,71,147,141,419,85,56,75,32,42,121,121,48,35,0,37,60,8,71,42,92,35,43,27,30,0,0,33,37,,,0,0,61,65,,,0,0,,,26,10,4,5
2023-02-01,,65,66,33,44,193,7,158,157,83,66,0,0,66,126,,,59,126,179,165,71,80,,,498,220,513,267,145,144,121,132,62,79,153,158,294,74,61,54,38,38,103,109,42,37,0,33,56,14,62,74,114,53,51,27,35,0,0,36,34,,,0,0,55,57,,,0,0,,,31,11,6,2
2023-02-02,,57,58,44,38,242,1,142,160,78,62,0,0,78,91,,,38,141,221,203,73,92,,,512,285,515,244,123,115,142,123,63,52,160,149,359,73,56,77,37,38,136,145,38,44,0,31,60,13,64,39,107,37,33,35,31,0,0,28,28,,,0,0,69,65,,,0,0,,,27,15,10,12
2023-02-03,,36,37,28,33,239,3,56,77,49,46,0,0,24,67,,,28,111,112,81,0,0,,,586,245,357,126,55,54,63,88,63,34,117,110,357,58,53,50,18,12,42,49,30,23,0,25,36,2,18,35,48,21,18,15,16,0,0,14,14,,,0,0,28,33,,,0,0,,,7,6,1,3
2023-02-04,,39,29,16,27,133,0,59,92,41,35,0,0,41,47,,,57,77,203,203,0,0,,,319,297,215,140,80,73,88,62,17,27,110,103,177,41,31,44,28,44,159,157,39,27,0,34,59,16,59,59,42,42,35,10,28,0,0,24,28,,,0,0,115,110,,,0,0,,,49,37,14,17
2023-02-05,,26,37,10,26,146,1,48,86,32,26,0,0,18,30,,,33,73,192,196,0,0,,,247,214,243,166,91,83,60,84,15,31,107,90,111,55,37,39,46,51,330,219,51,31,0,32,55,19,72,33,34,53,45,27,38,0,0,28,32,,,0,0,130,129,,,0,0,,,60,42,16,20
2023-02-06,,61,58,21,27,208,6,122,150,66,71,0,0,74,102,,,39,115,148,143,0,0,,,368,251,495,225,129,118,113,109,78,60,103,109,259,85,47,38,40,40,373,112,36,40,0,31,45,11,60,55,93,39,34,31,30,0,0,32,34,,,0,0,58,55,,,0,0,,,36,13,2,0
2023-02-07,,61,75,28,37,626,4,103,132,83,68,0,0,47,92,,,39,130,194,181,0,0,,,418,228,544,262,143,133,102,112,41,214,146,147,313,74,56,67,35,40,154,144,54,44,0,41,65,20,70,81,107,52,42,35,38,0,0,42,47,,,0,0,72,66,,,0,0,,,48,17,8,10
2023-02-08,,72,67,31,33,190,3,134,149,71,78,0,0,54,101,,,37,135,176,156,51,74,,,439,217,536,264,132,127,120,121,49,65,127,109,317,59,52,72,49,53,330,127,52,38,0,35,48,9,69,86,95,57,50,30,44,0,0,34,42,,,0,0,73,70,,,0,0,,,41,19,8,13
2023-02-09,,71,58,26,38,157,4,139,161,75,74,0,0,74,109,,,48,162,191,182,52,73,,,477,198,583,253,144,126,111,130,49,48,134,134,258,63,59,80,55,54,256,159,48,33,0,31,44,11,66,67,80,56,63,28,48,0,0,40,42,,,0,0,93,83,,,0,0,,,48,20,11,12
2023-02-10,,67,60,30,23,189,0,107,113,70,64,0,0,38,75,,,26,115,177,150,51,71,,,420,224,490,231,115,107,42,28,51,30,145,116,294,78,49,67,49,53,144,117,57,35,0,25,40,7,74,64,81,47,47,26,29,0,0,30,34,,,0,0,83,68,,,0,0,,,33,21,5,11
2023-02-11,,37,37,27,22,175,2,69,99,45,31,0,0,40,48,,,29,78,169,157,48,76,,,363,260,291,188,114,101,65,71,20,25,119,93,166,44,43,55,59,57,165,182,34,28,0,32,56,16,92,45,45,37,40,36,25,0,0,28,30,,,0,0,123,117,,,0,0,,,61,45,10,23
2023-02-12,,49,51,34,47,170,1,110,99,42,44,0,0,34,64,,,48,94,245,246,80,100,,,330,222,329,227,127,137,70,89,21,26,179,139,161,56,56,62,82,76,273,266,57,45,0,27,83,19,107,44,42,69,53,44,48,0,0,38,43,,,0,0,192,159,,,0,0,,,99,48,21,28
2023-02-13,,78,88,48,69,182,1,210,238,110,112,0,0,99,145,,,62,160,253,245,118,149,,,602,199,656,415,253,236,140,167,80,78,227,236,310,84,75,93,92,79,207,227,87,70,0,63,83,32,117,81,103,94,77,41,46,0,0,59,64,,,0,0,126,103,,,0,0,,,66,36,9,21
2023-02-14,,87,102,81,67,209,2,198,244,84,83,0,0,112,154,,,65,199,249,231,99,139,,,666,202,663,341,241,218,166,178,92,88,209,205,407,72,104,98,90,76,210,217,71,62,0,50,82,26,114,62,76,98,98,42,41,0,0,55,48,,,0,0,106,93,,,0,0,,,66,29,7,16
2023-02-15,,85,100,44,57,206,2,244,227,95,91,0,0,83,126,,,58,156,265,235,98,118,,,593,213,704,392,234,240,154,157,81,73,249,225,427,84,80,105,88,84,203,184,84,68,0,51,74,25,111,33,76,98,88,37,58,0,0,40,45,,,0,0,94,97,,,0,0,,,61,41,8,17
2023-02-16,,86,96,41,75,180,1,243,256,103,80,0,0,104,182,,,57,164,299,286,115,149,,,641,200,727,402,268,247,177,194,83,72,281,280,363,83,82,89,117,113,326,314,97,61,0,82,99,20,151,11,28,124,115,35,70,0,0,58,64,,,0,0,200,145,,,0,0,,,99,50,10,39
2023-02-17,,68,59,70,44,250,1,147,179,93,65,0,0,83,121,,,40,121,169,154,64,83,,,715,220,551,269,161,169,145,154,74,78,182,170,440,67,67,57,55,60,146,125,70,52,0,42,71,7,73,68,88,70,68,35,41,0,0,28,28,,,0,0,77,68,,,0,0,,,44,16,3,11
2023-02-18,,56,49,34,39,182,0,125,132,36,53,0,0,54,62,,,45,119,241,199,86,129,,,584,257,379,230,188,152,99,122,33,46,178,193,277,40,60,60,88,107,255,276,85,39,0,38,62,36,126,27,47,75,68,37,39,0,0,36,41,,,0,0,163,154,,,0,0,,,102,46,24,37
2023-02-19,,38,34,21,20,150,0,47,66,28,23,0,0,23,37,,,28,74,215,182,48,57,,,390,264,245,125,76,83,43,81,15,37,90,80,206,28,36,25,21,32,129,140,40,27,0,37,57,8,42,16,40,20,26,17,15,0,0,26,26,,,0,0,105,118,,,0,0,,,26,37,15,15
2023-02-20,,105,93,58,82,198,1,230,278,108,85,0,0,89,173,,,26,205,273,245,127,176,,,671,196,706,418,264,260,182,173,89,82,286,277,464,76,95,114,87,99,248,286,79,53,0,59,105,10,123,52,86,103,100,49,59,0,0,48,53,,,0,0,152,149,,,0,0,,,77,37,4,13
2023-02-21,,110,118,81,99,218,0,279,334,106,103,0,0,145,159,,,67,211,357,348,152,205,,,751,208,871,521,356,323,231,210,98,102,334,371,408,84,119,169,144,121,340,341,88,77,0,77,116,35,187,148,116,147,160,57,72,0,0,72,70,,,0,0,224,172,,,0,0,,,119,72,19,33
2023-02-22,,135,139,57,82,229,0,297,341,117,110,0,0,124,140,,,83,215,354,336,176,216,,,729,216,864,566,392,342,233,205,87,94,397,380,441,81,136,154,150,161,420,407,119,73,0,99,119,29,199,85,134,179,182,56,79,0,0,80,79,,,0,0,239,206,,,0,0,,,138,66,20,35
2023-02-23,,122,126,67,78,209,0,284,321,127,110,0,0,126,157,,,67,206,357,349,158,207,,,795,218,769,500,330,317,177,223,86,97,380,377,329,81,107,120,121,125,431,407,107,74,0,94,134,29,174,78,91,166,148,59,64,0,0,93,86,,,0,0,266,206,,,0,0,,,133,56,20,38
2023-02-24,,102,86,21,69,270,0,219,235,121,77,0,0,104,155,,,75,198,228,239,109,133,,,804,197,657,425,264,272,166,193,50,99,253,256,357,70,92,105,93,93,255,270,94,59,0,58,91,25,125,68,84,136,105,49,61,0,0,52,61,,,0,0,135,105,,,0,0,,,76,48,13,27
2023-02-25,,28,29,13,30,187,0,69,69,40,29,0,0,46,46,,,46,97,173,149,48,66,,,442,210,292,167,90,87,84,96,31,18,126,108,229,48,45,79,44,35,165,155,44,28,0,36,56,7,58,22,20,34,39,24,31,0,0,28,37,,,0,0,97,96,,,0,0,,,36,27,14,19
2023-02-26,,24,32,13,18,132,0,52,43,22,26,0,0,14,28,,,21,58,162,104,43,52,,,307,243,245,122,55,63,63,61,21,15,88,61,131,43,27,38,27,22,114,101,37,24,0,16,37,6,33,15,14,26,25,19,20,0,0,23,23,,,0,0,63,53,,,0,0,,,26,20,6,7
2023-02-27,,78,77,39,43,177,3,174,192,98,90,0,0,73,114,,,46,140,189,177,68,96,,,528,218,1445,292,84,21,125,136,80,82,179,189,331,66,69,68,49,43,333,219,48,39,0,42,72,17,66,57,98,61,63,43,41,0,0,68,52,,,0,0,86,87,,,0,0,,,32,15,2,8
2023-02-28,,80,95,39,59,223,3,202,227,127,98,0,0,96,129,,,55,149,276,261,88,113,,,574,171,1718,225,0,0,169,173,92,92,247,236,417,71,90,103,87,82,350,234,77,58,0,54,76,24,87,44,46,99,67,54,69,0,0,63,64,,,0,0,125,112,,,0,0,,,70,48,4,13
2023-03-01,,87,100,69,73,216,4,204,231,92,84,0,0,92,148,,,59,192,261,259,107,140,,,600,235,1642,463,0,0,173,199,78,65,265,250,377,74,93,90,82,98,293,258,64,56,0,73,83,33,133,90,129,97,100,59,55,0,0,60,70,,,0,0,143,138,,,0,0,,,86,53,11,25
2023-03-02,,108,91,58,46,250,3,229,284,113,100,0,0,134,170,,,82,201,288,261,133,170,,,641,231,1545,449,0,0,195,187,79,80,289,290,329,71,116,122,124,110,482,384,97,76,0,80,126,27,161,87,136,137,123,44,56,0,0,72,80,,,0,0,199,166,,,0,0,,,92,48,9,18
2023-03-03,,101,95,50,65,256,2,191,209,122,80,0,0,106,128,,,85,180,243,244,120,147,,,597,248,1552,421,0,0,152,174,71,61,268,272,285,22,87,100,99,89,772,343,105,74,0,58,87,25,150,54,90,99,84,47,72,0,0,65,54,,,0,0,144,124,,,0,0,,,91,56,7,31
2023-03-04,,49,56,44,38,236,3,72,98,54,49,0,0,67,48,,,64,107,169,171,58,91,,,487,188,776,341,0,0,75,88,28,29,131,136,250,21,37,53,53,58,221,219,50,29,0,35,61,21,95,22,40,65,58,21,52,0,0,29,43,,,0,0,157,135,,,0,0,,,79,49,8,24
2023-03-05,,43,41,41,36,210,2,76,88,40,58,0,0,49,58,,,37,83,199,187,55,93,,,345,238,614,274,0,0,78,77,26,24,115,122,134,31,41,45,65,43,179,196,49,38,0,52,71,12,68,40,43,57,52,26,36,0,0,28,30,,,0,0,125,121,,,0,0,,,83,46,16,15
2023-03-06,,90,89,42,52,200,3,167,186,93,81,0,0,97,107,,,48,194,204,198,78,92,,,533,216,1708,314,0,0,165,184,14,8,209,188,270,74,103,61,60,70,140,142,65,48,0,51,78,12,78,68,88,80,70,33,36,0,0,44,48,,,0,0,75,83,,,0,0,,,33,9,5,10
2023-03-07,,100,100,0,73,228,0,209,231,102,87,0,0,97,145,,,27,210,285,269,110,129,,,631,203,1921,292,0,0,177,214,1,1,264,261,371,79,102,74,88,87,212,202,79,50,0,64,83,19,114,99,116,77,92,47,46,0,0,52,54,,,0,0,132,106,,,0,0,,,70,30,12,19
2023-03-08,,86,73,0,48,210,3,164,173,82,65,0,0,85,174,,,43,175,166,166,69,77,,,627,155,1830,227,0,0,128,156,83,76,165,169,470,75,115,76,47,52,121,126,43,31,0,41,58,52,110,70,85,57,46,35,30,0,0,50,55,,,0,0,63,58,,,0,0,,,36,14,4,8
2023-03-09,,67,68,0,54,195,0,145,153,71,63,0,0,78,128,,,32,114,205,167,62,93,,,795,229,1636,322,0,0,152,143,77,68,144,152,435,72,91,45,34,38,131,135,26,35,0,27,67,38,122,34,101,48,49,13,22,0,0,23,29,,,0,0,73,69,,,0,0,,,31,18,4,9
2023-03-10,,87,64,0,61,231,1,164,208,98,82,0,0,75,113,,,47,145,206,213,83,111,,,753,210,1602,308,0,0,139,164,52,63,208,228,426,52,106,75,85,96,237,226,81,55,0,57,83,54,164,62,70,65,77,34,30,0,0,49,55,,,0,0,139,132,,,0,0,,,63,41,7,17
2023-03-11,,48,27,0,27,193,0,60,56,30,16,0,0,32,59,,,25,241,129,107,42,67,,,413,263,666,226,0,0,96,98,16,26,80,81,273,40,32,42,23,31,102,111,30,20,0,30,48,0,0,35,38,35,28,17,32,0,0,21,22,,,0,0,76,55,,,0,0,,,29,23,6,15
2023-03-12,,64,44,0,40,143,1,113,145,32,52,0,0,60,69,,,38,115,331,285,130,166,,,401,263,827,389,0,0,98,118,19,21,281,238,135,46,34,49,82,87,625,422,93,54,0,74,116,0,0,30,63,98,89,37,56,0,0,40,74,,,0,0,315,284,,,0,0,,,118,65,21,36
2023-03-13,,100,107,0,69,223,5,263,258,112,79,0,0,119,151,,,56,228,337,294,162,191,,,649,271,1557,309,0,0,183,198,95,102,327,293,281,59,86,89,115,104,294,313,64,71,0,79,111,19,81,34,91,130,109,43,49,0,0,69,66,,,0,0,189,140,,,0,0,,,85,57,10,25
2023-03-14,,95,101,0,66,224,0,225,270,100,89,0,0,123,174,,,45,177,276,250,123,144,,,717,226,1514,218,0,0,206,184,81,88,269,260,349,32,69,114,114,95,214,237,78,81,0,61,96,95,207,46,71,107,90,38,48,0,0,68,65,,,0,0,124,110,,,0,0,,,73,26,9,15
2023-03-15,,66,83,0,59,190,6,187,191,79,69,0,0,90,143,,,51,172,247,226,96,98,,,631,216,1505,189,0,0,175,154,81,58,251,232,308,66,92,70,53,57,163,194,62,47,0,45,66,106,125,52,60,72,57,44,44,0,0,60,60,,,0,0,96,101,,,0,0,,,53,25,10,10
2023-03-16,,85,83,0,60,242,10,226,227,109,95,0,0,111,148,,,58,220,277,276,109,167,,,671,209,1391,274,0,0,163,188,87,83,303,287,309,71,66,94,73,76,487,321,81,59,0,28,81,124,169,68,110,98,82,39,42,0,0,62,66,,,0,0,191,164,,,0,0,,,87,42,9,15
2023-03-17,,109,122,0,83,241,7,245,305,93,98,0,0,157,143,,,63,234,467,400,195,234,,,762,218,1419,332,0,0,168,208,76,63,481,432,397,84,106,120,147,153,616,601,95,68,0,39,129,209,326,50,90,178,179,48,71,0,0,134,113,,,0,0,401,330,,,0,0,,,172,91,30,42
2023-03-18,,104,144,0,74,199,4,267,317,95,100,0,0,128,143,,,73,204,601,585,287,374,,,681,242,1029,356,0,0,145,170,44,54,634,602,251,74,96,150,239,235,1054,1060,154,96,0,59,194,244,409,29,54,258,242,80,134,0,0,162,143,,,0,0,758,667,,,0,0,,,366,179,69,92
2023-03-19,,109,122,0,85,186,5,197,231,93,69,0,0,76,106,,,63,185,512,501,241,305,,,566,265,852,317,0,0,156,153,48,44,565,517,179,83,96,106,223,196,854,929,122,106,0,97,184,187,394,24,55,219,203,78,105,0,0,158,151,,,0,0,574,541,,,0,0,,,251,148,41,81
2023-03-20,,132,119,0,96,217,7,319,354,135,105,0,0,143,178,,,63,243,374,343,180,224,,,825,229,1506,299,0,0,227,222,100,117,318,307,385,94,157,127,161,162,357,368,100,72,0,63,109,160,133,90,188,187,186,34,57,0,0,78,70,,,0,0,186,165,,,0,0,,,97,88,24,33
2023-03-21,,151,164,0,147,270,9,408,473,180,155,0,0,172,239,,,88,335,616,582,324,402,,,936,204,1689,367,0,0,313,322,121,115,555,548,489,97,211,178,258,271,761,748,188,124,0,113,177,251,85,62,166,235,244,60,84,0,0,136,130,,,0,0,463,315,,,0,0,,,212,147,27,67
2023-03-22,,212,228,0,180,269,12,546,621,206,190,0,0,243,450,,,118,354,776,719,452,549,,,983,208,2013,343,0,0,327,364,123,157,849,780,524,103,255,223,375,356,1068,1147,244,198,0,174,252,384,144,14,196,228,405,81,111,0,0,207,185,,,0,0,733,588,,,0,0,,,371,177,61,104
2023-03-23,,156,164,0,150,280,10,447,476,163,145,0,0,196,263,,,110,344,489,426,282,360,,,963,208,1837,461,0,0,307,285,134,156,511,498,409,123,174,173,250,229,530,551,183,150,0,121,159,256,83,77,223,231,244,69,83,0,0,152,113,,,0,0,347,271,,,0,0,,,179,77,28,39
2023-03-24,,135,135,0,110,253,20,308,351,150,115,0,0,158,183,,,78,268,352,359,221,265,,,935,193,1381,425,0,0,241,243,96,94,405,378,397,92,130,123,175,164,451,447,126,101,0,72,112,186,69,60,147,204,165,58,87,0,0,90,92,,,0,0,288,226,,,0,0,,,128,67,28,43
2023-03-25,,94,113,0,89,209,5,280,271,73,50,0,0,0,7,,,35,91,506,405,192,270,,,713,221,604,417,0,0,188,173,53,54,501,482,317,60,66,83,0,0,694,634,148,108,0,86,146,136,67,48,67,186,172,89,124,0,0,95,90,,,0,0,439,358,,,0,0,,,196,95,38,69
2023-03-26,,62,61,0,48,158,9,172,165,53,55,0,0,0,0,,,0,0,421,356,164,203,,,548,218,760,328,0,0,121,114,32,39,350,302,165,49,64,63,0,0,501,528,129,82,0,63,122,122,57,18,51,159,138,70,74,0,0,64,74,,,0,0,358,309,,,0,0,,,149,61,32,42
2023-03-27,,49,42,0,42,182,8,132,118,58,70,0,0,0,0,,,0,0,162,152,67,71,,,517,228,1261,201,0,0,126,159,61,87,148,132,333,63,87,63,0,0,75,85,42,30,0,35,54,29,8,68,131,31,28,22,20,0,0,28,34,,,0,0,51,47,,,0,0,,,23,23,7,8
2023-03-28,,92,93,0,50,189,15,184,187,72,87,0,0,0,0,,,0,0,239,225,72,95,,,491,242,1352,225,0,0,140,203,88,84,210,222,422,76,120,66,28,37,0,0,68,44,0,48,82,65,28,46,98,65,54,34,48,0,0,50,45,,,0,0,114,93,,,0,0,,,40,24,9,9
2023-03-29,,106,120,0,78,234,8,246,294,112,97,0,0,9,62,,,0,0,286,259,130,181,,,573,282,1590,229,0,0,206,196,96,83,303,253,378,75,121,95,0,0,0,0,95,72,0,80,108,115,48,35,110,130,109,51,61,0,0,80,66,,,0,0,181,143,,,0,0,,,86,42,20,21
2023-03-30,,102,103,0,72,228,13,222,241,93,78,0,0,107,180,,,5,10,230,227,123,147,,,786,227,1444,386,0,0,138,188,65,74,251,258,508,68,114,75,0,0,0,0,71,60,0,61,81,79,36,37,72,86,78,30,50,0,0,53,45,,,0,0,110,93,,,0,0,,,49,26,6,10
2023-03-31,,90,92,0,57,219,11,200,197,97,91,0,0,89,209,,,51,214,231,205,117,130,,,799,206,894,228,0,0,157,188,75,61,232,241,439,63,93,59,0,0,0,0,80,67,0,56,75,84,30,33,84,80,83,46,41,0,0,49,46,,,0,0,101,82,,,0,0,,,52,35,16,18
2023-04-01,,92,88,0,77,188,10,222,266,80,78,0,0,108,119,,,65,184,439,402,214,251,,,453,245,729,492,0,0,158,162,46,54,412,393,221,56,101,89,0,0,0,0,109,94,0,70,111,164,75,49,126,171,205,72,77,0,0,71,62,,,0,0,393,335,,,0,0,,,214,135,59,60
2023-04-02,,50,57,0,33,125,11,94,121,55,54,0,0,69,65,,,44,93,235,219,100,117,,,377,234,546,218,0,0,104,102,30,26,145,121,197,47,39,61,0,0,0,0,60,51,0,56,86,54,29,26,39,68,55,30,24,0,0,31,33,,,0,0,122,125,,,0,0,,,81,68,14,26
2023-04-03,,99,98,0,63,735,12,222,286,107,106,0,0,111,164,,,42,242,240,238,120,159,,,558,202,1345,261,0,0,182,223,92,108,267,286,302,87,86,96,0,0,116,107,93,73,0,65,95,106,39,53,93,117,109,57,81,0,0,62,58,,,0,0,102,98,,,0,0,,,82,49,12,21
2023-04-04,,99,106,0,67,226,6,278,291,129,109,0,0,118,192,,,39,210,299,267,133,168,,,591,226,1516,274,0,0,190,202,88,81,324,336,359,89,105,130,0,0,334,323,104,78,0,84,121,123,48,63,167,147,103,73,75,0,0,64,57,,,0,0,179,133,,,0,0,,,92,67,13,20
2023-04-05,,122,104,0,96,209,17,246,289,110,110,0,0,129,237,,,38,274,297,286,136,176,,,630,239,1572,246,0,0,176,202,92,90,358,345,351,86,125,121,134,122,469,305,86,79,0,74,96,129,59,67,219,151,132,65,63,0,0,72,69,,,0,0,208,151,,,0,0,,,106,67,8,33
2023-04-06,,113,106,0,102,211,10,279,287,128,113,0,0,130,194,,,78,271,344,344,173,219,,,586,229,1614,200,0,0,186,227,80,76,365,379,390,75,113,142,0,0,677,503,111,98,0,93,131,144,74,130,172,154,135,56,83,0,0,90,95,,,0,0,304,197,,,0,0,,,119,99,22,36
2023-04-07,,52,72,0,60,214,6,199,197,72,71,0,0,81,89,,,64,151,310,278,138,165,,,485,298,716,139,0,0,137,147,46,48,297,299,338,52,69,92,0,0,364,265,84,87,0,83,110,102,44,37,53,147,111,46,89,0,0,63,71,,,0,0,308,241,,,0,0,,,145,130,0,0
2023-04-08,,46,47,0,29,155,5,145,134,60,63,0,0,58,89,,,40,105,144,148,72,84,,,508,263,480,77,0,0,92,117,28,26,173,151,385,43,27,27,0,0,104,63,36,31,0,39,73,36,19,31,37,50,43,33,31,0,0,44,37,,,0,0,155,140,,,0,0,,,52,45,0,0
2023-04-09,,45,56,0,43,188,5,146,172,57,69,0,0,69,52,,,61,116,270,227,107,122,,,558,212,448,116,0,0,134,131,22,34,295,264,216,55,35,58,0,0,305,255,53,39,0,59,95,68,37,31,42,122,106,53,65,0,0,55,60,,,0,0,318,280,,,0,0,,,143,97,0,0
2023-04-10,,125,162,0,106,216,6,400,408,112,90,0,0,129,116,,,66,219,968,845,505,583,,,582,286,875,257,0,0,180,192,75,57,923,797,227,91,131,156,0,0,933,569,260,173,0,216,263,300,138,26,37,403,363,158,245,0,0,200,199,,,0,0,1242,1063,,,0,0,,,602,288,0,0
2023-04-11,,74,63,0,68,216,2,230,255,92,82,0,0,116,131,,,45,178,203,211,95,122,,,617,222,1478,110,0,0,176,253,96,82,277,271,334,77,97,104,0,0,52,88,75,63,0,58,100,79,38,61,121,102,72,37,51,0,0,66,54,,,0,0,90,96,,,0,0,,,47,24,5,13
2023-04-12,,153,164,0,143,254,8,409,456,166,143,0,0,176,211,,,84,276,443,451,281,318,,,783,208,1667,169,0,0,233,220,120,122,543,551,456,119,210,132,241,221,232,298,165,104,0,114,157,214,93,123,173,263,220,63,92,0,0,124,115,,,0,0,413,343,,,0,0,,,191,89,35,54
2023-04-13,,131,135,0,96,237,12,387,393,149,125,0,0,165,185,,,84,278,397,383,211,233,,,794,225,1620,156,0,0,222,218,102,115,436,413,408,91,161,606,170,138,152,204,112,97,0,106,139,154,72,103,166,181,161,57,74,0,0,100,110,,,0,0,285,240,,,0,0,,,133,93,17,42
2023-04-14,,41,32,0,24,188,12,66,82,60,65,0,0,38,86,,,29,129,68,66,26,28,,,786,228,1427,40,0,0,51,48,56,37,87,96,606,65,77,64,18,12,18,25,26,27,0,17,25,16,13,14,43,17,20,12,32,0,0,10,18,,,0,0,17,26,,,0,0,,,5,0,0,3
2023-04-15,,67,69,0,55,205,2,180,183,67,77,0,0,65,69,,,42,206,360,345,148,205,,,135,32,662,118,0,0,156,178,28,50,355,341,264,62,52,100,100,96,107,36,114,75,0,81,134,83,42,20,60,111,95,50,78,0,0,91,83,,,0,0,385,307,,,0,0,,,151,119,29,38
2023-04-16,,138,171,0,111,233,8,370,457,118,117,0,0,111,478,,,85,229,916,863,486,569,,,181,31,934,122,0,0,202,216,55,56,960,988,214,84,123,166,365,362,0,0,232,166,0,217,284,258,124,19,72,411,340,143,215,0,0,231,226,,,0,0,1120,892,,,0,0,,,504,271,75,151
2023-04-17,,147,125,0,91,230,4,336,389,150,116,0,0,140,178,,,83,223,332,315,190,221,,,205,68,1485,109,0,0,203,283,87,110,394,422,333,86,121,153,183,162,131,151,106,86,0,84,136,161,52,22,126,178,136,90,91,0,0,75,71,,,0,0,205,141,,,0,0,,,111,60,18,19
2023-04-18,,126,132,0,114,254,10,368,437,135,118,0,0,132,198,,,49,269,400,366,173,223,,,202,294,1537,89,0,0,217,394,109,117,417,453,382,77,115,153,152,146,148,195,108,92,0,92,129,114,52,44,160,174,173,93,92,0,0,98,79,,,0,0,199,140,,,0,0,,,114,91,21,28
2023-04-19,,125,161,0,107,233,16,406,437,152,125,0,0,154,220,,,86,292,457,419,208,293,,,115,71,1514,97,0,0,271,252,85,124,456,447,447,88,134,124,159,170,147,183,128,88,0,109,146,140,60,42,154,195,184,104,108,0,0,99,100,,,0,0,271,215,,,0,0,,,148,75,28,47
2023-04-20,,130,130,0,100,276,12,388,396,132,123,0,0,164,230,,,73,269,432,386,231,280,,,232,68,1435,97,0,0,241,270,106,101,461,413,397,94,123,149,155,172,112,153,84,82,0,118,145,166,51,32,133,185,155,92,102,0,0,122,115,,,0,0,256,194,,,0,0,,,147,75,25,33
2023-04-21,,185,215,0,162,274,6,583,654,187,171,0,0,273,256,,,122,399,888,791,435,531,,,189,69,1616,178,0,0,340,372,147,161,936,967,370,104,210,241,380,358,643,517,208,156,0,173,243,279,114,109,182,477,400,169,207,0,0,217,201,,,0,0,982,701,,,0,0,,,407,197,74,125
2023-04-22,,203,265,0,163,294,6,691,663,139,152,0,0,240,187,,,121,364,1747,1484,818,1038,,,387,100,1338,217,0,0,337,318,102,112,2085,1984,289,82,203,263,823,675,1300,562,392,263,0,299,413,358,149,43,80,948,801,483,564,0,0,380,349,,,0,0,2321,2011,,,0,0,,,1305,487,239,310
2023-04-23,,88,98,0,63,182,8,263,261,88,82,0,0,131,105,,,71,183,472,441,248,340,,,437,56,615,116,0,0,156,178,49,59,514,464,220,72,88,102,220,219,385,304,167,126,0,76,111,23,16,31,46,211,226,83,104,0,0,89,106,,,0,0,435,408,,,0,0,,,263,106,53,65
2023-04-24,,133,120,0,46,217,11,326,376,144,135,0,0,135,216,,,60,241,330,362,193,237,,,367,208,1186,86,0,0,227,221,80,103,405,408,395,89,121,134,128,130,86,141,102,82,0,77,129,66,24,33,156,171,138,50,59,0,0,87,88,,,0,0,215,200,,,0,0,,,89,47,20,30
2023-04-25,,161,171,0,2,233,11,452,497,167,145,0,0,185,251,,,79,291,437,407,254,305,,,731,250,1651,474,0,0,267,268,113,155,478,521,417,82,176,215,195,205,129,245,138,105,0,107,150,196,74,38,183,238,220,96,124,0,0,119,116,,,0,0,276,237,,,0,0,,,150,71,28,34
2023-04-26,,159,157,0,109,232,15,455,486,155,156,0,0,206,271,,,105,365,473,457,257,316,,,745,238,1532,230,0,0,270,282,119,154,530,586,454,37,172,191,241,221,142,251,171,103,0,117,164,237,80,45,194,268,240,95,117,0,0,113,114,,,0,0,282,213,,,0,0,,,213,73,33,38
2023-04-27,,163,179,0,118,282,7,467,348,207,170,0,0,196,238,,,97,342,560,539,317,426,,,843,225,1746,290,0,0,282,268,91,186,668,616,392,102,184,213,285,281,164,233,195,149,0,134,196,240,111,50,184,325,294,80,98,0,0,160,147,,,0,0,471,366,,,0,0,,,225,127,33,71
2023-04-28,,107,112,0,42,236,20,333,289,142,164,0,0,123,193,,,61,249,306,288,188,216,,,825,225,893,515,0,0,196,202,86,100,379,376,442,69,159,134,149,146,168,190,136,93,0,89,123,123,60,50,131,169,165,57,77,0,0,97,97,,,0,0,234,189,,,0,0,,,92,50,20,29
2023-04-29,,82,80,0,1,178,4,284,222,77,98,0,0,106,117,,,67,174,473,453,240,320,,,758,203,679,479,0,0,199,213,49,65,519,538,245,40,80,121,154,132,100,68,100,95,0,115,178,106,69,16,33,193,148,75,93,0,0,132,148,,,0,0,508,372,,,0,0,,,197,99,45,44
2023-04-30,,161,202,0,107,293,16,312,245,147,175,0,0,174,197,,,115,265,1151,1089,511,672,,,819,295,1155,1106,0,0,221,239,59,105,1275,1184,262,4,185,215,411,369,192,95,265,215,0,243,321,280,122,23,49,527,444,259,287,0,0,297,303,,,0,0,1498,1274,,,0,0,,,747,357,143,181
2023-05-01,,209,227,0,130,321,4,360,161,141,136,0,0,153,163,,,52,334,1377,1284,787,919,,,784,350,1491,1115,0,0,219,245,93,112,1438,1436,253,0,205,246,621,598,220,101,428,245,0,202,414,404,142,7,26,687,643,306,375,0,0,386,340,,,0,0,1731,1497,,,0,0,,,1054,365,161,233
2023-05-02,,156,158,0,158,300,10,579,524,184,174,0,0,215,250,,,102,373,579,573,445,510,,,870,254,1281,987,0,0,357,333,135,175,596,598,355,93,219,196,299,272,80,229,200,130,0,103,188,230,89,76,161,313,301,100,116,0,0,153,142,,,0,0,393,323,,,0,0,,,183,101,26,37
2023-05-03,,249,269,0,194,304,23,501,488,218,237,0,0,246,385,,,108,425,871,790,565,702,,,983,245,1765,1348,0,0,407,419,155,234,924,852,561,113,324,309,473,486,141,306,241,176,0,216,290,429,129,67,196,546,482,161,203,0,0,253,217,,,0,0,744,557,,,0,0,,,342,204,50,89
2023-05-04,,226,235,0,203,326,19,522,379,263,237,0,0,314,332,,,120,444,924,854,549,686,,,1065,332,1716,1411,0,0,409,472,148,179,997,978,450,106,322,280,546,480,139,263,269,189,0,191,279,439,143,79,171,593,495,160,217,0,0,255,205,,,0,0,894,573,,,0,0,,,409,192,68,102
2023-05-05,,253,262,0,204,462,9,338,288,224,209,0,0,290,299,,,127,298,1059,982,623,822,,,1053,296,1688,1439,0,0,324,334,163,192,1059,1057,391,111,323,294,555,516,122,218,336,249,0,242,321,431,153,112,122,605,517,195,228,0,0,287,241,,,0,0,1194,802,,,0,0,,,543,297,85,132
2023-05-06,,143,144,0,66,240,10,132,100,96,106,0,0,156,162,,,79,187,905,838,466,586,,,839,350,1042,833,0,0,186,267,58,77,949,852,244,68,132,137,270,298,45,44,189,118,0,153,232,194,125,36,51,393,323,187,225,0,0,186,202,,,0,0,984,822,,,0,0,,,447,223,73,134
2023-05-07,,117,147,0,2,179,33,347,254,110,81,0,0,126,139,,,91,142,826,708,374,481,,,388,200,891,631,0,0,180,200,48,55,720,753,194,59,151,149,305,299,72,58,190,142,0,112,242,239,90,25,47,378,352,169,201,0,0,206,166,,,0,0,1036,804,,,0,0,,,489,293,75,136
2023-05-08,,176,232,0,43,253,4,204,170,137,145,0,0,30,73,,,70,174,1380,1258,773,923,,,595,315,1490,1271,0,0,247,387,96,107,1545,1449,201,101,197,120,661,578,146,96,355,252,0,158,374,334,161,48,62,679,605,314,414,0,0,330,356,,,0,0,1854,1585,,,0,0,,,975,383,179,242
2023-05-09,,263,259,0,223,332,7,446,401,244,214,0,0,0,3,,,32,2,1091,1005,682,808,,,1021,202,2008,1474,0,0,458,534,168,193,1087,1010,409,100,374,236,568,554,118,268,347,219,0,116,328,453,156,70,168,526,556,181,213,0,0,251,227,,,0,0,1046,786,,,0,0,,,428,170,71,129
2023-05-10,,261,270,0,269,301,11,242,282,246,230,0,0,336,341,,,128,229,915,822,567,663,,,1093,73,1752,1379,0,0,460,619,161,199,985,916,517,110,385,311,499,464,112,250,311,229,0,121,293,468,130,84,231,318,488,156,190,0,0,229,207,,,0,0,768,577,,,0,0,,,386,150,37,82
2023-05-11,,234,193,0,212,550,6,208,249,252,202,0,0,296,269,,,140,230,795,766,514,600,,,1071,84,1623,1275,0,0,420,381,138,155,802,785,517,119,373,275,434,398,104,186,256,183,0,66,259,371,116,56,156,290,433,155,144,0,0,237,228,,,0,0,691,530,,,0,0,,,299,112,40,75
2023-05-12,,198,201,0,202,300,13,135,156,199,190,0,0,279,248,,,148,218,798,746,455,635,,,1065,151,1466,1135,0,0,370,382,123,188,822,855,563,113,324,219,353,379,99,174,218,200,0,43,214,349,130,86,142,363,407,156,197,0,0,204,183,,,0,0,754,599,,,0,0,,,289,122,36,77
2023-05-13,,135,151,0,104,290,10,371,390,141,100,0,0,152,136,,,77,151,806,798,334,472,,,787,305,1022,878,0,0,225,230,82,100,875,908,344,67,173,178,286,306,66,63,226,144,0,22,222,197,90,20,40,299,304,149,189,0,0,198,211,,,0,0,944,865,,,0,0,,,398,201,62,72
2023-05-14,,129,145,0,94,202,5,246,126,102,117,0,0,152,143,,,81,121,871,824,493,624,,,683,324,961,758,0,0,152,237,32,52,999,934,200,76,137,182,381,315,64,36,226,192,0,4,201,266,107,21,41,416,335,159,215,0,0,201,203,,,0,0,1168,1016,,,0,0,,,496,180,79,128
2023-05-15,,99,103,0,101,206,10,170,89,132,101,0,0,123,244,,,19,113,420,382,198,240,,,799,262,907,534,0,0,207,216,51,103,428,422,569,95,180,122,102,104,21,56,78,73,0,21,91,103,82,23,71,134,142,62,85,0,0,52,51,,,0,0,368,259,,,0,0,,,104,41,21,35
2023-05-16,,197,189,0,201,287,10,669,539,212,170,0,0,255,317,,,41,199,685,637,436,492,,,930,307,1488,1100,0,0,374,387,96,163,732,662,475,125,313,268,390,357,82,200,220,179,0,50,196,378,136,74,164,478,412,154,159,0,0,134,101,,,0,0,447,388,,,0,0,,,243,128,30,45
2023-05-17,,205,206,0,182,261,15,755,610,228,235,0,0,271,329,,,93,205,629,608,365,485,,,897,288,1395,1005,0,0,319,401,133,166,672,671,474,120,282,236,351,317,88,193,176,163,0,90,202,328,128,72,106,364,360,138,152,0,0,122,117,,,0,0,454,360,,,0,0,,,207,124,30,43
2023-05-18,,204,182,0,183,295,15,616,461,211,208,0,0,277,343,,,115,221,726,643,424,544,,,982,231,1385,980,0,0,379,379,112,143,759,707,486,114,307,23,364,336,94,206,205,161,0,90,218,343,151,72,143,449,351,124,167,0,0,117,83,,,0,0,665,506,,,0,0,,,264,187,49,60
2023-05-19,,183,184,0,180,277,10,458,269,200,189,0,0,235,275,,,106,271,729,649,433,549,,,1038,288,1428,1111,0,0,381,400,82,138,792,788,476,125,309,162,359,347,110,148,261,172,0,22,81,337,120,68,114,456,373,139,166,0,0,109,92,,,0,0,766,596,,,0,0,,,314,190,41,59
2023-05-20,,152,177,0,144,291,16,86,63,121,157,0,0,186,228,,,101,230,1181,1073,574,746,,,1129,273,1390,1142,0,0,312,286,63,79,1285,1140,399,112,166,227,477,432,70,67,285,245,0,4,104,324,193,42,47,547,500,285,388,0,0,196,162,,,0,0,1402,1262,,,0,0,,,749,458,3,5
2023-05-21,,187,242,0,159,300,54,70,30,183,150,0,0,205,173,,,80,259,1665,1480,834,1026,,,1124,380,1801,1372,0,0,277,275,63,93,1622,1572,338,120,232,271,708,561,66,53,416,321,0,13,131,445,177,36,36,800,739,399,521,0,0,410,373,,,0,0,2147,1829,,,0,0,,,1183,443,0,0
2023-05-22,,277,276,0,252,325,14,120,54,289,260,0,0,359,301,,,104,282,1246,1124,775,960,,,1230,341,1799,1089,0,0,460,522,113,207,1260,1188,527,114,290,405,705,577,66,216,395,284,0,28,79,510,153,68,137,731,605,239,282,0,0,322,272,,,0,0,1249,933,,,0,0,,,500,296,0,0
2023-05-23,,231,205,0,231,307,15,404,183,235,209,0,0,264,270,,,82,197,773,691,431,583,,,1064,257,1592,1150,0,0,382,367,105,175,799,799,506,132,284,247,375,348,748,747,251,169,0,59,159,318,98,71,111,417,396,139,141,0,0,193,184,,,0,0,576,434,,,0,0,,,230,108,23,52
2023-05-24,,245,266,0,244,326,19,555,470,263,194,0,0,248,333,,,71,246,837,806,548,682,,,1013,318,1660,1290,0,0,372,461,131,169,837,832,571,124,355,296,479,428,1068,1090,289,218,0,33,239,448,131,76,129,510,459,187,204,0,0,192,171,,,0,0,688,566,,,0,0,,,291,173,39,67
2023-05-25,,245,245,0,262,367,13,417,318,270,211,0,0,260,361,,,98,266,1053,940,661,841,,,1170,260,1686,1283,0,0,466,506,119,176,1189,1096,514,112,158,352,555,505,1623,1580,325,253,0,37,264,464,164,74,137,646,554,225,243,0,0,258,226,,,0,0,1091,885,,,0,0,,,450,221,78,111
2023-05-26,,222,225,0,193,335,18,318,191,252,203,0,0,260,268,,,119,255,970,925,570,748,,,1198,301,1113,1363,0,0,386,374,113,148,1034,980,513,128,259,292,433,432,1398,1416,283,216,0,52,265,326,126,31,28,541,450,194,222,0,0,234,229,,,0,0,942,773,,,0,0,,,416,189,60,92
2023-05-27,,163,189,0,166,308,21,230,116,164,124,0,0,171,210,,,87,228,1233,1158,640,763,,,1087,306,910,1210,0,0,264,292,62,98,1433,1380,353,85,211,242,529,441,2386,2341,299,242,0,4,224,355,180,0,0,712,562,348,403,0,0,295,304,,,0,0,1752,1414,,,0,0,,,881,402,163,203
2023-05-28,,170,210,0,196,322,22,157,66,167,154,0,0,187,216,,,114,238,1521,1371,813,1017,,,1078,358,567,941,0,0,213,259,63,84,1629,1499,307,130,261,299,655,525,2783,2863,442,294,0,1,241,474,195,0,0,718,670,398,458,0,0,369,272,,,0,0,2023,1896,,,0,0,,,1123,414,209,292
2023-05-29,,268,257,0,265,332,16,360,232,256,252,0,0,319,395,,,121,261,1176,1103,718,906,,,1197,205,1301,1427,0,0,523,515,123,198,1249,1108,582,118,357,360,565,522,1614,887,396,258,0,8,220,537,201,0,0,718,642,218,234,0,0,269,128,,,0,0,1129,934,,,0,0,,,537,255,84,112
2023-05-30,,244,287,0,283,309,88,492,137,326,317,0,0,338,312,,,114,298,1225,1135,762,966,,,1205,290,1297,1487,0,0,477,521,133,195,1261,1218,578,118,333,398,622,585,1622,1042,371,276,0,35,231,606,210,42,106,752,643,295,308,0,0,269,236,,,0,0,1099,870,,,0,0,,,535,252,97,156
2023-05-31,,306,316,0,280,397,155,373,207,311,273,0,0,350,431,,,138,284,1245,1165,805,1016,,,1253,296,1196,1348,0,0,513,513,139,181,1291,1201,622,125,377,410,662,600,1726,1776,380,277,0,2,163,603,177,63,149,763,661,236,224,0,0,295,276,,,0,0,1158,438,,,0,0,,,577,257,108,152
2023-06-01,,249,237,0,225,363,134,306,81,270,253,0,0,319,379,,,141,290,1136,1006,615,778,,,1355,228,822,708,0,0,487,507,129,192,1108,1002,557,135,280,333,562,486,1509,1445,340,238,0,7,211,512,142,62,129,649,555,229,226,0,0,290,278,,,0,0,1038,293,,,0,0,,,470,250,77,118
2023-06-02,,189,205,0,184,327,125,363,130,252,204,0,0,278,283,,,59,255,927,780,518,629,,,1172,187,866,1081,0,0,360,418,123,153,960,838,472,142,209,261,397,415,1265,1246,265,218,0,29,217,375,133,76,132,492,431,163,165,0,0,319,294,,,0,0,810,273,,,0,0,,,378,199,53,101
2023-06-03,,163,182,0,124,321,168,237,127,149,137,0,0,163,252,,,148,258,1220,1004,581,759,,,962,222,895,1077,0,0,327,466,87,111,1321,1282,271,115,168,224,630,572,2242,2161,347,262,0,3,81,370,170,48,52,683,557,281,320,0,0,277,287,,,0,0,1670,665,,,0,0,,,823,397,157,200
2023-06-04,,216,229,0,138,283,177,115,63,180,125,0,0,159,176,,,124,190,1421,1276,702,981,,,903,191,738,1087,0,0,180,180,72,97,1429,1273,254,74,195,255,584,567,2399,2440,436,306,0,6,147,434,187,40,60,702,632,286,319,0,0,350,373,,,0,0,1732,750,,,0,0,,,1017,372,190,250
2023-06-05,,111,141,0,106,237,64,325,149,137,110,0,0,204,199,,,71,143,375,390,321,282,,,936,209,561,470,0,0,231,248,59,94,478,453,600,86,123,170,188,206,478,524,135,81,0,41,98,185,74,26,62,204,140,57,59,0,0,128,112,,,0,0,289,110,,,0,0,,,155,59,20,13
2023-06-06,,100,116,0,81,260,65,383,433,110,121,0,0,112,227,,,65,123,423,312,150,238,,,1050,200,183,294,0,0,210,230,61,68,418,392,589,96,112,95,93,87,478,461,74,56,0,36,55,86,56,38,70,92,101,58,43,0,0,87,83,,,0,0,325,106,,,0,0,,,71,43,5,20
2023-06-07,,194,176,0,161,337,136,918,946,239,185,0,0,281,385,,,119,209,814,773,423,596,,,1127,272,622,678,0,0,386,415,90,134,913,868,542,136,194,244,291,317,1150,1203,238,163,0,9,102,325,133,85,111,377,367,167,142,0,0,224,181,,,0,0,725,186,,,0,0,,,257,156,0,0
2023-06-08,,197,206,0,201,374,155,1027,1071,229,200,0,0,270,318,,,127,230,926,807,501,688,,,1249,312,923,1166,0,0,405,406,122,137,1004,895,577,129,251,268,408,414,1279,1381,255,200,0,5,69,399,96,77,100,480,418,169,176,0,0,236,242,,,0,0,799,221,,,0,0,,,353,150,0,0
2023-06-09,,151,168,0,151,333,77,755,785,185,142,0,0,215,223,,,102,188,627,560,309,419,,,1271,236,649,636,0,0,308,336,107,133,800,690,564,95,154,198,272,280,801,929,248,201,0,8,59,299,111,75,108,325,300,145,154,0,0,163,173,,,0,0,500,181,,,0,0,,,224,136,0,0
2023-06-10,,131,155,0,178,311,135,700,694,138,142,0,0,157,185,,,99,144,972,824,440,591,,,1192,380,555,835,0,0,278,313,60,104,1020,917,540,85,131,159,306,335,1536,1590,222,156,0,3,73,276,109,76,121,435,403,209,247,0,0,219,212,,,0,0,1019,457,,,0,0,,,501,225,0,0
2023-06-11,,181,270,0,167,319,172,827,852,170,169,0,0,169,174,,,116,206,1415,1225,793,991,,,1047,427,699,1052,0,0,268,298,96,114,1461,1411,266,10,227,260,620,553,2568,2566,409,279,0,5,148,445,166,35,31,698,613,361,436,0,0,343,341,,,0,0,1824,708,,,0,0,,,1013,385,0,0
2023-06-12,,228,260,0,195,309,167,1103,1057,227,196,0,0,252,277,,,101,228,1073,901,572,785,,,1173,393,887,892,0,0,479,408,132,213,1105,1021,485,142,286,323,511,472,1474,1468,290,237,0,4,105,465,112,70,83,522,491,201,247,0,0,283,260,,,0,0,950,269,,,0,0,,,354,154,45,73
2023-06-13,,211,191,0,208,309,151,864,833,266,211,0,0,219,287,,,81,239,757,730,454,550,,,1117,313,798,617,0,0,432,433,143,205,758,715,589,128,250,302,405,402,894,948,286,204,0,0,51,340,111,80,102,469,403,149,203,0,0,226,205,,,0,0,615,403,,,0,0,,,293,144,41,59
2023-06-14,,239,260,0,244,345,146,884,590,255,198,0,0,234,301,,,100,273,960,871,521,700,,,1091,346,703,551,0,0,409,423,160,227,984,931,577,119,298,337,511,456,1278,1289,271,208,0,0,99,399,128,64,80,505,465,165,204,0,0,253,222,,,0,0,818,640,,,0,0,,,346,174,53,123
2023-06-15,,203,228,0,208,316,133,581,427,242,204,0,0,216,227,,,66,245,845,797,521,640,,,1125,370,697,544,0,0,397,431,180,216,847,890,431,126,206,252,453,409,1127,1213,274,221,0,2,107,335,193,83,110,517,418,157,204,0,0,283,256,,,0,0,729,592,,,0,0,,,355,159,51,100
2023-06-16,,192,198,0,147,347,93,476,243,178,192,0,0,121,194,,,110,192,603,538,350,458,,,1137,352,500,517,0,0,282,293,108,164,748,697,370,93,148,211,318,294,861,883,206,169,0,8,91,236,130,67,77,381,268,122,147,0,0,174,182,,,0,0,531,438,,,0,0,,,248,158,39,75
2023-06-17,,101,111,0,112,298,112,311,182,105,88,0,0,78,80,,,72,102,697,563,279,399,,,983,331,373,497,0,0,227,251,28,95,628,600,283,52,106,122,192,241,1128,1095,111,102,0,12,107,132,89,41,37,320,244,139,170,0,0,129,180,,,0,0,789,672,,,0,0,,,375,229,88,106
2023-06-18,,181,193,0,179,308,152,351,243,137,125,0,0,154,175,,,100,196,1552,1355,740,922,,,1014,419,376,712,0,0,303,298,95,145,1417,1295,271,104,227,260,546,539,2589,2583,432,295,0,0,57,267,171,36,42,705,695,289,408,0,0,363,387,,,0,0,1837,1571,,,0,0,,,1067,408,185,275
2023-06-19,,261,212,0,224,348,100,494,473,213,192,0,0,233,232,,,124,250,939,832,583,742,,,1300,361,615,433,0,0,390,447,160,215,1015,853,482,142,256,303,454,442,1238,1324,275,209,0,0,87,282,104,61,88,486,488,185,234,0,0,283,235,,,0,0,824,320,,,0,0,,,354,161,66,94
2023-06-20,,246,249,0,262,396,131,273,108,285,224,0,0,327,301,,,138,258,1099,1013,620,785,,,1476,376,738,544,0,0,462,514,204,245,1092,1078,646,138,295,380,545,521,1533,1565,328,278,0,1,55,100,46,61,110,549,583,217,278,0,0,303,254,,,0,0,970,229,,,0,0,,,477,248,74,109
2023-06-21,,169,176,0,223,352,114,305,104,196,170,0,0,241,277,,,127,197,660,613,413,507,,,1237,348,587,464,0,0,368,419,147,208,734,717,742,113,214,260,367,379,807,907,261,157,0,13,108,40,29,54,114,389,371,162,152,0,0,219,195,,,0,0,517,133,,,0,0,,,241,127,34,70
2023-06-22,,215,234,0,219,386,113,69,34,211,192,0,0,260,243,,,119,249,884,748,495,652,,,1448,389,612,499,68,49,393,427,163,212,809,769,551,139,244,312,384,345,1137,1068,258,200,0,48,241,106,43,57,72,494,430,179,195,0,0,220,172,,,0,0,723,135,,,0,0,,,342,195,62,93
2023-06-23,,142,149,0,160,335,103,334,105,184,149,0,0,225,200,,,128,198,484,421,267,425,,,1070,327,349,249,621,669,318,343,124,179,591,577,481,91,149,198,268,310,685,670,200,139,0,50,169,126,38,74,73,308,275,87,132,0,0,120,129,,,0,0,445,171,,,0,0,,,183,118,34,66
2023-06-24,,146,137,0,173,311,144,164,86,144,101,0,0,154,134,,,131,191,993,930,463,614,,,1061,402,283,542,956,918,269,274,54,98,1030,994,211,79,136,220,353,419,1747,1794,280,187,0,62,256,133,62,45,32,557,450,231,283,0,0,30,128,,,0,0,1216,404,,,0,0,,,659,402,0,0
2023-06-25,,151,175,0,193,324,125,71,43,134,92,0,0,160,146,,,117,221,1239,1118,635,791,,,987,404,303,535,1128,1135,227,284,74,138,1273,1204,248,81,181,231,454,433,2144,1108,352,222,0,67,354,131,54,29,43,616,584,237,346,0,0,76,207,,,0,0,1519,458,,,0,0,,,896,380,0,0
2023-06-26,,246,184,0,250,474,126,118,49,272,201,0,0,226,264,,,124,224,977,886,533,752,,,1277,399,586,409,1143,1110,469,469,160,255,969,975,512,100,272,304,457,437,1360,1371,280,231,0,78,301,75,33,80,80,469,483,166,211,0,0,39,119,,,0,0,846,217,,,0,0,,,408,179,0,0
2023-06-27,,238,222,0,231,360,146,458,155,249,216,542,0,253,276,,,111,227,796,779,489,627,,,1083,306,626,402,992,938,432,418,230,211,784,822,534,122,226,280,465,417,1047,1052,276,229,0,68,278,124,25,95,101,422,427,165,206,0,0,49,136,,,0,0,669,186,,,0,0,,,349,187,0,0
2023-06-28,,223,219,0,199,273,163,421,217,240,228,1050,1,249,276,,,148,270,944,861,541,724,,,1101,298,621,399,1140,988,429,470,181,260,1004,950,559,107,267,320,453,385,1298,1320,273,214,0,80,283,94,11,84,87,478,442,208,266,0,0,197,208,,,0,0,857,265,,,0,0,,,414,179,0,0
2023-06-29,,228,239,0,250,373,137,228,117,289,216,1078,1,222,303,,,144,268,994,937,535,739,,,1293,354,629,444,1167,1094,392,474,164,232,1013,1071,607,111,235,306,540,529,1529,1506,331,272,0,38,277,134,34,75,100,588,527,194,255,0,0,279,256,,,0,0,989,258,,,0,0,,,444,231,50,84
2023-06-30,,153,149,0,149,378,132,302,93,153,142,618,0,141,163,,,83,133,421,394,258,365,,,1153,361,406,328,639,543,278,323,70,94,486,522,434,98,146,167,242,234,625,571,172,145,0,20,166,81,20,72,72,253,217,90,91,0,0,117,107,,,0,0,365,112,,,0,0,,,155,71,21,36
2023-07-01,,54,52,0,127,160,88,35,11,172,137,320,0,158,172,,,57,73,324,473,381,518,,,516,171,41,98,955,1008,88,142,66,82,643,538,94,62,47,119,317,353,1639,1745,236,151,0,14,129,77,18,24,11,295,330,127,190,0,0,119,82,,,0,0,344,195,,,0,0,,,588,300,53,42
2023-07-02,,78,61,0,107,204,80,78,33,158,166,321,0,126,138,,,94,66,309,392,384,507,,,463,179,33,85,988,929,92,105,88,123,716,595,103,53,54,151,296,202,1608,1682,280,191,0,35,131,14,3,20,24,346,326,157,238,0,0,117,88,,,0,0,354,189,,,0,0,,,608,250,55,61
2023-07-03,,179,147,0,185,357,143,117,50,333,238,779,0,177,155,,,84,183,787,623,466,575,,,1031,421,565,468,939,969,346,344,140,160,816,769,327,105,170,233,399,378,1100,1102,234,175,0,57,204,150,30,55,41,434,387,192,241,0,0,223,198,,,0,0,717,197,,,0,0,,,359,128,61,99
2023-07-04,,183,159,0,210,316,110,75,21,329,257,844,0,193,207,,,93,162,767,666,417,563,,,1102,378,434,332,922,911,333,347,138,181,814,702,302,107,191,233,345,341,1057,412,216,175,0,44,238,15,2,43,49,390,345,219,199,0,0,205,184,,,0,0,800,201,,,0,0,,,354,144,58,80
2023-07-05,,122,136,0,133,344,67,52,13,212,155,508,0,91,100,,,66,59,689,537,330,381,,,695,335,241,352,609,674,204,242,70,142,617,572,195,85,128,171,230,220,1149,1075,161,122,0,38,148,22,8,39,26,290,243,154,196,0,0,127,130,,,0,0,839,294,,,0,0,,,333,155,54,88
2023-07-06,,126,147,0,151,145,123,57,34,200,188,593,0,107,90,,,89,97,840,761,425,571,,,772,382,331,499,916,901,205,214,99,103,825,818,197,77,171,199,391,375,1412,363,241,159,0,52,215,38,8,28,23,443,441,235,262,0,0,213,229,,,0,0,1161,371,,,0,0,,,647,278,126,168
2023-07-07,,128,136,0,142,326,142,91,55,194,171,530,0,159,123,,,82,96,619,546,275,345,,,1045,427,365,381,728,712,227,228,71,105,650,571,262,79,137,178,236,243,906,827,163,132,0,22,169,24,13,40,29,306,269,173,180,0,0,172,157,,,0,0,641,158,,,0,0,,,347,178,46,76
2023-07-08,,102,101,0,100,288,157,50,27,177,177,523,0,94,119,,,57,89,649,608,301,363,,,928,275,162,289,707,712,267,257,63,76,628,650,231,69,115,147,212,238,1186,1132,192,101,0,27,158,70,19,31,20,308,278,172,231,0,0,169,163,,,0,0,867,206,,,0,0,,,418,224,69,107
2023-07-09,,131,112,0,117,300,164,31,10,211,188,519,0,112,108,,,47,101,702,652,305,405,,,795,344,214,445,709,731,180,194,39,69,660,669,240,84,105,136,287,243,1300,1266,222,138,0,22,159,42,19,35,20,327,307,192,219,0,0,152,135,,,0,0,904,188,,,0,0,,,522,212,75,114
2023-07-10,,161,153,0,172,336,141,78,15,218,203,796,0,222,179,,,63,192,690,620,390,550,,,1150,349,458,308,821,821,387,347,112,121,695,679,410,93,188,248,344,333,890,838,236,177,0,35,210,18,3,56,51,406,344,132,157,0,0,217,182,,,0,0,555,111,,,0,0,,,249,148,38,63
2023-07-11,,204,187,0,240,363,115,75,26,241,230,998,1,223,220,,,97,256,934,914,518,689,,,1392,347,669,480,1236,1247,422,512,127,157,982,903,521,138,291,375,501,450,1325,1390,298,229,0,31,231,188,38,80,56,518,450,220,260,0,0,256,229,,,0,0,915,143,,,0,0,,,391,220,78,97
2023-07-12,,165,184,0,185,364,130,94,21,205,191,853,0,214,188,,,115,128,750,654,391,559,,,1175,329,416,303,905,884,320,410,99,158,823,747,413,117,202,267,321,301,1083,1102,242,201,0,67,194,145,33,59,52,423,403,173,236,0,0,181,201,,,0,0,705,132,,,0,0,,,344,149,73,95
2023-07-13,,228,207,0,166,353,103,157,51,259,212,925,0,215,232,,,50,258,924,928,490,665,,,1304,354,592,450,1072,1112,402,395,167,229,950,964,391,115,285,307,430,402,1385,1352,307,234,0,85,257,242,64,69,71,510,494,248,246,0,0,272,230,,,0,0,889,207,,,0,0,,,447,220,86,92
2023-07-14,,164,189,0,193,362,89,128,69,193,150,852,1,209,205,,,57,266,864,773,411,548,,,1244,378,524,467,934,918,344,389,109,175,1056,950,433,103,211,276,391,350,1265,1337,216,165,0,50,211,351,64,56,51,479,395,171,215,0,0,229,210,,,0,0,873,320,,,0,0,,,363,207,68,94
2023-07-15,,123,115,0,151,342,107,29,17,116,138,492,0,99,111,,,68,177,593,526,202,281,,,1077,447,213,314,545,591,169,236,48,94,558,556,249,68,115,137,206,198,1017,441,138,124,0,21,156,108,28,25,22,274,243,140,136,0,0,125,121,,,0,0,728,228,,,0,0,,,364,195,62,88
2023-07-16,,125,129,0,134,308,107,56,20,120,114,704,0,114,121,,,103,164,821,723,367,566,,,845,421,144,227,734,732,209,205,78,88,741,780,270,101,123,158,303,263,1371,1387,209,150,0,63,214,189,58,17,35,311,351,192,192,0,0,194,168,,,0,0,995,480,,,0,0,,,493,193,96,135
2023-07-17,,195,204,0,227,377,83,71,18,220,198,795,0,157,106,,,102,222,873,800,507,642,,,1117,425,581,370,1125,1029,380,374,166,181,914,907,404,120,218,292,403,385,1312,1349,250,199,0,100,244,254,35,28,68,464,404,229,253,0,0,238,237,,,0,0,857,345,,,0,0,,,386,138,71,75
2023-07-18,,246,254,0,299,393,139,234,104,263,216,343,0,97,99,,,60,277,1139,1006,638,835,,,1306,437,750,554,1344,1247,438,442,168,224,1129,1054,473,122,305,383,532,516,1592,1569,319,250,0,92,315,470,83,43,163,593,555,269,308,0,0,290,274,,,0,0,1074,361,,,0,0,,,485,237,86,117
2023-07-19,,214,208,0,258,370,124,201,80,260,210,0,0,97,111,,,72,246,915,828,481,631,,,1224,496,654,495,1132,996,393,402,220,209,927,901,528,127,237,282,437,389,1323,1290,266,202,0,101,267,401,66,64,66,507,445,228,274,0,0,270,225,,,0,0,876,192,,,0,0,,,351,198,13,18
2023-07-20,,214,183,0,242,321,119,317,141,275,259,0,0,85,85,,,107,241,2083,961,537,719,,,1178,452,574,410,1118,1041,399,455,160,194,1063,1022,452,118,253,302,441,415,1531,1592,286,222,0,128,283,417,90,66,64,546,443,247,294,0,0,269,245,,,0,0,971,302,,,0,0,,,456,270,58,85
2023-07-21,,167,166,0,170,330,114,231,149,219,179,0,0,103,38,,,102,195,780,703,423,558,,,1222,358,460,410,833,820,329,386,154,148,821,724,375,107,173,226,301,303,1126,1152,179,138,0,46,206,333,46,58,66,393,368,206,206,0,0,233,202,,,0,0,782,162,,,0,0,,,349,198,43,73
2023-07-22,,136,135,0,199,340,103,128,58,147,126,0,0,99,44,,,84,208,952,821,446,544,,,990,369,195,401,893,844,241,286,82,94,987,903,241,79,128,200,289,317,1598,513,251,169,0,85,236,285,122,35,39,391,415,216,341,0,0,162,206,,,0,0,1274,477,,,0,0,,,569,256,119,126
2023-07-23,,152,143,0,156,339,117,43,25,127,130,0,0,61,37,,,110,175,1061,865,461,586,,,926,364,219,423,986,975,241,265,65,78,1046,992,260,88,153,193,383,396,1739,1445,287,199,0,75,298,279,123,36,38,525,483,257,312,0,0,226,235,,,0,0,1301,440,,,0,0,,,692,250,118,157
2023-07-24,,184,170,0,183,317,92,195,41,231,215,0,0,102,72,,,138,258,736,688,399,506,,,1143,434,453,307,898,898,380,380,104,127,800,774,396,123,210,227,317,303,1030,1019,168,152,0,71,207,265,76,55,92,388,317,165,205,0,0,194,189,,,0,0,676,193,,,0,0,,,295,153,48,58
2023-07-25,,151,157,0,147,321,69,333,198,174,192,0,0,95,75,,,95,160,596,570,391,425,,,1030,337,483,291,801,689,318,331,89,113,592,549,449,106,165,204,311,327,728,751,212,141,0,75,169,256,108,55,91,349,294,136,160,0,0,154,172,,,0,0,469,142,,,0,0,,,237,119,44,61
2023-07-26,,186,179,0,188,365,108,834,771,197,170,0,0,114,86,,,117,234,769,673,386,508,,,1036,327,0,0,786,769,307,355,125,155,803,762,442,130,183,218,325,297,1083,909,173,156,0,116,222,274,130,46,87,355,307,193,229,0,0,190,174,,,0,0,748,223,,,0,0,,,232,167,34,45
2023-07-27,,168,164,0,198,326,102,768,589,207,165,0,0,268,68,,,68,230,706,668,387,505,,,1012,337,0,0,796,757,362,396,110,113,753,691,444,129,222,234,372,361,956,1062,193,153,0,69,170,367,150,55,95,430,369,181,208,0,0,159,184,,,0,0,666,281,,,0,0,,,291,150,14,11
2023-07-28,,112,132,0,130,323,103,400,224,140,110,0,0,74,42,,,75,176,579,480,277,379,,,1061,417,0,0,579,576,238,264,62,100,691,607,358,92,127,140,187,178,913,1004,137,106,0,62,162,186,86,52,77,238,197,136,147,0,0,140,127,,,0,0,587,211,,,0,0,,,252,131,0,0
2023-07-29,,134,140,0,169,402,118,296,174,140,146,0,0,84,40,,,88,181,921,745,388,505,,,1079,376,0,0,797,823,238,269,65,92,827,808,290,94,131,178,290,293,1465,1465,202,158,0,62,197,225,93,40,28,359,312,170,235,0,0,177,165,,,0,0,1077,433,,,0,0,,,511,226,0,0
2023-07-30,,68,82,0,110,263,57,119,83,94,103,0,0,55,31,,,106,110,615,519,284,355,,,804,288,0,0,479,526,183,200,29,43,610,577,293,72,106,132,195,169,979,942,149,137,0,70,166,153,53,44,27,190,208,114,155,0,0,234,199,,,0,0,728,279,,,0,0,,,270,111,0,0
2023-07-31,,194,185,0,218,365,79,54,57,225,203,0,0,73,74,,,109,238,827,690,436,573,,,987,390,0,0,948,903,337,347,137,121,852,840,411,131,203,256,405,403,1199,1160,221,177,0,85,233,342,102,75,84,439,412,204,228,0,0,217,163,,,0,0,842,240,,,0,0,,,396,148,47,97
2023-08-01,,142,144,0,188,290,48,79,48,163,146,131,51,33,70,,,86,196,486,432,275,388,,,971,335,0,0,603,647,301,293,87,98,578,590,453,114,155,189,214,216,665,546,134,118,0,50,149,74,23,52,62,238,203,113,139,0,0,123,111,,,0,0,446,107,,,0,0,,,187,252,42,46
2023-08-02,,166,158,0,168,303,72,65,46,174,174,306,248,79,79,,,101,171,615,554,372,405,,,960,329,0,0,745,720,323,336,103,144,650,578,571,110,165,210,290,283,765,762,171,145,0,77,171,2,0,41,57,309,274,122,159,0,0,173,125,,,0,0,504,180,,,0,0,,,245,306,37,60
2023-08-03,,202,208,0,203,383,97,111,64,203,193,450,362,94,68,,,95,245,1089,970,503,707,,,1160,346,0,0,1143,1101,396,380,101,144,1170,1120,415,138,248,303,501,461,1660,1799,276,220,0,107,255,245,81,48,82,543,511,240,288,0,0,261,227,,,0,0,1155,387,,,0,0,,,500,744,98,133
2023-08-04,,202,169,0,223,362,83,64,58,206,211,369,310,90,63,,,98,235,924,857,490,636,,,1127,363,0,0,966,936,368,329,124,126,969,937,410,115,203,250,415,389,1468,1564,302,218,0,89,250,157,54,62,78,472,422,205,283,0,0,253,213,,,0,0,1035,320,,,0,0,,,454,719,94,122
2023-08-05,,40,39,0,42,201,29,79,36,48,40,93,73,57,47,,,28,62,127,103,44,66,,,706,287,0,0,118,128,93,94,26,30,116,116,278,59,31,36,51,35,170,155,39,47,0,15,36,21,10,28,17,41,38,34,25,0,0,16,29,,,0,0,133,30,,,0,0,,,61,77,15,20
2023-08-06,,64,47,0,45,163,48,78,80,52,58,160,101,86,54,,,38,79,333,273,95,139,,,735,296,0,0,228,228,134,143,25,41,249,238,266,68,42,66,48,42,445,390,73,55,0,25,97,55,27,22,22,75,51,62,90,0,0,74,78,,,0,0,283,80,,,0,0,,,114,143,24,32
2023-08-07,,113,102,0,53,244,37,71,66,174,153,246,280,196,160,,,69,147,330,257,143,218,,,805,278,0,0,395,380,208,219,71,84,430,431,435,107,86,129,114,102,398,459,92,79,0,41,113,109,43,30,72,111,119,87,89,0,0,59,64,,,0,0,277,96,,,0,0,,,107,143,19,37
2023-08-08,,199,190,0,219,331,62,68,74,225,198,498,567,345,240,,,151,202,903,734,477,622,,,1049,366,18,28,891,950,369,334,87,138,930,850,502,125,247,306,454,386,1183,1248,254,188,0,118,259,336,104,54,87,502,469,213,289,0,0,194,190,,,0,0,818,246,,,0,0,,,480,590,85,107
2023-08-09,,124,125,0,79,261,32,84,75,156,155,266,335,168,166,,,113,144,519,428,223,343,,,858,301,0,0,431,444,219,207,45,91,548,515,689,112,132,152,167,151,867,843,122,117,0,63,130,36,30,44,69,218,184,110,116,0,0,99,106,,,0,0,546,151,,,0,0,,,194,320,38,50
2023-08-10,,230,220,0,250,363,53,82,57,218,234,512,566,415,317,,,107,250,978,916,553,746,,,1138,314,0,0,1043,1039,366,398,110,131,1029,1071,520,115,230,273,451,457,1634,1648,276,232,0,113,265,178,47,41,72,392,273,226,284,0,0,245,207,,,0,0,1180,302,,,0,0,,,534,740,100,125
2023-08-11,,161,169,0,209,275,54,81,51,172,161,395,422,301,230,,,121,194,839,728,421,598,,,1284,402,0,0,984,944,320,325,102,122,995,869,391,86,192,231,410,378,1350,1179,262,188,0,100,258,83,27,37,45,483,414,221,222,0,0,236,202,,,0,0,966,255,,,0,0,,,450,653,93,106
2023-08-12,,135,173,0,150,298,41,167,110,155,101,318,426,242,184,,,97,185,851,733,418,530,,,1322,333,0,0,852,851,212,248,63,66,861,821,280,0,135,168,340,339,1543,1490,141,63,0,67,235,45,20,27,28,417,398,223,318,0,0,216,226,,,0,0,1190,363,,,0,0,,,671,787,49,86
2023-08-13,,161,151,0,156,299,60,263,100,124,126,352,448,206,147,,,94,197,943,808,433,548,,,1112,361,0,0,850,836,257,281,63,70,914,783,254,0,145,189,365,311,1547,1665,0,0,0,92,259,16,15,21,33,384,397,230,276,0,0,246,215,,,0,0,1176,370,,,0,0,,,687,698,0,0
2023-08-14,,198,217,0,201,326,33,192,96,239,196,386,522,350,282,,,56,227,856,772,440,586,,,1381,400,0,0,986,982,367,361,126,136,942,914,498,0,208,261,430,395,1268,1226,0,0,0,99,231,55,18,59,97,503,421,202,240,0,0,223,192,,,0,0,862,143,,,0,0,,,403,571,0,0
2023-08-15,,222,241,0,242,334,25,157,82,242,199,408,555,336,500,,,87,240,912,847,496,693,,,1452,343,0,0,0,0,430,404,128,151,1021,990,544,0,263,366,488,460,1335,1159,279,241,0,96,259,23,10,36,84,576,516,236,269,0,0,267,246,,,0,0,917,151,,,0,0,,,483,665,45,47
2023-08-16,,185,182,0,168,317,51,248,129,200,175,328,427,261,258,,,41,194,641,590,400,463,,,1349,270,151,210,866,808,339,395,94,126,754,674,639,0,254,314,421,408,852,405,244,175,0,98,222,56,23,41,66,449,365,174,184,0,0,204,183,,,0,0,569,112,,,0,0,,,341,487,46,57
2023-08-17,,179,194,0,179,348,44,582,365,204,166,386,472,323,267,,,70,221,737,643,390,598,,,1343,286,478,360,865,886,278,357,115,120,845,777,549,0,186,238,379,362,1204,1196,250,158,0,126,267,48,17,54,58,408,366,199,245,0,0,228,176,,,0,0,761,211,,,0,0,,,373,529,67,83
2023-08-18,,162,181,0,199,321,39,277,195,211,148,327,473,253,229,,,43,209,749,714,378,526,,,1295,345,361,316,790,819,318,370,82,130,869,868,380,0,175,249,350,348,1225,1326,222,157,0,109,208,22,5,48,60,418,352,195,230,0,0,201,172,,,0,0,853,214,,,0,0,,,357,504,49,91
2023-08-19,,113,107,0,158,310,49,72,36,130,125,283,387,213,176,,,92,164,742,618,358,453,,,1114,299,230,359,805,785,218,290,53,108,832,746,228,0,140,153,309,264,1377,1349,205,153,0,71,173,18,6,25,20,358,332,199,219,0,0,179,173,,,0,0,996,245,,,0,0,,,583,699,94,135
2023-08-20,,99,114,0,161,307,72,60,13,122,106,303,400,184,141,,,85,162,771,732,403,502,,,933,209,231,356,0,0,36,35,51,71,795,706,246,0,124,146,329,303,1459,1406,211,172,0,68,247,17,12,24,27,401,353,220,251,0,0,231,210,,,0,0,1040,240,,,0,0,,,576,677,124,144
2023-08-21,,205,196,0,215,334,120,83,12,214,181,346,489,302,228,,,96,224,836,719,455,667,,,1235,335,606,410,1005,988,300,332,136,159,882,775,485,0,229,275,402,379,1126,1181,260,218,0,100,239,31,5,42,58,506,458,188,210,0,0,236,195,,,0,0,741,125,,,0,0,,,344,473,51,73
2023-08-22,,210,193,0,220,336,136,130,55,245,197,441,515,371,267,,,104,241,928,829,528,718,,,1323,417,707,499,1157,1127,444,440,124,135,993,919,565,0,275,317,507,484,1322,1315,296,198,0,96,231,54,15,51,82,608,495,236,247,0,0,266,250,,,0,0,931,150,,,0,0,,,402,579,65,102
2023-08-23,,202,216,0,224,317,105,173,57,240,210,404,587,364,262,,,102,270,943,872,530,742,,,1218,381,647,476,1111,1070,384,423,134,167,986,963,531,0,263,311,514,477,1393,1380,283,231,0,84,238,35,20,39,74,520,451,249,319,0,0,266,236,,,0,0,963,167,,,0,0,,,488,639,64,98
2023-08-24,,211,189,0,226,355,152,151,117,213,210,374,527,320,180,,,120,239,871,787,491,636,,,1253,400,619,477,1061,973,147,171,114,140,947,931,495,0,245,269,420,430,1390,1358,297,195,0,100,249,47,26,47,71,583,503,217,272,0,0,244,220,,,0,0,915,187,,,785,893,,,445,624,73,93
2023-08-25,,150,160,0,181,282,120,99,34,179,133,315,359,255,165,,,115,154,606,543,339,466,,,1160,174,389,354,740,708,288,339,117,102,719,699,408,0,178,195,281,313,1008,870,181,141,0,87,216,38,10,40,67,296,308,155,186,0,0,176,182,,,0,0,721,151,,,1097,1008,,,325,404,48,66
2023-08-26,,115,105,0,113,247,88,78,30,107,92,217,323,143,113,,,64,99,683,617,317,454,,,883,157,134,182,623,640,172,195,59,57,643,716,246,0,124,141,260,251,1223,317,165,132,0,62,169,39,21,29,27,336,308,148,207,0,0,167,145,,,0,0,921,241,,,1265,1157,,,488,627,63,130
2023-08-27,,44,25,0,37,190,68,180,100,44,52,126,101,57,28,,,16,34,202,199,90,127,,,592,207,41,75,143,133,93,108,29,47,127,117,263,0,31,40,38,35,244,252,43,44,0,20,56,0,0,13,31,34,36,36,42,0,0,35,53,,,0,0,153,53,,,281,231,,,47,53,13,16
2023-08-28,,51,45,0,33,174,46,168,133,68,61,80,80,89,48,,,19,38,108,78,61,69,,,813,202,77,81,83,105,105,144,69,62,153,185,764,0,50,62,37,45,149,97,41,48,0,14,29,7,5,23,38,38,31,27,36,0,0,34,29,,,0,0,92,19,,,140,142,,,34,27,7,6
2023-08-29,,99,74,0,75,212,63,207,176,115,76,202,245,148,98,,,38,102,287,250,128,220,,,845,280,152,157,287,297,14,30,86,82,337,326,463,0,74,110,115,111,347,358,86,65,0,48,109,80,32,43,96,108,99,56,53,0,0,72,65,,,0,0,215,62,,,355,397,,,73,125,17,34
2023-08-30,,128,126,0,162,237,44,83,72,171,159,294,374,267,135,,,73,189,604,548,343,442,,,933,323,300,303,548,549,275,297,85,147,675,637,562,0,155,183,260,226,812,849,149,94,0,82,169,197,39,47,104,237,255,145,160,0,0,176,153,,,0,0,583,162,,,971,824,,,187,340,27,63
2023-08-31,,156,156,0,168,266,96,96,90,181,146,301,402,259,135,,,85,166,611,532,310,479,,,931,314,322,221,716,724,327,299,86,136,698,598,591,0,200,247,327,315,826,866,208,146,0,58,161,180,55,57,101,347,333,170,169,0,0,146,120,,,0,0,579,207,,,1297,1182,,,331,492,59,118
2023-09-01,,144,141,0,146,257,97,98,88,150,132,307,333,251,167,,,50,176,562,534,258,419,,,932,428,0,0,655,656,117,111,93,105,716,664,423,0,181,200,270,286,892,883,158,128,0,81,163,202,67,76,85,330,289,146,182,0,0,148,135,,,0,0,629,201,,,981,936,,,217,418,36,61
2023-09-02,,147,164,0,144,257,79,66,66,186,200,391,444,216,140,,,39,173,969,844,493,652,,,944,382,0,0,869,831,253,241,88,87,1062,977,252,0,134,184,399,353,1709,1675,250,175,0,94,215,103,46,24,39,464,396,243,336,0,0,224,239,,,0,0,1238,367,,,1702,1600,,,695,877,123,161
2023-09-03,,133,135,0,138,294,79,109,66,127,94,387,485,228,157,,,91,177,1003,965,547,719,,,859,384,0,0,922,881,209,197,437,55,1060,1062,227,0,157,210,377,352,1755,1834,298,218,0,141,326,246,32,38,56,507,399,258,360,0,0,304,309,,,0,0,1228,438,,,462,666,,,700,857,126,150
2023-09-04,,233,231,0,242,368,67,112,52,261,231,477,584,421,238,,,124,200,1013,908,619,815,,,992,464,523,933,1059,981,403,413,150,189,1106,1009,435,0,266,313,489,423,1418,1441,324,244,0,135,290,112,10,47,112,502,484,239,288,0,0,274,246,,,0,0,978,250,,,27,24,,,417,578,71,117
2023-09-05,,245,258,0,265,379,112,71,62,258,233,468,707,419,203,,,139,230,1124,981,611,858,,,978,431,1308,1565,1311,1228,443,419,148,247,1162,1102,631,0,298,361,582,510,1615,1434,306,293,0,125,302,108,17,17,97,664,562,256,339,0,0,326,289,,,0,0,1089,255,,,0,0,,,554,698,97,140
2023-09-06,,229,235,0,226,382,116,92,48,255,216,460,651,399,202,,,135,260,1041,943,640,829,,,1075,482,1202,1435,1225,1073,214,239,161,219,1142,1006,607,0,321,350,592,585,1532,1607,380,315,0,125,314,77,20,24,123,633,562,307,335,0,0,287,243,,,0,0,1052,251,,,23,11,,,510,689,81,115
2023-09-07,,183,198,0,220,347,118,75,29,255,217,456,611,393,217,,,118,265,934,868,593,752,,,1258,319,1110,1376,1123,1079,420,429,126,204,1019,908,581,0,260,305,540,486,1387,826,322,248,0,138,302,36,15,49,171,627,519,270,340,0,0,277,271,,,0,0,959,206,,,0,0,,,448,670,67,139
2023-09-08,,0,0,0,211,341,114,122,55,200,205,386,498,289,167,,,92,228,851,798,466,637,,,1255,422,1001,1278,981,1026,316,329,164,162,873,944,483,0,235,316,404,402,1325,1274,278,192,0,103,258,53,12,109,103,590,457,231,261,0,0,257,225,,,0,0,948,217,,,0,0,,,455,745,72,105
2023-09-09,,0,0,0,162,305,121,92,50,135,142,367,508,242,127,,,63,166,963,890,529,611,,,1016,387,956,1116,1045,1067,265,314,62,105,1062,975,247,0,166,232,449,436,1700,453,266,201,0,103,277,69,34,11,52,565,514,272,346,0,0,251,273,,,0,0,1237,389,,,0,0,,,854,1082,165,214
2023-09-10,,0,0,0,164,275,123,53,20,138,115,392,533,241,116,,,96,163,1141,1046,528,779,,,873,416,933,1027,996,977,274,304,81,72,1133,1022,238,0,179,271,525,426,2032,1794,328,220,0,122,316,78,35,11,53,574,562,281,385,0,0,305,263,,,0,0,1452,399,,,0,0,,,894,1019,159,227
2023-09-11,,0,0,0,227,314,65,128,121,239,219,448,488,370,253,,,163,0,855,816,571,729,,,1131,411,1123,1327,1092,1026,385,378,162,163,940,902,570,0,260,290,492,490,1189,371,311,231,0,116,285,22,18,20,96,530,422,232,283,0,0,257,241,,,0,0,856,193,,,0,0,,,378,493,56,97
2023-09-12,,0,0,0,250,417,149,81,66,266,212,437,603,404,246,,,99,1,1062,962,586,816,,,1247,397,1232,1514,1188,1203,426,453,159,214,1070,972,588,0,291,359,566,552,1562,1553,324,240,0,149,314,37,11,21,141,619,565,239,314,0,0,303,259,,,0,0,1109,199,,,0,0,,,468,650,3,4
2023-09-13,,0,0,0,147,400,97,456,173,229,210,308,414,323,180,,,94,1,612,578,414,504,,,1099,355,831,995,799,716,374,335,106,169,696,680,614,0,228,241,318,311,818,874,222,184,0,94,209,64,17,38,128,352,315,172,200,0,0,186,174,,,0,0,550,115,,,0,0,,,249,324,0,0
2023-09-14,,0,0,0,157,367,143,539,482,235,161,340,495,362,213,,,40,0,689,683,400,562,,,990,361,885,1054,839,783,215,224,128,161,722,697,628,0,192,258,334,326,945,1000,228,152,0,113,236,230,92,32,69,406,345,172,195,0,0,218,176,,,0,0,601,153,,,0,0,,,325,475,0,0
2023-09-15,,0,0,0,191,347,112,377,324,199,183,395,470,307,149,,,52,0,672,688,403,528,,,1126,404,809,1051,793,787,279,337,125,133,826,801,654,0,191,282,366,308,1076,1137,204,199,0,92,229,17,6,18,77,409,344,201,218,0,0,203,206,,,0,0,736,224,,,225,235,,,321,484,50,56
2023-09-16,,0,0,0,129,263,110,145,110,139,141,356,439,275,100,,,64,0,1053,914,481,649,,,955,305,814,1018,950,916,229,235,100,96,1211,1189,270,0,138,193,436,369,1813,1589,254,189,0,103,264,91,55,21,86,461,450,289,404,0,0,252,209,,,0,0,1312,456,,,0,0,,,701,887,120,173
2023-09-17,,0,0,0,193,284,77,121,60,105,109,329,475,242,146,,,36,0,1271,1136,648,836,,,855,385,951,1110,1117,1034,259,292,99,134,1436,1312,244,0,158,229,427,431,2285,2327,324,213,0,104,282,49,18,13,48,616,559,287,410,0,0,304,265,,,0,0,1604,523,,,0,0,,,877,959,185,222
2023-09-18,,0,0,0,198,401,106,324,316,236,199,325,347,314,187,,,37,0,763,727,463,600,,,1185,338,1008,1172,964,889,422,407,159,194,861,791,580,0,293,290,372,360,1010,1075,248,177,0,108,246,24,9,26,117,473,429,231,285,0,0,237,220,,,0,0,703,136,,,0,0,,,388,484,63,80
2023-09-19,,0,0,0,193,393,101,568,374,223,193,370,364,287,179,,,54,1,789,679,390,542,,,1097,315,877,1096,845,811,378,361,154,180,839,711,571,0,249,299,326,321,983,1021,264,182,0,103,229,50,24,23,116,384,350,197,238,0,0,238,207,,,0,0,634,130,,,0,0,,,298,385,42,75
2023-09-20,,0,0,0,257,330,63,436,335,235,213,390,415,313,197,,,47,1,925,847,488,695,,,1082,310,1142,1321,1131,1071,289,353,123,192,991,907,840,0,323,356,475,425,1371,1437,312,218,0,118,277,38,12,29,120,524,467,233,286,0,0,258,230,,,0,0,872,225,,,0,0,,,420,576,64,125
2023-09-21,,0,0,0,216,304,45,141,96,230,166,385,350,319,200,,,43,0,805,794,446,577,,,1264,325,985,1172,953,915,401,470,147,198,824,809,616,0,250,254,399,374,1177,1216,279,209,0,98,225,96,20,28,133,490,420,199,263,0,0,244,232,,,0,0,834,209,,,0,0,,,354,528,38,57
2023-09-22,,0,0,0,83,272,112,99,99,164,126,237,175,179,125,,,28,1,398,351,215,306,,,1054,301,430,610,400,421,263,251,86,99,414,397,535,0,125,135,173,153,459,418,131,102,0,54,119,162,61,36,89,198,165,94,114,0,0,112,113,,,0,0,263,93,,,0,0,,,130,166,0,0
2023-09-23,,0,0,0,73,268,105,111,82,129,137,226,168,187,101,,,27,0,613,564,306,451,,,759,348,454,634,483,519,205,236,67,59,699,584,221,0,95,132,218,185,988,1147,174,130,0,86,178,156,64,26,40,271,234,123,199,0,0,148,175,,,0,0,651,281,,,0,0,,,344,450,0,0
2023-09-24,,0,0,0,131,324,134,104,54,114,118,295,260,179,99,,,29,0,1029,895,515,636,,,732,312,708,881,815,753,137,128,63,92,956,875,230,0,135,72,363,375,1602,1687,211,175,0,120,244,324,128,12,59,412,400,262,289,0,0,274,224,,,0,0,1126,403,,,0,0,,,63,223,0,0
2023-09-25,,0,0,0,99,320,44,232,54,183,156,324,273,254,160,,,54,0,687,649,413,509,,,968,310,772,981,755,739,312,334,169,199,737,660,572,0,271,214,315,290,930,933,184,159,0,110,216,226,78,46,159,362,339,202,245,0,0,202,177,,,0,0,587,140,,,10,14,,,83,59,31,72
2023-09-26,,0,0,0,180,327,1,119,59,207,200,329,298,345,208,,,63,0,796,794,405,597,,,1105,270,941,1119,917,867,364,402,168,200,846,809,621,0,250,273,379,407,1146,1284,292,199,0,115,232,0,0,35,153,471,411,116,161,0,0,231,197,,,0,0,744,170,,,0,0,,,49,11,54,84
2023-09-27,,0,0,0,172,367,29,102,113,237,217,328,266,331,171,,,87,0,678,664,395,555,,,1152,273,891,1082,851,801,235,369,147,219,802,794,840,0,284,288,354,361,962,1047,239,192,0,112,250,0,0,37,166,421,382,131,149,0,0,214,181,,,0,0,644,175,,,0,0,,,0,0,48,77
2023-09-28,,0,0,0,16,273,142,63,62,158,136,314,235,292,119,,,65,0,1301,1232,584,801,,,878,327,874,1093,1016,1053,263,313,80,91,1239,1191,213,0,166,210,451,455,2271,2254,279,190,0,120,289,0,0,16,48,579,451,130,179,0,0,283,300,,,0,0,1498,534,,,0,0,,,0,0,129,208
2023-09-29,,0,0,0,116,312,67,87,46,167,160,234,182,225,118,,,40,0,680,610,322,446,,,978,376,660,799,679,674,261,277,77,85,763,669,320,0,138,162,306,289,1117,1197,260,186,0,81,196,0,0,31,50,385,323,151,121,0,0,201,176,,,0,0,838,263,,,0,0,,,0,0,87,121
2023-09-30,,0,0,0,88,263,124,202,117,120,146,181,113,144,95,,,56,0,623,546,273,316,,,731,276,428,568,506,524,177,260,54,65,609,558,230,0,67,101,153,149,1034,1000,160,115,0,72,126,0,0,16,18,216,186,89,139,0,0,146,122,,,0,0,727,250,,,0,0,,,0,0,50,74
2023-10-01,,0,0,0,128,252,96,137,54,139,130,258,203,197,77,,,54,0,807,704,385,515,,,812,293,592,731,669,640,161,217,85,83,843,760,246,0,134,164,333,268,1424,1456,188,149,0,112,242,0,0,31,53,319,311,45,90,0,0,221,227,,,0,0,1005,365,,,0,0,,,0,0,88,144
2023-10-02,,0,0,0,199,329,72,170,100,237,190,309,326,362,190,,,49,0,773,721,441,605,,,1107,227,915,1117,879,885,391,459,176,310,917,887,587,0,291,272,398,355,1059,641,254,198,0,129,241,0,0,52,98,424,352,121,159,0,0,209,174,,,0,0,709,188,,,0,0,,,0,0,0,0
2023-10-03,,0,0,0,216,321,99,146,136,250,197,371,368,332,193,,,57,2,900,812,498,670,,,1083,258,1044,1234,1034,979,377,474,168,232,928,862,647,0,329,291,419,429,1187,1304,270,203,0,141,253,0,0,17,97,477,461,125,109,0,0,248,208,,,0,0,785,194,,,0,0,,,0,0,0,0
2023-10-04,,0,0,0,176,334,109,152,104,206,177,336,300,278,136,,,70,0,567,608,339,506,,,896,253,752,919,687,696,355,333,181,249,623,645,764,0,243,242,292,276,706,834,189,137,0,132,200,0,0,18,116,297,250,92,110,0,0,159,137,,,0,0,397,112,,,0,0,,,0,0,0,0
2023-10-05,,115,81,0,185,309,105,149,155,244,156,336,318,259,125,,,49,1,564,530,339,394,,,905,294,687,844,672,593,299,374,149,255,558,516,481,0,189,228,243,244,605,689,175,122,0,108,187,0,0,62,91,300,250,25,47,0,0,157,146,,,0,0,400,136,,,466,580,,,0,0,22,45
2023-10-06,,148,138,0,161,299,100,126,141,193,149,280,273,272,127,,,79,0,614,503,312,395,,,960,285,609,807,598,635,266,280,141,165,665,607,498,0,206,220,264,251,803,832,175,138,0,119,181,0,0,54,116,333,290,30,56,0,0,140,143,,,0,0,541,160,,,911,877,,,0,0,45,82
2023-10-07,,112,123,0,140,284,128,103,37,116,130,218,210,201,91,,,45,0,687,581,316,419,,,716,319,503,675,604,578,204,229,72,85,664,729,271,0,104,174,298,306,1097,1012,233,146,0,93,176,0,1,18,158,300,273,131,167,0,0,140,136,,,0,0,809,294,,,590,780,,,0,0,105,129
2023-10-08,,72,62,0,54,199,76,124,72,63,77,182,158,119,43,,,34,1,320,267,174,199,,,561,282,247,329,236,259,90,120,44,63,337,307,190,0,56,88,115,82,456,457,94,71,0,71,132,0,0,12,45,101,102,37,34,0,0,104,98,,,0,0,314,96,,,0,0,,,0,0,37,28
2023-10-09,,97,97,0,77,228,80,107,94,97,97,128,149,149,80,,,38,2,200,164,108,119,,,824,210,301,326,280,240,135,192,113,149,273,264,519,0,133,96,76,76,167,196,67,51,0,34,82,0,0,20,83,112,79,31,43,0,0,53,44,,,0,0,87,32,,,87,167,,,0,0,6,4
2023-10-10,,144,140,0,145,271,88,340,251,187,170,269,261,276,123,,,47,0,542,504,245,361,,,931,315,622,785,611,579,284,310,125,238,548,526,514,0,202,188,211,237,624,678,186,126,0,93,162,0,0,46,137,221,218,83,118,0,0,145,126,,,0,0,392,73,,,772,783,,,0,0,32,44
2023-10-11,,214,217,0,181,328,182,346,124,242,213,370,415,352,190,,,41,0,945,873,454,662,,,1095,351,1012,1223,954,939,368,463,143,214,953,871,526,0,300,283,429,406,1381,1419,255,189,0,132,268,0,0,41,119,511,447,166,175,0,0,247,222,,,0,0,877,188,,,513,341,,,0,0,73,130
2023-10-12,,151,157,0,121,234,77,122,109,181,166,221,246,252,127,,,32,0,383,369,218,260,,,940,328,553,680,507,507,80,74,138,152,377,377,527,0,175,161,165,169,387,398,136,104,0,71,147,0,0,44,86,205,182,79,92,0,0,111,102,,,0,0,225,54,,,0,0,,,0,0,0,0
2023-10-13,,160,151,0,159,326,101,327,155,176,145,289,265,278,156,,,63,0,624,564,306,452,,,1115,331,668,832,655,656,258,318,134,167,622,605,500,0,189,204,258,247,826,855,201,155,0,97,184,0,0,48,96,313,305,87,102,0,0,202,169,,,0,0,588,129,,,225,320,,,0,0,34,88
2023-10-14,,67,87,0,68,266,78,209,128,51,58,146,115,109,68,,,42,0,377,316,170,229,,,800,282,246,389,261,300,113,105,52,57,360,328,308,0,73,124,131,146,507,526,116,73,0,52,90,0,0,15,47,155,165,46,53,0,0,66,80,,,0,0,316,128,,,0,0,,,0,0,44,52
2023-10-15,,89,89,0,85,221,81,300,243,81,86,206,179,136,61,,,56,0,496,394,210,294,,,500,249,329,412,367,332,138,171,40,57,442,436,179,0,73,90,202,165,750,734,130,81,0,87,138,0,0,23,59,160,156,32,48,0,0,131,130,,,0,0,474,195,,,0,0,,,0,0,47,58
2023-10-16,,105,111,0,98,244,95,503,449,145,135,223,212,183,117,,,70,0,347,319,185,256,,,737,294,451,607,413,421,216,236,118,156,383,398,369,0,142,144,145,143,437,432,146,120,0,76,124,0,0,48,119,175,158,31,53,0,0,102,76,,,0,0,252,79,,,0,0,,,0,0,24,29
2023-10-17,,141,149,0,133,289,103,526,506,146,151,239,210,207,105,,,54,0,345,349,186,271,,,685,222,469,589,434,397,225,262,121,153,365,347,425,0,163,148,155,173,434,422,139,101,0,87,130,0,0,63,136,194,153,23,53,0,0,116,108,,,0,0,262,71,,,0,0,,,0,0,19,31
2023-10-18,,130,165,0,97,260,68,521,496,163,123,238,264,212,89,,,84,0,401,340,197,284,,,754,252,479,620,434,405,207,291,148,206,417,407,448,0,160,136,173,171,463,417,115,87,0,71,130,0,0,37,125,184,191,71,78,0,0,104,96,,,0,0,253,78,,,416,478,,,0,0,26,30
2023-10-19,,90,109,0,54,248,68,263,271,95,99,153,164,133,53,,,58,4,182,165,105,122,,,816,294,274,370,240,249,178,298,109,123,224,234,494,0,112,89,69,75,191,190,81,62,0,37,92,0,0,24,88,102,87,21,42,0,0,62,57,,,0,0,108,32,,,288,302,,,0,0,10,17
2023-10-20,,93,77,0,51,249,63,374,276,107,110,191,146,168,97,,,33,1,280,250,126,163,,,942,352,328,453,309,316,158,189,82,196,295,296,389,0,107,133,101,115,298,309,91,77,0,42,94,0,0,14,66,130,122,10,15,0,0,72,72,,,0,0,168,53,,,384,415,,,0,0,6,13
2023-10-21,,129,144,0,161,262,76,224,111,122,121,284,267,193,95,,,70,0,884,796,417,530,,,944,353,651,839,726,673,49,54,69,63,928,798,265,0,155,167,372,383,1469,1509,234,157,0,123,195,0,0,29,52,397,357,170,172,0,0,221,198,,,0,0,997,423,,,1827,1590,,,0,0,117,151
2023-10-22,,93,83,0,95,226,75,263,175,79,56,199,194,150,47,,,37,1,572,486,238,284,,,648,315,404,489,458,430,134,180,50,81,549,467,222,0,72,106,184,178,824,926,137,105,0,113,169,0,0,11,38,202,178,51,86,0,0,150,158,,,0,0,563,253,,,1035,935,,,0,0,71,82
2023-10-23,,156,173,0,163,270,106,665,636,181,153,328,273,282,134,,,69,0,627,536,324,424,,,814,306,649,864,617,632,275,309,120,153,605,538,359,0,181,214,272,255,783,829,169,132,0,119,193,0,0,45,104,292,266,94,69,0,0,168,131,,,0,0,478,134,,,906,878,,,0,0,36,78
2023-10-24,,127,124,0,104,248,91,473,489,154,115,227,227,187,105,,,50,0,330,310,180,217,,,878,272,424,551,381,369,103,120,117,155,377,385,422,0,138,141,139,144,309,349,109,89,0,71,123,0,0,39,90,177,152,52,51,0,0,106,95,,,0,0,185,52,,,272,334,,,0,0,17,26
2023-10-25,,132,144,0,110,261,94,584,596,148,101,281,279,235,120,,,65,0,499,441,208,315,,,860,305,543,677,504,489,234,326,135,187,488,453,446,0,130,147,191,185,577,589,158,98,0,73,152,0,0,52,99,233,208,50,80,0,0,123,104,,,0,0,360,116,,,686,672,,,0,0,27,53
2023-10-26,,107,120,0,90,217,99,485,483,144,125,242,234,188,95,,,70,1,315,284,182,256,,,791,263,435,560,403,365,225,262,121,180,385,371,374,0,117,141,131,150,404,405,113,77,0,62,108,0,0,49,93,148,159,69,72,0,0,52,31,,,0,0,206,64,,,462,473,,,0,0,17,37
2023-10-27,,63,50,0,1,202,36,196,197,77,77,118,94,64,53,,,25,2,98,92,34,61,,,754,286,112,205,106,123,77,125,59,35,142,136,459,0,26,59,19,24,89,106,28,32,0,17,41,0,0,27,50,44,23,7,8,0,0,8,6,,,0,0,47,20,,,184,184,,,0,0,5,7
2023-10-28,,51,59,0,2,235,48,298,281,88,82,158,129,128,45,,,55,1,292,309,129,178,,,686,274,289,381,302,302,115,129,57,45,320,297,242,0,56,85,99,97,428,429,71,54,0,39,80,0,0,25,49,134,125,57,80,0,0,57,54,,,0,0,264,96,,,779,617,,,0,0,37,46
2023-10-29,,81,91,0,4,230,49,334,351,98,60,232,163,173,74,,,66,0,524,472,239,277,,,697,311,383,511,418,429,160,188,39,43,517,451,275,0,118,184,242,206,931,904,156,120,0,94,147,0,0,26,43,258,254,75,131,0,0,135,49,,,0,0,589,170,,,1023,895,,,0,0,66,101
2023-10-30,,141,142,0,3,246,76,159,167,175,130,325,253,293,142,,,68,0,525,502,254,381,,,940,231,571,792,557,542,130,187,153,224,517,556,438,0,168,190,230,231,647,657,180,146,0,98,160,0,0,36,135,304,246,88,109,0,0,145,96,,,0,0,403,99,,,0,0,,,0,0,29,63
2023-10-31,,134,119,0,3,281,142,136,148,156,127,200,227,286,116,,,88,3,300,281,142,189,,,830,233,409,511,390,354,194,261,112,208,339,320,601,0,135,122,104,88,263,278,106,81,0,63,112,0,0,66,135,132,110,25,42,0,0,61,62,,,0,0,140,39,,,198,289,,,0,0,9,15
2023-11-01,,158,185,0,4,289,105,110,92,178,158,269,282,304,165,,,30,0,493,425,237,275,,,918,232,558,720,535,501,277,253,130,165,502,466,434,0,180,169,193,188,564,577,128,120,0,96,151,0,0,52,139,203,209,66,93,0,0,116,103,,,0,0,331,81,,,770,672,,,0,0,39,52
2023-11-02,,129,144,0,22,296,104,95,112,152,122,244,254,238,104,,,52,0,378,340,179,263,,,852,212,461,598,431,436,223,279,93,112,388,376,488,0,138,161,143,156,383,384,129,100,0,92,141,0,0,76,165,205,173,47,62,0,0,93,86,,,0,0,229,60,,,555,557,,,0,0,23,23
2023-11-03,,65,62,0,28,224,65,92,73,69,65,90,97,133,43,,,17,3,156,109,47,68,,,877,197,134,225,112,133,95,115,82,56,218,158,473,0,78,56,32,28,114,118,46,40,0,32,55,0,0,29,68,40,41,3,18,0,0,30,26,,,0,0,55,18,,,194,186,,,0,0,3,4
2023-11-04,,61,82,0,72,258,71,97,98,79,70,222,199,122,46,,,40,0,523,429,187,241,,,636,280,412,490,424,395,128,137,62,65,445,395,303,0,95,125,176,167,713,757,94,84,0,92,144,0,0,29,39,185,176,74,61,0,0,90,90,,,0,0,528,231,,,839,740,,,0,0,48,72
2023-11-05,,52,71,0,58,195,73,77,64,70,84,208,162,107,33,,,27,0,331,292,160,186,,,511,219,249,353,263,283,118,130,28,30,278,261,202,0,69,88,98,95,426,436,67,52,0,58,96,0,0,26,36,126,138,48,67,0,0,68,72,,,0,0,293,96,,,576,474,,,0,0,40,55
2023-11-06,,118,133,0,101,245,85,78,111,165,134,251,221,231,118,,,48,0,384,369,190,255,,,789,204,471,602,450,425,217,215,107,129,389,335,426,0,127,155,147,154,377,454,121,98,0,83,133,0,0,56,104,208,181,31,40,0,0,99,88,,,0,0,229,75,,,0,0,,,0,0,17,27
2023-11-07,,126,129,0,101,270,89,104,103,157,123,265,263,226,114,,,58,2,410,406,232,309,,,755,242,503,685,441,479,237,238,88,555,395,397,417,0,164,160,183,174,415,483,134,99,0,94,160,0,0,68,119,193,171,38,58,0,0,113,108,,,0,0,258,86,,,356,472,,,0,0,15,31
2023-11-08,,131,126,0,89,248,53,102,102,125,115,230,221,193,141,,,60,1,358,325,186,237,,,728,257,452,560,391,400,217,214,93,116,383,364,459,0,140,139,156,145,267,313,115,91,0,91,116,77,27,70,121,172,153,15,42,0,0,88,81,,,0,0,161,55,,,418,403,,,0,0,10,26
2023-11-09,,112,105,0,88,177,72,94,75,126,106,223,206,197,108,,,58,0,353,328,166,226,,,745,260,416,556,389,393,204,187,90,97,346,300,457,0,128,137,146,143,401,389,128,84,0,72,103,94,19,84,119,177,157,25,39,0,0,85,84,,,0,0,229,72,,,562,496,,,0,0,21,17
2023-11-10,,103,99,0,83,181,96,96,82,127,112,193,181,168,81,,,52,0,306,281,119,177,,,719,269,301,461,279,314,171,202,67,138,365,305,343,0,85,106,0,0,332,316,88,81,0,70,106,113,37,69,96,119,120,17,31,0,0,70,64,,,0,0,187,42,,,361,340,,,0,0,10,22
2023-11-11,,32,29,0,33,162,45,61,63,39,30,121,81,68,34,,,16,1,145,156,70,77,,,568,288,117,208,95,116,83,99,25,30,115,137,317,0,37,61,0,0,195,175,54,45,0,19,45,33,20,24,28,37,39,12,9,0,0,26,31,,,0,0,108,44,,,216,198,,,0,0,8,17
2023-11-12,,77,79,0,65,196,73,66,66,86,54,212,150,86,38,,,22,0,382,354,155,205,,,475,312,267,363,271,280,96,110,35,35,335,311,235,0,66,57,0,0,533,544,97,77,0,77,110,98,36,34,37,154,136,35,35,0,0,113,83,,,0,0,377,133,,,665,583,,,0,0,36,58
2023-11-13,,54,50,0,37,209,41,234,245,70,65,130,121,119,56,,,26,3,173,144,70,82,,,596,255,229,274,194,184,125,166,54,89,191,194,466,0,92,46,0,0,137,135,70,56,0,46,67,0,0,40,67,59,43,8,28,0,0,48,47,,,0,0,64,25,,,0,0,,,0,0,8,5
2023-11-14,,113,116,0,80,50,63,391,422,131,92,179,163,187,97,,,55,2,281,287,126,193,,,708,292,378,507,343,338,198,198,66,83,282,321,435,0,124,99,0,0,278,297,84,80,0,74,106,0,0,69,106,145,137,22,32,0,0,96,75,,,0,0,171,45,,,0,0,,,0,0,16,17
2023-11-15,,86,82,0,64,0,51,293,299,93,77,148,171,144,70,,,41,1,170,159,66,113,,,715,250,244,310,199,196,118,171,89,77,213,199,715,0,94,1,0,0,142,159,76,72,0,43,61,0,0,54,103,72,64,8,32,0,0,34,39,,,0,0,71,28,,,0,0,,,0,0,6,6
2023-11-16,,102,100,0,85,0,80,335,363,103,83,198,194,183,98,,,43,1,260,252,121,167,,,742,314,336,446,294,271,171,166,75,68,332,312,838,0,113,78,0,0,312,332,91,81,0,58,87,0,0,71,126,152,122,20,28,0,0,76,76,,,0,0,184,74,,,0,0,,,0,0,12,19
2023-11-17,,62,48,0,53,0,33,242,168,53,46,142,97,91,41,,,52,0,254,169,70,116,,,510,251,196,279,168,173,90,118,42,38,266,205,200,0,55,74,0,0,315,278,67,48,0,52,70,0,0,35,49,84,65,12,17,0,0,58,51,,,0,0,162,56,,,0,0,,,0,0,18,21
2023-11-18,,53,38,0,43,0,44,146,150,47,57,142,104,99,42,,,53,0,228,183,69,111,,,471,310,148,251,154,138,97,85,22,25,173,160,170,0,49,58,0,0,323,310,60,47,0,71,80,0,0,19,42,67,65,11,12,0,0,53,48,,,0,0,213,84,,,0,0,,,0,0,19,37
2023-11-19,,49,49,0,40,0,31,165,142,53,46,135,102,59,27,,,56,1,208,169,51,73,,,414,246,159,208,150,151,87,81,18,27,157,135,196,0,47,66,0,0,259,259,56,55,0,31,67,0,0,24,32,73,70,14,16,0,0,32,35,,,0,0,149,66,,,0,0,,,0,0,14,25
2023-11-20,,104,96,0,71,0,46,364,393,110,101,215,182,200,93,,,66,0,242,252,98,160,,,654,278,312,426,257,290,157,201,91,73,303,295,379,0,128,88,0,0,236,274,91,69,0,66,96,0,0,54,114,98,95,20,26,0,0,64,61,,,0,0,114,57,,,0,0,,,0,0,8,18
2023-11-21,,102,99,0,67,0,65,330,356,106,102,168,178,306,100,,,64,1,233,205,129,161,,,666,269,343,428,278,278,169,163,83,63,274,266,601,0,141,139,0,0,205,218,72,67,0,73,90,0,0,42,105,102,97,16,31,0,0,72,75,,,0,0,97,26,,,0,0,,,0,0,8,13
2023-11-22,,74,100,0,30,0,66,306,317,113,71,164,173,169,88,,,66,0,194,184,87,134,,,541,251,297,367,242,219,134,166,88,66,210,216,457,0,88,101,0,0,163,186,79,57,0,46,72,0,0,48,149,98,74,19,30,0,0,61,59,,,0,0,83,35,,,167,240,,,0,0,6,4
2023-11-23,,75,81,0,58,0,64,312,322,103,86,179,168,190,70,,,77,0,209,184,110,152,,,612,245,308,387,245,274,156,151,102,83,212,208,578,0,80,99,0,0,146,179,78,55,0,57,80,0,0,57,137,99,92,20,31,0,0,57,45,,,0,0,81,33,,,319,326,,,0,0,6,11
2023-11-24,,57,62,0,35,0,68,283,235,86,67,144,132,168,56,,,60,2,176,164,69,89,,,594,260,181,283,135,161,115,119,69,72,218,215,469,0,73,86,0,0,145,155,58,46,0,49,72,0,0,46,114,44,48,12,37,0,0,52,50,,,0,0,68,26,,,243,224,,,0,0,10,7
2023-11-25,,42,42,0,48,0,42,105,99,29,46,107,86,86,17,,,58,3,145,129,42,57,,,457,326,105,159,80,82,68,90,20,31,108,93,269,0,36,53,0,0,164,157,41,29,0,16,40,0,0,28,46,26,37,7,4,0,0,25,25,,,0,0,97,35,,,380,277,,,0,0,20,13
2023-11-26,,24,30,0,15,0,26,73,63,42,32,108,68,62,16,,,26,0,134,114,26,39,,,382,233,75,122,51,54,66,58,24,27,76,66,179,0,32,32,0,0,102,116,20,21,0,26,48,0,0,26,60,17,23,4,4,0,0,27,27,,,0,0,58,30,,,218,171,,,0,0,7,7
2023-11-27,,68,55,0,25,0,37,174,175,67,64,114,138,76,49,,,25,3,135,114,49,65,,,543,217,149,245,114,138,77,98,73,63,157,122,408,0,61,41,0,0,96,110,51,42,0,30,46,0,0,41,145,42,30,5,12,0,0,42,33,,,0,0,49,18,,,199,171,,,0,0,9,3
2023-11-28,,39,49,0,0,0,21,154,156,54,36,104,134,84,36,,,22,4,115,103,44,52,,,565,159,130,190,109,97,84,80,62,101,102,129,661,0,84,39,0,0,54,72,35,44,0,20,40,0,0,49,211,30,25,8,32,0,0,27,30,,,0,0,21,10,,,0,0,,,0,0,0,3
2023-11-29,,29,25,0,13,0,38,113,117,44,35,103,120,103,14,,,15,1,127,99,23,27,,,474,191,138,198,101,97,75,80,53,37,109,116,530,0,44,49,0,0,54,56,43,30,0,30,37,0,0,60,139,26,20,4,13,0,0,28,24,,,0,0,17,21,,,62,85,,,0,0,1,5
2023-11-30,,40,34,0,28,0,35,50,75,68,65,111,170,110,46,,,27,1,121,111,29,35,,,548,184,134,211,97,115,75,93,62,46,129,151,474,0,56,69,0,0,78,83,32,30,0,23,30,0,0,78,148,23,26,5,14,0,0,21,26,,,0,0,34,16,,,195,196,,,0,0,6,6
2023-12-01,,34,31,0,17,0,17,84,104,39,36,88,92,83,22,,,19,3,97,104,15,26,,,570,150,65,164,58,70,69,61,42,29,86,99,576,0,56,38,0,0,66,73,38,27,0,27,50,0,0,54,270,29,18,14,23,0,0,17,29,,,0,0,22,12,,,156,144,,,0,0,0,4
2023-12-02,,8,12,0,4,0,3,21,13,11,6,80,48,28,6,,,5,2,70,57,5,11,,,370,122,15,67,15,13,28,32,14,1,39,49,302,0,19,21,0,0,37,162,17,9,0,1,28,0,0,11,110,0,0,4,21,0,0,14,12,,,0,0,15,82,,,114,97,,,0,0,0,0
2023-12-03,,11,4,0,3,0,3,21,19,12,5,81,73,39,4,,,4,3,56,47,0,0,,,344,155,25,62,24,10,45,50,5,6,33,32,154,0,35,4,0,0,21,32,11,12,0,9,26,0,0,7,51,0,0,4,3,0,0,13,16,,,0,0,18,17,,,120,81,,,0,0,9,1
2023-12-04,,13,24,0,12,0,11,58,60,20,207,94,104,42,16,,,13,19,69,57,0,0,,,380,133,37,114,34,36,45,54,34,10,84,73,355,0,49,11,7,4,30,39,20,16,0,20,23,0,0,49,178,3,13,7,30,0,0,11,16,,,0,0,12,10,,,79,58,,,0,0,0,0
2023-12-05,,14,18,0,14,0,19,60,68,28,58,99,100,64,19,,,9,32,68,64,0,0,,,540,118,40,107,35,36,59,58,22,7,78,80,562,0,62,17,9,10,24,33,17,13,0,10,40,0,0,29,166,17,18,11,13,0,0,14,26,,,0,0,6,4,,,70,73,,,0,0,3,2
2023-12-06,,13,16,0,15,0,38,72,73,48,44,84,122,91,10,,,14,24,79,56,0,0,,,641,167,46,137,41,33,53,59,48,18,90,74,652,0,70,18,10,14,27,43,12,21,0,22,35,0,0,43,91,0,0,9,19,0,0,13,13,,,0,0,6,8,,,148,141,,,0,0,1,0
2023-12-07,,18,18,0,18,0,43,80,63,43,32,100,113,79,11,,,23,0,64,61,0,0,,,614,197,44,131,42,37,72,78,46,18,76,68,649,0,56,23,7,8,27,44,20,17,0,22,30,0,0,31,85,0,0,9,16,0,0,15,17,,,0,0,10,13,,,138,95,,,0,0,1,0
2023-12-08,,24,20,0,15,0,43,30,32,47,36,106,82,111,14,,,20,22,63,43,0,0,,,600,166,34,96,26,28,56,76,40,20,88,79,681,0,31,20,5,8,24,26,17,32,0,19,35,0,0,42,141,0,0,8,8,0,0,13,21,,,0,0,3,1,,,108,102,,,0,0,0,0
2023-12-09,,8,6,0,12,0,45,33,14,26,11,101,84,60,9,,,33,36,75,52,0,0,,,550,210,33,80,15,22,77,90,19,9,42,30,319,0,33,19,7,7,24,31,11,19,0,18,27,0,0,15,34,0,0,3,6,0,0,9,16,,,0,0,8,5,,,125,160,,,0,0,1,5
2023-12-10,,12,17,0,18,0,25,47,54,23,26,85,82,49,9,,,35,28,91,71,0,0,,,374,192,51,79,39,47,42,51,6,6,44,45,202,0,27,26,4,5,64,67,28,16,0,23,34,0,0,11,29,0,0,6,7,0,0,16,14,,,0,0,23,17,,,109,95,,,0,0,0,0
2023-12-11,,54,59,0,45,0,63,216,224,67,75,133,115,134,54,,,50,80,165,142,0,0,,,624,210,179,265,147,152,108,132,60,48,172,172,508,0,55,65,27,24,149,159,37,37,0,35,49,0,0,42,89,0,0,33,48,0,0,31,32,,,0,0,62,29,,,0,0,,,0,0,9,8
2023-12-12,,98,83,0,55,0,65,253,245,67,76,161,149,151,67,,,72,81,251,206,78,102,,,665,215,218,305,184,173,112,142,55,70,266,212,593,0,51,79,68,63,249,267,52,41,0,50,75,0,0,35,109,0,0,59,64,0,0,54,49,,,0,0,125,34,,,3,4,,,0,0,13,8
2023-12-13,,76,59,0,37,0,81,235,230,82,77,133,192,154,52,,,50,91,167,149,62,83,,,769,181,226,279,189,179,122,114,65,51,203,202,835,0,49,72,46,45,167,161,47,38,0,45,59,0,0,53,102,0,0,38,64,0,0,30,34,,,0,0,71,24,,,0,0,,,0,0,9,9
2023-12-14,,63,49,0,46,0,55,199,210,81,59,139,157,150,45,,,42,77,137,134,61,81,,,688,174,171,251,138,126,120,115,62,50,152,155,669,0,44,73,27,23,119,113,46,41,0,36,56,0,0,52,116,0,0,45,64,0,0,32,28,,,0,0,55,19,,,0,0,,,0,0,6,3
2023-12-15,,62,64,0,35,0,30,183,178,63,57,164,129,145,46,,,71,74,152,145,64,89,,,624,182,168,260,130,146,112,103,65,68,142,148,635,0,41,67,27,38,143,117,58,46,0,40,66,0,0,69,132,0,0,43,50,0,0,39,31,,,0,0,72,19,,,0,0,,,0,0,8,11
2023-12-16,,36,35,0,27,0,15,110,102,46,39,132,82,46,22,,,41,12,173,160,35,58,,,552,231,100,182,84,88,84,114,36,25,129,118,284,0,26,67,50,43,205,190,54,41,0,34,56,0,0,34,38,0,0,28,28,0,0,22,34,,,0,0,122,40,,,0,0,,,0,0,15,17
2023-12-17,,47,44,0,50,0,35,157,154,44,27,183,118,101,62,,,57,9,281,256,81,114,,,480,223,177,226,160,150,81,126,42,45,223,187,205,0,37,89,90,86,346,387,67,55,0,66,106,0,0,29,50,0,0,62,52,0,0,54,63,,,0,0,229,77,,,0,0,,,0,0,23,43
2023-12-18,,89,79,0,61,0,45,271,320,76,56,172,183,154,66,,,28,71,262,252,115,149,,,732,180,310,409,248,261,117,115,87,102,251,232,597,0,65,109,82,74,266,304,64,50,0,61,87,0,0,47,112,0,0,55,72,0,0,68,55,,,0,0,139,49,,,0,0,,,0,0,20,24
2023-12-19,,77,90,0,70,0,51,289,286,98,88,193,168,141,86,,,89,94,240,226,94,125,,,652,194,264,353,214,242,140,126,82,78,238,238,600,0,46,111,64,62,217,246,68,57,0,56,72,0,0,72,113,0,0,56,61,0,0,50,76,,,0,0,121,46,,,0,0,,,0,0,2,15
2023-12-20,,48,55,0,24,0,42,171,178,54,47,78,122,96,68,,,47,46,92,71,48,79,,,457,164,114,153,118,137,69,78,70,50,117,143,256,0,34,58,21,19,111,108,46,34,0,16,25,0,0,34,65,0,0,16,32,0,0,21,21,,,0,0,39,11,,,0,0,,,0,0,8,5
2023-12-21,,25,26,0,31,0,34,143,153,44,30,80,83,167,30,,,49,47,93,72,36,45,,,314,108,106,124,94,85,73,85,56,48,102,119,555,0,42,60,15,21,62,54,42,39,0,27,42,0,0,26,73,0,0,24,29,0,0,18,26,,,0,0,20,20,,,0,0,,,0,0,2,2
2023-12-22,,34,40,0,18,0,32,93,96,30,28,79,67,101,23,,,44,32,72,65,29,32,,,639,242,84,151,71,54,96,71,43,29,82,108,834,0,33,68,12,9,55,50,29,17,0,17,33,0,0,27,58,0,0,20,30,0,0,9,12,,,0,0,20,12,,,0,0,,,0,0,6,4
2023-12-23,,13,21,0,3,0,15,11,21,9,11,38,19,34,5,,,29,11,48,52,3,4,,,519,227,17,57,6,15,26,27,12,5,25,21,250,0,25,32,2,1,1,0,8,8,0,6,5,0,0,8,24,0,0,2,2,0,0,4,8,,,0,0,7,5,,,0,0,,,0,0,3,2
2023-12-24,,18,22,0,12,0,24,57,59,15,20,94,59,29,19,,,32,16,99,92,21,42,,,450,185,55,71,43,34,87,114,7,17,56,65,105,0,25,40,11,28,2,0,12,8,0,10,43,0,0,25,35,0,0,9,17,0,0,13,22,,,0,0,71,34,,,0,0,,,0,0,11,9
2023-12-25,,43,33,0,28,0,32,80,84,24,26,73,52,48,22,,,38,20,156,113,68,80,,,472,190,99,152,103,92,68,80,10,12,113,96,114,0,29,51,35,31,2,6,36,36,0,27,55,0,0,28,38,0,0,15,28,0,0,27,38,,,0,0,106,51,,,0,0,,,0,0,9,15
2023-12-26,,43,37,0,28,0,36,85,103,32,42,96,70,70,22,,,50,50,171,192,76,115,,,474,205,128,159,112,115,59,91,15,16,151,164,106,0,49,70,61,59,3,7,47,41,0,33,78,0,0,30,41,0,0,25,45,0,0,36,40,,,0,0,165,40,,,0,0,,,0,0,18,38
2023-12-27,,52,52,0,41,0,42,153,164,48,31,120,78,78,45,,,65,57,241,215,107,124,,,576,191,184,266,173,144,96,142,38,37,234,202,205,0,55,86,93,103,325,333,68,49,0,54,81,0,0,34,61,0,0,58,67,0,0,67,60,,,0,0,210,64,,,0,0,,,0,0,24,44
2023-12-28,,36,35,0,42,0,60,67,71,46,37,105,60,84,31,,,54,56,153,142,57,77,,,553,227,142,222,137,129,112,123,31,29,163,150,186,0,58,71,63,59,155,190,38,34,0,33,59,0,0,33,75,0,0,30,32,0,0,36,39,,,0,0,92,33,,,0,0,,,0,0,23,27
2023-12-29,,66,62,0,71,0,69,97,107,64,65,109,103,71,46,,,78,56,285,237,105,139,,,591,214,189,262,192,204,110,134,37,26,235,231,244,0,63,83,106,95,339,391,60,64,0,66,82,0,0,45,49,0,0,60,66,0,0,55,58,,,0,0,241,76,,,0,0,,,0,0,11,8
2023-12-30,,56,61,0,37,0,41,83,67,50,25,94,77,70,43,,,52,52,264,263,111,128,,,580,225,155,250,165,148,100,129,28,43,209,203,172,0,57,75,90,89,370,375,58,52,0,52,83,0,0,19,33,0,0,60,81,0,0,67,54,,,0,0,255,77,,,0,0,,,0,0,0,0
2023-12-31,,31,36,0,28,0,40,103,117,45,41,95,86,81,19,,,40,25,219,210,95,102,,,455,177,144,189,125,118,128,111,18,30,189,193,114,0,37,50,95,87,293,290,69,47,0,49,65,0,0,15,41,0,0,35,68,0,0,46,57,,,0,0,195,69,,,0,0,,,0,0,0,0
2024-01-01,,59,55,0,55,0,68,101,96,52,50,162,149,109,39,,,57,38,303,286,121,164,,,512,236,188,240,184,160,88,103,24,32,244,240,112,0,66,78,114,106,425,428,53,75,0,51,96,0,0,9,54,0,0,50,79,0,0,59,63,,,0,0,264,113,,,0,0,,,0,0,0,0
2024-01-02,,50,35,0,22,0,28,94,89,35,32,96,83,68,31,,,19,8,117,90,29,34,,,528,250,88,137,68,68,73,79,41,24,104,111,268,0,54,53,28,26,76,68,22,29,0,28,39,0,0,16,42,0,0,19,24,0,0,27,33,,,0,0,31,13,,,0,0,,,0,0,1,2
2024-01-03,,84,78,0,37,0,75,268,290,95,84,184,162,145,50,,,71,48,295,233,144,179,,,617,210,262,319,215,199,142,163,58,72,237,225,312,0,86,88,84,83,256,247,67,50,0,51,78,0,0,43,110,0,0,40,57,0,0,50,64,,,0,0,145,49,,,272,317,,,22,22,12,18
2024-01-04,,63,63,0,52,0,45,154,183,72,72,127,110,119,65,,,42,31,164,173,84,108,,,657,214,179,250,156,151,126,134,49,46,184,195,440,0,96,61,40,45,132,141,45,38,0,38,59,0,0,17,91,0,0,40,51,0,0,45,40,,,0,0,77,25,,,218,207,,,47,50,8,9
2024-01-05,,78,72,0,63,0,60,208,228,90,65,189,159,106,70,,,56,8,255,225,136,173,,,672,293,215,296,192,194,136,156,48,52,234,213,324,0,63,71,75,76,95,94,51,53,0,79,98,0,0,45,97,0,0,52,64,0,0,59,63,,,0,0,129,44,,,360,321,,,82,127,12,21
2024-01-06,,33,34,0,13,0,48,75,85,27,30,125,93,51,23,,,43,8,191,158,64,67,,,501,285,111,144,64,66,81,106,17,23,106,105,163,0,26,33,16,17,0,0,27,16,0,25,41,0,0,11,48,0,0,22,22,0,0,30,34,,,0,0,101,44,,,295,248,,,55,72,6,8
2024-01-07,,31,29,0,15,0,42,64,62,19,22,121,122,44,5,,,41,35,164,136,35,45,,,238,196,105,118,0,0,58,62,21,13,56,61,116,0,27,19,14,16,0,0,21,23,0,18,47,0,0,13,48,0,0,9,20,0,0,18,37,,,0,0,41,33,,,235,187,,,26,41,5,5
2024-01-08,,72,48,0,24,0,25,131,154,58,57,133,120,138,43,,,35,59,137,139,58,68,,,320,259,127,188,81,54,74,77,58,50,170,155,289,0,53,60,27,27,0,0,21,34,0,33,41,0,0,19,140,0,0,26,32,0,0,34,40,,,0,0,32,28,,,86,55,,,20,30,10,3
2024-01-09,,49,54,0,34,0,37,124,130,65,54,131,135,108,45,,,41,6,136,130,47,52,,,332,250,145,178,0,1,74,90,43,32,107,98,281,0,55,67,27,25,91,79,29,27,0,32,51,10,16,51,134,32,40,20,25,0,0,38,36,,,0,0,38,26,,,135,131,,,25,35,2,4
2024-01-10,,50,57,0,14,0,83,147,156,62,59,156,131,141,48,,,48,14,139,137,44,58,,,404,252,144,210,76,75,95,84,50,44,131,127,266,0,54,51,38,34,158,102,36,25,0,41,52,48,57,44,143,7,11,25,31,0,0,26,35,,,0,0,51,30,,,205,195,,,20,39,5,7
2024-01-11,,62,66,0,27,0,81,148,161,61,157,122,151,150,45,,,58,13,141,116,44,62,,,442,239,132,198,90,84,83,85,41,33,115,117,331,0,52,57,27,26,297,115,39,29,0,37,46,41,65,31,127,41,41,32,52,0,0,32,40,,,0,0,60,29,,,202,196,,,22,49,7,10
2024-01-12,,82,65,0,36,0,50,125,145,78,54,166,114,107,30,,,54,9,145,125,60,74,,,446,264,134,206,101,111,85,79,59,52,113,104,247,0,66,62,39,37,86,70,43,28,0,37,55,53,69,13,127,0,0,28,31,0,0,30,34,,,0,0,52,30,,,232,204,,,24,61,4,10
2024-01-13,,26,41,0,23,0,55,84,95,26,20,138,133,57,14,,,43,18,188,162,55,55,,,282,238,99,155,83,94,86,77,18,28,110,127,148,0,35,47,35,53,0,0,41,32,0,33,52,6,2,19,54,0,0,21,22,0,0,22,30,,,0,0,107,56,,,350,291,,,52,88,11,18
2024-01-14,,35,29,0,30,0,40,76,81,30,26,138,110,55,7,,,38,23,185,146,54,60,,,227,245,101,124,74,58,59,49,14,23,121,92,138,0,32,32,36,41,145,124,37,37,0,45,75,3,2,19,39,0,0,20,27,0,0,29,31,,,0,0,119,52,,,262,213,,,39,60,10,13
2024-01-15,,63,62,0,37,0,63,195,215,71,53,135,164,133,42,,,50,71,140,145,70,111,,,383,275,198,242,142,143,121,107,52,50,148,173,252,0,58,61,43,44,0,0,45,39,0,39,64,0,0,48,117,0,0,41,42,0,0,30,34,,,0,0,68,29,,,123,76,,,33,38,7,9
2024-01-16,,58,70,0,44,0,63,196,219,71,64,165,173,121,60,,,54,44,173,173,67,90,,,461,265,195,267,138,153,124,126,62,54,135,144,334,0,75,85,43,54,105,103,44,46,0,36,63,0,0,25,110,0,0,36,45,0,0,33,36,,,0,0,65,29,,,118,151,,,43,44,8,11
2024-01-17,,35,44,0,27,0,163,127,154,48,53,121,133,163,34,,,29,9,112,98,54,55,,,448,268,120,190,19,48,80,86,45,40,364,101,371,0,62,59,25,18,31,45,37,33,0,27,57,0,0,27,110,0,0,20,39,0,0,26,34,,,0,0,26,13,,,188,176,,,20,22,4,5
2024-01-18,,14,22,0,13,0,47,72,65,23,22,84,104,166,21,,,28,29,83,57,15,22,,,501,192,51,123,52,37,41,42,50,27,83,79,404,0,47,61,7,13,0,0,29,27,0,15,27,0,0,25,192,0,0,19,18,0,0,11,14,,,0,0,11,9,,,123,104,,,5,6,1,1
2024-01-19,,16,18,0,15,0,35,66,78,34,28,101,96,112,23,,,26,27,104,54,22,36,,,401,276,48,112,44,32,37,46,50,16,229,82,304,0,48,44,2,5,160,24,32,26,0,26,40,0,0,26,145,0,0,19,15,0,0,19,22,,,0,0,26,17,,,169,155,,,9,11,2,4
2024-01-20,,27,22,0,18,0,26,38,46,25,15,120,101,47,13,,,28,8,128,86,21,31,,,288,298,37,102,1,0,41,49,12,8,262,40,395,0,26,39,0,0,88,42,24,15,0,20,38,0,0,36,37,0,0,18,14,0,0,9,19,,,0,0,37,23,,,196,150,,,26,35,4,5
2024-01-21,,17,24,0,10,0,23,38,40,19,15,111,101,52,8,,,28,0,98,76,25,33,,,226,232,52,105,26,27,39,43,9,7,309,45,127,0,27,21,0,0,46,23,21,13,0,18,33,0,0,33,44,0,0,11,12,0,0,17,20,,,0,0,29,23,,,168,126,,,16,12,4,3
2024-01-22,,39,25,0,17,0,50,125,128,49,42,110,139,119,30,,,38,39,126,84,29,41,,,472,257,107,175,73,79,64,67,46,39,854,138,310,0,60,35,0,0,76,49,30,21,0,27,36,0,0,52,109,0,0,19,26,0,0,10,23,,,0,0,23,16,,,194,165,,,12,13,3,4
2024-01-23,,38,47,0,42,0,56,168,190,76,61,137,155,98,36,,,40,43,195,175,47,74,,,563,292,167,250,128,133,93,108,66,59,184,121,325,0,59,54,0,0,110,103,24,30,0,47,71,0,0,34,108,0,0,30,39,0,0,43,44,,,0,0,60,21,,,261,231,,,37,47,6,7
2024-01-24,,62,60,0,38,0,75,202,213,78,56,173,157,145,49,,,55,76,211,202,68,106,,,604,292,208,264,151,159,98,128,66,61,181,188,373,71,76,56,0,0,0,0,46,32,0,47,62,0,0,34,108,0,0,50,54,0,0,37,45,,,0,0,93,42,,,289,261,,,62,85,13,14
2024-01-25,,89,76,0,73,0,69,241,257,80,80,176,180,200,57,,,61,50,243,231,89,135,,,652,304,273,347,230,220,124,131,74,66,248,202,343,61,67,95,0,0,0,0,54,47,0,41,71,0,0,47,121,0,0,57,59,0,0,46,53,,,0,0,97,38,,,402,379,,,71,102,13,20
2024-01-26,,56,57,0,41,0,61,163,177,75,58,111,116,106,27,,,80,15,166,144,73,94,,,681,107,171,216,137,125,93,103,45,51,166,161,378,66,51,45,0,0,146,130,55,47,0,37,48,0,0,39,61,0,0,41,40,0,0,29,37,,,0,0,70,26,,,228,224,,,45,50,5,10
2024-01-27,,46,53,0,64,0,50,147,141,43,37,152,152,81,34,,,59,30,275,241,87,128,,,492,23,164,233,140,138,78,86,34,18,207,178,198,56,45,41,0,0,307,324,53,41,0,56,88,0,0,23,57,0,0,48,63,0,0,48,46,,,0,0,192,84,,,605,542,,,157,198,37,29
2024-01-28,,42,59,0,41,0,43,133,151,58,47,222,182,77,31,,,47,4,342,336,136,158,,,384,24,192,243,178,163,87,103,24,23,240,226,143,52,60,69,0,0,437,454,79,62,0,55,90,0,0,28,60,0,0,72,78,0,0,55,64,,,0,0,292,115,,,365,383,,,162,253,31,57
2024-01-29,,49,48,0,31,0,63,198,231,78,52,139,187,141,69,,,25,31,190,191,85,106,,,495,8,192,281,140,135,111,120,55,52,164,154,293,96,70,51,0,0,474,174,66,64,0,39,58,0,0,56,180,92,57,44,45,0,0,47,47,,,0,0,85,32,,,151,200,,,49,75,9,10
2024-01-30,,56,52,0,40,0,59,197,164,78,59,152,140,106,47,,,40,56,173,175,68,86,,,500,9,183,260,46,98,108,122,51,38,135,144,389,108,59,70,0,0,119,130,41,34,0,38,60,0,0,38,106,0,0,22,37,0,0,35,36,,,0,0,63,22,,,267,238,,,35,51,10,7
2024-01-31,,57,48,0,38,0,65,174,200,70,60,141,191,182,39,,,45,76,172,141,48,73,,,600,142,178,242,137,130,88,110,58,54,173,187,370,83,58,55,0,0,145,134,51,35,0,34,56,0,0,28,88,0,0,32,36,0,0,41,41,,,0,0,73,33,,,278,266,,,40,54,10,10
2024-02-01,,60,60,0,38,0,72,166,170,72,47,166,178,140,29,,,31,38,175,163,57,81,,,625,265,158,232,126,138,111,113,49,35,148,165,358,70,49,80,0,0,125,134,45,46,0,33,55,11,11,28,111,0,0,41,44,0,0,38,42,,,0,0,72,24,,,250,227,,,46,56,4,7
2024-02-02,,61,47,0,44,0,63,192,194,79,57,181,133,94,41,,,74,74,203,171,99,106,,,554,297,171,263,140,165,114,115,51,42,167,158,290,80,60,92,0,0,159,166,50,44,0,46,65,31,30,47,106,0,0,52,42,0,0,34,38,,,0,0,97,20,,,258,257,,,57,63,10,13
2024-02-03,,63,46,0,50,0,45,176,211,53,53,181,109,91,38,,,78,32,312,260,100,144,,,467,298,197,262,177,162,71,88,13,14,231,224,170,47,56,60,0,0,357,383,47,56,0,40,79,0,0,28,46,0,0,37,66,0,0,43,66,,,0,0,261,107,,,495,437,,,168,218,26,49
2024-02-04,,39,37,0,29,0,29,103,97,23,23,135,107,44,16,,,30,11,202,185,67,75,,,379,249,138,191,110,113,77,76,0,0,121,114,144,54,43,57,0,0,203,191,37,30,0,30,57,0,0,20,32,0,0,37,38,0,0,21,30,,,0,0,153,58,,,298,278,,,89,104,20,32
2024-02-05,,96,81,0,59,0,68,249,298,72,114,167,163,144,78,,,84,81,259,218,135,177,,,597,326,238,317,195,202,155,133,0,0,252,206,278,64,58,69,0,0,0,0,46,39,0,58,78,0,0,52,107,0,0,49,55,0,0,43,52,,,0,0,122,32,,,0,0,,,89,102,0,0
2024-02-06,,81,99,0,70,0,81,296,344,87,73,195,184,198,58,,,87,112,276,247,130,168,,,576,268,288,370,223,223,163,170,0,0,252,227,341,108,71,60,0,0,167,193,58,49,0,53,82,0,0,49,106,0,0,65,80,0,0,63,61,,,0,0,139,45,,,260,271,,,79,100,6,18
2024-02-07,,46,45,0,24,0,41,155,174,51,62,110,123,191,35,,,53,70,120,123,72,75,,,605,301,123,176,100,92,78,143,0,0,197,172,393,79,50,60,0,0,96,128,33,30,0,23,38,0,0,30,67,0,0,22,35,0,0,34,41,,,0,0,53,13,,,187,157,,,32,28,5,1
2024-02-08,,32,34,0,22,0,19,85,90,39,41,64,108,84,20,,,47,37,111,82,33,44,,,641,257,62,138,44,49,56,72,0,0,84,76,402,73,54,52,0,0,62,55,16,13,0,23,25,0,0,8,43,0,0,17,13,0,0,22,26,,,0,0,26,10,,,140,131,,,2,8,4,4
2024-02-09,,56,61,0,58,0,55,182,207,58,47,132,143,86,38,,,62,82,181,179,77,107,,,756,293,151,248,121,129,85,114,0,0,164,172,348,44,55,65,0,0,16,32,59,31,0,42,71,0,0,44,60,0,0,41,43,0,0,28,41,,,0,0,90,24,,,274,254,,,63,74,11,13
2024-02-10,,71,67,0,77,0,46,245,262,59,50,209,206,141,55,,,68,81,578,517,217,264,,,649,267,355,391,379,331,100,144,0,0,429,422,276,70,101,95,0,0,17,11,110,87,0,95,131,0,0,23,49,0,0,95,128,0,0,107,104,,,0,0,602,229,,,960,909,,,386,499,64,107
2024-02-11,,25,17,0,10,0,14,45,48,17,36,58,57,19,6,,,27,25,93,82,17,21,,,398,244,44,85,23,26,58,56,0,0,33,25,170,55,23,30,0,0,48,43,22,19,0,9,23,0,0,19,17,0,0,11,15,0,0,10,14,,,0,0,39,12,,,178,129,,,12,15,3,4
2024-02-12,,91,93,0,52,0,65,276,275,80,82,155,131,117,62,,,74,89,240,219,102,133,,,651,295,277,289,235,207,120,133,0,0,281,262,362,103,71,75,0,0,266,275,70,46,0,40,69,0,0,58,64,0,0,48,56,0,0,58,62,,,0,0,150,56,,,379,388,,,78,87,15,16
2024-02-13,,94,96,0,81,0,61,328,359,105,181,216,196,160,73,,,90,113,368,343,132,177,,,632,280,408,491,318,340,151,179,0,0,304,298,393,66,98,131,0,0,361,390,81,69,0,62,92,0,0,38,85,0,0,80,90,0,0,57,62,,,0,0,227,86,,,536,523,,,121,138,17,25
2024-02-14,,105,106,0,68,0,81,311,317,110,102,172,156,144,72,,,103,130,250,286,108,141,,,677,240,327,411,250,274,165,178,0,0,251,239,437,111,74,102,0,0,53,74,89,49,0,59,81,0,0,72,102,0,0,61,71,0,0,66,54,,,0,0,160,65,,,454,439,,,81,94,13,19
2024-02-15,,72,110,0,70,0,65,272,286,113,102,170,167,134,63,,,79,115,282,254,110,152,,,766,290,299,378,261,270,129,154,0,0,239,241,311,102,86,85,0,0,2,2,78,67,0,51,84,0,0,43,65,1,1,43,54,0,0,58,49,,,0,0,174,54,,,438,427,,,83,100,15,22
2024-02-16,,95,92,0,75,0,67,334,338,111,140,194,189,130,80,,,84,115,369,351,155,226,,,755,265,378,495,362,346,149,166,0,0,358,369,359,80,126,135,0,0,55,56,85,69,0,66,113,0,0,35,56,0,0,74,105,0,0,77,75,,,0,0,323,77,,,653,706,,,214,219,30,40
2024-02-17,,64,58,0,61,0,49,214,238,64,91,168,144,82,36,,,56,60,444,422,161,210,,,603,315,242,257,256,241,108,108,0,0,334,308,233,77,68,103,0,0,0,0,90,65,0,63,99,0,0,10,17,0,0,77,93,0,0,75,80,,,0,0,349,158,,,833,758,,,235,274,41,49
2024-02-18,,77,88,0,105,0,55,299,335,106,98,272,244,152,66,,,70,94,676,629,295,348,,,578,323,442,578,486,462,126,141,0,0,585,507,204,75,123,112,0,0,13,7,153,110,0,135,181,0,0,8,33,0,0,125,152,0,0,129,131,,,0,0,662,256,,,327,480,,,424,482,88,99
2024-02-19,,86,84,0,66,0,77,393,373,113,106,173,156,162,92,,,90,123,275,248,123,157,,,564,311,356,423,316,308,171,194,0,0,285,284,265,114,81,86,26,22,0,0,81,50,0,55,83,0,0,7,44,0,0,50,62,0,0,48,48,,,0,0,109,38,,,248,316,,,72,92,11,12
2024-02-20,,104,111,0,92,0,85,375,411,108,95,211,240,197,77,,,74,115,324,304,180,196,,,718,277,380,506,315,328,185,195,0,0,316,297,464,114,106,75,122,114,0,0,111,82,0,76,109,0,0,59,70,0,0,76,82,0,0,69,74,,,0,0,149,46,,,437,485,,,89,109,13,20
2024-02-21,,109,123,0,80,0,123,433,442,147,116,263,285,167,103,,,92,171,356,331,152,209,,,758,273,403,517,367,383,179,220,0,0,356,354,358,100,118,116,131,128,0,0,86,71,0,80,118,0,0,73,110,0,0,82,78,0,0,97,100,,,0,0,250,71,,,576,591,,,162,165,21,38
2024-02-22,,56,54,0,32,0,49,233,247,89,75,122,169,116,39,,,62,69,191,158,58,90,,,772,232,189,238,144,150,109,134,0,0,146,141,452,90,83,74,44,41,0,0,57,42,0,45,62,0,0,30,58,0,0,28,32,0,0,33,34,,,0,0,49,30,,,243,245,,,36,44,9,5
2024-02-23,,99,93,0,71,0,69,296,305,123,111,177,157,140,51,,,88,95,253,231,127,162,,,710,280,292,356,243,245,143,153,0,0,240,252,442,97,81,62,67,77,0,0,86,63,0,60,85,0,0,61,74,0,0,49,49,0,0,47,57,,,0,0,169,48,,,402,400,,,81,87,14,26
2024-02-24,,85,89,0,113,0,87,361,408,93,147,288,267,164,59,,,97,97,715,666,309,439,,,697,257,469,595,545,471,201,182,0,0,626,574,314,82,93,122,199,223,1084,1000,166,108,0,120,194,0,0,32,45,0,0,126,175,0,0,108,137,,,0,0,783,335,,,1384,1244,,,412,476,83,122
2024-02-25,,72,79,0,66,0,63,218,289,74,88,215,212,146,34,,,72,71,514,455,227,263,,,515,315,349,393,303,291,84,130,0,0,430,383,197,97,88,112,132,157,668,732,102,78,0,90,128,0,0,27,46,8,7,94,120,0,0,113,93,,,0,0,460,198,,,887,824,,,177,303,50,63
2024-02-26,,98,101,0,56,0,59,297,344,110,120,196,168,146,92,,,47,105,265,250,132,168,,,593,301,305,401,238,257,147,171,0,0,209,197,357,106,95,91,90,74,230,242,67,60,0,48,89,0,0,50,83,0,0,66,77,0,0,64,53,,,0,0,132,54,,,151,245,,,51,47,8,18
2024-02-27,,92,115,0,82,0,96,354,389,95,94,243,195,181,83,,,80,127,343,302,142,178,,,688,245,361,441,297,302,158,169,0,0,253,264,424,112,93,116,93,92,41,76,88,63,0,66,105,0,0,55,79,0,0,66,80,0,0,72,69,,,0,0,172,43,,,468,469,,,60,82,16,22
2024-02-28,,112,106,0,72,0,93,375,406,110,84,225,223,201,119,,,55,147,291,275,119,153,,,692,302,392,495,310,325,164,164,0,0,306,269,467,118,112,99,103,89,240,279,94,74,0,60,93,0,0,62,102,0,0,70,83,0,0,69,87,,,0,0,142,47,,,454,461,,,67,71,6,21
2024-02-29,,92,99,0,56,0,83,335,377,111,94,122,143,190,92,,,68,122,293,287,127,178,,,678,288,324,435,257,275,170,173,0,0,270,270,438,85,82,99,104,90,268,261,77,74,0,69,97,0,0,55,108,0,0,63,93,0,0,57,60,,,0,0,160,32,,,452,434,,,74,70,10,24
2024-03-01,,98,81,0,57,0,52,269,319,95,81,0,0,154,70,,,53,97,294,256,121,153,,,780,344,274,389,237,263,141,165,0,0,275,278,409,112,88,86,90,85,25,45,81,65,0,66,80,0,0,41,63,0,0,74,73,0,0,64,63,,,0,0,197,53,,,428,453,,,78,77,16,20
2024-03-02,,69,66,0,61,0,56,288,294,61,63,0,0,130,36,,,67,95,491,450,235,277,,,718,329,344,458,376,338,116,146,0,0,403,381,279,88,80,96,179,132,0,0,113,87,0,98,161,0,0,41,36,0,0,89,115,0,0,100,106,,,0,0,510,155,,,970,886,,,275,322,60,79
2024-03-03,,92,136,0,110,0,65,368,358,94,76,0,0,208,58,,,86,105,783,697,333,446,,,611,347,496,621,534,506,126,161,0,0,677,606,195,72,122,130,235,224,0,0,155,98,0,120,192,0,0,39,48,307,283,133,196,0,0,179,161,,,0,0,778,278,,,1033,1172,,,348,478,94,137
2024-03-04,,140,147,0,102,0,77,513,564,137,100,0,0,224,107,,,88,149,522,476,245,308,,,825,317,523,689,454,481,206,215,0,0,539,489,395,120,160,157,163,161,25,65,116,104,0,103,150,0,0,62,109,0,0,103,121,0,0,124,127,,,0,0,430,101,,,600,698,,,131,183,38,47
2024-03-05,,106,119,0,96,0,91,425,476,104,102,0,0,235,95,,,67,135,363,356,180,240,,,750,291,434,535,352,328,185,220,0,0,275,274,492,98,102,92,116,127,0,0,90,79,0,74,106,0,0,53,115,0,0,92,90,0,0,84,88,,,0,0,178,57,,,459,477,,,65,69,17,18
2024-03-06,,123,139,0,96,0,82,420,458,127,103,0,0,216,99,,,99,141,383,358,178,234,,,713,293,456,572,397,386,188,210,0,0,355,349,419,105,131,136,125,134,428,404,86,86,0,71,107,0,0,67,77,0,0,82,101,0,0,90,92,,,0,0,219,57,,,606,646,,,81,118,14,28
2024-03-07,,107,102,41,65,0,74,357,378,114,105,0,0,169,83,,,92,136,256,262,132,164,,,587,260,342,428,268,279,164,177,0,0,277,286,677,105,112,94,82,85,249,245,92,86,0,69,86,0,0,52,69,0,0,79,94,0,0,62,67,,,0,0,131,25,,,374,398,,,81,70,10,16
2024-03-08,,101,115,61,61,0,92,352,361,102,102,0,0,221,80,,,84,128,310,284,144,186,,,684,269,325,432,273,303,143,210,0,0,302,282,489,105,99,112,72,87,355,353,86,72,0,61,82,0,0,45,64,0,0,12,71,0,0,67,61,,,0,0,201,62,,,508,530,,,95,123,20,34
2024-03-09,,69,88,60,62,0,66,271,289,70,86,0,0,165,53,,,95,108,503,485,178,227,,,638,272,359,447,381,359,154,140,0,0,423,381,299,87,70,90,135,134,696,713,109,87,0,80,115,0,0,20,51,0,0,1,24,0,0,98,109,,,0,0,507,196,,,1009,884,,,134,234,56,70
2024-03-10,,88,91,100,89,0,71,312,369,79,95,0,0,165,83,,,87,113,713,649,274,396,,,591,266,459,565,469,522,124,174,0,0,588,515,211,91,117,103,243,197,2,2,142,117,0,145,182,0,0,23,40,0,0,0,25,0,0,159,162,,,0,0,704,212,,,1411,1236,,,220,368,67,105
2024-03-11,,141,160,109,129,0,84,498,582,146,132,0,0,230,130,,,86,134,505,461,236,316,,,778,304,533,703,485,508,232,219,0,0,490,450,384,110,144,148,142,172,545,609,117,110,0,107,155,0,0,53,77,0,0,0,44,0,0,119,104,,,0,0,335,99,,,715,745,,,112,110,21,56
2024-03-12,,124,138,67,98,0,93,457,527,170,123,0,0,207,98,,,83,142,373,382,201,246,,,708,267,486,604,388,390,209,259,37,44,338,370,439,93,110,124,112,118,387,424,108,94,0,75,88,0,0,48,93,65,102,0,38,0,0,93,87,,,0,0,231,56,,,511,549,,,64,48,48,38
2024-03-13,,158,156,96,147,0,95,529,591,145,132,121,126,361,134,,,13,184,523,496,259,326,,,796,277,593,734,510,508,214,186,96,86,561,536,551,113,137,160,135,174,646,638,133,123,0,101,141,0,0,57,88,242,225,1,34,0,0,115,101,,,0,0,419,109,,,881,868,,,133,108,54,50
2024-03-14,,111,117,81,105,0,97,517,575,150,143,0,0,241,96,,,0,174,441,403,222,267,,,808,309,481,611,441,413,212,214,110,85,425,412,493,143,125,161,152,169,490,482,104,105,0,89,128,0,0,64,69,194,182,1,44,0,0,118,115,,,0,0,319,76,,,616,647,,,96,70,30,26
2024-03-15,,158,153,109,100,0,98,562,641,144,118,0,0,237,129,,,0,187,616,580,308,390,,,931,300,568,800,541,597,234,232,120,96,606,646,553,131,141,147,248,220,878,912,191,141,0,129,160,0,0,50,61,295,254,3,45,0,0,147,128,,,0,0,605,159,,,1103,1093,,,126,148,43,64
2024-03-16,,83,100,37,55,0,74,306,299,54,61,0,0,148,47,,,0,91,570,516,225,304,,,650,339,384,451,421,378,111,145,38,51,523,484,390,77,93,110,185,182,886,947,149,125,0,113,156,0,0,32,34,235,191,1,19,0,0,127,123,,,0,0,569,225,,,1047,951,,,174,268,53,90
2024-03-17,,111,140,38,86,0,84,329,352,87,79,0,0,166,70,,,0,103,723,674,362,469,,,585,322,459,625,541,503,131,156,47,64,726,677,231,106,111,116,206,242,1132,1218,155,128,0,157,226,0,0,27,47,275,264,1,51,0,0,144,149,,,0,0,732,267,,,1381,1292,,,194,350,74,115
2024-03-18,,115,140,71,82,0,75,458,504,145,137,0,0,210,105,,,0,149,400,364,212,277,,,714,312,477,606,427,419,177,242,113,146,435,423,409,132,112,92,84,51,444,448,110,82,0,83,120,0,0,44,83,187,162,0,36,0,0,77,88,,,0,0,284,78,,,664,647,,,62,69,8,39
2024-03-19,,140,155,86,86,193,111,435,462,132,118,0,0,256,117,,,17,32,467,449,226,249,,,765,270,539,643,469,435,204,253,352,269,443,425,516,100,165,97,173,150,534,569,106,107,0,92,145,0,0,40,97,202,202,0,34,0,0,103,121,,,0,0,344,89,,,769,763,,,95,66,14,44
2024-03-20,,143,155,131,115,262,95,554,452,158,149,0,0,248,149,,,49,128,576,502,279,350,,,823,195,580,711,541,506,211,310,118,89,500,529,570,139,136,131,155,162,731,699,160,133,0,120,159,0,0,47,82,249,227,1,39,0,0,111,116,,,0,0,481,109,,,867,879,,,93,99,33,59
2024-03-21,,151,154,120,102,257,101,487,493,169,136,0,0,263,119,,,99,164,486,452,248,327,,,919,92,532,631,484,461,208,251,105,100,541,523,656,123,115,77,134,141,619,645,128,94,0,83,134,0,0,37,90,196,183,0,31,0,0,122,112,,,0,0,369,75,,,676,679,,,93,81,21,38
2024-03-22,,158,177,93,110,232,85,534,523,166,124,0,0,241,142,,,91,165,588,531,297,382,,,865,47,577,747,515,550,217,241,118,94,546,548,547,124,148,94,156,161,776,774,143,122,0,120,154,0,0,41,79,254,240,2,33,0,0,163,149,,,0,0,512,155,,,892,930,,,98,87,39,66
2024-03-23,,74,74,75,56,205,77,274,282,68,86,0,0,104,58,,,68,106,457,434,199,225,,,653,153,321,452,337,332,118,206,67,51,359,370,314,71,70,42,94,112,612,602,60,62,0,70,156,0,0,29,20,147,143,0,35,0,0,95,90,,,0,0,375,153,,,694,637,,,102,168,43,53
2024-03-24,,60,56,52,41,195,45,186,175,58,48,0,0,85,71,,,47,75,327,291,119,148,,,505,147,213,277,173,202,115,130,45,31,190,184,192,88,39,30,54,49,300,342,55,49,0,44,78,0,0,24,64,81,74,0,17,0,0,52,66,,,0,0,213,105,,,533,489,,,71,83,43,36
2024-03-25,,107,101,96,94,234,111,397,452,157,114,0,0,168,154,,,62,133,341,314,160,206,,,706,205,414,505,338,330,197,217,122,105,317,305,528,123,115,89,51,64,269,273,104,84,0,70,103,0,0,58,84,120,110,0,24,0,0,78,69,,,0,0,145,35,,,409,426,,,53,31,6,23
2024-03-26,,144,163,89,124,237,125,566,517,1156,121,0,0,241,409,,,72,194,556,496,272,339,,,843,243,590,727,535,538,212,267,134,106,425,432,574,134,156,128,90,122,637,656,166,103,0,100,133,0,0,60,111,229,202,0,39,0,0,114,99,,,0,0,406,102,,,835,835,,,76,71,21,60
2024-03-27,,189,182,67,145,444,116,571,450,1409,184,0,0,348,364,,,96,230,758,667,396,483,,,973,257,770,879,720,699,325,295,147,132,753,685,503,113,215,178,135,148,870,900,179,157,0,126,207,0,0,59,88,342,315,0,40,0,0,180,139,,,0,0,571,143,,,1112,1083,,,120,97,38,57
2024-03-28,,128,139,71,106,372,98,471,398,1260,94,0,0,338,223,,,99,159,408,377,212,257,,,770,271,468,567,379,405,221,279,127,84,455,456,495,129,102,74,100,106,402,424,95,87,0,88,122,0,0,39,98,188,161,0,31,0,0,113,104,,,0,0,275,119,,,616,597,,,62,81,24,34
2024-03-29,,127,188,84,105,254,76,247,169,150,110,0,0,224,150,,,147,158,758,689,340,436,,,751,303,655,712,693,665,180,250,86,62,795,735,769,94,92,124,160,200,1169,914,180,148,0,132,194,0,0,10,35,340,257,0,35,0,0,132,160,,,0,0,950,372,,,1440,1291,,,98,239,76,104
2024-03-30,,134,140,94,116,218,90,226,112,149,114,0,0,265,134,,,33,181,1054,875,430,545,,,899,266,771,899,854,894,187,266,84,66,1139,1030,494,71,133,143,167,302,1677,1550,218,186,0,162,205,0,0,13,19,492,407,0,28,0,0,225,197,,,0,0,1474,633,,,2078,1877,,,96,362,116,190
2024-03-31,,141,148,114,93,227,89,152,81,143,87,0,0,199,112,,,131,140,830,752,405,482,,,836,308,600,754,704,725,180,224,51,60,882,848,180,59,96,97,208,210,1466,1536,196,138,0,155,236,0,0,1,22,359,294,0,18,0,0,187,174,,,0,0,994,338,,,1256,1235,,,94,234,115,153
2024-04-01,,135,127,98,105,240,91,273,242,194,98,0,0,136,107,,,108,147,811,685,333,417,,,551,256,601,669,653,608,189,214,63,56,775,665,154,96,99,155,246,215,1192,1159,175,153,0,152,223,0,0,10,34,291,317,1,34,0,0,132,161,,,0,0,853,324,,,0,0,,,78,262,69,108
2024-04-02,,135,170,87,131,267,121,506,426,1312,113,0,0,244,257,,,144,206,450,430,251,341,,,776,277,599,691,505,501,287,320,133,127,456,444,514,98,151,87,110,114,266,322,154,122,0,86,151,0,0,47,89,231,199,0,41,0,0,89,92,,,0,0,264,78,,,378,491,,,76,56,7,17
2024-04-03,,136,151,115,135,243,114,627,551,814,141,0,0,305,259,,,135,183,576,468,285,371,,,823,293,626,721,561,502,282,369,146,134,529,472,694,101,195,128,133,149,328,367,147,117,0,103,151,0,0,47,89,268,228,2,33,0,0,143,140,,,0,0,304,74,,,651,665,,,94,74,22,30
2024-04-04,,149,130,88,120,257,100,573,539,788,128,0,0,212,268,,,98,175,429,416,274,348,,,840,296,589,716,528,526,261,288,125,120,465,461,673,119,138,134,109,131,328,368,125,120,0,92,114,0,0,65,103,202,203,1,28,0,0,88,92,,,0,0,290,74,,,605,608,,,85,85,16,34
2024-04-05,,173,198,19,153,249,108,442,349,869,153,0,0,723,452,,,116,168,766,687,398,527,,,1072,283,731,937,669,741,303,363,142,124,765,688,566,122,169,170,148,182,562,533,189,177,0,111,174,0,0,33,75,341,305,2,33,0,0,173,153,,,0,0,736,201,,,1073,1130,,,73,90,52,61
2024-04-06,,244,297,161,211,288,100,231,156,205,152,0,0,337,274,,,140,185,1564,1427,857,1109,,,849,232,1062,1202,1273,1212,295,333,103,76,1592,1539,370,119,194,213,330,457,2550,2304,319,256,0,295,447,0,0,18,79,695,607,0,42,0,0,338,378,,,0,0,2019,652,,,2872,2619,,,129,467,194,292
2024-04-07,,280,313,190,233,283,121,244,125,270,134,0,0,262,188,,,117,207,1935,1715,910,1159,,,985,391,1254,1436,1501,1420,282,303,126,99,1826,1715,269,109,169,275,410,479,3141,3280,457,299,0,299,434,0,0,17,36,870,753,2,53,0,0,432,393,,,0,0,2355,707,,,3366,2988,,,141,516,245,294
2024-04-08,,260,308,138,204,762,114,402,341,975,219,0,0,337,283,,,136,236,1055,966,626,738,,,1196,403,1013,1253,984,988,346,414,172,181,1022,924,481,132,206,174,233,262,1357,1424,286,231,0,178,257,0,0,60,82,530,490,1,53,0,0,251,228,,,0,0,921,139,,,1678,1512,,,118,70,59,90
2024-04-09,,276,297,120,245,324,79,526,305,943,189,0,0,359,315,,,151,298,1143,1103,625,823,,,1250,349,1198,1407,1130,1072,386,453,196,219,1137,1079,593,148,263,290,277,331,1532,1649,310,260,0,187,294,0,0,73,87,606,544,7,40,0,0,280,249,,,0,0,1036,177,,,1903,1862,,,127,100,58,113
2024-04-10,,138,150,76,124,271,74,459,502,1029,134,0,0,270,224,,,90,177,400,379,204,265,,,870,265,445,566,384,374,209,261,143,116,394,361,533,125,129,101,76,80,145,223,136,98,0,77,109,0,0,32,72,151,123,5,41,0,0,87,83,,,0,0,213,42,,,524,534,,,47,25,17,21
2024-04-11,,226,239,94,204,364,98,377,363,1149,236,0,0,358,268,,,110,212,865,835,456,629,,,1005,201,948,1119,893,854,346,467,158,94,860,822,656,151,203,195,236,274,407,491,237,172,0,158,256,0,0,43,101,439,359,2,55,0,0,192,186,,,0,0,800,190,,,1558,1431,,,114,74,42,111
2024-04-12,,236,247,112,197,358,86,374,356,971,196,0,0,262,274,,,129,218,944,801,552,695,,,1051,223,863,1134,855,879,330,326,142,118,990,966,502,140,206,178,289,289,520,525,291,183,0,173,233,0,0,52,67,457,416,176,27,0,0,242,237,,,0,0,977,207,,,1616,1603,,,114,111,78,107
2024-04-13,,207,205,190,174,314,104,312,192,197,136,0,0,239,196,,,109,175,1602,1368,722,900,,,1001,312,930,1249,1255,1164,195,335,116,107,1533,1481,346,113,156,199,381,460,1616,1009,350,265,0,221,383,0,0,19,54,744,580,283,50,0,0,311,339,,,0,0,1979,613,,,2619,2507,,,138,366,161,264
2024-04-14,,241,290,165,206,278,67,259,140,227,130,0,0,233,135,,,118,167,1473,1401,741,980,,,878,404,928,1175,1145,1138,240,239,95,70,1461,1480,227,100,167,216,426,456,1431,931,337,257,0,232,394,0,0,15,44,650,581,266,39,0,0,395,367,,,0,0,1625,575,,,1399,1621,,,120,346,180,209
2024-04-15,,153,151,94,122,366,67,435,352,871,135,0,0,187,216,,,74,152,439,400,238,300,,,846,283,526,617,447,432,205,273,144,150,477,473,396,98,141,110,55,68,133,195,119,92,0,67,132,0,0,49,83,178,155,108,47,0,0,125,114,,,0,0,366,90,,,521,506,,,33,20,20,34
2024-04-16,,131,134,81,92,229,49,436,448,1003,118,0,0,144,183,,,30,134,312,317,192,240,,,776,302,451,543,405,367,188,329,117,169,368,399,462,101,119,108,73,84,103,168,132,85,0,67,104,0,0,32,72,144,125,91,34,0,0,74,65,,,0,0,149,55,,,467,433,,,56,41,19,33
2024-04-17,,145,149,66,113,237,47,473,404,947,129,161,139,265,401,,,76,207,469,429,209,283,,,794,257,517,599,418,391,270,340,138,154,521,465,589,132,122,133,84,86,142,225,126,98,0,90,137,0,0,26,88,193,163,119,38,0,0,104,104,,,0,0,291,55,,,642,660,,,46,47,17,46
2024-04-18,,120,136,81,128,227,43,473,548,1037,127,241,318,255,410,,,80,180,404,405,247,304,,,743,265,452,612,365,414,231,294,139,104,404,380,539,129,119,132,81,91,157,194,127,104,0,81,134,0,0,14,67,203,157,106,30,0,0,88,79,,,0,0,242,65,,,636,657,,,62,39,17,28
2024-04-19,,91,77,75,67,214,38,285,278,738,93,134,172,101,264,,,67,107,245,167,98,126,,,750,286,250,312,210,195,143,222,91,79,260,202,412,82,75,66,39,49,99,142,86,54,0,33,58,0,0,18,56,80,60,65,22,0,0,44,45,,,0,0,96,38,,,282,275,,,38,35,3,9
2024-04-20,,65,53,38,31,169,19,117,117,68,40,132,99,60,95,,,41,68,205,193,57,76,,,608,267,90,126,62,73,82,117,34,32,113,98,371,61,42,42,5,19,53,57,63,35,0,32,55,0,0,8,22,34,29,31,7,0,0,23,30,,,0,0,85,51,,,239,233,,,11,20,11,11
2024-04-21,,68,108,83,70,163,47,263,221,132,83,208,204,119,126,,,62,123,528,484,234,290,,,499,296,341,435,336,322,123,138,49,42,452,481,190,96,90,97,61,82,311,205,118,82,0,69,142,0,0,17,26,202,164,95,28,0,0,117,110,,,0,0,511,133,,,801,804,,,44,129,56,56
2024-04-22,,139,115,57,96,187,36,444,325,755,109,219,286,224,388,,,94,135,344,321,207,274,,,640,276,417,524,366,337,197,395,124,100,363,369,373,114,115,94,45,45,96,170,137,87,0,54,103,0,0,36,64,141,114,99,23,0,0,66,74,,,0,0,238,58,,,227,284,,,41,26,2,0
2024-04-23,,135,147,63,113,253,51,501,508,929,119,231,311,229,426,,,23,164,407,393,218,260,,,727,275,452,565,376,381,231,357,129,112,392,394,477,92,116,96,42,61,94,149,113,84,0,64,110,0,0,35,101,183,156,95,32,0,0,98,66,,,0,0,278,86,,,511,594,,,44,29,15,27
2024-04-24,,147,149,96,107,224,55,516,520,893,119,234,295,279,437,,,25,235,402,378,214,318,,,802,294,504,635,471,469,281,259,133,133,453,444,434,16,129,157,45,53,106,174,132,109,0,66,109,0,0,62,101,175,161,103,40,0,0,105,85,,,0,0,270,84,,,810,705,,,55,47,24,43
2024-04-25,,139,146,66,96,250,54,523,530,1000,92,216,260,213,376,,,29,163,377,340,206,238,,,750,277,428,579,352,380,214,356,121,111,445,399,469,110,131,136,47,62,82,161,126,89,0,59,109,0,0,66,108,154,130,98,31,0,0,83,84,,,0,0,226,83,,,519,533,,,36,30,31,21
2024-04-26,,145,140,110,123,256,50,551,638,1085,126,282,261,288,344,,,27,208,558,524,307,435,,,834,287,604,722,563,572,261,261,132,95,585,646,520,137,112,121,39,60,162,193,160,153,0,94,154,0,0,31,100,241,179,145,44,0,0,134,119,,,0,0,494,133,,,964,932,,,63,74,23,65
2024-04-27,,154,198,162,144,336,73,679,571,170,128,361,360,304,246,,,105,188,1414,1227,667,880,,,997,316,932,1058,1068,1063,279,304,95,82,1421,1371,249,110,156,135,54,141,517,246,319,222,0,115,308,0,0,26,31,615,549,270,59,0,0,335,290,,,0,0,1699,620,,,2370,2157,,,4,3,143,244
2024-04-28,,185,268,148,151,273,65,737,517,332,126,413,350,295,257,,,59,231,1593,1398,762,963,,,990,378,1021,1181,1182,1149,277,294,108,121,1733,1635,256,132,203,196,57,116,639,272,337,277,0,133,371,0,0,34,39,736,655,282,32,0,0,284,264,,,0,0,1941,672,,,2638,2379,,,56,149,183,272
2024-04-29,,255,282,114,192,329,74,977,745,1403,173,420,420,376,351,,,64,270,1031,970,597,764,,,1192,325,1144,1279,1126,1020,414,436,180,207,1007,976,551,119,236,238,108,147,0,0,241,208,0,112,268,0,0,57,114,508,458,227,39,0,0,220,193,,,0,0,954,178,,,0,0,,,112,56,62,99
2024-04-30,,266,244,150,195,316,69,809,594,1513,213,432,510,465,411,,,139,278,1066,949,610,825,,,1251,350,1107,1358,1050,1122,380,483,171,197,1096,1031,574,146,263,251,147,169,0,0,282,246,0,85,303,0,0,62,124,543,466,251,32,0,0,231,222,,,0,0,973,257,,,1184,1367,,,118,52,42,111
2024-05-01,,249,348,141,167,298,60,891,706,361,156,489,422,354,212,,,79,268,1883,1620,928,1152,,,1017,342,1259,1362,1403,1475,255,327,133,112,1867,1783,276,127,166,193,202,277,0,0,441,336,0,107,400,0,0,15,36,846,734,373,40,0,0,421,353,,,0,0,2390,1065,,,2988,2584,,,36,84,237,307
2024-05-02,,226,252,142,190,313,3,1012,560,1398,192,420,388,391,301,,,126,250,933,812,526,685,,,1204,127,1089,1263,1052,1013,406,417,178,162,916,842,537,159,211,219,149,200,0,0,229,208,0,62,194,0,0,55,84,533,430,205,37,0,0,195,187,,,0,0,654,150,,,1367,1298,,,117,29,49,81
2024-05-03,,160,159,138,145,277,0,604,470,1271,140,273,211,316,274,,,101,178,526,435,279,356,,,1000,285,647,735,576,568,270,319,147,130,533,501,457,89,125,143,115,119,0,0,152,115,0,45,137,0,0,65,79,279,223,127,20,0,0,122,109,,,0,0,398,71,,,757,799,,,63,50,40,40
2024-05-04,,188,251,129,176,314,0,596,637,139,127,348,311,329,194,,,101,185,1249,1184,573,813,,,905,292,836,1028,1000,942,262,276,98,114,1168,1136,280,86,128,168,111,193,0,0,261,183,0,115,309,0,0,35,32,539,455,203,26,0,0,256,294,,,0,0,1431,425,,,2180,2026,,,33,92,133,208
2024-05-05,,167,198,123,175,290,1,603,498,203,115,345,330,4575,136,,,92,145,1145,985,558,720,,,443,279,711,807,852,758,217,273,83,100,1053,1004,202,104,152,158,276,286,0,0,312,208,0,119,349,0,0,28,36,453,447,186,30,0,0,275,253,,,0,0,1376,440,,,2034,1728,,,26,79,125,168
2024-05-06,,189,211,110,167,265,0,849,746,1367,187,346,327,342,254,,,98,175,719,621,389,518,,,1103,384,856,1035,794,795,306,353,144,168,662,659,455,116,162,182,190,218,632,492,247,171,0,57,156,0,0,27,107,345,305,175,26,0,0,136,143,,,0,0,452,99,,,1081,1046,,,103,43,31,57
2024-05-07,,54,53,34,58,240,1,284,236,1316,75,111,197,190,156,,,46,89,264,175,66,110,,,757,215,174,226,137,136,118,126,73,60,230,179,616,79,121,82,17,18,168,144,41,36,0,20,57,0,0,8,59,51,46,35,22,0,0,33,25,,,0,0,89,39,,,210,238,,,12,10,9,7
2024-05-08,,172,178,126,99,385,3,534,362,159,109,360,320,257,178,,,88,195,1214,1046,545,739,,,758,82,828,993,839,849,204,266,115,102,1046,1117,222,119,141,218,293,282,1902,1915,197,151,0,92,278,0,0,13,46,476,369,210,47,0,0,281,302,,,0,0,1381,438,,,1877,1806,,,27,117,110,128
2024-05-09,,238,260,91,234,375,0,1066,989,1199,234,460,442,410,316,,,137,272,1102,1051,587,836,,,1100,98,1131,1316,1128,1022,368,483,196,183,991,951,539,148,211,248,166,219,1464,1531,319,244,0,88,258,0,0,35,88,542,451,235,39,0,0,251,184,,,0,0,942,215,,,1646,1659,,,130,48,64,110
2024-05-10,,220,234,149,153,416,0,970,881,945,184,390,349,356,460,,,173,227,957,848,565,755,,,1192,296,962,1199,942,973,390,420,186,154,923,904,521,133,162,241,282,311,1494,1434,272,192,0,85,238,0,0,19,75,447,416,203,37,0,0,210,211,,,0,0,928,240,,,1570,1603,,,88,72,60,108
2024-05-11,,197,222,83,113,471,0,767,730,197,124,362,298,357,381,,,139,234,1270,1181,576,809,,,1067,307,882,1024,1010,928,309,350,107,91,1283,1164,236,9,147,240,144,241,2051,2103,257,197,0,151,355,0,0,21,37,473,472,208,33,0,0,387,392,,,0,0,1468,518,,,2164,1950,,,33,105,0,0
2024-05-12,,172,278,132,93,409,0,695,604,860,113,393,329,357,183,,,119,187,1296,1232,644,870,,,911,368,888,1085,1026,964,246,297,88,80,1271,1136,243,93,149,277,354,405,2243,2354,295,236,0,45,411,0,0,10,41,572,417,235,46,0,0,473,450,,,0,0,1589,578,,,784,1014,,,36,94,0,0
2024-05-13,,240,276,83,248,449,0,1190,1123,1623,208,473,540,407,297,,,170,269,1045,977,687,878,,,1129,352,1276,1451,1161,1181,472,516,166,224,1026,985,577,138,243,269,327,376,1465,1476,318,237,0,24,270,0,0,34,86,583,488,262,47,0,0,299,276,,,0,0,967,209,,,1330,1533,,,111,63,0,0
2024-05-14,,276,309,136,225,416,0,1230,1071,1608,187,502,498,500,429,,,187,530,1289,1186,678,929,,,1247,298,1548,1611,1322,1309,444,659,200,235,1228,1201,676,150,285,322,203,256,1698,1691,446,324,0,61,315,0,0,34,87,721,582,286,68,0,0,336,250,,,0,0,1188,257,,,2009,1995,,,144,71,76,118
2024-05-15,,275,300,166,230,411,1,1088,702,1441,80,483,437,482,399,,,165,486,1042,913,622,768,,,1180,279,1491,1453,1232,1216,429,540,196,239,1071,978,771,160,269,272,364,399,1382,1322,313,260,0,60,246,0,0,42,101,594,454,254,50,0,0,218,176,,,0,0,896,268,,,1636,1561,,,160,46,76,111
2024-05-16,,189,218,123,150,412,1,836,314,1357,61,349,361,462,348,,,146,492,692,611,424,533,,,1066,306,1074,1093,931,868,464,528,169,206,728,657,697,10,216,181,161,200,727,743,239,162,0,54,157,0,0,43,94,415,340,158,52,0,0,165,150,,,0,0,428,164,,,995,977,,,85,42,42,53
2024-05-17,,97,84,52,50,374,0,316,330,1325,36,135,155,176,133,,,47,242,213,195,124,177,,,790,218,349,351,203,259,146,191,97,77,240,257,715,76,77,89,57,75,193,231,64,58,0,13,76,0,0,31,57,117,91,58,14,0,0,56,46,,,0,0,114,37,,,297,333,,,23,13,11,14
2024-05-18,,73,93,82,104,360,0,427,288,229,27,170,178,145,151,,,114,250,532,463,203,297,,,758,269,479,495,446,441,154,243,71,54,532,530,251,93,86,113,78,90,754,721,103,113,0,35,118,0,0,31,32,190,179,100,21,0,0,88,85,,,0,0,498,202,,,790,760,,,18,44,92,56
2024-05-19,,151,168,144,110,305,0,608,504,659,43,336,288,262,170,,,134,298,1157,960,479,689,,,869,325,880,916,891,839,178,223,91,91,1148,1029,225,83,118,153,157,189,1948,2100,242,195,0,44,270,0,0,26,47,408,393,196,26,0,0,260,265,,,0,0,1339,548,,,10,9,,,26,88,157,154
2024-05-20,,283,316,190,270,756,0,1246,936,1554,111,551,468,529,338,,,101,475,1322,1195,667,887,,,1263,217,1508,1509,1256,1201,495,445,182,233,1189,1157,657,11,272,284,291,377,1798,1810,307,256,0,66,301,0,0,69,133,677,602,268,57,0,0,290,269,,,0,0,1186,246,,,1555,1761,,,148,66,118,116
2024-05-21,,164,180,108,144,384,0,738,485,1469,61,365,365,300,228,,,54,333,616,569,399,448,,,1080,296,973,847,764,689,326,344,135,145,607,548,712,129,175,168,161,228,745,682,214,156,0,36,159,0,0,39,81,324,262,140,39,0,0,177,142,,,0,0,424,81,,,813,873,,,104,47,38,28
2024-05-22,,168,189,138,161,302,0,649,311,1450,72,301,354,299,294,,,162,361,540,557,323,459,,,905,278,783,810,621,645,334,360,149,160,655,675,839,126,157,154,116,137,806,822,183,145,0,52,187,0,0,64,94,265,226,137,38,0,0,136,123,,,0,0,458,129,,,855,881,,,53,22,52,52
2024-05-23,,246,269,228,225,316,1,1045,802,1469,98,456,472,478,346,,,157,498,1050,1075,596,799,,,1234,309,1451,1481,1218,1170,438,486,150,181,1041,1065,613,155,231,284,290,336,1550,1609,318,251,0,69,286,0,0,71,98,587,482,254,53,0,0,292,260,,,0,0,1052,247,,,1692,1759,,,135,74,116,122
2024-05-24,,134,151,126,168,390,1,650,383,1124,69,291,306,460,238,,,128,346,601,502,320,437,,,1054,266,752,778,586,605,295,318,135,128,598,552,776,110,171,164,82,91,820,769,157,114,0,33,162,0,0,48,75,224,203,142,25,0,0,141,118,,,0,0,493,103,,,847,912,,,63,28,62,43
2024-05-25,,150,196,140,121,366,0,572,455,187,37,264,246,262,131,,,113,269,858,844,411,554,,,973,335,763,822,749,756,219,230,94,118,795,849,261,91,131,120,111,181,1422,1458,223,166,0,50,186,0,0,29,44,269,244,141,23,0,0,188,180,,,0,0,982,334,,,1520,1447,,,46,98,103,110
2024-05-26,,185,225,162,170,329,0,654,546,792,47,311,262,317,241,,,128,284,1149,988,535,681,,,957,409,928,916,942,847,265,311,83,92,1087,1011,236,117,150,127,129,158,1826,1933,243,171,0,53,268,0,0,26,30,424,415,220,37,0,0,269,264,,,0,0,1337,539,,,1239,1345,,,67,127,172,161
2024-05-27,,254,258,172,201,285,0,977,698,1485,81,393,412,416,306,,,140,398,846,752,487,693,,,1214,342,1154,1163,968,904,447,452,181,188,752,684,678,143,209,178,167,224,982,1086,295,203,0,78,232,0,0,55,90,431,337,198,36,0,0,207,166,,,0,0,605,139,,,803,1006,,,92,46,56,53
2024-05-28,,148,137,171,89,182,0,586,369,1431,66,267,319,258,226,,,102,322,539,495,308,429,,,1053,250,738,666,536,570,276,329,130,132,513,474,749,102,152,131,91,101,617,630,158,137,0,37,160,0,0,37,71,230,183,100,22,0,0,146,116,,,0,0,384,110,,,684,739,,,48,21,30,34
2024-05-29,,303,340,181,163,225,0,1165,990,1512,90,541,494,495,435,,,141,478,1295,1194,697,912,,,1201,263,1503,1504,1258,1236,497,555,201,199,1205,1150,740,159,273,274,184,238,1780,1938,380,301,0,77,289,0,0,55,75,652,583,273,70,0,0,289,263,,,0,0,1242,326,,,2175,2076,,,137,33,106,138
2024-05-30,,201,186,98,154,182,0,732,437,1454,130,298,381,526,371,,,61,336,681,636,335,488,,,1189,256,980,804,803,696,316,336,150,141,659,697,705,129,173,157,131,121,957,954,198,149,0,50,201,0,0,60,75,377,270,148,41,0,0,181,161,,,0,0,610,183,,,1017,1005,,,78,24,51,57
2024-05-31,,143,150,120,133,132,0,520,288,1054,112,217,259,264,260,,,62,281,454,465,268,343,,,1106,245,620,576,533,480,288,319,116,109,555,531,723,115,112,131,99,117,643,836,134,93,0,42,154,0,0,52,52,237,183,132,17,0,0,115,109,,,0,0,415,187,,,766,769,,,54,26,42,37
2024-06-01,,49,57,31,39,96,0,177,124,395,49,122,80,86,57,,,53,102,212,180,70,91,,,824,342,253,214,193,200,110,158,48,24,156,150,419,56,43,29,3,5,212,210,40,36,0,2,38,0,0,18,25,40,32,22,8,0,0,27,36,,,0,0,136,64,,,0,0,,,6,7,28,17
2024-06-02,,91,115,68,74,99,0,287,280,697,60,192,170,130,124,,,44,153,574,472,308,388,,,712,295,424,471,401,418,193,213,54,80,504,469,251,68,85,110,72,95,853,850,139,98,0,53,144,0,0,15,39,222,173,94,13,0,0,112,141,,,0,0,582,299,,,0,0,,,8,13,98,59
2024-06-03,,222,193,110,182,189,0,796,850,1384,163,338,326,298,215,,,107,351,672,660,378,529,,,853,283,765,845,733,696,330,352,149,167,680,658,498,136,214,128,86,106,902,876,217,159,0,57,184,0,0,57,87,344,269,160,30,0,0,138,133,,,0,0,564,218,,,619,793,,,80,20,42,41
2024-06-04,,242,262,176,230,276,0,991,1134,1381,181,470,447,393,325,,,173,459,1072,1008,539,799,,,1010,302,987,1202,943,934,431,528,182,168,1078,1032,611,61,304,235,166,128,1480,1500,300,230,0,83,266,0,0,49,106,515,424,253,49,0,0,263,228,,,0,0,933,321,,,1531,1524,,,79,27,113,111
2024-06-05,,286,256,113,264,214,0,1142,1194,1605,208,476,458,473,358,,,181,356,1124,1085,610,833,,,1088,309,1187,1399,1144,1100,498,462,186,207,1096,1040,667,172,278,262,162,177,1523,1586,327,251,0,86,286,0,0,47,93,633,530,251,45,0,0,272,249,,,0,0,954,303,,,1808,1695,,,86,34,118,141
2024-06-06,,215,206,94,221,254,0,1023,1128,1502,167,363,404,443,356,,,197,278,826,760,463,657,,,999,274,1035,1124,960,923,399,496,167,190,912,870,689,139,303,195,132,154,1143,1139,276,201,0,55,222,0,0,48,102,433,340,193,32,0,0,217,184,,,0,0,727,207,,,1263,1284,,,74,25,91,82
2024-06-07,,206,227,143,182,233,0,761,855,1594,180,295,337,372,179,,,152,221,772,745,404,632,,,1088,337,855,994,819,855,356,389,136,130,841,795,452,15,250,152,58,72,1081,1130,212,150,0,55,201,0,0,42,83,398,295,182,36,0,0,210,191,,,0,0,720,240,,,1404,1442,,,34,16,83,91
2024-06-08,,216,267,178,217,292,0,884,911,538,90,329,285,291,345,,,164,207,1379,1145,587,763,,,1075,372,1024,1135,1168,1040,274,360,113,82,1403,1243,281,115,152,183,18,20,2116,2113,326,251,0,69,344,0,0,24,50,637,574,266,37,0,0,297,316,,,0,0,1586,562,,,2402,2198,,,13,31,237,219
2024-06-09,,224,241,135,166,206,0,791,799,481,136,331,341,362,207,,,179,247,1456,1203,655,963,,,960,363,946,1075,1055,1014,277,333,100,83,1470,1282,249,133,152,161,417,290,2302,2299,297,236,0,63,371,0,0,33,43,624,543,219,41,0,0,359,323,,,0,0,1674,597,,,2271,2126,,,7,10,255,158
2024-06-10,,238,255,184,243,200,0,968,973,1401,177,377,416,298,289,,,177,272,906,802,513,722,,,1167,375,1044,1200,1005,956,361,381,184,223,921,854,452,10,283,203,76,86,1190,1247,244,193,0,66,258,0,0,56,68,419,359,184,54,0,0,243,236,,,0,0,811,222,,,0,0,,,65,12,71,68
2024-06-11,,247,256,207,246,248,0,981,1128,1460,190,418,414,413,334,,,184,314,820,785,453,685,,,1110,273,1138,1228,990,904,410,471,169,179,806,822,619,168,276,221,346,336,1005,1065,294,210,0,70,262,0,0,71,86,463,374,209,49,0,0,246,211,,,0,0,656,210,,,752,897,,,71,24,40,72
2024-06-12,,241,241,164,213,193,0,895,855,1500,190,370,416,501,377,,,156,301,887,823,466,652,,,1129,260,1147,1207,969,955,273,297,190,225,848,802,921,139,276,202,61,70,1142,1136,244,180,0,73,245,0,0,62,129,473,378,205,95,0,0,232,200,,,0,0,742,183,,,1449,1431,,,74,28,75,97
2024-06-13,,200,212,135,174,342,0,693,542,1625,173,337,343,247,248,,,104,258,611,591,309,412,,,1077,331,929,926,751,700,288,343,153,169,634,600,659,140,275,167,16,11,740,809,253,186,0,49,177,0,0,48,89,346,269,150,50,0,0,167,190,,,0,0,454,208,,,1010,1012,,,63,20,82,70
2024-06-14,,207,195,151,177,399,1,717,739,1409,146,308,285,293,324,,,134,283,652,587,283,457,,,1040,307,863,919,729,723,278,343,159,138,627,627,519,149,218,128,59,63,884,920,203,151,0,44,187,0,0,56,89,354,260,126,29,0,0,171,150,,,0,0,574,232,,,1131,1096,,,64,38,61,68
2024-06-15,,136,178,103,151,386,0,517,316,177,95,283,214,206,189,,,99,226,808,783,360,585,,,1000,345,801,878,801,752,259,276,88,86,762,807,475,10,106,152,28,73,1431,1394,227,155,0,64,245,0,0,42,91,358,304,150,25,0,0,177,189,,,0,0,973,413,,,1531,1511,,,26,46,172,128
2024-06-16,,228,267,130,214,421,0,759,531,643,131,395,299,283,211,,,108,247,1355,1243,612,848,,,977,371,1060,1149,1091,1046,272,296,119,101,1244,1175,232,95,137,181,17,56,2373,2420,237,210,0,94,397,0,0,23,38,580,536,235,39,0,0,336,330,,,0,0,1747,756,,,2520,2151,,,13,22,247,170
2024-06-17,,256,230,120,220,491,1,876,447,1466,190,421,450,402,316,,,148,324,971,908,512,722,,,1186,337,1172,1205,1034,1005,375,385,170,174,897,943,506,179,256,196,143,151,1268,1192,266,204,0,60,257,0,0,52,62,499,382,243,38,0,0,248,247,,,0,0,859,243,,,1454,1437,,,92,29,84,77
2024-06-18,,301,314,170,268,419,1,702,575,1633,202,445,441,538,352,,,161,346,1127,1040,603,843,,,1421,287,1308,1530,1204,1230,433,448,191,189,1174,1158,618,168,348,209,165,168,1687,1759,357,261,0,88,316,0,0,40,51,630,561,253,34,0,0,300,260,,,0,0,1168,253,,,1829,1733,,,76,17,140,115
2024-06-19,,285,245,199,227,373,0,957,747,1590,217,399,433,484,367,,,167,307,918,876,502,693,,,1240,278,1123,1204,1035,901,362,393,192,177,808,786,536,150,303,174,118,107,1222,1266,303,246,0,76,267,0,0,0,18,498,389,215,29,0,0,264,225,,,0,0,745,137,,,1558,1581,,,27,10,100,82
2024-06-20,,271,249,153,212,333,0,938,901,1619,192,404,428,397,344,,,143,345,1036,977,575,746,,,1254,241,1117,1295,999,1038,378,411,165,218,691,634,515,163,279,195,55,47,1395,1486,290,221,0,61,232,0,0,1,12,536,400,214,57,0,0,246,238,,,0,0,911,214,,,1575,1653,,,72,21,113,119
2024-06-21,,198,179,142,144,304,0,439,423,1528,175,285,256,306,271,,,67,209,598,546,299,400,,,1356,151,728,809,650,621,237,289,140,124,440,413,441,124,192,129,10,10,840,821,208,152,0,44,173,0,0,1,6,340,236,131,27,0,0,179,159,,,0,0,560,105,,,939,1019,,,30,26,52,42
2024-06-22,,165,193,152,177,374,0,644,485,273,98,312,247,311,147,,,139,191,1159,925,535,713,,,1110,49,829,774,905,824,177,263,133,66,749,628,275,92,117,147,9,6,1800,1782,194,166,0,75,248,0,0,9,33,399,363,170,36,0,0,187,226,,,0,0,1243,488,,,1765,1665,,,12,19,167,138
2024-06-23,,231,261,168,158,339,0,592,537,661,134,391,279,299,224,,,147,239,1420,1316,635,920,,,1070,118,1037,1165,1167,1069,248,323,126,104,911,878,298,108,174,165,543,452,2453,2490,291,238,0,76,372,0,0,31,42,594,520,287,41,0,0,306,317,,,0,0,1723,598,,,1855,1953,,,23,28,223,251
2024-06-24,,255,295,176,239,313,3,1021,808,1706,171,448,410,427,250,,,158,319,1047,937,560,785,,,1110,286,1200,1365,1146,1073,361,397,213,210,652,641,568,150,302,276,116,151,1349,1373,293,197,0,76,313,0,0,48,80,553,449,227,48,0,0,302,260,,,0,0,912,217,,,1354,1486,,,87,49,114,109
2024-06-25,,286,339,130,267,329,1,860,454,1624,167,459,489,407,305,,,182,413,1186,1104,615,891,,,1118,301,1413,1493,1302,1202,406,584,209,217,717,678,644,156,330,315,136,153,1549,1559,386,270,0,70,321,0,0,40,71,637,559,270,39,0,0,325,285,,,0,0,1075,221,,,1919,1833,,,102,30,114,126
2024-06-26,,261,275,171,123,258,25,708,519,1749,211,414,466,489,249,,,175,354,970,935,524,743,,,1433,341,1213,1339,1092,1134,375,450,169,216,664,646,616,181,317,210,398,321,1424,1371,305,240,0,51,250,0,0,89,75,494,424,239,33,0,0,266,245,,,0,0,948,154,,,1683,1545,,,76,41,92,92
2024-06-27,,165,171,82,135,256,43,601,583,1680,132,297,354,334,324,,,138,220,630,539,353,392,,,1271,277,854,813,731,640,284,377,162,169,377,337,640,130,262,165,25,21,666,650,317,194,0,49,165,0,0,107,75,309,242,133,21,0,0,184,158,,,0,0,403,82,,,1036,893,,,28,12,52,34
2024-06-28,,179,188,140,178,278,96,759,782,1418,170,304,291,291,230,,,141,233,705,646,339,523,,,1043,322,849,960,698,731,290,323,173,128,464,466,424,145,185,119,28,16,961,904,245,167,0,44,169,0,0,155,75,309,272,144,21,0,0,169,173,,,0,0,638,167,,,1190,1258,,,24,17,79,69
2024-06-29,,80,86,97,99,197,103,454,400,266,95,111,97,228,240,,,109,111,350,429,294,428,,,525,251,588,405,783,905,94,114,111,76,281,220,136,79,48,120,14,10,1469,1422,198,155,0,24,109,0,0,29,16,307,295,72,11,0,0,134,91,,,0,0,393,127,,,813,551,,,12,14,88,74
2024-06-30,,128,151,150,145,266,85,465,448,402,115,216,141,213,145,,,112,125,846,751,316,477,,,584,327,805,819,744,723,160,224,58,64,543,541,246,91,142,163,7,9,1432,1458,181,145,0,62,204,0,0,13,27,395,309,152,27,0,0,194,184,,,0,0,1093,331,,,435,623,,,7,9,123,93
2024-07-01,,195,182,93,118,218,81,710,654,1478,228,206,166,292,234,,,131,231,549,515,271,392,,,955,358,764,792,693,652,260,309,169,165,434,410,402,113,153,140,4,2,768,809,188,169,0,64,159,0,0,77,61,259,230,119,22,0,0,158,149,,,0,0,500,206,,,0,0,,,21,3,0,0
2024-07-02,,248,244,185,134,270,128,1000,981,1559,228,276,219,408,351,,,84,237,877,779,419,640,,,975,380,1099,1162,966,952,284,340,183,123,534,484,423,130,194,189,12,7,1125,1107,268,180,0,70,219,0,0,77,63,423,356,153,32,0,0,245,202,,,0,0,734,203,,,1048,1136,,,38,13,79,72
2024-07-03,,213,254,153,162,230,86,751,702,1498,214,247,186,321,267,,,86,235,726,637,341,495,,,1014,373,892,950,807,743,294,382,167,121,433,491,530,123,201,214,14,2,997,965,228,161,0,69,184,0,0,75,50,340,268,183,30,0,0,181,182,,,0,0,644,168,,,1156,1163,,,17,12,83,61
2024-07-04,,217,186,93,153,239,59,660,478,1217,164,195,164,262,224,,,104,201,580,602,303,414,,,939,379,821,812,668,622,231,281,153,105,446,429,470,117,129,156,9,5,814,837,167,139,0,31,160,0,0,53,54,341,273,137,31,0,0,183,159,,,0,0,524,269,,,984,979,,,26,18,72,62
2024-07-05,,154,148,139,141,325,69,542,403,230,244,178,167,200,197,,,117,159,815,704,345,467,,,877,368,741,800,762,776,215,247,91,91,488,488,229,112,105,133,6,3,1346,1280,148,119,0,35,163,0,0,41,23,354,310,150,26,0,0,167,151,,,0,0,941,386,,,1502,1428,,,7,14,133,130
2024-07-06,,131,129,119,118,285,90,230,161,143,107,154,138,162,177,,,73,72,730,659,291,423,,,946,356,679,733,701,712,145,193,77,52,511,369,210,56,116,160,4,2,915,972,145,112,0,34,140,0,0,35,24,320,292,140,16,0,0,159,187,,,0,0,941,371,,,1552,1298,,,5,8,138,113
2024-07-07,,120,89,61,78,272,74,397,380,347,77,159,127,157,178,,,107,26,452,373,149,229,,,704,321,377,418,333,355,133,148,46,54,322,352,216,99,68,57,4,2,779,793,112,85,0,21,135,0,0,50,23,104,90,76,20,0,0,113,99,,,0,0,527,227,,,645,629,,,4,2,57,30
2024-07-08,,246,297,137,217,298,119,890,780,1632,179,372,357,398,345,,,160,66,1085,979,515,801,,,1163,376,1182,1303,1096,1056,348,420,146,152,620,665,522,13,225,226,12,5,1549,1511,281,220,0,92,245,0,0,82,58,524,418,204,47,0,0,288,274,,,0,0,1127,267,,,0,0,,,35,10,118,112
2024-07-09,,279,283,192,238,292,125,637,655,1541,211,421,406,411,370,,,119,48,1117,1076,544,831,,,1488,426,1354,1519,1253,1206,166,214,179,157,719,683,742,187,288,292,26,12,1574,1682,304,225,0,82,277,0,0,51,71,641,534,265,44,0,0,280,243,,,0,0,1117,261,,,0,0,,,14,2,16,10
2024-07-10,,218,188,143,141,225,63,635,563,1534,162,313,325,332,314,,,117,44,646,626,355,477,,,1214,388,888,955,809,783,276,364,123,160,393,398,1026,117,187,223,12,4,758,848,219,175,0,73,160,0,0,101,75,368,288,140,24,0,0,188,161,,,0,0,480,125,,,461,612,,,126,83,61,28
2024-07-11,,237,221,144,225,254,87,875,714,1535,199,390,378,404,309,,,119,73,873,811,456,626,,,1194,355,1108,1214,1028,902,326,364,168,138,496,466,548,156,244,244,414,389,1247,1200,276,218,0,132,215,0,0,63,89,469,354,178,31,0,0,236,236,,,0,0,802,182,,,1611,1492,,,331,197,121,102
2024-07-12,,133,137,154,130,210,86,424,410,1567,150,187,194,207,206,,,59,40,428,407,237,308,,,1125,302,600,632,524,511,236,277,113,90,319,338,513,93,155,134,196,212,693,656,184,140,0,54,104,0,0,72,52,251,168,100,19,0,0,107,108,,,0,0,436,87,,,819,854,,,186,105,64,26
2024-07-13,,141,169,155,147,272,91,575,533,348,117,236,221,171,187,,,27,46,988,860,366,524,,,886,305,830,733,873,770,214,263,82,71,583,549,225,86,122,113,301,285,1495,1445,196,142,0,87,194,0,0,50,26,395,292,159,20,0,0,224,188,,,0,0,1083,356,,,1758,1645,,,543,249,143,103
2024-07-14,,222,263,173,188,281,92,542,451,307,170,303,257,230,232,,,41,31,1303,1163,508,786,,,842,393,1026,1037,1102,1053,249,286,90,84,882,794,264,101,163,172,463,416,2142,2256,281,208,0,129,320,0,0,28,34,542,474,225,35,0,0,284,277,,,0,0,1596,565,,,2396,2183,,,895,372,254,186
2024-07-15,,279,284,215,236,301,108,562,528,1611,219,402,386,365,299,,,99,62,992,972,500,767,,,1228,394,1228,1410,1139,1142,381,467,203,150,635,631,649,152,293,209,475,422,1313,1386,273,213,0,112,259,0,0,74,82,517,447,217,30,0,0,272,233,,,0,0,907,200,,,1592,1563,,,417,216,104,106
2024-07-16,,257,274,180,253,252,103,781,775,1566,218,429,412,499,244,,,164,62,1030,944,526,755,,,1194,333,1289,1309,1156,1044,398,410,182,165,738,628,700,132,268,295,464,434,1380,1536,273,200,0,113,223,0,0,46,71,477,429,208,50,0,0,279,246,,,0,0,964,250,,,1732,1649,,,368,156,107,89
2024-07-17,,287,319,216,266,256,114,1113,1035,1451,216,417,415,411,397,,,144,66,1094,1042,545,800,,,1046,310,1298,1430,1158,1175,432,569,176,157,710,723,734,158,281,294,502,451,1500,1548,281,229,0,109,247,0,0,6,81,613,525,253,41,0,0,285,258,,,0,0,1027,326,,,1811,1642,,,464,172,156,132
2024-07-18,,239,267,195,253,234,111,646,580,1478,206,394,437,371,381,,,134,72,1170,1043,488,721,,,1150,361,1293,1352,1176,1079,337,395,200,178,763,729,638,85,237,214,471,444,1498,1618,266,226,0,126,246,0,0,14,61,611,519,233,28,0,0,259,234,,,0,0,1023,307,,,1771,1764,,,480,227,125,107
2024-07-19,,236,220,190,169,304,90,435,404,1220,183,338,262,333,267,,,148,58,864,786,398,628,,,1172,301,987,1157,958,947,327,430,158,134,550,510,557,151,178,182,398,349,1295,1338,217,196,0,95,209,0,0,12,55,452,374,180,32,0,0,218,233,,,0,0,865,192,,,1458,1520,,,322,210,84,84
2024-07-20,,174,218,135,177,288,100,358,234,209,162,248,213,224,142,,,136,36,967,821,328,509,,,1064,400,947,985,1006,959,269,316,104,90,628,527,280,88,122,152,346,351,1570,1581,203,151,0,88,218,0,0,7,32,468,384,199,25,0,0,199,223,,,0,0,1186,322,,,1796,1744,,,673,342,162,147
2024-07-21,,186,178,158,176,278,110,229,203,214,147,296,231,215,167,,,119,50,1006,851,391,579,,,952,431,902,936,924,801,282,288,88,85,537,535,260,101,112,166,326,323,1543,1448,224,156,0,93,197,0,0,10,25,433,402,159,27,0,0,218,204,,,0,0,1211,254,,,1766,1570,,,372,248,167,156
2024-07-22,,240,219,155,190,269,101,737,661,1499,220,341,308,286,247,,,112,60,801,719,408,591,,,1099,316,897,1043,896,819,327,441,162,145,546,498,617,151,205,162,305,295,1020,1113,178,161,0,97,180,0,0,74,62,352,298,155,25,0,0,205,180,,,0,0,662,144,,,631,495,,,306,335,83,58
2024-07-23,,296,289,229,263,297,87,846,747,1712,227,432,441,349,321,,,161,75,1195,1003,564,880,,,1175,372,1343,1461,1247,1206,473,488,207,201,773,720,639,153,258,188,577,513,1698,1708,281,208,0,121,279,0,0,132,69,618,541,223,34,0,0,288,261,,,0,0,1156,327,,,1275,1449,,,616,375,82,88
2024-07-24,,249,275,199,210,421,127,900,722,1295,201,344,370,488,340,,,120,70,1036,871,471,688,,,1156,335,1025,1112,957,905,240,327,178,135,649,570,853,142,213,156,389,356,1330,1434,254,181,0,117,218,0,0,89,69,445,390,182,46,0,0,218,218,,,0,0,884,252,,,1675,1574,,,381,298,104,105
2024-07-25,,262,284,227,253,426,161,661,631,1462,225,447,374,331,311,,,153,68,1174,1088,645,805,,,1267,333,1197,1349,1133,1091,378,476,171,138,674,626,572,157,242,284,510,440,1573,1709,294,199,0,140,286,0,0,130,74,597,496,231,34,0,0,276,244,,,0,0,1060,309,,,1896,1811,,,331,129,134,129
2024-07-26,,221,247,182,195,408,123,546,553,787,194,345,321,415,304,,,115,59,821,768,488,609,,,1299,359,1025,1095,1005,919,306,361,134,111,568,467,724,132,187,211,364,323,1130,1224,227,150,0,121,220,0,0,91,51,432,364,144,27,0,0,181,207,,,0,0,775,210,,,1483,1432,,,429,303,91,98
2024-07-27,,173,185,170,135,345,131,291,270,210,138,243,208,202,160,,,76,36,876,791,367,510,,,1184,390,834,909,846,825,216,266,88,59,525,525,303,81,101,100,319,291,1410,1428,167,142,0,101,202,0,0,52,38,385,323,177,19,0,0,208,201,,,0,0,1038,290,,,1621,1552,,,442,236,160,127
2024-07-28,,172,212,131,158,337,153,533,401,612,124,252,228,243,170,,,111,21,1034,874,415,531,,,878,358,748,839,836,834,208,238,86,90,655,549,268,111,101,157,298,266,1682,1714,152,153,0,161,227,0,0,62,26,340,319,179,27,0,0,202,202,,,0,0,1158,435,,,1822,1691,,,407,181,143,124
2024-07-29,,306,286,188,239,421,129,702,664,1504,242,451,400,389,336,,,135,88,1124,1027,631,797,,,1149,360,1193,1388,1162,1112,350,344,180,144,748,741,664,144,222,183,483,490,1578,1652,281,236,0,197,291,0,0,151,72,582,453,213,31,0,0,282,245,,,0,0,1103,283,,,1859,1822,,,545,188,122,109
2024-07-30,,297,281,191,269,443,122,620,674,1200,226,462,505,728,340,,,125,79,1272,1097,739,895,,,1417,353,1315,1514,1336,1251,476,535,175,185,750,771,974,157,255,238,595,508,1807,1806,283,234,0,206,322,0,0,61,71,665,560,247,41,0,0,297,267,,,0,0,1301,286,,,1981,1898,,,511,578,125,118
2024-07-31,,263,268,186,234,465,139,579,551,1320,197,428,465,503,281,,,53,39,1034,992,593,747,,,1364,398,1285,1497,1264,1133,401,399,172,152,558,572,843,149,266,231,505,444,1463,1516,266,208,0,158,256,0,0,95,59,545,456,235,34,0,0,299,268,,,0,0,1024,216,,,1931,1860,,,609,249,98,112
2024-08-01,,229,260,145,187,379,129,578,560,1564,144,345,343,350,263,,,119,45,898,857,471,625,,,1189,401,951,1050,939,881,356,410,144,140,544,552,918,142,194,195,325,312,1300,1384,193,164,0,122,199,0,0,104,51,396,335,161,34,0,0,216,186,,,0,0,925,242,,,1487,1379,,,397,307,97,79
2024-08-02,,128,145,96,122,301,80,461,554,1235,105,184,156,176,162,,,88,42,380,362,234,261,,,928,302,505,545,499,442,234,224,143,86,196,206,755,115,126,110,142,150,401,397,115,68,0,66,125,0,0,74,64,154,134,77,21,0,0,95,86,,,0,0,217,70,,,599,658,,,128,124,41,24
2024-08-03,,148,199,185,174,300,136,648,703,181,167,293,246,159,181,,,146,51,1244,1115,531,718,,,1076,348,981,1055,1053,1021,273,317,115,101,662,619,285,91,162,190,396,398,2021,2000,264,190,0,174,259,0,0,58,35,495,410,190,20,0,0,239,269,,,0,0,1455,466,,,2087,2048,,,794,587,190,149
2024-08-04,,102,97,73,75,260,87,364,374,145,65,160,141,120,146,,,83,30,577,533,284,348,,,942,314,394,383,417,437,126,185,51,48,380,344,328,67,90,170,132,146,902,965,125,107,0,66,132,0,0,43,28,147,141,64,11,0,0,132,122,,,0,0,657,290,,,726,738,,,401,162,82,68
2024-08-05,,226,267,121,208,378,80,971,963,1222,200,408,356,353,352,,,143,72,1018,884,571,689,,,1188,392,981,1100,1011,953,367,439,161,37,623,622,734,144,212,184,392,357,1376,1418,213,169,0,162,265,0,0,132,73,387,327,197,30,0,0,263,227,,,0,0,952,244,,,961,935,,,573,150,91,79
2024-08-06,,306,332,141,291,310,10,1248,1280,1414,247,455,475,419,396,,,140,74,1300,1160,755,929,,,1418,365,1394,1553,1331,1277,430,527,985,128,774,771,1046,184,273,293,614,556,1515,1570,147,42,0,207,324,0,0,146,104,685,562,295,56,0,0,332,298,,,0,0,1293,292,,,2203,2102,,,325,77,159,133
2024-08-07,,246,274,168,232,289,7,1109,1082,1192,179,392,380,333,318,,,99,49,1114,1029,615,800,,,1465,437,1091,1373,1059,1065,366,470,181,157,639,622,834,147,244,234,537,472,1327,1185,0,0,0,167,280,0,0,98,55,525,475,221,41,0,0,276,229,,,0,0,1053,188,,,1767,1615,,,387,336,126,64
2024-08-08,,200,200,135,168,289,2,868,850,1247,184,318,299,279,249,,,101,52,759,702,432,500,,,1265,400,791,805,795,732,314,383,153,41,451,428,924,119,177,167,266,289,852,943,0,0,0,115,175,0,0,184,66,353,308,162,27,0,0,189,157,,,0,0,559,153,,,1050,982,,,475,170,86,53
2024-08-09,,219,255,183,211,269,7,936,976,916,170,331,297,315,263,,,131,37,954,879,476,653,,,1156,354,865,1046,843,886,320,349,163,166,31,45,658,157,157,119,343,346,1308,1549,0,0,0,161,239,0,0,120,71,443,347,185,35,0,0,228,220,,,0,0,953,363,,,1447,1445,,,341,159,112,69
2024-08-10,,169,218,203,177,275,3,749,739,360,149,242,235,260,231,,,82,17,1050,916,476,570,,,1256,452,850,1014,964,846,137,159,106,93,204,164,349,92,145,144,362,356,1447,1541,0,0,0,175,243,0,0,62,48,408,326,217,29,0,0,249,242,,,0,0,1209,384,,,1883,1773,,,973,411,191,145
2024-08-11,,166,190,136,164,219,0,494,479,261,155,268,257,229,174,,,81,40,1106,1019,521,648,,,1143,421,917,1118,961,923,300,322,104,67,197,191,314,0,126,136,386,345,1646,1739,0,0,0,157,296,0,0,60,39,490,461,172,20,0,0,275,236,,,0,0,1297,322,,,1430,1565,,,791,180,206,164
2024-08-12,,247,275,183,219,238,0,623,561,1507,200,350,363,310,343,,,107,66,1051,911,497,642,,,1512,460,792,738,1119,1047,413,425,209,118,173,176,637,0,270,238,387,414,1376,1284,0,0,0,136,241,0,0,94,62,536,429,205,32,0,0,266,219,,,0,0,948,191,,,1216,1330,,,197,63,88,77
2024-08-13,,313,272,197,242,293,3,594,581,1613,177,397,357,283,345,,,127,82,995,932,556,710,,,1474,433,583,655,1167,1125,251,277,213,138,594,584,336,4,277,246,476,461,1286,1424,7,3,0,141,232,0,0,102,87,577,515,198,33,0,0,274,253,,,0,0,888,169,,,1650,1619,,,485,494,107,86
2024-08-14,,251,247,95,157,350,17,517,520,1669,213,352,322,309,320,,,136,59,955,837,516,626,,,1576,435,580,648,1106,1107,322,432,184,143,587,523,695,160,243,227,488,414,1105,814,0,0,0,126,231,0,0,78,64,511,409,194,33,0,0,237,211,,,0,0,799,152,,,1632,1646,,,286,130,93,93
2024-08-15,,199,204,180,196,247,139,635,436,1621,150,299,238,275,277,,,104,52,790,702,330,479,,,1270,368,415,454,816,782,322,340,140,108,0,0,39,33,185,152,270,298,1120,1156,0,0,0,100,160,0,0,77,56,338,305,134,17,0,0,150,145,,,0,0,792,147,,,1204,1236,,,499,227,119,63
2024-08-16,,203,217,214,210,304,86,514,440,1294,195,300,242,279,294,,,129,29,831,713,399,534,,,1482,461,431,462,851,818,329,365,149,93,491,483,572,130,188,162,326,338,1135,1283,0,0,0,116,179,0,0,55,49,250,236,145,14,0,0,192,207,,,0,0,828,195,,,1398,1404,,,407,216,111,84
2024-08-17,,152,181,127,168,262,71,500,330,627,108,203,202,236,213,,,122,15,901,834,359,443,,,1214,425,352,416,717,705,226,288,96,72,479,498,268,92,126,150,232,264,1467,1559,0,0,0,101,201,0,0,50,20,347,280,160,18,0,0,185,166,,,0,0,1091,251,,,1399,1320,,,179,86,147,87
2024-08-18,,108,122,108,80,234,49,331,260,564,76,168,119,167,106,,,65,11,720,557,284,355,,,945,364,230,275,512,467,118,164,65,49,386,324,364,71,110,121,183,152,1030,1100,0,0,0,81,134,0,0,21,39,239,191,113,9,0,0,129,132,,,0,0,781,221,,,84,85,,,72,12,91,79
2024-08-19,,139,139,117,119,218,38,503,489,1457,124,216,235,146,141,,,104,52,494,434,167,227,,,1043,366,201,243,390,431,222,272,123,118,336,325,279,55,155,102,126,124,629,697,0,0,0,72,130,0,0,71,65,175,143,99,12,0,0,104,89,,,0,0,402,159,,,592,598,,,275,43,52,41
2024-08-20,,295,251,208,260,332,60,1157,1250,1497,202,468,456,342,354,,,154,37,1166,1094,510,568,,,1356,401,599,660,1186,1085,354,372,203,152,747,698,745,150,217,232,522,511,1632,1750,0,0,0,160,272,0,0,123,94,620,548,267,30,0,0,248,249,,,0,0,1138,309,,,1875,1786,,,190,61,123,127
2024-08-21,,254,250,233,244,272,75,957,1028,1310,237,361,402,334,373,,,147,80,995,932,311,234,,,1236,315,455,574,1021,966,354,456,174,161,577,536,759,172,219,176,438,402,1344,1455,0,0,0,142,233,0,0,206,87,507,434,233,44,0,0,210,202,,,0,0,875,287,,,1581,1500,,,0,0,101,97
2024-08-22,,262,290,173,209,291,66,963,921,1522,204,434,343,255,221,,,140,40,1042,945,338,197,,,1181,373,510,635,1066,989,339,425,177,139,637,567,720,173,218,220,432,458,1485,1564,0,0,0,182,257,0,0,105,65,509,437,191,38,0,0,264,232,,,0,0,1025,331,,,1670,1641,,,0,0,141,105
2024-08-23,,211,223,164,205,289,43,545,479,1017,175,307,259,277,248,,,120,36,865,753,0,0,,,1289,405,461,537,953,912,337,371,178,116,571,549,604,156,155,177,345,321,1264,1271,0,0,0,109,188,0,0,120,50,422,333,169,34,0,0,230,216,,,0,0,881,251,,,1384,1385,,,0,0,114,86
2024-08-24,,161,176,137,165,235,49,272,209,123,101,213,255,188,151,,,137,14,905,748,0,0,,,1214,447,427,432,844,802,218,270,106,81,448,428,293,108,104,136,356,318,1399,836,0,0,0,92,186,0,0,20,52,423,356,157,21,0,0,197,182,,,0,0,1071,282,,,1600,1496,,,0,0,149,132
2024-08-25,,148,169,106,130,201,34,426,461,298,91,231,176,120,83,,,62,16,740,707,0,0,,,875,386,281,296,606,540,159,237,78,55,405,386,292,90,83,122,239,192,1110,1184,0,0,0,119,241,0,0,43,42,252,238,131,16,0,0,193,169,,,0,0,828,282,,,547,516,,,0,0,143,90
2024-08-26,,216,206,144,137,258,58,809,827,1366,135,326,300,220,196,,,102,40,756,704,0,0,,,1089,402,413,470,792,730,344,347,200,135,510,506,773,119,180,187,287,306,873,972,0,0,0,114,217,0,0,118,96,362,288,173,32,0,0,173,182,,,0,0,626,191,,,0,0,,,0,0,12,10
2024-08-27,,285,303,195,234,291,91,887,761,1525,191,470,466,364,357,,,138,67,1243,1160,0,0,,,1261,394,616,765,1228,1175,451,517,220,205,742,698,805,134,278,302,505,547,1783,1826,0,0,0,182,303,0,0,137,93,604,508,255,37,0,0,277,265,,,0,0,1160,307,,,0,0,,,0,0,0,0
2024-08-28,,269,271,186,205,262,81,677,648,1696,202,399,420,389,379,,,138,66,1126,1015,0,0,,,1444,466,582,682,1197,1087,424,441,193,180,626,656,803,147,253,261,512,473,1550,1605,0,0,0,142,259,0,0,113,67,570,474,245,57,0,0,245,235,,,0,0,1060,220,,,1507,1529,,,0,0,88,101
2024-08-29,,286,270,173,235,277,52,543,526,1691,193,348,367,305,517,,,126,56,973,903,0,0,,,1300,418,948,1132,1120,1012,366,396,185,147,613,587,791,148,265,189,424,446,1279,1398,0,0,0,142,248,0,0,164,90,514,479,243,43,0,0,232,214,,,0,0,859,186,,,1606,1584,,,0,0,105,90
2024-08-30,,225,291,120,187,215,67,409,399,1257,150,338,266,289,442,,,132,56,824,764,0,0,,,1041,408,1002,1113,882,874,331,384,158,121,606,556,597,158,189,234,346,347,1093,1084,0,0,0,112,204,0,0,151,72,424,317,185,44,0,0,213,193,,,0,0,751,134,,,1342,1390,,,0,0,112,60
2024-08-31,,176,200,165,162,305,132,343,322,154,136,287,205,288,183,,,58,51,1043,869,0,0,,,884,361,865,962,934,910,270,341,104,89,723,592,272,96,151,125,370,356,1660,1749,0,0,0,142,230,0,0,54,29,431,417,215,22,0,0,224,246,,,0,0,1186,381,,,1885,1827,,,0,0,174,158
2024-09-01,,187,236,144,132,305,140,337,285,211,130,321,240,182,159,,,81,50,686,622,0,0,,,1045,404,942,1018,983,921,242,265,120,132,757,780,320,120,137,186,415,368,1947,1678,0,0,0,164,315,0,0,51,62,509,437,207,36,0,0,284,233,,,0,0,1469,440,,,2179,1995,,,0,0,199,154
2024-09-02,,265,277,152,251,363,146,717,643,1419,177,386,391,229,228,,,106,69,920,795,0,0,,,1278,452,1242,1260,1089,948,397,420,168,164,105,74,737,134,281,198,415,382,1223,1213,0,0,0,151,264,0,0,61,42,476,436,229,24,0,0,251,198,,,0,0,848,168,,,1433,1466,,,0,0,90,63
2024-09-03,,277,273,178,223,377,140,724,809,1619,193,425,442,277,251,,,116,59,1023,915,0,0,,,1404,389,1386,1367,1153,1041,460,456,186,122,565,584,998,156,315,245,425,421,1225,848,0,0,0,160,266,0,0,89,108,561,498,209,37,0,0,310,256,,,0,0,786,177,,,1534,1550,,,195,157,122,80
2024-09-04,,296,257,189,228,368,139,660,721,1545,173,441,424,273,315,,,132,74,966,965,312,521,,,1525,445,1391,1510,1169,1144,441,447,190,211,622,689,844,115,325,261,464,436,1354,1421,0,0,0,165,269,244,100,158,113,541,499,238,49,0,0,285,239,,,0,0,918,209,,,1654,1617,,,2,0,109,84
2024-09-05,,269,263,189,222,360,106,650,672,1382,147,381,425,245,347,,,107,63,966,913,0,0,,,1471,377,1243,1365,1104,1064,450,442,178,152,129,161,871,89,311,302,420,415,1294,1339,0,0,0,138,263,262,112,79,40,517,427,244,31,0,0,283,229,,,0,0,852,184,,,1559,1540,,,0,0,93,70
2024-09-06,,256,281,154,214,343,138,479,485,1584,157,341,292,247,219,,,134,70,835,737,0,0,,,1325,310,1092,1200,942,951,347,453,164,131,65,83,757,153,230,255,332,355,1190,1264,0,0,0,133,227,207,95,82,23,453,397,212,42,0,0,255,217,,,0,0,865,178,,,1385,1464,,,0,0,107,86
2024-09-07,,155,204,138,141,315,105,330,254,199,95,254,217,196,325,,,105,39,808,722,0,0,,,1179,406,974,1037,956,971,231,369,83,70,220,251,348,110,168,225,395,359,1581,774,0,0,0,141,230,208,116,43,29,493,425,201,42,0,0,313,311,,,0,0,1158,401,,,1940,1745,,,0,0,197,135
2024-09-08,,194,223,181,194,329,113,349,297,642,151,295,266,175,196,,,79,36,1124,992,0,0,,,1054,431,1034,1089,1003,975,281,321,93,61,143,164,320,105,159,215,435,426,1947,1982,0,0,0,179,305,255,132,62,24,577,530,226,25,0,0,272,264,,,0,0,1418,417,,,2201,1950,,,0,0,184,194
2024-09-09,,109,94,74,114,263,59,440,415,1379,98,170,171,121,162,,,59,44,335,263,0,0,,,993,286,457,428,307,335,147,200,114,105,59,74,1105,108,166,126,81,82,403,349,0,0,0,46,95,58,34,91,89,111,78,68,19,0,0,84,74,,,0,0,240,56,,,435,449,,,0,0,32,25
2024-09-10,,230,242,157,191,368,90,923,888,1461,163,355,374,218,272,,,110,72,841,720,0,0,,,1197,335,1070,1109,859,786,364,436,168,166,70,73,1006,140,245,268,296,298,1085,1098,0,0,0,144,229,235,115,141,108,403,357,188,38,0,0,242,208,,,0,0,752,191,,,1278,1323,,,0,0,95,62
2024-09-11,,241,225,155,179,315,104,835,925,1395,145,338,326,245,240,,,78,61,692,626,0,0,,,1078,331,1045,986,765,751,319,396,148,153,334,318,972,115,241,165,310,321,742,808,0,0,0,126,223,240,119,155,122,348,325,183,50,0,0,185,149,,,0,0,463,178,,,1113,1095,,,0,0,58,34
2024-09-12,,111,96,76,75,249,51,350,305,1278,89,169,180,135,166,,,70,45,298,270,0,0,,,940,273,423,364,211,245,140,220,95,79,42,49,934,124,107,70,60,58,285,303,0,0,0,35,86,61,42,90,61,92,84,59,10,0,0,61,69,,,0,0,171,69,,,455,433,,,59,21,24,12
2024-09-13,,40,30,23,18,314,15,75,85,1189,29,52,85,26,226,,,31,19,53,40,0,0,,,994,280,138,158,48,55,39,35,49,37,68,81,1039,70,113,48,11,6,35,64,0,0,0,12,22,10,8,33,31,12,12,12,2,0,0,10,13,,,0,0,28,27,,,278,344,,,6,0,7,5
2024-09-14,,23,24,22,24,226,44,85,115,320,18,110,86,59,48,,,26,9,34,19,0,0,,,872,248,135,134,46,60,101,147,21,19,32,30,359,62,51,43,0,0,84,93,0,0,0,8,38,13,11,17,24,19,14,14,2,0,0,17,15,,,0,0,38,33,,,448,411,,,30,15,0,0
2024-09-15,,34,27,17,26,217,33,102,100,328,27,90,71,58,42,,,22,6,21,5,0,0,,,724,254,108,105,37,54,105,99,18,18,17,10,274,54,28,27,0,0,24,17,0,0,0,17,38,9,6,20,34,18,19,10,2,0,0,21,23,,,0,0,7,5,,,212,167,,,8,14,0,0
2024-09-16,,81,73,32,61,205,44,216,273,1286,36,110,120,105,120,,,37,22,35,43,3,4,,,930,234,249,251,139,155,160,155,79,81,65,66,749,82,136,64,0,0,64,60,0,0,0,29,63,28,24,43,31,61,47,46,7,0,0,67,47,,,0,0,7,6,,,185,178,,,32,31,0,0
2024-09-17,,186,210,108,174,321,100,813,969,1474,117,245,270,337,397,,,34,37,143,283,29,54,,,1098,364,718,825,524,596,348,465,154,178,197,191,990,128,197,176,0,5,313,345,0,0,0,136,224,213,117,44,26,302,275,171,34,0,0,213,201,,,0,0,3,2,,,835,842,,,231,253,0,0
2024-09-18,,244,267,135,158,299,85,907,1018,962,138,324,345,328,573,,,0,38,145,239,33,78,,,1123,311,823,1030,636,731,352,428,176,219,162,158,937,152,285,202,115,135,258,277,0,0,0,142,257,345,159,50,29,491,441,250,49,0,0,261,216,,,0,0,15,8,,,1027,977,,,538,413,0,0
2024-09-19,,257,248,184,197,296,80,836,962,1048,98,352,288,357,272,,,0,28,137,229,37,62,,,987,293,804,950,603,648,325,357,163,141,268,291,914,135,218,158,364,349,414,456,0,0,0,135,259,294,167,55,31,450,399,205,42,0,0,280,215,,,0,0,39,23,,,989,908,,,336,429,0,0
2024-09-20,,198,235,127,165,303,74,717,727,1154,88,308,283,268,261,,,0,22,474,374,43,51,,,1076,374,751,830,572,638,355,374,144,158,427,384,696,37,211,174,294,296,593,564,0,0,0,137,240,249,129,57,34,383,343,196,60,0,0,233,240,,,0,0,143,61,,,965,1004,,,335,421,0,0
2024-09-21,,131,180,78,157,319,4,572,630,278,74,345,293,274,189,,,0,27,866,752,29,41,,,903,362,612,769,579,635,251,285,113,111,577,536,392,124,117,146,1,0,1178,1249,0,0,0,128,236,214,116,25,8,450,404,229,48,0,0,243,233,,,0,0,779,349,,,1607,1482,,,628,549,0,0
2024-09-22,,182,204,182,184,279,35,563,575,397,85,362,291,196,143,,,0,18,1134,957,20,44,,,810,341,749,856,725,715,225,268,63,64,638,691,331,122,70,166,0,0,1788,1762,0,0,0,178,341,310,175,26,11,555,527,243,35,0,0,296,315,,,0,0,1117,418,,,321,470,,,804,669,0,0
2024-09-23,,216,215,149,186,298,75,760,760,1312,112,395,344,305,292,,,0,27,767,719,38,61,,,937,330,877,975,425,425,191,141,138,199,448,450,753,130,235,142,0,0,914,975,0,0,0,138,237,284,131,47,32,423,360,215,55,0,0,239,206,,,0,0,581,155,,,0,0,,,316,298,0,0
2024-09-24,,167,164,108,122,253,64,602,682,1441,100,279,262,217,258,,,0,21,470,423,29,59,,,822,265,663,684,348,432,348,279,125,140,289,328,897,118,216,163,0,0,386,465,0,0,0,91,154,185,79,54,39,242,206,131,31,0,0,145,122,,,0,0,236,68,,,304,398,,,150,174,0,0
2024-09-25,,246,248,140,196,345,93,818,954,1400,119,355,371,306,265,,,0,43,714,686,28,85,,,862,271,891,1017,569,709,421,451,152,230,455,466,870,124,270,213,0,0,888,994,0,0,0,142,228,316,168,51,31,430,362,187,34,0,0,217,186,,,0,0,578,192,,,1317,1311,,,360,456,0,0
2024-09-26,,114,98,75,100,267,73,423,449,1330,65,158,195,161,200,,,0,19,281,227,17,27,,,851,269,440,400,215,271,163,223,81,99,186,125,949,88,144,79,0,0,251,236,0,0,0,39,86,81,32,47,29,108,86,80,12,0,0,70,71,,,0,0,118,30,,,371,396,,,0,0,0,0
2024-09-27,,149,174,53,117,308,66,493,538,1250,58,191,198,260,260,,,0,22,414,372,13,24,,,935,311,543,543,321,385,246,309,107,128,280,267,851,100,187,132,0,0,504,538,0,0,0,75,150,168,77,61,55,216,174,94,21,0,0,135,121,,,0,0,308,95,,,609,623,,,0,0,0,0
2024-09-28,,88,131,118,109,269,63,368,405,125,73,227,188,227,98,,,0,11,513,525,11,22,,,733,295,436,461,298,347,218,281,37,51,225,226,288,113,111,121,0,0,757,764,0,0,0,67,135,107,70,25,13,227,147,97,23,0,0,126,143,,,0,0,498,162,,,802,790,,,0,0,0,0
2024-09-29,,105,109,55,83,220,78,349,396,766,40,230,172,137,74,,,0,12,706,587,10,25,,,592,293,459,538,357,414,143,165,46,40,427,350,306,86,96,109,0,0,991,1075,0,0,0,110,189,150,99,13,16,250,203,120,33,0,0,168,165,,,0,0,664,249,,,1051,972,,,0,0,0,0
2024-09-30,,,,,,,,,,,,,,,,,,,,,,,,,,,,,,350,436,,,,,,,,,,,,,,,,,,,,,,,,,,,,,,,,,,,,,,,,,,,,,,,
2024-10-01,,166,176,77,121,274,68,653,701,1497,140,270,301,218,221,,,0,17,501,452,32,56,,,845,321,728,681,408,458,277,285,89,130,275,267,776,95,223,159,0,0,568,578,0,0,0,80,132,173,80,60,28,233,199,119,27,0,0,139,120,,,0,0,350,75,,,679,699,,,9,0,0,0
2024-10-02,,89,70,43,58,203,22,273,281,1416,82,115,183,101,116,,,0,12,187,176,10,22,,,875,277,327,266,126,156,130,137,86,107,62,89,1110,73,159,62,0,0,151,142,0,0,0,29,58,47,29,58,44,57,43,37,18,0,0,52,44,,,0,0,82,22,,,308,326,,,49,50,0,0
2024-10-03,,149,150,68,135,280,64,497,554,1435,127,211,284,174,196,,,0,17,445,414,22,49,,,922,288,493,547,314,350,251,274,110,112,234,236,928,113,199,78,0,0,441,453,0,0,0,69,108,155,82,46,29,196,162,123,30,0,0,109,99,,,0,0,266,77,,,668,677,,,138,108,0,0
2024-10-04,,116,103,62,98,251,126,366,395,1330,126,164,166,117,166,,,0,10,293,260,18,31,,,716,217,396,414,230,235,180,308,92,109,181,202,881,138,136,91,6,10,390,349,0,0,0,58,95,92,47,54,28,120,101,80,21,0,0,92,97,,,0,0,219,57,,,398,419,,,110,52,0,0
2024-10-05,,52,52,49,43,215,74,178,194,529,59,121,88,77,68,,,0,7,236,199,2,4,,,68,289,149,165,104,106,146,177,47,26,113,88,385,95,53,48,46,43,235,262,0,0,0,42,64,33,36,62,74,61,52,36,6,0,0,45,56,,,0,0,121,55,,,280,232,,,58,77,0,0
2024-10-06,,101,109,83,96,257,63,343,337,587,73,234,174,70,72,,,0,10,619,533,4,11,,,80,257,465,510,361,370,166,171,66,52,374,292,333,25,141,104,29,65,928,946,0,0,0,108,172,143,93,60,57,223,208,100,30,0,0,145,124,,,0,0,602,191,,,178,272,,,322,257,0,0
2024-10-07,,168,143,108,43,323,67,625,663,1407,135,251,318,164,138,,,0,14,594,510,18,43,,,698,276,783,731,442,527,265,278,146,129,309,282,802,46,228,170,0,0,595,633,0,0,0,87,164,211,93,53,155,265,243,154,38,0,0,151,130,,,0,0,364,109,,,535,650,,,218,163,0,0
2024-10-08,,214,242,115,50,348,73,847,910,1630,165,350,367,197,224,,,0,21,856,791,41,77,,,883,302,853,960,602,701,349,369,144,192,540,460,852,134,283,199,0,0,1032,1085,0,0,0,112,213,282,126,57,149,406,331,245,46,0,0,229,165,,,0,0,664,175,,,1214,1275,,,353,265,0,0
2024-10-09,,146,151,98,44,356,66,706,777,1365,109,263,344,247,139,,,0,15,625,569,50,76,,,783,267,696,726,487,583,107,129,92,93,0,0,859,138,205,174,0,0,729,907,0,0,0,90,159,157,80,63,137,273,248,144,40,0,0,133,136,,,0,0,555,173,,,948,952,,,273,152,0,0
2024-10-10,,133,142,74,40,354,70,534,605,1452,142,246,241,208,176,,,0,21,409,395,30,69,,,890,264,426,392,333,417,288,330,145,159,218,197,912,149,162,0,0,0,430,444,0,0,0,74,127,164,76,43,24,213,197,118,36,0,0,109,101,,,0,0,209,68,,,559,547,,,120,177,0,0
2024-10-11,,96,100,66,48,220,73,262,325,1310,105,133,125,148,152,,,0,15,195,171,16,26,,,794,264,271,175,132,171,139,180,90,61,92,113,884,101,140,0,0,0,175,193,0,0,0,35,65,67,23,44,20,90,65,55,8,0,0,57,54,,,0,0,94,37,,,240,248,,,37,60,0,0
2024-10-12,,81,105,44,63,289,81,252,298,400,91,207,157,197,113,,,0,13,436,420,14,27,,,702,295,294,268,265,300,128,210,58,57,207,195,342,116,93,0,0,0,584,610,0,0,0,45,113,105,68,16,15,199,168,78,27,0,0,99,96,,,0,0,403,128,,,724,719,,,247,297,0,0
2024-10-13,,78,57,54,80,254,82,254,278,763,61,182,132,173,107,,,0,15,387,318,14,13,,,484,258,214,200,196,212,130,125,54,49,215,216,373,75,81,0,0,0,486,538,0,0,0,62,112,62,45,13,12,133,138,67,21,0,0,72,88,,,0,0,330,127,,,584,491,,,144,202,0,0
2024-10-14,,152,149,99,118,515,123,476,566,1423,142,239,294,168,108,,,0,18,453,412,30,64,,,793,543,530,391,399,438,40,42,131,139,291,294,802,112,174,98,0,0,544,545,0,0,0,82,132,161,74,97,80,248,200,123,58,0,0,90,90,,,0,0,337,110,,,370,445,,,146,178,0,0
2024-10-15,,174,156,85,135,270,113,591,670,1512,136,241,320,166,120,,,0,26,526,489,46,70,,,749,658,572,434,378,447,278,446,135,159,271,258,945,115,210,121,0,0,556,601,0,0,0,89,151,213,83,321,160,280,245,149,44,0,0,143,136,,,0,0,378,133,,,766,758,,,218,231,0,0
2024-10-16,,153,189,101,123,306,84,602,644,1507,153,266,392,161,142,,,0,26,558,484,57,72,,,802,610,546,451,432,495,258,304,143,141,313,265,994,119,245,152,0,0,677,689,0,0,0,94,145,200,113,257,125,287,256,145,54,0,0,126,108,,,0,0,409,120,,,852,870,,,269,163,0,0
2024-10-17,,151,159,105,108,247,78,571,601,1443,152,263,343,201,142,,,0,23,520,482,52,77,,,871,356,437,399,379,447,286,322,144,34,300,300,788,143,192,129,0,0,646,620,0,0,0,102,151,211,82,352,144,272,224,147,28,0,0,133,114,,,0,0,400,120,,,808,832,,,248,110,0,0
2024-10-18,,137,137,90,116,271,84,526,565,1416,120,227,283,160,165,,,0,20,481,374,41,53,,,781,323,450,352,335,429,236,334,113,120,280,241,800,107,182,130,9,2,587,600,0,0,0,85,140,158,103,288,152,229,222,115,26,0,0,112,129,,,0,0,400,104,,,685,704,,,151,94,0,0
2024-10-19,,67,109,77,89,274,98,341,328,455,97,191,139,107,84,,,0,3,495,442,23,26,,,634,318,249,290,300,349,174,244,73,55,280,291,394,89,96,93,214,163,752,756,0,0,0,79,131,127,73,198,103,230,203,96,29,0,0,112,103,,,0,0,522,172,,,951,803,,,227,127,0,0
2024-10-20,,110,124,51,99,222,82,369,432,700,117,263,224,57,83,,,0,0,788,696,22,35,,,570,290,397,335,432,463,160,152,59,68,496,453,355,35,114,125,299,245,1195,1224,0,0,0,155,235,156,104,92,78,328,320,138,36,0,0,184,191,,,0,0,868,303,,,1120,1112,,,433,198,0,0
2024-10-21,,162,145,98,133,280,92,598,642,1456,129,252,280,164,131,,,0,0,488,472,49,100,,,713,278,502,395,431,433,282,352,115,49,315,353,735,133,197,114,196,221,529,576,0,0,0,86,152,222,87,237,124,276,226,120,23,0,0,121,95,,,0,0,340,101,,,0,0,,,146,67,0,0
2024-10-22,,174,170,89,145,306,89,571,645,1467,129,304,315,172,137,,,0,0,586,518,59,59,,,861,281,545,458,429,500,301,396,87,145,273,255,953,120,233,159,210,219,679,731,0,0,0,93,165,214,95,259,153,279,263,156,40,0,0,158,137,,,0,0,422,126,,,0,0,,,188,106,0,0
2024-10-23,,167,177,111,117,276,117,558,606,1524,139,235,341,169,142,,,0,0,450,442,46,71,,,762,290,459,393,367,400,272,382,141,144,277,281,762,129,209,132,177,184,489,551,0,0,0,86,144,171,59,187,138,241,199,133,26,0,0,127,111,,,0,0,302,95,,,0,0,,,138,77,0,0
2024-10-24,,147,181,69,115,294,103,603,680,1456,196,298,320,127,153,,,0,0,525,448,48,90,,,851,264,541,450,408,476,245,372,118,151,374,273,657,114,235,136,232,235,683,684,0,0,0,82,166,185,92,22,288,256,252,148,34,0,0,158,135,,,0,0,374,95,,,0,0,,,194,97,0,0
2024-10-25,,153,134,102,105,293,95,434,528,1301,113,192,201,140,104,,,0,0,400,348,36,67,,,790,307,391,341,309,382,231,272,111,106,182,156,188,59,151,100,138,148,479,550,0,0,0,72,103,152,69,30,244,204,170,111,32,0,0,86,76,,,0,0,272,100,,,422,483,,,120,58,0,0
2024-10-26,,76,88,75,88,325,94,274,268,293,107,155,132,147,65,,,0,0,395,312,20,39,,,646,319,290,241,233,247,132,194,65,48,180,166,97,50,95,73,104,108,529,560,0,0,0,71,109,87,63,31,76,162,132,72,18,0,0,89,80,,,0,0,318,88,,,624,578,,,122,76,0,0
2024-10-27,,92,113,88,107,346,87,276,319,281,96,149,135,83,81,,,0,0,453,395,21,44,,,545,271,315,271,245,277,130,166,43,39,241,196,95,55,87,77,170,135,690,743,0,0,0,69,124,116,65,7,61,200,191,95,26,0,0,88,86,,,0,0,475,157,,,795,695,,,124,73,0,0
2024-10-28,,127,119,125,150,278,91,423,492,326,145,248,207,115,74,,,0,0,772,716,33,51,,,526,241,441,384,423,504,155,253,73,98,428,377,308,136,117,157,256,236,1269,1283,0,0,0,125,176,163,92,3,76,337,302,165,29,0,0,140,132,,,0,0,791,253,,,1462,1282,,,404,182,0,0
2024-10-29,,148,134,118,123,285,99,542,602,1170,126,235,232,159,146,,,0,0,511,429,46,118,,,769,232,470,349,366,417,103,154,114,152,312,266,658,131,158,116,204,215,636,695,0,0,0,99,145,185,83,83,88,243,200,45,9,0,0,119,108,,,0,0,388,109,,,794,800,,,189,102,0,0
2024-10-30,,124,118,97,109,300,102,508,554,1152,155,188,223,179,125,,,0,0,416,409,31,104,,,900,238,477,296,327,338,213,259,126,146,190,211,717,61,193,97,177,158,427,425,0,0,0,90,126,155,76,164,77,202,179,83,22,0,0,99,88,,,0,0,235,70,,,604,594,,,131,49,0,0
2024-10-31,,152,140,99,113,284,111,479,555,1029,135,191,267,163,147,,,0,0,383,361,44,106,,,763,235,476,359,285,309,197,262,141,129,150,158,791,108,187,118,152,140,402,417,0,0,0,96,118,183,81,243,172,181,168,88,19,0,0,125,105,,,0,0,229,68,,,492,519,,,119,66,0,0
2024-11-01,,157,161,105,131,247,94,555,578,1061,151,256,237,96,105,,,0,0,548,509,30,101,,,792,208,483,386,387,447,191,351,89,110,80,79,820,154,171,113,213,169,710,684,0,0,0,107,136,165,84,259,106,258,225,128,30,0,0,104,106,,,0,0,468,161,,,642,704,,,197,75,0,0
2024-11-02,,73,67,61,91,235,82,176,205,486,37,154,156,53,60,,,0,0,400,345,0,2,,,665,258,187,223,192,236,124,125,14,16,47,35,350,110,67,58,64,70,376,367,0,0,0,68,107,65,39,31,78,90,58,68,21,0,0,83,62,,,0,0,360,134,,,520,505,,,76,50,0,0
2024-11-03,,73,82,48,58,236,73,0,3,301,0,191,164,26,35,,,0,0,464,379,0,0,,,525,260,163,263,202,245,113,142,1,0,0,0,103,58,73,101,0,0,0,0,0,0,0,88,123,0,0,94,67,0,0,82,23,0,0,93,98,,,0,0,404,163,,,771,675,,,0,0,0,0
2024-11-04,,107,103,70,77,256,89,308,329,875,138,187,196,121,95,,,0,0,303,260,28,80,,,649,306,346,275,233,277,183,202,113,46,205,217,614,103,148,88,97,106,255,256,0,0,0,59,102,96,42,124,93,120,88,63,15,0,0,79,62,,,0,0,133,48,,,466,464,,,59,24,0,0
2024-11-05,,151,147,12,19,253,122,401,499,976,113,217,242,120,100,,,0,0,352,314,36,110,,,629,245,444,298,240,290,219,224,110,134,340,332,758,105,158,111,111,121,286,288,0,0,0,75,112,104,39,193,134,131,125,86,28,0,0,82,72,,,0,0,156,60,,,449,471,,,59,37,0,0
2024-11-06,,119,119,15,82,280,103,275,328,862,112,178,234,130,119,,,0,0,322,305,44,97,,,717,243,472,262,228,272,205,192,119,124,304,291,207,65,206,118,89,104,295,306,0,0,0,62,103,112,58,227,129,126,120,80,26,0,0,73,65,,,0,0,151,46,,,410,430,,,55,28,0,0
2024-11-07,,88,100,24,74,254,89,99,97,962,94,172,253,115,120,,,0,0,281,238,37,102,,,648,238,407,244,216,234,196,177,101,139,303,312,266,44,146,107,90,86,235,226,0,0,0,59,87,91,40,167,163,105,104,66,12,0,0,57,52,,,0,0,132,42,,,174,133,,,41,40,0,0
2024-11-08,,116,104,70,87,456,83,84,87,967,112,155,176,118,109,,,0,0,281,241,68,134,,,685,230,181,224,195,231,179,218,102,77,363,369,709,120,139,101,79,98,309,318,0,0,0,76,95,98,50,246,140,134,112,91,27,0,0,64,69,,,0,0,185,72,,,0,0,,,71,57,0,0
2024-11-09,,52,63,43,79,276,72,54,52,562,63,160,173,75,50,,,0,0,426,360,127,190,,,531,248,116,212,149,204,115,191,53,51,348,290,132,68,63,90,105,91,530,607,0,0,0,68,127,68,54,45,63,128,119,73,22,0,0,73,88,,,0,0,353,142,,,0,0,,,106,57,0,0
2024-11-10,,51,55,52,49,167,85,69,79,368,58,126,123,65,66,,,0,0,235,205,71,79,,,366,231,70,127,86,102,95,98,46,32,137,118,276,35,47,50,49,35,245,244,0,0,0,56,71,31,23,19,71,38,38,47,17,0,0,44,37,,,0,0,150,54,,,0,0,,,39,44,0,0
2024-11-11,,105,115,68,73,228,60,57,75,879,86,179,213,102,105,,,0,0,270,226,0,0,,,560,200,191,235,188,227,188,171,116,105,225,247,702,112,111,79,85,83,152,130,0,0,0,50,79,50,25,194,122,100,88,57,10,0,0,64,42,,,0,0,90,43,,,0,0,,,25,23,0,0
2024-11-12,,104,109,76,69,224,77,273,273,923,84,152,226,118,115,,,0,0,265,236,0,0,,,546,171,205,245,212,208,192,197,82,68,232,246,646,45,155,83,78,85,67,82,0,0,0,64,82,57,24,247,136,78,60,68,16,0,0,55,47,,,0,0,93,49,,,200,228,,,26,15,0,0
2024-11-13,,88,83,62,52,208,69,236,263,909,68,131,197,117,142,,,0,0,203,166,21,53,,,608,188,115,165,150,145,140,155,65,67,153,138,798,89,185,63,38,53,100,89,0,0,0,42,59,52,23,117,151,36,9,43,10,0,0,47,37,,,0,0,58,14,,,263,257,,,28,7,0,0
2024-11-14,,81,82,68,55,237,95,33,51,1113,81,126,253,102,132,,,0,0,257,208,9,8,,,637,270,167,225,173,217,156,225,7,10,41,26,934,100,102,58,76,79,17,29,0,0,0,45,79,18,8,184,181,20,8,57,21,0,0,45,58,,,0,0,98,48,,,350,332,,,37,15,0,0
2024-11-15,,91,87,78,70,283,95,315,351,1041,99,169,192,102,83,,,0,0,271,223,22,54,,,633,237,160,209,183,223,176,197,81,97,81,95,769,108,111,66,65,104,270,241,0,0,0,53,88,30,19,186,107,26,53,69,19,0,0,66,63,,,0,0,145,44,,,380,412,,,42,21,0,0
2024-11-16,,75,85,76,72,227,59,185,193,183,76,156,139,79,27,,,0,0,371,305,23,33,,,593,246,119,194,166,208,150,165,46,38,244,216,339,95,70,66,115,100,441,435,0,0,0,69,107,79,53,79,55,121,126,70,23,0,0,58,62,,,0,0,315,123,,,611,512,,,127,54,0,0
2024-11-17,,49,47,49,54,198,70,170,169,239,61,123,93,42,42,,,0,0,230,206,20,28,,,493,247,89,146,105,124,98,119,33,16,160,134,235,64,47,38,61,59,167,214,0,0,0,48,83,47,32,30,20,76,71,42,10,0,0,41,41,,,0,0,146,79,,,427,349,,,68,27,0,0
2024-11-18,,87,73,67,51,209,43,289,319,832,80,139,176,95,107,,,0,0,221,175,36,69,,,591,224,140,178,152,187,169,155,56,63,198,211,770,106,106,72,4,25,73,80,0,0,0,42,62,65,25,53,64,85,70,49,7,0,0,34,42,,,0,0,67,29,,,311,275,,,25,6,0,0
2024-11-19,,97,90,71,54,232,73,277,301,1066,85,164,226,79,119,,,0,0,267,224,37,84,,,494,211,125,184,179,222,171,225,89,88,228,211,794,91,148,68,29,28,166,184,0,0,0,41,68,73,30,253,148,93,76,66,9,0,0,44,42,,,0,0,89,39,,,336,311,,,18,7,0,0
2024-11-20,,82,112,67,82,231,88,285,328,1089,67,153,229,82,128,,,0,0,241,226,39,80,,,491,246,146,204,154,186,186,181,28,20,241,231,819,42,146,89,27,23,171,158,0,0,0,49,75,62,23,100,127,85,71,61,16,0,0,47,40,,,0,0,96,53,,,323,342,,,19,3,0,0
2024-11-21,,89,91,69,66,272,71,258,328,971,48,136,198,78,64,,,0,0,218,194,39,81,,,438,182,151,189,102,40,162,144,29,12,146,188,680,105,110,93,26,62,148,149,0,0,0,61,84,55,28,117,164,62,67,57,18,0,0,55,59,,,0,0,95,42,,,306,306,,,32,13,0,0
2024-11-22,,69,82,88,54,254,89,258,250,948,52,121,111,142,106,,,0,0,182,152,24,49,,,487,189,127,185,0,0,146,143,25,34,194,210,777,58,91,52,20,29,156,155,0,0,0,45,59,47,26,164,126,76,60,55,17,0,0,45,40,,,0,0,80,37,,,316,325,,,17,6,0,0
2024-11-23,,45,45,39,54,251,70,149,149,458,39,149,140,70,45,,,0,0,252,239,18,28,,,406,241,77,119,0,0,105,103,35,20,157,160,407,103,55,56,48,53,238,240,0,0,0,37,53,32,42,77,64,65,44,34,14,0,0,35,34,,,0,0,185,79,,,399,322,,,72,19,0,0
2024-11-24,,42,45,30,63,199,67,170,165,140,44,155,118,84,19,,,0,0,218,201,18,33,,,412,270,90,147,0,0,86,95,24,9,152,140,265,61,55,63,63,67,233,243,0,0,0,37,66,59,35,46,47,73,87,29,15,0,0,30,42,,,0,0,145,54,,,1,3,,,41,47,0,0
2024-11-25,,106,100,65,82,207,69,369,406,900,91,195,240,102,76,,,0,0,333,306,51,117,,,540,251,231,282,0,0,222,204,57,89,276,330,619,115,139,113,79,123,356,369,0,0,0,60,112,129,54,203,160,12,5,86,23,0,0,90,94,,,0,0,210,69,,,257,295,,,85,39,0,0
2024-11-26,,77,63,47,66,296,74,282,311,1047,32,179,293,114,233,,,0,0,242,216,52,97,,,584,177,124,187,0,0,170,172,27,417,157,172,359,56,144,89,41,58,134,129,0,0,0,47,71,65,19,129,115,52,62,45,10,0,0,47,40,,,0,0,85,37,,,279,309,,,27,11,0,0
2024-11-27,,107,86,82,90,303,75,364,424,1140,72,189,235,159,109,,,0,0,312,274,38,96,,,575,272,192,237,0,0,203,200,18,14,270,277,236,56,146,104,82,99,283,300,0,0,0,59,77,101,32,278,180,111,101,81,20,0,0,59,58,,,0,0,148,51,,,430,430,,,53,16,0,0
2024-11-28,,107,86,66,54,245,74,331,325,1042,51,129,198,123,126,,,0,0,227,183,39,77,,,592,217,159,195,70,141,167,180,44,58,225,222,259,65,112,65,17,63,167,177,0,0,0,61,66,73,39,181,166,89,73,46,13,0,0,48,47,,,0,0,103,33,,,352,350,,,38,12,0,0
2024-11-29,,62,80,35,68,231,88,260,307,1059,76,161,162,115,76,,,0,0,185,170,37,64,,,614,187,134,186,142,166,149,161,50,46,170,179,247,37,92,57,38,37,144,161,0,0,0,43,71,56,30,268,181,90,69,60,19,0,0,46,40,,,0,0,78,30,,,330,318,,,28,10,0,0
2024-11-30,,48,59,28,59,225,60,165,177,254,18,182,142,105,43,,,0,0,290,264,18,29,,,527,238,118,181,145,147,128,132,23,18,212,185,161,52,55,60,30,56,278,303,0,0,0,54,70,54,29,52,154,83,74,52,16,0,0,43,54,,,0,0,250,94,,,649,512,,,41,38,0,0
2024-12-01,,44,34,43,38,176,39,122,115,313,23,132,96,55,36,,,0,0,173,144,9,18,,,411,241,56,103,80,78,102,114,21,14,102,80,100,55,48,42,32,27,61,67,0,0,0,38,67,30,18,78,51,43,34,22,7,0,0,30,33,,,0,0,101,40,,,137,139,,,4,0,0,0
2024-12-02,,81,91,68,61,200,63,291,321,1011,55,159,207,88,93,,,0,0,202,172,34,88,,,596,225,171,198,189,175,147,161,35,36,241,234,225,66,87,66,53,53,55,44,0,0,0,40,74,66,28,173,125,54,65,50,18,0,0,48,41,,,0,0,75,27,,,0,0,,,13,6,0,0
2024-12-03,,68,58,60,48,228,44,147,152,1035,76,134,174,107,107,,,0,0,199,148,22,53,,,719,244,91,142,112,121,116,122,41,34,171,170,328,71,84,44,23,18,40,32,0,0,0,25,45,36,21,133,129,46,38,27,12,0,0,28,24,,,0,0,46,24,,,138,145,,,7,1,0,0
2024-12-04,,90,98,79,60,230,80,27,29,1154,81,163,220,120,115,,,0,0,255,224,42,81,,,601,217,180,219,200,215,144,136,32,42,197,213,270,72,84,65,29,25,164,126,0,0,0,61,71,56,25,262,177,76,64,58,17,0,0,53,55,,,0,0,98,36,,,318,345,,,22,0,0,0
2024-12-05,,92,83,66,73,359,83,16,20,1214,75,145,304,102,132,,,0,0,282,271,36,73,,,524,196,151,220,195,210,188,178,42,45,195,211,238,61,87,82,48,31,176,180,0,0,0,54,71,86,27,235,142,100,91,59,22,0,0,45,38,,,0,0,144,64,,,421,386,,,33,11,0,0
2024-12-06,,40,32,27,29,228,45,21,31,1073,38,78,94,103,90,,,0,0,93,74,15,26,,,611,170,34,89,55,55,88,96,20,12,95,88,349,74,66,44,6,6,30,24,0,0,0,21,31,12,4,82,86,13,20,15,2,0,0,10,13,,,0,0,22,5,,,166,137,,,0,1,0,0
2024-12-07,,33,40,48,48,204,42,22,27,301,46,124,107,61,25,,,0,0,284,215,9,16,,,530,178,98,139,112,115,122,120,19,13,145,130,409,93,64,43,56,56,224,351,0,0,0,41,59,49,24,95,72,51,52,26,13,0,0,31,39,,,0,0,143,71,,,0,0,,,60,32,0,0
2024-12-08,,26,43,31,27,166,30,27,29,185,24,73,79,41,38,,,0,0,119,102,7,9,,,406,188,35,73,37,44,85,100,13,9,25,17,291,62,37,26,13,15,66,88,0,0,0,28,38,10,14,35,34,24,25,11,7,0,0,14,21,,,0,0,54,23,,,0,0,,,10,7,0,0
2024-12-09,,86,71,43,49,217,65,47,39,936,50,135,196,116,103,,,0,0,203,175,40,79,,,499,212,134,180,180,181,122,155,38,43,78,134,672,73,67,79,26,24,161,163,0,0,0,43,73,55,21,213,138,65,56,53,13,0,0,47,40,,,0,0,73,33,,,152,197,,,14,7,0,0
2024-12-10,,61,62,34,29,207,63,31,42,888,29,103,183,120,75,,,0,0,120,112,22,39,,,521,193,75,95,80,89,102,100,15,23,22,51,946,50,112,19,17,21,55,58,0,0,0,33,52,24,8,146,144,31,25,30,4,0,0,28,26,,,0,0,27,14,,,220,196,,,2,0,0,0
2024-12-11,,73,66,32,44,199,65,5,6,1134,25,144,211,62,106,,,0,0,205,179,29,52,,,537,185,159,166,168,176,121,140,33,36,15,15,1020,88,80,61,28,32,121,105,0,0,0,37,56,44,26,284,132,40,42,46,16,0,0,42,44,,,0,0,65,29,,,289,293,,,26,0,0,0
2024-12-12,,59,66,54,47,207,67,60,51,1194,51,121,206,100,114,,,0,0,173,160,31,56,,,488,204,124,169,158,150,146,173,37,41,40,82,388,42,74,75,12,22,40,44,0,0,0,49,63,46,22,237,141,58,54,57,18,0,0,33,34,,,0,0,56,31,,,285,267,,,13,6,0,0
2024-12-13,,67,58,49,64,196,57,207,244,1082,56,118,197,115,157,,,0,0,151,131,22,36,,,547,224,131,163,136,145,132,156,34,67,167,145,839,105,60,81,27,29,90,83,0,0,0,38,52,48,16,244,136,60,45,34,13,0,0,39,39,,,0,0,47,14,,,231,260,,,10,6,0,0
2024-12-14,,24,17,38,33,115,37,60,58,114,27,51,57,74,37,,,0,0,103,88,19,20,,,226,185,29,56,69,89,50,66,8,9,72,57,169,70,33,27,31,34,129,131,0,0,0,14,27,33,25,36,37,46,39,10,2,0,0,15,12,,,0,0,45,19,,,83,91,,,21,19,0,0
2024-12-15,,46,29,43,35,161,42,113,111,307,35,113,114,59,53,,,0,0,186,168,15,18,,,159,125,77,99,101,107,57,88,49,19,123,108,35,33,45,33,34,35,152,172,0,0,0,40,55,46,21,23,25,59,57,26,14,0,0,28,36,,,0,0,98,51,,,344,282,,,40,27,0,0
2024-12-16,,73,78,64,58,221,60,281,305,1078,79,136,173,135,107,,,0,0,187,183,34,76,,,53,19,196,165,203,188,152,185,97,79,205,213,352,53,78,66,29,48,145,159,0,0,0,45,60,59,15,131,120,62,52,43,14,0,0,42,39,,,0,0,83,41,,,0,0,,,15,6,0,0
2024-12-17,,85,89,63,71,67,28,323,363,1179,83,181,243,114,105,,,0,0,298,270,45,83,,,50,13,334,197,222,231,188,185,101,85,231,223,242,41,102,81,73,84,238,239,0,0,0,67,79,79,36,281,113,94,94,54,18,0,0,70,60,,,0,0,141,58,,,0,0,,,51,24,0,0
2024-12-18,,94,98,42,35,204,60,285,353,1284,85,137,328,61,52,,,0,0,260,230,54,75,,,4,2,440,227,216,231,180,177,89,73,244,262,801,107,93,88,66,74,210,213,0,0,0,75,86,78,36,193,123,97,86,50,13,0,0,57,47,,,0,0,120,47,,,0,0,,,39,15,0,0
2024-12-19,,87,87,45,69,11,17,297,349,1261,91,142,250,70,63,,,0,0,242,210,50,75,,,15,8,386,206,194,218,171,171,78,65,211,217,884,83,106,75,71,71,203,210,0,0,0,46,97,76,39,136,125,98,89,47,12,0,0,51,54,,,0,0,111,37,,,0,0,,,43,20,0,0
2024-12-20,,81,65,48,58,56,31,260,272,1155,89,157,156,63,52,,,0,0,164,139,33,54,,,16,14,349,164,145,155,115,142,62,59,240,226,696,104,73,50,44,74,160,169,0,0,0,42,58,53,19,127,93,67,55,42,12,0,0,39,42,,,0,0,86,29,,,0,0,,,34,18,0,0
2024-12-21,,44,48,32,58,190,55,143,135,527,55,134,104,24,16,,,0,0,171,172,24,33,,,0,0,210,126,98,103,118,135,40,38,160,129,320,70,47,50,31,66,174,211,0,0,0,38,67,41,28,43,44,67,60,36,9,0,0,40,42,,,0,0,140,125,,,0,0,,,50,35,0,0
2024-12-22,,48,42,34,32,201,43,133,129,271,60,122,93,28,22,,,0,0,133,132,14,15,,,2,3,127,66,84,68,113,139,31,20,94,98,294,60,53,51,30,30,138,152,0,0,0,33,68,23,16,48,47,31,28,0,0,0,0,31,22,,,0,0,88,89,,,0,0,,,30,21,0,0
2024-12-23,,45,50,48,38,72,37,170,191,625,49,100,98,37,40,,,0,0,140,147,13,22,,,13,14,165,24,99,122,109,123,42,42,123,140,18,12,63,31,46,46,165,159,0,0,0,37,63,44,22,93,79,52,59,28,11,0,0,27,30,,,0,0,103,91,,,0,0,,,39,20,0,0
2024-12-24,,40,46,24,23,97,22,69,80,65,30,72,79,18,13,,,0,0,129,88,5,11,,,0,0,79,77,52,51,139,149,13,13,66,79,9,23,32,47,33,32,130,99,0,0,0,48,53,15,15,52,37,30,20,18,9,0,0,27,14,,,0,0,91,77,,,0,0,,,7,6,0,0
2024-12-25,,41,36,37,31,83,23,101,121,76,33,68,81,38,14,,,0,0,154,149,17,20,,,5,10,137,123,102,110,76,122,18,13,147,130,7,15,32,46,56,65,220,234,0,0,0,41,84,48,24,67,37,60,40,16,8,0,0,51,51,,,0,0,148,124,,,0,0,,,54,38,0,0
2024-12-26,,38,37,66,23,161,33,79,99,78,34,80,79,46,35,,,0,0,139,124,4,12,,,11,13,119,118,84,76,63,107,14,10,104,125,6,9,30,28,39,41,178,174,0,0,0,31,53,33,21,57,48,45,40,11,1,0,0,32,23,,,0,0,96,85,,,0,0,,,39,21,0,0
2024-12-27,,39,38,36,27,95,25,80,90,209,17,52,48,23,26,,,0,0,39,39,5,14,,,47,44,54,22,87,49,67,80,36,20,75,74,50,35,45,22,11,22,55,54,0,0,0,20,31,16,8,71,68,15,13,10,5,0,0,9,18,,,0,0,25,25,,,0,0,,,1,1,0,0
2024-12-28,,20,30,24,24,391,44,56,81,62,42,87,60,0,0,,,0,0,129,134,6,9,,,0,0,81,0,46,53,87,117,14,17,71,54,9,5,29,17,29,26,90,94,0,0,0,19,36,21,17,0,0,22,25,8,5,0,0,18,22,,,0,0,69,71,,,0,0,,,8,20,0,0
2024-12-29,,24,27,16,22,21,16,83,84,58,34,92,78,29,18,,,0,0,129,101,8,14,,,30,35,45,11,67,70,83,99,16,22,87,83,7,21,34,21,40,45,127,119,0,0,0,32,36,28,24,3,2,32,37,0,1,0,0,22,31,,,0,0,88,72,,,0,0,,,19,20,0,0
2024-12-30,,34,39,30,31,192,44,113,135,440,49,104,113,18,12,,,0,0,133,128,15,18,,,449,191,163,104,93,95,95,109,32,29,105,97,19,3,65,50,48,44,145,162,0,0,0,24,39,37,17,1,5,43,25,15,6,0,0,18,25,,,0,0,99,85,,,0,0,,,30,29,0,0
2024-12-31,,49,33,29,25,31,2,123,138,92,35,98,93,27,9,,,0,0,150,139,7,10,,,16,25,163,135,87,107,98,136,22,16,121,102,0,0,43,46,58,56,171,192,0,0,0,33,47,37,22,0,0,60,51,0,0,0,0,37,30,,,0,0,102,103,,,0,0,,,38,35,0,0
2025-01-01,,53,56,53,40,10,16,158,130,76,58,135,124,38,48,,,0,0,289,236,22,27,,,6,10,58,9,79,42,82,112,23,25,184,150,2,15,50,55,75,91,384,356,0,0,0,48,74,58,34,6,5,91,76,1,0,0,0,51,46,,,0,0,240,218,,,0,0,,,75,39,0,0
2025-01-02,,47,41,40,25,121,30,117,152,162,211,94,67,21,15,,,0,0,126,118,20,38,,,0,9,162,97,83,72,83,90,42,27,65,73,23,6,59,36,41,46,56,60,0,0,0,37,44,28,7,36,24,41,36,11,5,0,0,23,21,,,0,0,31,35,,,0,0,,,14,10,0,0
2025-01-03,,55,77,45,37,174,42,164,164,272,62,125,131,71,42,,,0,0,198,160,15,31,,,9,14,196,119,103,92,93,160,39,36,118,155,15,18,20,44,47,36,138,141,0,0,0,45,53,40,18,8,11,38,46,14,7,0,0,35,44,,,0,0,74,58,,,147,156,,,9,6,0,0
2025-01-04,,32,30,20,18,83,32,54,31,78,21,115,98,20,30,,,0,0,138,96,3,5,,,4,7,105,65,39,31,69,93,21,19,53,25,189,50,25,18,17,20,38,60,0,0,0,24,38,13,2,73,51,18,9,13,1,0,0,14,28,,,0,0,43,42,,,217,179,,,1,3,0,0
2025-01-05,,22,19,15,11,69,12,42,39,17,9,111,92,7,6,,,0,0,98,75,2,2,,,0,6,164,45,21,17,41,37,13,4,18,14,165,34,34,10,10,8,46,43,0,0,0,17,25,3,0,30,28,8,8,2,1,0,0,16,20,,,0,0,25,30,,,149,117,,,0,0,0,0
2025-01-06,,40,36,29,24,48,20,106,126,631,63,95,110,48,35,,,0,0,116,71,9,15,,,30,14,137,83,78,69,80,97,48,31,103,96,208,70,62,36,15,21,38,30,0,0,0,22,31,15,5,35,65,21,23,0,0,0,0,19,24,,,0,0,14,7,,,207,191,,,0,0,0,0
2025-01-07,,56,67,44,39,0,0,190,208,724,65,113,143,17,13,,,0,0,176,154,14,24,,,0,0,262,182,140,137,92,119,49,41,130,174,366,64,79,45,30,43,69,71,0,0,0,31,43,36,9,101,115,42,41,0,0,0,0,32,36,,,0,0,33,23,,,306,259,,,0,0,0,0
2025-01-08,,68,71,30,39,0,0,175,203,849,69,130,157,27,12,,,0,0,175,158,22,36,,,0,0,213,140,99,114,107,120,76,33,115,120,177,37,74,37,22,28,75,76,0,0,0,32,43,27,10,0,0,29,34,0,0,0,0,40,50,,,0,0,37,30,,,130,143,,,0,0,0,0
2025-01-09,,71,72,38,31,0,0,202,241,905,69,164,131,28,21,,,0,0,242,207,26,38,,,0,0,213,163,159,165,118,129,73,47,185,185,0,0,78,67,43,47,171,186,0,0,0,45,60,46,17,0,0,60,62,0,0,0,0,38,39,,,0,0,115,93,,,0,0,,,18,24,0,0
2025-01-10,,74,62,41,35,69,32,142,194,703,65,115,138,39,43,,,0,0,56,37,20,42,,,6,6,222,143,112,126,92,102,59,42,136,142,74,46,57,50,31,41,104,96,0,0,0,44,45,44,17,12,15,54,41,9,3,0,0,25,30,,,0,0,65,63,,,34,35,,,2,0,0,0
2025-01-11,,36,48,55,33,163,35,70,81,106,28,119,112,9,5,,,0,0,202,181,10,14,,,0,0,87,87,47,45,48,67,34,21,57,56,30,2,34,28,26,27,110,123,0,0,0,33,44,12,10,18,22,17,12,11,2,0,0,23,24,,,0,0,85,86,,,237,179,,,0,0,0,0
2025-01-12,,19,25,18,22,88,43,56,53,22,27,114,80,29,12,,,0,0,179,99,6,5,,,0,0,74,70,42,36,50,61,6,13,27,33,0,16,23,31,11,19,49,39,0,0,0,22,31,9,3,0,0,19,8,0,0,0,0,20,23,,,0,0,33,37,,,193,164,,,0,0,0,0
2025-01-13,,51,47,31,39,59,16,163,188,724,58,121,169,31,26,,,0,0,149,135,17,27,,,15,13,168,131,102,95,80,89,62,53,136,121,36,7,2,0,19,16,85,85,0,0,0,27,41,23,9,158,118,34,30,7,2,0,0,23,29,,,0,0,38,38,,,242,235,,,8,1,0,0
2025-01-14,,33,47,35,35,156,46,176,196,748,53,134,158,38,35,,,0,0,168,153,11,18,,,35,19,189,132,99,107,80,118,58,47,110,116,108,55,46,49,15,13,66,75,0,0,0,26,40,31,10,38,29,49,40,2,2,0,0,24,30,,,0,0,45,49,,,241,254,,,13,0,0,0
2025-01-15,,60,48,48,21,143,55,161,170,1078,65,136,180,44,38,,,0,0,172,150,11,22,,,121,66,208,124,109,108,87,109,59,94,110,119,93,41,67,41,20,23,78,94,0,0,0,29,42,22,6,24,32,24,20,8,4,0,0,25,39,,,0,0,40,41,,,38,40,,,0,1,0,0
2025-01-16,,79,67,30,49,172,57,209,265,962,67,132,197,45,59,,,0,0,199,173,30,59,,,54,23,236,156,141,147,122,117,66,58,147,156,133,64,87,80,38,50,125,144,0,0,0,40,57,56,22,39,35,56,46,10,5,0,0,30,40,,,0,0,66,68,,,268,277,,,3,1,0,0
2025-01-17,,61,67,27,40,100,37,170,196,824,71,146,146,18,4,,,0,0,193,160,25,41,,,15,19,200,162,111,126,88,124,54,77,166,145,130,34,64,61,31,37,148,120,0,0,0,42,56,33,15,79,31,50,48,13,5,0,0,32,41,,,0,0,68,63,,,241,273,,,1,2,0,0
2025-01-18,,41,48,27,35,179,53,87,111,87,33,118,119,10,14,,,0,0,220,182,9,17,,,20,25,136,119,88,93,74,87,35,27,92,92,16,18,45,61,40,37,162,155,0,0,0,39,47,39,14,48,48,48,48,11,4,0,0,34,37,,,0,0,128,108,,,341,315,,,0,0,0,0
2025-01-19,,38,40,23,41,133,37,84,92,71,25,160,121,2,2,,,0,0,247,196,10,16,,,24,26,45,39,81,76,67,58,24,21,108,98,9,19,47,42,54,55,174,199,0,0,0,47,64,40,16,43,36,51,56,17,3,0,0,37,46,,,0,0,118,131,,,400,330,,,0,0,0,0
2025-01-20,,84,77,45,43,56,32,213,249,788,53,146,181,53,29,,,0,0,194,180,28,61,,,4,7,229,174,133,136,112,94,53,58,155,150,38,28,72,51,52,57,123,153,0,0,0,49,56,54,19,32,19,67,51,12,6,0,0,29,34,,,0,0,82,77,,,298,292,,,10,1,0,0
2025-01-21,,59,64,33,47,177,63,164,221,816,61,149,167,30,20,,,0,0,205,202,33,50,,,2,9,265,162,162,146,27,45,64,42,157,139,100,58,55,74,42,46,103,112,0,0,0,40,58,57,23,42,18,59,49,25,12,0,0,30,39,,,0,0,57,55,,,189,136,,,2,0,0,0
2025-01-22,,77,69,57,40,97,30,128,133,950,74,136,188,33,16,,,0,0,167,159,26,46,,,64,51,217,187,154,153,111,145,64,59,168,155,15,33,75,69,46,50,104,106,0,0,0,41,55,51,15,29,16,58,46,9,10,0,0,39,50,,,0,0,67,71,,,163,218,,,2,0,0,0
2025-01-23,,61,68,39,37,170,52,93,125,974,75,118,185,37,14,,,0,0,161,151,25,35,,,54,24,241,160,126,116,45,43,61,47,122,102,111,48,71,44,32,37,98,86,0,0,0,40,45,34,10,41,18,41,44,15,9,0,0,27,39,,,0,0,43,48,,,270,223,,,2,0,0,0
2025-01-24,,85,64,49,57,44,27,108,151,934,73,171,158,31,27,,,0,0,242,210,28,41,,,9,10,271,203,169,186,129,115,72,56,203,206,30,30,89,76,50,54,220,241,0,0,0,62,80,63,18,2,7,86,81,19,8,0,0,62,64,,,0,0,135,123,,,413,348,,,10,9,0,0
2025-01-25,,65,55,35,57,30,6,105,87,121,62,167,172,14,4,,,0,0,375,340,15,27,,,0,0,224,195,180,163,80,103,33,27,219,190,9,5,59,102,109,100,402,396,0,0,0,80,104,98,42,77,61,122,149,29,6,0,0,62,55,,,0,0,287,254,,,789,672,,,145,85,0,0
2025-01-26,,34,49,49,44,0,0,104,97,101,48,177,153,20,15,,,0,0,332,268,21,14,,,0,0,177,157,144,148,74,95,22,29,222,200,0,0,63,72,93,90,386,364,0,0,0,61,98,76,35,57,48,106,94,0,0,0,0,52,52,,,0,0,263,225,,,578,504,,,0,0,0,0
2025-01-27,,78,69,44,67,0,0,102,143,790,94,159,215,39,47,,,0,0,254,211,33,61,,,0,0,305,224,207,231,153,148,65,73,196,193,0,0,78,77,65,83,203,198,0,0,0,47,65,88,22,0,0,92,92,0,0,0,0,57,60,,,0,0,119,92,,,409,391,,,25,8,0,0
2025-01-28,,62,71,43,42,11,19,118,132,891,68,120,176,44,28,,,0,0,12,5,24,44,,,3,7,165,8,162,145,117,127,59,47,146,145,5,21,82,56,46,55,109,113,0,0,0,35,53,45,13,3,5,53,45,1,0,0,0,30,40,,,0,0,9,7,,,175,134,,,2,0,0,0
2025-01-29,,95,102,65,75,53,24,112,126,1014,85,178,216,47,32,,,0,0,287,259,27,64,,,4,6,314,211,209,227,146,173,96,64,205,209,138,38,98,96,81,77,236,246,0,0,0,61,76,93,46,44,56,117,96,16,11,0,0,51,66,,,0,0,145,124,,,0,0,,,9,12,0,0
2025-01-30,,87,79,58,76,88,46,107,129,1035,69,152,210,27,12,,,0,0,294,276,31,58,,,6,3,349,218,220,198,134,139,79,103,226,236,32,40,89,103,75,91,277,290,0,0,0,55,82,65,29,4,3,101,103,28,16,0,0,51,58,,,0,0,190,146,,,0,0,,,39,36,0,0
2025-01-31,,59,56,57,56,45,17,139,139,303,84,173,156,9,17,,,0,0,220,196,21,36,,,20,22,220,158,148,146,118,139,79,55,172,149,355,93,67,54,39,44,175,185,0,0,0,54,65,48,18,41,41,60,80,16,6,0,0,39,42,,,0,0,93,72,,,0,0,,,2,0,0,0
2025-02-01,,42,70,39,63,195,47,82,65,314,53,159,141,6,11,,,0,0,337,276,17,18,,,7,9,211,194,149,142,87,113,39,31,195,196,210,67,52,64,78,70,350,317,0,0,0,61,71,61,29,74,33,90,77,26,7,0,0,54,48,,,0,0,227,188,,,0,0,,,59,52,0,0
2025-02-02,,36,28,40,40,153,41,131,111,225,53,120,118,10,8,,,0,0,266,236,12,17,,,27,32,136,121,105,100,61,95,23,23,120,107,173,45,45,49,43,52,222,225,0,0,0,45,72,43,18,22,18,55,48,7,4,0,0,48,45,,,0,0,141,139,,,0,0,,,2,1,0,0
2025-02-03,,61,74,44,48,181,70,128,145,637,103,149,190,27,9,,,32,0,216,201,23,43,,,117,82,251,222,182,164,113,118,73,63,156,146,227,123,61,74,56,61,260,175,0,0,0,59,63,53,9,60,39,76,60,27,12,0,0,55,45,,,0,0,90,78,,,0,0,,,33,18,0,0
2025-02-04,,100,94,58,49,176,63,141,128,398,102,186,237,20,13,,,50,0,220,221,21,49,,,0,1,130,52,1,0,117,142,70,69,189,173,15,23,23,59,41,55,265,200,0,0,0,56,68,18,7,140,141,82,65,16,9,0,0,53,59,,,0,0,93,92,,,181,201,,,49,22,0,0
2025-02-05,,90,72,55,52,227,65,103,135,847,87,152,183,24,17,,,51,0,231,214,24,40,,,3,0,556,315,192,178,130,119,71,52,227,245,19,31,79,88,54,64,333,197,0,0,0,53,81,0,0,193,138,62,70,43,16,0,0,60,70,,,0,0,96,76,,,447,418,,,51,25,0,0
2025-02-06,,79,68,46,43,225,54,114,144,1038,105,164,172,41,43,,,72,0,212,194,37,43,,,4,0,478,270,156,154,131,127,67,61,174,164,443,86,58,55,54,58,159,158,0,0,0,53,71,58,25,4,1,58,53,19,7,0,0,32,26,,,0,0,80,80,,,382,383,,,25,9,2,7
2025-02-07,,67,75,50,46,218,55,133,165,634,77,152,149,36,22,,,47,0,195,152,16,31,,,8,15,472,257,152,158,125,152,58,67,141,168,384,42,79,35,45,56,170,144,0,0,0,40,60,67,21,6,9,79,81,21,6,0,0,2,7,,,0,0,64,55,,,357,322,,,29,11,4,9
2025-02-08,,38,46,49,47,49,20,139,132,76,34,180,148,16,8,,,51,0,312,258,13,16,,,21,18,345,195,129,107,85,81,25,24,158,132,273,32,47,55,58,57,263,271,0,0,0,69,75,68,25,25,28,62,74,27,5,0,0,7,9,,,0,0,177,181,,,432,401,,,98,41,19,29
2025-02-09,,59,60,39,46,181,32,163,174,73,47,199,183,20,10,,,48,0,336,296,9,16,,,3,11,402,242,137,147,64,106,41,32,241,251,189,26,50,60,82,91,397,367,0,0,0,63,92,0,0,13,8,100,84,32,13,0,0,5,4,,,0,0,237,215,,,550,482,,,141,78,23,28
2025-02-10,,80,59,20,11,194,48,241,277,424,76,155,182,27,15,,,53,0,244,222,27,53,,,5,1,245,254,2,2,98,110,80,66,204,192,419,85,64,71,54,60,182,212,0,0,0,61,75,1,0,0,2,85,50,16,6,0,0,48,52,,,0,0,88,80,,,395,357,,,57,19,5,9
2025-02-11,,81,66,27,46,102,38,60,107,555,75,171,216,55,30,,,55,0,273,279,26,56,,,6,6,437,283,189,178,126,160,66,71,197,215,421,92,73,91,77,90,221,201,0,0,0,52,79,70,41,0,2,88,78,25,10,0,0,42,31,,,0,0,96,84,,,0,0,,,66,41,12,17
2025-02-12,,46,36,49,30,24,6,139,155,779,35,104,149,35,12,,,20,0,164,163,13,21,,,10,14,331,154,70,73,84,125,68,48,140,165,679,73,54,32,28,23,58,66,0,0,0,28,50,0,0,66,21,29,24,13,9,0,0,0,0,,,0,0,29,25,,,164,116,,,14,3,1,3
2025-02-13,,37,26,23,17,67,23,100,81,794,37,73,98,16,14,,,29,0,122,78,4,12,,,21,13,325,131,34,42,51,60,42,24,76,68,901,73,59,34,5,8,28,24,0,0,0,16,17,0,0,13,20,12,10,3,1,0,0,1,8,,,0,0,10,7,,,293,272,,,4,2,1,0
2025-02-14,,45,22,36,22,96,43,107,108,467,46,81,104,20,15,,,47,0,97,68,6,9,,,19,29,249,123,40,39,72,94,47,28,77,73,759,70,53,27,9,7,30,36,0,0,0,18,26,0,0,19,12,7,9,10,4,0,0,1,5,,,0,0,11,7,,,203,192,,,4,4,0,0
2025-02-15,,38,22,27,34,161,46,62,85,128,31,103,84,22,8,,,40,0,137,128,3,4,,,52,40,288,146,53,69,76,78,25,21,45,46,19,18,46,40,9,10,296,88,0,0,0,19,34,0,0,7,9,8,6,5,4,0,0,13,20,,,0,0,38,38,,,393,293,,,23,23,5,5
2025-02-16,,40,21,20,21,154,38,64,75,53,34,118,107,16,8,,,35,0,174,174,5,3,,,0,2,279,118,62,47,64,82,12,17,49,44,197,60,28,27,13,23,96,96,0,0,0,26,30,0,0,21,10,21,18,7,4,0,0,4,0,,,0,0,57,44,,,333,257,,,22,21,8,14
2025-02-17,,60,42,44,38,163,33,141,166,571,71,100,113,42,52,,,33,0,135,119,11,18,,,256,166,426,213,109,110,78,94,54,40,81,68,482,78,60,42,23,30,79,120,0,0,0,31,33,0,0,14,56,27,23,10,6,0,0,4,17,,,0,0,26,19,,,135,159,,,13,10,4,5
2025-02-18,,63,63,37,33,195,48,158,188,877,65,97,179,0,0,,,30,0,185,163,8,12,,,334,237,519,242,121,102,108,90,53,37,73,79,39,29,52,45,14,20,194,93,0,0,0,26,39,0,0,15,33,32,25,10,5,0,0,0,0,,,0,0,55,40,,,303,286,,,28,13,0,0
2025-02-19,,52,48,33,33,78,47,143,174,930,66,126,115,0,0,,,42,0,179,163,10,10,,,424,249,527,226,0,0,88,105,71,39,109,87,612,86,48,56,20,28,246,101,0,0,0,28,34,0,0,13,23,41,34,8,3,0,0,3,1,,,0,0,39,31,,,314,329,,,28,11,0,0
2025-02-20,,44,52,37,46,91,30,164,180,798,54,126,120,0,0,,,48,0,161,140,3,1,,,412,208,481,226,122,123,102,124,56,35,112,105,647,31,57,57,24,24,81,87,0,0,0,28,41,0,0,8,15,34,28,20,10,0,0,16,15,,,0,0,46,37,,,291,274,,,36,18,0,0
2025-02-21,,71,64,38,49,53,19,89,86,617,61,112,120,0,0,,,48,0,137,131,0,0,,,493,237,446,220,125,113,109,139,47,37,106,116,582,90,67,45,22,31,122,118,0,0,0,31,31,0,0,3,4,39,35,29,13,0,0,4,5,,,0,0,56,35,,,280,269,,,45,27,3,7
2025-02-22,,52,43,47,55,64,36,134,156,268,52,172,138,0,0,,,43,0,364,312,0,0,,,420,276,398,291,189,171,93,120,35,24,180,176,319,90,69,88,73,83,329,315,0,0,0,46,68,0,0,30,13,73,68,44,16,0,0,2,5,,,0,0,204,175,,,790,561,,,120,77,16,39
2025-02-23,,53,45,36,60,173,49,82,80,150,61,127,123,0,0,,,46,0,287,239,0,0,,,316,232,362,229,0,0,79,93,25,20,126,119,171,73,62,61,45,49,219,232,0,0,0,52,62,0,0,3,1,60,56,30,14,0,0,8,6,,,0,0,134,123,,,453,404,,,104,57,20,25
2025-02-24,,86,94,63,74,116,49,117,130,911,90,179,219,0,0,,,57,0,338,305,0,0,,,604,273,671,415,122,165,78,87,78,78,260,253,571,77,91,83,80,88,292,311,0,0,0,62,86,0,0,0,2,107,85,58,17,0,0,5,5,,,0,0,179,139,,,71,83,,,116,59,13,19
2025-02-25,,99,105,66,69,100,66,103,109,1132,90,189,274,0,0,,,63,0,351,293,65,122,,,614,244,711,419,249,271,158,192,100,62,289,267,16,19,97,114,83,88,262,275,0,0,0,67,86,0,0,4,2,100,107,64,24,0,0,5,7,,,0,0,147,118,,,318,345,,,90,42,13,25
2025-02-26,,105,93,63,64,43,16,278,321,1283,109,180,227,0,0,,,65,0,283,233,127,149,,,575,242,701,444,239,260,158,161,87,72,219,205,9,5,86,103,68,85,203,195,0,0,0,53,87,0,0,0,0,98,91,60,27,0,0,15,3,,,0,0,89,59,,,433,434,,,52,25,18,20
2025-02-27,,95,95,56,70,22,16,114,148,1299,113,200,230,0,0,,,73,0,322,309,140,182,,,566,286,690,404,259,236,158,162,89,64,246,267,16,23,118,108,88,107,277,271,0,0,0,70,81,0,0,5,5,113,108,56,15,0,0,2,7,,,0,0,146,104,,,497,484,,,92,42,13,24
2025-02-28,,77,76,54,67,202,72,107,103,1117,86,167,159,0,0,,,65,0,234,211,0,0,,,628,236,577,316,198,183,167,195,67,80,233,205,42,26,81,85,53,63,183,209,0,0,0,23,24,0,0,37,25,91,67,55,22,0,0,21,14,,,0,0,90,90,,,401,391,,,39,21,9,15
2025-03-01,,59,74,40,37,172,54,113,120,271,90,159,125,0,0,,,57,0,298,268,0,0,,,505,306,342,210,121,114,105,115,42,39,193,183,291,79,55,71,41,47,218,248,0,0,0,38,66,0,0,5,2,54,49,40,20,0,0,11,17,,,0,0,121,112,,,427,360,,,39,33,15,22
2025-03-02,,83,94,55,99,39,13,97,97,145,68,242,195,0,0,,,63,0,542,452,0,0,,,452,266,616,417,300,299,110,158,49,43,407,362,198,74,62,90,164,132,711,757,0,0,0,103,141,0,0,1,10,170,168,77,27,0,0,6,4,,,0,0,424,401,,,14,15,,,118,95,51,79
2025-03-03,,101,97,85,87,109,56,108,104,938,87,203,251,0,0,,,71,0,367,340,0,0,,,606,240,728,445,11,9,170,199,104,95,326,299,16,29,105,105,99,115,333,332,0,0,0,15,15,0,0,3,4,139,127,85,31,0,0,7,10,,,0,0,166,136,,,405,432,,,57,27,4,15
2025-03-04,,144,128,27,75,75,43,275,311,1280,102,234,252,0,0,,,64,0,443,386,0,0,,,707,216,863,526,346,316,180,212,109,84,363,356,667,106,132,115,132,139,399,384,0,0,0,81,119,0,0,3,6,173,168,78,27,0,0,15,6,,,0,0,204,147,,,663,607,,,41,17,16,40
2025-03-05,,162,174,78,77,135,58,117,120,1302,118,280,285,106,125,,,68,0,536,482,0,0,,,759,284,921,599,8,15,172,224,118,90,462,418,650,86,160,135,176,180,554,549,98,80,0,99,155,0,0,33,14,218,197,134,36,0,0,44,29,,,0,0,302,214,,,890,888,,,68,29,41,66
2025-03-06,,129,147,98,117,98,49,105,137,1331,126,255,300,188,122,,,74,0,556,499,0,0,,,807,107,985,666,452,437,229,238,105,88,466,442,730,103,151,160,172,165,577,522,131,93,0,116,174,0,0,3,7,260,214,127,30,0,0,6,7,,,0,0,334,220,,,989,945,,,150,70,31,48
2025-03-07,,151,140,73,123,307,75,106,117,853,93,260,246,199,145,,,75,0,568,498,0,0,,,841,160,913,649,426,449,194,230,93,83,493,472,674,103,136,149,202,199,656,644,125,106,0,113,158,0,0,82,42,269,225,121,25,0,0,16,10,,,0,0,340,245,,,948,959,,,189,120,36,57
2025-03-08,,120,142,99,139,72,43,71,108,360,110,290,246,181,160,,,97,0,1002,895,0,0,,,772,277,962,717,667,551,146,190,96,19,866,785,409,94,119,144,294,313,1333,1289,198,139,0,160,223,0,0,2,3,412,327,183,47,0,0,3,2,,,0,0,807,526,,,1792,1636,,,431,295,113,151
2025-03-09,,155,189,84,121,273,48,99,96,218,111,340,319,137,80,,,89,0,1229,1112,0,0,,,654,324,1045,838,802,716,146,145,67,69,1120,1049,244,92,132,173,451,417,1876,1826,252,172,0,226,290,0,0,16,13,489,419,235,68,0,0,1,0,,,0,0,1126,821,,,15,11,,,452,304,110,190
2025-03-10,,158,160,105,112,234,93,108,95,751,122,230,287,181,133,,,70,0,509,428,0,0,,,798,253,953,653,456,437,225,258,116,173,437,409,700,90,132,133,169,162,506,518,126,76,0,94,127,0,0,43,25,248,204,133,33,0,0,16,16,,,0,0,260,194,,,557,618,,,132,61,25,36
2025-03-11,,168,138,109,112,243,79,137,176,767,134,246,304,184,162,,,80,0,518,458,0,0,,,697,210,911,611,448,385,246,293,120,93,453,450,725,99,127,170,144,168,414,413,94,75,0,119,135,0,0,0,2,220,176,107,33,0,0,8,6,,,0,0,196,157,,,768,757,,,77,45,21,40
2025-03-12,,137,157,90,97,280,67,119,145,852,127,222,288,165,156,,,84,0,420,403,0,0,,,736,262,842,597,380,401,202,234,126,107,346,381,726,108,154,154,125,144,371,328,84,63,0,75,94,101,173,4,2,175,156,114,24,0,0,2,3,,,0,0,162,125,,,688,657,,,120,54,12,33
2025-03-13,,50,49,27,22,338,40,117,117,1159,46,79,168,74,163,,,40,0,130,102,0,0,,,679,230,483,169,57,62,72,82,51,27,119,135,172,37,100,43,8,9,46,45,21,18,0,18,26,25,26,29,17,24,20,18,9,0,0,2,6,,,0,0,12,11,,,187,183,,,5,5,1,3
2025-03-14,,66,62,47,40,65,22,205,227,943,73,146,130,74,72,,,56,0,196,183,0,0,,,741,246,445,220,129,137,108,144,71,43,165,180,709,84,67,64,21,25,151,136,33,26,0,43,70,39,51,8,9,46,37,40,10,0,0,4,4,,,0,0,55,53,,,293,273,,,12,5,9,6
2025-03-15,,79,99,49,46,234,34,215,227,204,69,178,147,103,62,,,66,0,425,348,0,0,,,564,309,472,328,211,184,111,192,51,36,273,256,63,43,52,77,79,86,366,359,55,60,0,63,106,96,101,4,1,93,76,56,17,0,0,6,4,,,0,0,169,175,,,623,557,,,23,24,15,28
2025-03-16,,104,118,80,101,198,41,321,403,183,83,275,233,135,101,,,73,0,664,591,0,0,,,509,253,716,522,425,367,92,181,47,44,522,497,46,26,86,119,201,226,764,829,119,90,0,126,160,214,330,7,9,240,222,122,43,0,0,8,2,,,0,0,408,420,,,676,734,,,184,154,57,80
2025-03-17,,87,93,76,57,26,33,288,320,992,102,196,197,112,108,,,53,0,226,201,0,0,,,581,263,638,362,212,200,138,172,107,86,254,244,53,55,85,94,65,68,169,153,63,60,0,47,80,96,117,3,3,105,85,77,17,0,0,8,8,,,0,0,57,50,,,246,268,,,30,14,4,10
2025-03-18,,104,124,92,87,100,50,390,437,1203,113,213,235,114,112,,,66,0,356,316,0,0,,,642,274,746,447,288,258,164,228,125,90,293,314,1,47,118,118,75,94,262,275,65,71,0,70,96,143,163,2,4,129,128,88,26,0,0,4,10,,,0,0,94,84,,,510,520,,,45,12,17,16
2025-03-19,,115,141,92,89,109,59,443,481,1265,135,253,266,134,95,,,77,0,471,463,0,0,,,754,239,912,584,351,372,201,205,91,60,413,405,0,52,133,153,165,150,419,433,110,100,0,79,127,199,237,2,7,186,181,115,37,0,0,8,7,,,0,0,190,167,,,814,747,,,45,21,16,37
2025-03-20,,129,154,114,107,61,26,494,591,1232,141,264,335,139,145,,,110,0,563,474,0,0,,,788,285,991,689,446,420,238,291,112,99,457,428,3,118,156,168,178,179,541,569,133,92,0,109,137,228,262,5,0,247,220,121,37,0,0,6,11,,,0,0,281,231,,,1004,993,,,0,0,30,45
2025-03-21,,183,184,128,132,81,38,580,604,1231,130,273,270,175,167,,,98,0,685,560,0,0,,,934,217,1046,768,538,549,215,271,94,78,592,515,3,106,160,139,240,276,790,809,130,125,0,113,164,272,340,5,2,338,317,162,34,0,0,3,3,,,0,0,444,341,,,1268,1250,,,0,0,43,74
2025-03-22,,141,184,117,128,246,105,495,545,418,85,315,281,177,154,,,75,0,1162,1003,0,0,,,787,305,1146,857,838,785,164,229,74,69,1029,885,3,87,143,216,400,399,1466,1427,200,149,0,171,265,416,469,6,1,536,436,262,40,0,0,12,10,,,0,0,903,636,,,2049,1749,,,0,0,118,158
2025-03-23,,72,96,56,71,114,43,232,283,348,70,167,156,113,65,,,98,0,475,394,0,0,,,571,296,568,398,308,297,110,132,51,30,326,316,2,65,80,89,134,131,500,486,80,71,0,86,148,158,171,63,34,157,124,78,15,0,0,81,86,,,0,0,252,204,,,723,635,,,0,0,46,37
2025-03-24,,142,126,66,91,203,88,475,506,1140,128,205,231,240,225,,,109,0,398,338,14,41,,,796,285,771,523,357,335,194,298,121,103,355,336,6,83,135,120,111,128,343,342,83,88,0,79,119,153,186,82,88,152,145,90,19,0,0,100,79,,,0,0,159,112,,,392,423,,,5,4,11,22
2025-03-25,,136,164,96,114,237,107,532,579,1357,115,299,316,247,179,,,110,0,557,501,20,42,,,842,290,948,598,442,421,265,318,112,93,450,374,3,107,161,118,153,164,504,504,113,94,0,98,140,201,239,216,98,209,177,130,20,0,0,130,119,,,0,0,202,167,,,776,809,,,55,13,24,34
2025-03-26,,114,102,69,69,55,43,336,401,1402,93,153,222,369,105,,,63,0,257,237,11,14,,,853,216,690,399,247,221,154,188,104,76,252,215,2,79,156,64,86,92,128,165,59,44,0,59,85,106,117,71,58,99,85,67,8,0,0,65,66,,,0,0,44,40,,,457,412,,,39,7,5,14
2025-03-27,,155,154,53,94,28,28,572,653,1410,153,236,269,215,148,,,100,0,584,514,16,37,,,736,247,982,614,416,384,256,281,112,83,443,410,10,98,168,134,166,195,494,506,127,90,0,120,167,208,269,342,108,204,183,126,24,0,0,128,121,,,0,0,218,187,,,843,873,,,0,0,39,52
2025-03-28,,162,211,43,154,210,51,573,617,1208,134,314,317,420,161,,,99,0,771,653,22,29,,,796,216,724,833,538,575,250,321,141,116,675,597,20,108,154,181,280,259,935,965,173,144,0,144,179,294,412,208,51,336,312,192,43,0,0,161,169,,,0,0,512,447,,,1333,1212,,,0,0,35,95
2025-03-29,,112,110,54,76,55,12,339,313,156,78,218,184,125,117,,,82,0,577,528,11,24,,,566,319,578,418,317,284,141,183,56,48,481,398,300,81,67,76,150,142,759,814,89,101,0,81,129,151,188,78,48,172,150,85,19,0,0,78,96,,,0,0,396,373,,,981,824,,,0,0,25,46
2025-03-30,,118,102,88,115,0,0,362,387,226,78,270,222,166,97,,,88,0,745,703,9,6,,,484,308,721,528,448,413,150,172,69,53,625,566,235,93,85,132,209,222,911,1000,174,110,0,136,206,223,265,28,39,240,238,150,32,0,0,124,133,,,0,0,621,580,,,1207,1034,,,0,0,54,75
2025-03-31,,79,72,62,57,23,10,304,318,1257,105,134,178,179,164,,,71,0,218,194,10,14,,,541,235,582,333,218,198,219,218,101,74,201,234,632,56,115,81,48,49,151,155,53,54,0,54,81,85,96,128,96,86,56,52,13,0,0,37,35,,,0,0,67,66,,,415,441,,,0,0,6,9
2025-04-01,,98,121,98,79,67,42,416,426,1332,106,206,273,198,200,,,75,0,397,363,15,21,,,657,266,325,115,300,296,213,339,108,81,338,359,691,88,130,95,21,27,391,405,91,62,0,73,109,121,136,182,111,113,105,72,8,0,0,75,69,,,0,0,261,183,,,608,662,,,0,0,29,28
2025-04-02,,183,200,117,104,23,4,603,708,1556,140,338,391,313,269,,,112,0,686,587,22,40,,,791,234,705,491,564,533,276,403,132,118,581,521,896,119,169,196,183,126,765,764,164,129,0,128,184,284,336,236,103,322,258,132,32,0,0,137,109,,,0,0,515,425,,,1042,1016,,,0,0,26,60
2025-04-03,,211,246,73,180,139,22,578,654,1442,154,396,399,352,637,,,137,0,937,840,301,518,,,825,177,231,67,721,698,292,350,149,148,830,801,883,99,191,215,342,316,1207,1185,218,148,0,154,226,418,489,232,120,465,377,245,51,0,0,114,92,,,0,0,766,582,,,1626,1547,,,0,0,53,109
2025-04-04,,256,301,154,208,163,50,102,115,1196,193,410,383,424,439,,,125,0,1212,1102,617,795,,,923,242,0,0,909,879,367,453,156,124,1098,997,844,125,240,265,385,346,1552,1723,239,184,0,216,278,511,631,195,110,625,487,247,53,0,0,210,212,,,0,0,1104,851,,,1692,1669,,,0,0,83,170
2025-04-05,,141,142,75,122,235,106,120,136,275,69,255,221,223,189,,,81,0,592,547,328,365,,,476,262,0,0,454,428,156,216,53,39,547,574,441,95,101,109,190,173,847,833,149,99,0,109,153,189,273,105,60,303,260,114,24,0,0,107,112,,,0,0,458,414,,,1144,1066,,,0,0,45,68
2025-04-06,,73,79,37,52,163,58,85,97,106,77,165,133,90,106,,,47,0,338,265,0,0,,,383,278,0,0,162,155,104,248,35,13,222,182,220,90,59,53,53,55,285,291,68,50,0,59,87,64,96,79,28,74,70,49,11,0,0,56,64,,,0,0,133,154,,,527,438,,,0,0,14,27
2025-04-07,,121,96,71,79,74,33,121,135,688,127,165,289,232,223,,,75,0,290,266,0,0,,,606,239,472,318,262,265,205,301,97,74,320,345,532,92,129,95,105,98,228,244,81,69,0,59,86,122,151,140,52,141,113,82,23,0,0,76,76,,,0,0,128,107,,,457,444,,,0,1,9,16
2025-04-08,,141,143,113,99,57,26,134,134,1090,154,240,307,224,248,,,86,0,493,453,0,0,,,713,220,958,603,393,376,203,288,107,78,481,482,206,65,171,154,133,143,420,409,93,76,0,92,142,210,234,216,88,213,161,124,34,0,0,118,114,,,0,0,240,195,,,800,798,,,51,9,16,32
2025-04-09,,181,192,91,117,31,22,152,141,1359,140,241,333,277,244,,,103,0,549,504,0,0,,,758,256,957,633,463,418,183,227,56,56,485,491,36,48,137,144,184,175,431,474,114,105,0,94,127,242,289,197,92,239,197,130,38,0,0,118,102,,,0,0,264,238,,,862,893,,,35,8,9,39
2025-04-10,,168,148,72,128,98,64,125,156,1472,167,222,318,201,170,,,102,0,522,440,0,0,,,772,171,958,672,427,409,18,15,116,90,465,424,279,112,160,142,192,201,437,474,124,84,0,101,139,229,277,208,86,236,214,142,29,0,0,104,100,,,0,0,231,208,,,852,902,,,53,11,34,34
2025-04-11,,178,202,120,130,223,89,108,113,1386,193,281,305,277,241,,,98,0,586,540,6,14,,,921,195,1037,754,574,543,202,301,129,118,597,567,681,133,145,168,257,240,628,648,142,113,0,112,169,289,328,317,100,312,260,169,31,0,0,144,119,,,0,0,373,325,,,1145,1229,,,80,34,24,61
2025-04-12,,173,221,85,137,109,61,182,148,344,121,397,383,230,152,,,121,0,1437,1307,10,29,,,981,349,1336,1028,962,904,181,222,76,77,1259,1108,406,108,144,233,473,422,1980,2085,288,213,0,228,353,475,488,182,108,543,491,264,44,0,0,71,58,,,0,0,1438,1249,,,2331,2115,,,148,168,140,185
2025-04-13,,206,246,128,145,87,48,707,738,544,150,422,329,300,189,,,95,0,1465,1355,7,20,,,874,304,1314,1051,1006,973,184,256,39,49,1312,1271,361,119,142,211,507,470,2226,2137,307,233,0,272,421,414,555,158,43,673,602,278,50,0,0,166,103,,,0,0,1487,1268,,,2603,2257,,,185,188,139,238
2025-04-14,,250,270,124,137,188,72,808,831,1549,191,377,393,334,293,,,33,0,854,742,26,35,,,1042,268,1325,1051,787,739,258,437,95,98,819,745,910,120,205,186,300,311,820,926,212,170,0,162,218,350,462,187,95,423,355,198,40,0,0,176,142,,,0,0,553,421,,,1482,1373,,,85,16,0,0
2025-04-15,,211,226,101,130,309,83,801,892,1427,177,324,475,310,391,,,29,0,752,664,35,52,,,986,276,1237,946,699,647,125,250,99,80,720,712,689,104,260,233,285,283,713,742,180,138,0,149,219,307,392,244,112,369,303,180,45,0,0,154,156,,,0,0,434,340,,,1188,1199,,,73,29,27,54
2025-04-16,,290,350,129,142,485,130,962,1071,1718,224,399,476,371,339,,,38,0,1124,1090,40,32,,,1197,315,1683,1354,1119,1032,310,390,116,127,1052,1014,941,57,308,290,300,373,1462,1477,292,230,0,197,291,534,680,214,110,647,517,255,38,0,0,131,91,,,0,0,1016,754,,,2059,1861,,,91,23,72,130
2025-04-17,,219,264,61,59,100,47,710,648,1516,189,353,328,301,259,,,138,0,852,786,0,2,,,1120,123,1175,1000,761,799,275,316,121,108,901,803,649,14,198,227,0,0,1040,1047,217,190,0,107,207,398,454,230,111,443,344,199,37,0,0,94,69,,,0,0,663,563,,,1491,1383,,,58,9,50,96
2025-04-18,,69,69,47,31,301,50,104,102,176,45,68,41,62,56,,,43,0,137,118,0,0,,,625,245,276,168,77,97,17,27,32,19,80,101,219,56,54,44,0,0,106,95,29,26,0,30,45,28,27,39,20,33,29,15,7,0,0,29,24,,,0,0,72,50,,,191,184,,,10,9,5,6
2025-04-19,,92,124,90,80,286,70,371,404,146,101,198,152,161,132,,,87,0,710,615,0,0,,,680,254,737,607,499,482,150,204,35,42,613,541,27,31,101,121,0,0,969,954,113,91,0,92,146,183,237,71,28,254,210,105,23,0,0,104,102,,,0,0,653,542,,,1091,1032,,,7,8,46,73
2025-04-20,,133,178,46,45,245,88,652,624,168,108,290,282,247,126,,,121,0,1317,1111,0,0,,,850,145,1230,1016,1017,891,179,290,42,52,1292,1119,27,36,133,189,0,0,2151,2161,264,150,0,200,271,378,461,76,30,630,520,221,40,0,0,41,53,,,0,0,1444,1328,,,2246,1993,,,19,13,128,198
2025-04-21,,165,168,147,139,246,81,518,491,162,120,317,245,176,111,,,88,0,947,854,0,0,,,638,320,970,757,697,632,134,185,40,48,867,846,15,42,98,174,0,0,1424,1482,192,144,0,172,246,280,296,27,43,379,346,168,41,0,0,24,36,,,0,0,897,836,,,1212,1206,,,5,2,101,126
2025-04-22,,277,242,105,176,60,30,887,934,1519,214,423,402,302,260,,,137,0,954,884,0,0,,,925,325,1115,1161,936,833,265,331,103,87,816,834,534,105,282,241,0,0,1063,1050,238,186,0,174,276,450,518,204,95,482,432,216,50,0,0,172,100,,,0,0,659,512,,,1142,1226,,,37,2,47,106
2025-04-23,,292,295,115,206,190,71,1001,1059,1736,197,441,456,380,458,,,67,0,1107,1064,3,4,,,1061,272,1641,1297,1070,942,287,347,196,190,1012,892,566,100,318,257,0,0,1197,1270,283,210,0,138,260,511,547,232,100,446,349,260,48,0,0,196,141,,,0,0,846,694,,,1752,1632,,,68,8,62,109
2025-04-24,,89,86,29,61,87,32,258,249,1270,80,99,182,133,142,,,8,0,181,164,0,0,,,868,218,490,239,155,133,99,130,67,51,178,191,552,74,209,56,30,26,134,103,35,43,0,12,58,51,56,133,78,43,38,32,9,0,0,28,24,,,0,0,51,55,,,327,332,,,4,3,8,10
2025-04-25,,72,62,42,41,54,23,140,129,1229,73,70,113,144,108,,,2,0,125,111,0,0,,,861,206,371,176,82,78,69,111,50,23,113,100,1206,72,135,40,29,18,75,63,40,35,0,9,26,30,35,80,64,20,19,20,5,0,0,28,18,,,0,0,35,28,,,208,220,,,3,1,9,2
2025-04-26,,186,229,117,160,169,47,622,661,319,124,385,313,326,262,,,0,0,1364,1253,0,0,,,939,330,1237,1010,920,892,203,240,48,58,1235,1157,359,132,148,204,437,383,1900,1903,260,184,0,157,296,411,448,93,35,529,428,228,52,0,0,294,246,,,0,0,1241,1167,,,2219,1938,,,5,1,107,189
2025-04-27,,185,209,141,201,100,49,804,794,399,134,433,443,308,156,,,1,0,1665,1358,0,0,,,843,384,1427,1173,1122,1136,246,277,53,60,1633,1559,309,106,167,267,539,520,2497,2530,372,234,0,199,431,482,567,100,41,547,497,281,63,0,0,394,380,,,0,0,1677,1544,,,2715,2398,,,4,0,173,225
2025-04-28,,238,278,146,178,109,64,981,1042,1498,198,425,401,296,292,,,6,0,1037,906,0,0,,,1005,384,1524,1211,975,820,340,429,99,80,969,915,917,119,275,276,378,357,1273,1279,257,221,0,131,268,439,487,223,74,374,330,226,38,0,0,221,174,,,0,0,733,646,,,1209,1246,,,27,6,57,98
2025-04-29,,333,361,155,234,111,72,1152,1243,1485,225,472,509,348,304,,,6,0,1241,1091,0,0,,,1007,342,1755,1446,1152,1023,437,553,113,106,1074,979,878,124,297,324,487,432,1380,1530,290,221,0,128,273,503,561,326,160,465,379,251,35,0,0,316,253,,,0,0,941,737,,,1854,1798,,,17,3,73,117
2025-04-30,,256,298,196,176,81,59,1018,1089,1462,217,395,523,396,358,,,136,0,1009,902,0,0,,,1064,326,1489,1241,985,905,320,446,112,84,1000,977,880,109,348,302,451,407,1155,1164,238,198,0,131,262,471,530,377,142,416,319,246,57,0,0,221,206,,,0,0,758,588,,,1523,1583,,,53,7,54,75
2025-05-01,,184,269,181,174,286,100,896,1004,202,160,459,402,353,273,,,115,0,1786,1614,0,0,,,980,390,1828,1508,1495,1419,272,344,57,68,1734,1654,383,120,201,226,696,666,2896,3017,440,268,0,191,486,585,678,94,66,851,658,298,52,0,0,427,403,,,0,0,2109,1877,,,3168,2840,,,11,8,210,275
2025-05-02,,237,244,129,208,308,99,967,1066,467,176,397,367,313,364,,,126,0,1216,1063,0,0,,,1201,307,1530,1330,1130,1119,329,411,86,80,1184,1100,499,137,101,278,452,451,1703,1800,258,200,0,122,292,464,508,121,56,514,388,244,33,0,0,312,297,,,0,0,1182,1040,,,2052,1874,,,16,2,72,124
2025-05-03,,163,213,148,143,144,94,612,703,185,143,309,255,259,253,,,102,0,1042,983,0,0,,,923,305,1136,935,925,828,253,398,55,61,896,889,297,101,138,179,411,379,1554,1556,212,153,0,62,188,344,371,53,33,481,408,163,24,0,0,193,164,,,0,0,1023,952,,,1830,1596,,,3,5,98,122
2025-05-04,,141,146,102,123,144,86,518,552,447,124,285,235,5697,165,,,89,0,845,705,0,0,,,396,190,648,611,567,494,211,199,33,50,761,726,278,97,114,143,239,195,1163,1188,179,139,0,81,210,268,257,52,31,227,199,145,32,0,0,244,174,,,0,0,757,706,,,904,869,,,4,3,68,98
2025-05-05,,196,203,81,118,78,43,793,906,1052,171,375,331,252,235,,,94,0,633,602,0,0,,,899,361,844,931,746,688,314,417,60,62,649,601,724,124,262,205,276,290,615,573,182,139,0,67,205,337,299,156,84,275,217,167,40,0,0,203,171,,,0,0,341,281,,,454,663,,,7,4,27,33
2025-05-06,,209,235,94,182,122,65,796,956,1445,183,389,369,306,252,,,105,0,879,753,0,0,,,957,317,1038,1057,819,762,369,524,113,69,731,669,754,121,294,234,273,293,767,802,205,140,0,74,203,378,403,193,104,300,246,195,51,0,0,227,190,,,0,0,481,411,,,1099,1056,,,16,7,34,66
2025-05-07,,202,233,88,156,94,43,428,552,1449,266,384,450,285,275,,,88,0,639,589,0,0,,,934,299,925,918,776,681,336,463,60,58,605,565,982,120,318,223,296,291,636,668,168,143,0,62,196,366,318,56,121,286,210,169,42,0,0,192,151,,,0,0,376,329,,,935,976,,,18,2,39,51
2025-05-08,,150,216,85,136,291,81,108,90,219,121,310,253,232,136,,,97,0,912,652,0,0,,,709,303,853,909,777,743,169,288,63,46,850,735,271,15,101,156,302,301,1253,1184,176,131,0,72,195,277,252,1,6,311,199,168,32,0,0,204,210,,,0,0,866,684,,,1549,1486,,,6,2,75,110
2025-05-09,,178,214,82,143,99,46,63,78,285,144,316,262,242,212,,,93,0,718,616,0,0,,,862,320,733,774,617,603,230,353,25,30,708,640,314,105,113,169,246,245,968,974,151,114,0,44,186,284,242,0,0,220,131,160,25,0,0,193,169,,,0,0,660,560,,,1090,997,,,14,2,47,64
2025-05-10,,195,241,118,130,263,112,69,56,141,131,304,286,358,206,,,113,0,1218,1040,0,0,,,825,363,942,999,932,873,189,330,19,13,1141,1029,310,109,120,193,397,353,1639,1776,219,160,0,82,269,320,276,0,0,306,163,235,48,0,0,287,301,,,0,0,1181,1126,,,1919,1768,,,1,2,107,139
2025-05-11,,211,261,183,80,268,68,90,88,237,120,324,292,174,177,,,87,0,1157,1023,0,0,,,784,336,972,1001,927,874,219,268,58,59,1112,954,317,128,136,185,447,424,1785,1952,287,209,0,72,315,367,218,0,0,149,122,205,49,0,0,280,272,,,0,0,1205,1218,,,2311,1780,,,8,3,133,175
2025-05-12,,238,285,164,185,92,61,171,135,1507,213,437,431,327,280,,,129,0,933,828,0,0,,,1058,319,1166,1197,980,908,164,197,51,66,841,817,335,94,260,250,370,355,1046,1028,298,195,0,86,242,478,296,1,0,198,84,222,48,0,0,254,222,,,0,0,653,514,,,966,1080,,,9,8,35,53
2025-05-13,,287,303,207,230,131,49,1092,1024,1212,221,480,504,359,313,,,144,0,1169,1045,0,0,,,1218,304,1328,1291,1197,1016,382,478,107,109,1051,1071,778,130,280,325,512,499,1523,1472,344,240,0,80,306,560,341,0,1,227,110,279,61,0,0,345,298,,,0,0,956,800,,,1731,1725,,,15,6,68,94
2025-05-14,,302,305,186,194,20,19,1127,905,1422,232,498,476,406,356,,,125,0,1237,1122,22,28,,,1140,354,1338,1427,1214,1102,363,429,50,61,1098,1073,874,124,69,110,493,472,1307,1593,309,216,0,99,303,614,353,0,0,10,9,309,55,0,0,308,274,,,0,0,939,809,,,1873,1830,,,16,11,89,117
2025-05-15,,214,201,110,133,196,104,752,799,1525,189,297,341,287,340,,,23,0,566,528,8,17,,,1037,273,889,918,669,620,254,348,94,74,578,630,937,117,0,0,248,241,616,621,176,126,0,91,173,315,198,0,0,190,79,167,41,0,0,174,168,,,0,0,334,262,,,809,834,,,3,1,35,39
2025-05-16,,166,169,106,113,74,53,481,552,1366,145,225,265,193,253,,,27,0,397,381,4,10,,,914,270,529,580,435,382,178,223,48,38,405,450,715,79,0,0,139,144,440,424,113,101,0,42,128,187,114,0,0,112,43,109,24,0,0,114,108,,,0,0,231,206,,,534,570,,,1,2,27,29
2025-05-17,,127,150,76,94,260,95,464,471,137,121,239,233,120,142,,,30,0,699,556,1,2,,,693,325,470,587,478,451,126,194,17,11,578,551,385,92,0,0,204,185,934,983,136,126,0,49,138,212,152,0,0,71,28,129,34,0,0,145,146,,,0,0,666,557,,,1009,1009,,,2,5,61,72
2025-05-18,,111,130,77,57,110,57,350,362,364,80,213,192,159,108,,,18,0,619,488,4,4,,,629,342,511,466,403,342,133,182,6,13,497,500,320,87,0,0,196,190,813,905,120,113,0,64,192,169,141,0,0,0,0,102,24,0,0,133,105,,,0,0,514,483,,,0,1,,,0,2,33,39
2025-05-19,,164,161,119,131,190,88,666,706,1429,163,288,293,261,212,,,19,0,549,485,8,10,,,879,302,740,772,607,562,224,271,100,82,503,474,677,108,0,0,187,198,599,566,171,116,0,55,151,255,222,0,0,0,0,144,26,0,0,126,122,,,0,0,355,282,,,410,569,,,9,3,20,17
2025-05-20,,239,261,116,168,64,28,973,1047,1512,202,522,427,364,258,,,118,0,1111,1023,9,18,,,1206,325,1246,1362,1085,1000,332,351,52,46,1003,943,39,27,0,0,406,392,1390,1441,244,201,0,82,237,499,399,0,0,0,0,224,48,0,0,240,217,,,0,0,900,760,,,1494,1526,,,14,2,80,86
2025-05-21,,237,273,152,207,60,43,965,1060,1537,183,376,392,376,356,,,149,0,935,839,13,24,,,1130,311,1109,1191,1008,930,316,322,48,54,807,789,785,112,0,0,408,418,1157,1171,260,202,0,81,254,459,395,0,0,0,0,203,34,0,0,232,222,,,0,0,770,616,,,1524,1486,,,4,2,62,90
2025-05-22,,109,127,74,85,265,94,480,505,1350,148,184,273,247,243,,,77,0,353,298,4,8,,,932,289,499,413,312,304,168,206,83,64,277,282,851,76,0,0,80,78,289,274,86,84,0,29,101,109,112,0,0,0,0,78,17,0,0,95,81,,,0,0,163,142,,,337,373,,,1,1,12,15
2025-05-23,,215,227,113,76,69,41,768,800,1101,158,352,364,280,227,,,126,0,784,679,5,17,,,968,304,837,933,720,674,268,360,73,55,725,726,535,114,135,98,268,286,996,992,206,155,0,59,158,326,317,0,0,0,0,181,33,0,0,180,158,,,0,0,694,528,,,1066,1150,,,6,4,60,75
2025-05-24,,139,191,119,151,168,95,646,630,217,112,290,243,218,178,,,144,0,1151,1013,5,14,,,846,364,841,924,805,844,164,258,15,17,1030,985,257,75,134,176,379,289,1794,1675,220,193,0,85,218,361,335,0,0,0,0,191,48,0,0,234,242,,,0,0,1365,1113,,,1870,1709,,,3,3,3,1
2025-05-25,,131,129,76,74,111,42,343,338,305,65,189,161,142,117,,,61,0,611,474,0,1,,,609,330,495,468,445,350,112,126,12,10,440,543,274,80,85,119,177,130,885,825,127,96,0,39,117,164,158,0,0,0,0,103,25,0,0,113,97,,,0,0,610,480,,,892,752,,,0,1,1,2
2025-05-26,,138,151,91,128,193,59,600,645,1265,132,233,317,214,334,,,79,0,494,428,3,8,,,1070,273,663,553,541,473,234,226,74,60,461,477,772,99,222,126,178,174,540,531,133,100,0,45,143,224,222,0,0,0,0,109,24,0,0,139,112,,,0,0,376,251,,,359,416,,,5,2,17,18
2025-05-27,,279,270,108,214,178,102,1054,1234,1331,238,467,497,340,321,,,107,0,1226,1141,9,19,,,1140,294,1395,1412,1245,1123,337,393,10,6,1032,998,803,129,343,292,496,446,1514,1635,283,216,0,120,307,551,545,0,0,0,0,253,57,0,0,341,287,,,0,0,1075,879,,,1788,1762,,,8,5,75,106
2025-05-28,,126,137,46,69,95,52,436,518,1342,120,162,229,438,209,,,90,0,356,311,3,7,,,1005,235,514,482,395,334,140,123,67,65,297,275,761,75,169,127,119,133,273,306,110,601,0,36,110,153,137,0,0,0,0,82,13,0,0,91,82,,,0,0,159,146,,,487,380,,,3,2,16,14
2025-05-29,,226,216,97,155,93,66,932,950,1440,177,376,408,420,273,,,134,0,941,782,8,27,,,1085,275,986,1032,825,767,245,340,66,63,844,777,1053,122,211,192,313,237,1167,1161,191,167,0,88,220,323,255,1,0,0,0,209,41,0,0,194,188,,,0,0,797,574,,,1187,1234,,,5,1,42,49
2025-05-30,,234,274,98,160,228,146,953,987,1531,175,348,363,429,460,,,137,0,978,895,7,24,,,1231,371,953,1089,878,873,46,58,66,62,947,927,740,109,264,224,344,323,1403,1433,219,158,0,86,213,439,390,0,0,5,8,213,22,0,0,260,235,,,0,0,988,750,,,1460,1424,,,5,1,66,92
2025-05-31,,178,258,84,154,145,63,787,785,364,133,341,304,245,189,,,141,0,1390,1220,11,34,,,1146,397,1001,1081,975,1028,216,329,60,53,1123,1030,420,116,178,212,480,442,2002,2090,234,1326,0,117,323,274,239,0,0,2,3,222,41,0,0,363,322,,,0,0,1476,1290,,,2209,2094,,,2,6,124,145
2025-06-01,,192,227,48,208,116,50,700,648,424,163,288,260,240,176,,,97,0,1138,926,1,7,,,839,353,839,794,825,691,168,198,25,39,935,882,29,32,137,177,301,291,1673,1740,179,270,0,101,235,27,1,1,0,0,0,158,28,0,0,228,217,,,0,0,1148,1002,,,1693,1459,,,2,2,115,112
2025-06-02,,155,158,59,107,51,45,572,597,1322,129,232,237,259,256,,,96,0,575,454,3,6,,,1017,297,553,532,456,432,114,112,73,55,511,499,9,33,214,112,96,101,639,637,103,85,0,104,155,113,31,0,0,37,29,102,20,0,0,106,95,,,0,0,383,324,,,356,345,,,4,1,18,30
2025-06-03,,264,303,116,212,430,148,1076,1163,1643,206,480,511,410,423,,,155,0,1255,1111,6,20,,,1189,340,1251,1372,1146,1036,304,418,99,96,1110,1082,17,31,278,306,508,497,1622,1764,255,1730,0,213,308,514,26,0,0,105,72,282,46,0,0,304,258,,,0,0,1193,952,,,1872,1673,,,0,0,78,122
2025-06-04,,273,301,173,177,136,47,1077,1181,1586,209,429,445,353,360,,,143,0,1116,983,6,15,,,1242,356,1301,1361,1154,1011,323,387,88,87,994,919,1114,126,269,300,417,389,1305,1326,131,1267,0,184,270,437,33,0,0,52,41,235,38,0,0,254,223,,,0,0,887,658,,,1670,1576,,,0,0,30,38
2025-06-05,,185,183,117,108,7,20,729,775,1362,194,315,277,247,220,,,110,0,590,505,6,16,,,1067,317,787,729,668,605,277,335,81,67,552,548,1075,105,221,186,178,213,652,666,103,53,0,112,173,231,53,0,0,67,38,166,32,0,0,139,120,,,0,0,408,351,,,844,796,,,0,0,29,31
2025-06-06,,187,207,111,170,148,62,178,243,1121,213,295,272,245,187,,,124,0,788,564,10,17,,,1121,395,803,809,702,689,284,385,81,77,694,678,572,100,208,199,239,241,930,899,102,181,0,113,145,270,9,0,0,28,6,150,19,0,0,125,115,,,0,0,635,452,,,1015,1031,,,0,0,63,64
2025-06-07,,90,77,49,55,249,59,136,89,237,77,107,107,155,89,,,64,0,377,274,3,2,,,881,358,343,295,295,239,134,219,30,15,203,228,467,47,58,50,86,66,464,335,25,23,0,36,94,67,3,0,0,2,2,41,9,0,0,48,51,,,0,0,353,213,,,384,349,,,0,0,22,17
2025-06-08,,115,98,44,89,86,60,128,129,534,82,183,185,258,107,,,86,0,602,459,3,5,,,729,282,555,471,419,413,166,277,20,27,410,392,301,74,90,107,130,113,657,791,23,17,0,67,112,119,7,0,0,3,1,66,16,0,0,88,71,,,0,0,513,460,,,767,711,,,0,0,47,59
2025-06-09,,238,265,140,170,202,101,117,99,1542,206,363,424,217,230,,,129,0,921,765,6,21,,,969,276,1040,1072,962,823,373,451,94,88,837,829,1004,142,279,263,368,381,1130,1108,93,27,0,188,286,404,4,1,0,46,32,218,47,0,0,306,273,,,0,0,767,602,,,928,1070,,,0,0,59,67
2025-06-10,,249,282,168,196,354,164,103,106,1527,188,439,423,326,278,,,121,0,1095,926,8,14,,,1102,309,1170,1282,1048,1018,396,415,61,69,1013,1014,992,119,351,364,443,428,1385,1329,0,0,0,222,283,487,1,0,0,70,33,271,52,0,0,254,216,,,0,0,855,633,,,1559,1452,,,0,0,50,68
2025-06-11,,281,298,157,226,44,15,181,207,1571,227,450,471,253,260,,,135,0,1117,943,14,20,,,1118,322,1219,1291,1058,956,392,362,94,93,985,931,17,33,403,484,449,436,1199,1147,0,0,0,218,308,300,1,0,0,33,25,269,46,0,0,315,307,,,0,0,740,530,,,1616,1561,,,0,0,61,88
2025-06-12,,305,329,210,207,45,24,144,127,1504,212,466,441,245,259,,,131,0,1179,963,9,26,,,1312,323,1318,1373,1182,1036,468,561,71,107,1030,986,616,141,511,1322,474,448,1469,1284,0,0,0,200,285,411,8,0,1,33,16,303,46,0,0,282,244,,,0,0,883,602,,,1868,1818,,,0,0,88,144
2025-06-13,,237,255,215,189,396,144,920,979,1540,177,406,367,323,334,,,135,0,1081,887,11,22,,,1311,429,1121,1237,1039,1014,317,356,74,62,964,907,747,138,394,1586,411,416,1372,1335,0,0,0,171,251,360,3,0,0,17,14,237,43,0,0,227,217,,,0,0,775,534,,,1729,1746,,,0,0,79,122
2025-06-14,,181,222,178,147,248,88,759,708,258,102,306,276,266,131,,,111,0,1418,1171,11,21,,,1296,348,1090,1110,1138,1061,257,347,33,28,1294,1178,20,43,321,1010,505,496,1987,1993,0,0,0,245,320,287,1,0,0,10,17,272,34,0,0,330,360,,,0,0,1298,948,,,2323,2085,,,0,0,139,203
2025-06-15,,174,200,158,160,120,31,358,275,229,119,299,240,230,176,,,67,0,1105,897,4,11,,,1044,389,919,982,851,851,205,250,46,58,947,883,28,25,327,1436,394,378,1597,1312,0,0,0,179,254,241,2,0,0,2,8,200,26,0,0,320,237,,,0,0,1018,877,,,1356,1355,,,0,0,114,160
2025-06-16,,159,176,99,105,421,71,536,521,1042,135,206,225,230,227,,,81,0,562,414,5,5,,,917,264,468,526,384,367,187,256,29,21,448,445,15,32,425,1595,92,108,529,530,0,0,0,68,101,67,1,0,0,5,6,80,18,0,0,66,66,,,0,0,332,255,,,565,531,,,0,0,21,46
2025-06-17,,298,328,254,262,153,28,1201,921,1002,240,459,492,383,470,,,167,0,1346,1162,1,0,,,1326,330,1412,1524,1245,1189,460,534,107,92,1127,1026,28,40,475,1263,561,543,1632,1531,0,0,0,233,322,360,4,0,1,14,10,317,44,0,0,299,250,,,0,0,911,672,,,2020,1937,,,0,0,123,131
2025-06-18,,326,359,235,249,233,80,1132,916,1162,219,424,449,395,434,,,141,0,1238,1175,0,0,,,1432,333,1292,1349,1223,1085,417,486,116,101,1102,1066,28,44,499,1205,533,532,1416,1427,0,0,0,223,295,312,10,0,0,18,34,294,46,0,0,288,236,,,0,0,867,663,,,1844,1736,,,0,0,86,118
2025-06-19,,315,311,259,278,101,20,1183,1053,1095,235,441,477,296,346,,,154,0,1332,1139,0,0,,,1313,301,1229,1347,1221,1071,392,498,64,66,1084,1062,22,17,485,1153,511,476,1421,1357,0,0,0,217,297,335,9,0,1,14,12,328,47,0,0,255,219,,,0,0,845,496,,,1823,1704,,,0,0,61,111
2025-06-20,,245,306,228,222,449,117,977,786,1335,193,399,356,349,348,,,135,0,1015,946,0,0,,,1238,295,1069,1229,983,948,381,390,138,107,971,955,19,26,480,1049,392,403,1254,1261,0,0,0,187,261,300,9,0,0,10,7,259,36,0,0,215,187,,,0,0,692,479,,,1569,1555,,,0,0,74,104
2025-06-21,,149,254,174,184,683,134,701,663,496,153,337,315,265,130,,,132,0,1298,1126,0,0,,,1022,402,1143,1209,1113,1095,308,373,33,32,1208,1095,27,28,313,615,454,427,1771,1777,0,0,0,198,282,218,8,0,0,7,10,266,32,0,0,283,274,,,0,0,958,821,,,2179,1955,,,0,0,110,141
2025-06-22,,185,214,168,156,119,19,476,380,644,145,283,290,180,144,,,104,0,1253,1126,0,0,,,1080,481,1122,1161,1049,999,253,314,21,15,1131,981,28,28,325,708,464,402,1773,1877,0,0,0,193,295,206,1,1,0,3,5,248,33,0,0,286,214,,,0,0,1030,969,,,1850,1676,,,0,0,126,153
2025-06-23,,189,167,124,129,76,32,663,659,1263,185,252,273,194,264,,,77,0,501,481,0,0,,,1056,331,644,642,541,529,260,285,41,33,500,550,23,14,444,1223,194,204,509,429,0,0,0,110,158,153,3,0,0,2,6,131,25,0,0,137,111,,,0,0,201,121,,,0,0,,,0,0,12,30
2025-06-24,,298,301,249,262,398,89,1254,1236,1469,224,406,428,380,319,,,124,0,1188,1015,0,0,,,1343,298,1149,1265,1193,1103,426,484,183,177,1075,1020,42,35,521,1244,516,490,1289,1261,0,0,0,210,289,413,4,0,0,9,18,284,46,0,0,288,262,,,0,0,585,421,,,1210,1294,,,0,0,59,97
2025-06-25,,291,320,244,219,152,46,1158,1037,1492,232,408,430,254,442,,,119,0,1129,991,359,635,,,1412,332,1276,1342,1142,1053,372,386,57,81,1027,1042,31,31,631,2017,551,496,1110,1115,0,0,0,222,303,402,2,0,0,6,12,274,47,0,0,286,251,,,0,0,463,349,,,1845,1774,,,0,0,68,88
2025-06-26,,263,262,148,229,10,2,989,792,1387,223,298,356,247,340,,,108,0,789,707,466,604,,,1359,324,1088,1176,937,874,283,308,72,84,767,745,32,8,723,5229,416,378,868,842,0,0,0,191,237,285,3,2,0,4,11,239,40,0,0,407,385,,,0,0,309,227,,,600,403,,,0,0,63,87
2025-06-27,,208,193,180,171,49,19,872,871,1298,187,360,314,202,301,,,112,0,764,670,411,578,,,1120,311,879,981,765,752,238,284,45,50,729,724,28,6,504,1749,343,293,804,751,0,0,0,148,214,227,5,0,0,4,6,189,31,0,0,182,167,,,0,0,279,200,,,0,0,,,0,0,44,55
2025-06-28,,182,233,219,160,81,11,681,522,460,125,316,269,231,218,,,83,0,1172,956,238,372,,,1093,385,1032,1079,1017,953,222,273,21,33,1035,1026,35,1,397,893,367,378,1552,1449,0,0,0,183,272,221,3,1,0,3,12,223,34,0,0,270,239,,,0,0,728,570,,,0,0,,,0,0,117,130
2025-06-29,,160,198,190,158,29,21,473,359,551,142,247,258,172,137,,,62,0,1002,871,9,13,,,969,404,972,994,997,843,162,209,61,73,915,869,199,0,277,281,380,340,1351,1274,0,0,0,194,265,185,6,0,0,6,8,207,41,0,0,226,207,,,0,0,720,604,,,0,0,,,0,0,109,155
2025-06-30,,285,308,196,236,135,74,700,705,1315,174,359,371,242,216,,,74,0,1036,925,11,19,,,1201,422,1254,1329,1128,1082,331,307,64,58,834,769,25,3,470,294,425,437,1111,1075,0,0,0,172,256,241,10,0,0,8,13,249,42,0,0,284,216,,,0,0,533,365,,,1168,1308,,,0,0,52,74
2025-07-01,,295,298,212,245,39,12,703,728,1222,190,402,435,351,275,,,74,0,1103,1021,21,31,,,1285,484,1360,1479,1215,1121,414,492,47,72,1024,947,827,6,561,346,542,530,1211,1126,0,0,0,147,181,297,1,0,0,10,16,325,54,0,0,310,251,,,0,0,526,385,,,1758,1697,,,0,0,63,59
2025-07-02,,228,233,201,218,35,9,334,429,1125,208,371,339,260,251,,,5,0,944,874,15,46,,,1364,479,1172,1230,1051,999,366,471,68,61,849,832,25,0,660,303,456,467,1055,958,0,0,0,8,13,314,0,0,0,11,12,241,44,0,0,231,187,,,0,0,433,298,,,1483,1368,,,0,0,72,82
2025-07-03,,240,243,204,199,90,38,84,83,519,253,339,340,255,214,,,1,0,845,750,8,34,,,1183,353,1027,1150,913,833,343,406,138,112,693,694,33,0,205,243,403,356,849,791,0,0,0,186,233,198,2,0,0,5,6,220,27,0,0,243,220,,,0,0,343,232,,,1303,1248,,,0,0,51,65
2025-07-04,,266,306,222,208,237,94,47,38,480,253,319,250,277,274,,,79,0,981,888,7,22,,,987,288,960,1208,814,905,383,367,55,38,860,797,26,0,168,203,346,380,1134,1108,0,0,0,62,84,163,3,0,0,4,8,242,48,0,0,146,111,,,0,0,484,317,,,1598,1596,,,0,0,68,87
2025-07-05,,,,,,,,,,,,,,,,,,,,,,,,,,,,,,874,952,,,,,,,,,,,,,,,,,,,,,,,,,,,,,,,,,,,,,,,,,,,,,,,
2025-07-06,,,,,,,,,,,,,,,,,,,,,,,,,,,,,,841,885,,,,,,,,,,,,,,,,,,,,,,,,,,,,,,,,,,,,,,,,,,,,,,,
2025-07-07,,,,,,,,,,,,,,,,,,,,,,,,,,,,,,632,677,,,,,,,,,,,,,,,,,,,,,,,,,,,,,,,,,,,,,,,,,,,,,,,
2025-07-08,,130,134,79,107,196,51,74,65,1161,121,195,197,173,199,,,69,0,390,318,4,12,,,923,284,438,465,323,338,180,218,48,17,316,310,11,0,124,105,100,115,411,339,0,0,0,67,101,65,2,0,0,6,3,76,14,0,0,85,76,,,0,0,167,136,,,558,582,,,0,0,31,26
2025-07-09,,258,269,119,221,92,52,77,82,1197,200,349,351,572,310,,,114,0,807,685,11,19,,,1066,393,944,1023,792,746,45,73,94,152,729,704,412,0,157,200,326,342,785,781,0,0,0,147,208,178,11,0,0,8,12,206,33,0,0,221,182,,,0,0,359,225,,,1253,1245,,,0,0,50,85
2025-07-10,,240,236,178,221,36,20,91,70,995,160,362,358,349,257,,,116,0,830,730,8,27,,,1064,391,911,987,834,789,295,368,89,65,789,708,269,1,190,198,377,341,970,928,0,0,0,141,223,201,15,0,0,9,6,218,36,0,0,232,201,,,0,0,483,353,,,1403,1373,,,0,0,54,96
2025-07-11,,209,236,172,170,212,97,60,76,871,163,324,267,259,244,,,110,0,747,713,3,15,,,1063,400,917,978,816,702,287,309,49,31,787,729,398,3,153,210,352,284,1026,1036,0,0,0,136,192,183,17,0,0,4,3,178,32,0,0,219,192,,,0,0,621,459,,,1309,1292,,,0,0,62,83
2025-07-12,,73,98,48,56,71,17,132,114,858,74,81,80,140,102,,,51,0,267,209,8,11,,,725,340,295,262,221,214,100,134,22,14,153,154,487,0,61,57,73,83,234,254,0,0,0,41,45,27,4,0,0,3,7,31,10,0,0,51,48,,,0,0,183,155,,,476,461,,,0,0,24,14
2025-07-13,,151,203,12,199,125,71,651,640,584,105,309,253,257,213,,,95,0,1180,1023,9,25,,,917,377,983,941,910,861,182,228,17,21,1008,927,365,0,137,207,392,343,1682,1754,0,0,0,226,309,83,5,0,0,9,6,174,38,0,0,259,248,,,0,0,1246,1033,,,96,99,,,0,0,117,139
2025-07-14,,295,276,137,252,375,101,1061,1030,1199,196,401,361,396,308,,,119,0,1102,931,6,21,,,1239,442,1285,1276,1136,1013,354,400,85,142,997,907,187,4,209,276,447,435,1456,1412,0,0,0,161,230,161,6,0,0,11,10,245,34,0,0,309,246,,,0,0,961,700,,,968,1061,,,0,0,69,89
2025-07-15,,236,278,96,170,54,21,952,916,1247,211,363,346,355,263,,,94,0,810,727,9,20,,,1269,312,967,830,879,764,350,308,51,64,954,907,837,6,190,257,330,347,1098,1179,0,0,0,117,184,260,6,0,0,7,13,175,26,0,0,239,201,,,0,0,634,565,,,423,594,,,0,0,54,69
2025-07-16,,227,237,164,189,25,13,922,840,1209,202,371,338,323,309,,,111,0,882,719,5,16,,,1036,356,909,994,717,724,310,370,66,63,852,699,649,9,190,193,306,276,910,949,0,0,0,129,171,119,7,0,0,11,6,198,49,0,0,187,171,,,0,0,587,444,,,1101,1084,,,0,0,53,64
2025-07-17,,217,214,162,159,0,0,664,668,1169,142,256,252,241,188,,,65,0,696,613,5,8,,,1079,370,718,704,649,611,240,316,32,31,600,559,463,55,137,173,260,204,825,872,0,0,0,125,175,67,7,0,0,4,3,138,37,0,0,188,159,,,0,0,569,487,,,1031,940,,,0,0,43,53
2025-07-18,,193,200,128,132,26,27,696,641,1165,172,273,234,237,243,,,83,0,768,641,10,22,,,1091,357,711,746,675,584,226,342,23,20,738,721,39,7,144,170,198,206,1115,1168,0,0,0,125,157,55,0,0,0,7,8,141,31,0,0,158,163,,,0,0,776,547,,,1121,1108,,,0,0,68,68
2025-07-19,,213,280,96,186,119,39,708,813,934,151,322,295,240,178,,,51,0,1363,1134,8,18,,,1166,420,928,1005,999,976,237,254,54,58,1123,1052,390,48,138,192,434,422,2279,2114,0,0,0,172,221,62,11,0,0,6,8,253,35,0,0,260,239,,,0,0,1696,1293,,,2082,2002,,,0,0,140,172
2025-07-20,,198,237,149,185,6,21,675,689,790,141,324,307,270,255,,,85,0,1209,1053,5,21,,,1147,473,944,1062,994,943,262,272,34,39,1091,947,317,74,118,207,391,371,1840,2026,0,0,0,177,260,70,16,0,0,7,7,206,37,0,0,256,220,,,0,0,1370,1201,,,2035,1793,,,0,0,127,161
2025-07-21,,181,179,77,115,48,18,685,675,1086,178,215,243,219,217,,,79,0,489,459,5,14,,,1039,359,693,650,619,534,240,268,72,61,477,483,474,64,139,145,233,237,520,548,0,0,0,80,121,75,6,0,0,6,7,122,17,0,0,137,109,,,0,0,346,283,,,784,733,,,0,0,12,16
2025-07-22,,261,292,193,260,21,24,1088,1177,1135,184,435,396,336,312,,,141,0,1121,961,10,28,,,1108,400,1142,1251,1032,1007,338,475,76,78,1018,1013,497,101,210,260,466,489,1484,1462,0,0,0,171,233,129,4,0,0,18,11,217,39,0,0,260,237,,,0,0,999,744,,,1691,1591,,,0,0,77,103
2025-07-23,,328,325,244,312,134,54,1202,1278,1215,209,443,387,402,371,,,133,0,1247,1064,11,33,,,1227,376,1283,1288,1195,1146,407,471,45,68,1150,1109,468,110,223,302,556,522,1649,1702,0,0,0,210,270,180,9,0,0,19,19,252,49,0,0,332,289,,,0,0,1152,881,,,2038,1886,,,0,0,72,127
2025-07-24,,249,260,0,0,222,82,892,921,1069,187,315,322,295,326,,,113,0,852,784,5,8,,,1054,397,946,1021,882,770,293,362,88,87,830,691,36,39,195,229,381,356,1023,1078,0,0,0,150,228,126,5,0,0,8,9,220,21,0,0,205,199,,,0,0,695,581,,,1332,1230,,,0,0,57,59
2025-07-25,,191,215,86,164,69,42,800,790,1114,206,309,295,299,219,,,128,0,868,791,17,33,,,1210,262,802,916,705,731,264,431,59,65,829,845,626,82,159,236,335,352,1267,1297,0,0,0,131,181,73,4,0,0,14,8,173,22,0,0,208,193,,,0,0,854,652,,,1466,1511,,,0,0,64,68
2025-07-26,,139,184,136,136,298,116,496,526,709,136,241,203,181,159,,,84,0,980,899,14,10,,,1002,380,716,866,686,731,200,253,38,42,768,837,372,63,112,195,299,283,1547,1465,0,0,0,131,175,46,5,0,0,5,2,157,19,0,0,156,163,,,0,0,1124,823,,,1597,1541,,,0,0,87,121
2025-07-27,,188,236,155,162,94,48,45,38,367,143,332,308,256,241,,,132,0,1368,1272,15,29,,,973,410,952,1008,889,831,247,302,34,36,1194,1157,350,80,132,227,333,349,2075,2092,0,0,0,170,275,28,3,0,0,3,9,210,40,0,0,191,187,,,0,0,1497,1162,,,1456,1534,,,0,0,117,169
2025-07-28,,194,183,81,149,56,35,85,56,1123,178,262,242,241,240,,,78,0,672,585,6,14,,,973,313,631,595,535,502,259,310,79,57,510,481,562,62,164,132,166,163,658,652,0,0,0,104,162,62,2,0,0,9,5,145,21,0,0,121,120,,,0,0,460,299,,,0,0,,,0,0,21,31
2025-07-29,,289,281,77,240,43,34,105,55,1161,226,481,501,344,281,,,144,0,1181,1050,13,25,,,1124,351,1103,1092,984,932,27,30,68,62,1052,993,606,91,197,298,389,386,1509,1603,0,0,0,175,217,90,10,0,0,16,13,243,42,0,0,221,208,,,0,0,1021,715,,,1321,1344,,,289,206,77,99
2025-07-30,,189,221,24,182,146,86,140,96,1224,173,305,309,318,281,,,130,0,693,568,10,21,,,1030,310,781,808,720,694,265,334,38,45,671,636,637,83,176,190,283,254,791,791,0,0,0,122,161,115,3,0,0,10,17,168,31,0,0,173,168,,,0,0,480,399,,,1172,1031,,,288,120,52,59
2025-07-31,,207,238,27,201,55,52,127,130,978,175,390,333,310,299,,,140,0,997,855,12,23,,,1105,376,939,1029,848,779,258,322,100,70,826,751,638,86,167,231,397,357,1131,1241,0,0,0,147,189,78,5,0,0,14,20,225,38,0,0,206,202,,,0,0,799,618,,,1446,1336,,,347,187,58,88
2025-08-01,,140,151,24,138,140,75,127,113,1035,140,201,181,169,178,,,82,0,457,384,3,14,,,1027,344,513,529,434,394,234,258,40,32,388,357,590,71,111,127,138,133,501,506,0,0,0,81,117,33,3,0,0,8,6,90,12,0,0,103,108,,,0,0,278,262,,,782,689,,,150,72,31,35
2025-08-02,,123,161,17,138,69,41,128,113,319,142,244,198,226,175,,,88,0,837,744,4,4,,,921,363,591,651,559,528,197,215,40,41,598,642,414,68,91,154,250,221,1277,1209,0,0,0,127,153,31,3,0,0,1,1,126,20,0,0,183,178,,,0,0,849,679,,,1181,1125,,,449,187,70,90
2025-08-03,,129,128,11,111,220,68,146,158,748,126,236,177,161,175,,,71,0,766,673,10,13,,,859,292,506,492,463,482,134,186,12,39,584,552,371,55,83,114,146,156,1034,1136,0,0,0,106,159,22,4,0,0,10,2,125,22,0,0,138,158,,,0,0,758,741,,,896,853,,,244,123,39,36
2025-08-04,,227,238,25,198,62,40,126,134,619,249,332,327,297,249,,,136,0,883,695,14,27,,,934,402,866,1014,736,770,25,24,41,49,743,665,579,90,163,274,296,303,977,1009,0,0,0,131,205,56,1,0,0,13,13,146,35,0,0,177,147,,,0,0,634,543,,,1000,955,,,248,117,45,83
2025-08-05,,204,231,29,179,47,39,95,83,478,242,317,295,307,281,,,114,0,703,651,11,18,,,1049,291,870,899,775,744,20,25,81,78,149,127,740,75,208,251,327,336,852,903,0,0,0,111,165,85,8,0,0,4,14,145,30,0,0,149,128,,,0,0,556,428,,,1043,935,,,272,164,52,60
2025-08-06,,290,302,20,266,50,22,70,104,516,306,447,429,403,383,,,143,0,1322,1161,10,36,,,1120,297,1326,1467,1169,1120,370,467,56,89,1214,1104,585,93,230,372,536,494,1770,1777,0,0,0,187,275,139,2,0,0,26,19,256,52,0,0,266,249,,,0,0,1293,932,,,1484,1542,,,551,270,89,129
2025-08-07,,263,307,23,261,0,0,77,89,482,248,436,387,384,307,,,136,0,1237,1103,3,3,,,1077,281,1268,1407,1116,1085,395,443,71,102,1080,1064,589,126,234,297,507,523,1679,1581,0,0,0,0,0,107,8,0,0,18,23,231,32,0,0,251,209,,,0,0,1220,950,,,1966,1785,,,526,236,85,113
2025-08-08,,245,271,20,194,0,0,83,88,463,254,303,270,268,243,,,128,0,867,818,0,0,,,1110,342,916,1094,811,857,306,359,65,79,858,850,529,88,183,210,400,375,1095,1109,0,0,0,0,0,65,7,0,0,13,14,195,31,0,0,188,175,,,0,0,906,728,,,1456,1423,,,444,208,69,77
2025-08-09,,180,208,17,155,38,30,84,60,258,176,282,248,226,249,,,122,0,1106,995,0,0,,,946,383,888,1012,907,922,256,340,25,36,1008,1020,359,66,117,179,397,342,1485,1344,0,0,0,5,8,35,14,0,0,9,13,172,23,0,0,186,166,,,0,0,1309,1024,,,1831,1724,,,655,332,107,109
2025-08-10,,224,244,12,191,268,124,71,48,328,174,331,282,203,200,,,120,0,1221,1178,0,0,,,838,417,986,1113,983,926,202,272,56,58,1109,995,358,68,146,221,432,367,1825,1816,0,0,0,149,247,46,39,0,0,12,18,200,24,0,0,205,179,,,0,0,1443,972,,,2116,1823,,,751,314,96,161
2025-08-11,,261,287,23,246,72,27,72,53,1272,205,411,394,343,298,,,137,0,1184,1006,0,0,,,1116,325,1143,1272,1042,993,336,380,64,70,1022,1008,571,126,191,281,435,421,1431,1394,0,0,0,164,247,142,48,0,0,23,16,247,46,0,0,260,237,,,0,0,1031,782,,,1807,1641,,,458,215,72,112
2025-08-12,,277,295,40,229,4,21,112,96,1349,239,461,457,405,336,,,121,0,1219,1177,369,717,,,1194,383,1222,1423,1202,1165,39,47,77,87,1133,1109,614,113,245,363,636,562,1666,1704,0,0,0,191,252,192,69,0,0,25,28,260,43,0,0,334,302,,,0,0,1239,862,,,2005,1782,,,509,246,68,129
2025-08-13,,264,271,29,263,130,45,638,609,1236,232,383,421,403,300,,,113,0,1105,1012,241,162,,,1280,382,1246,1284,1153,1032,30,54,83,80,1048,1063,646,116,268,291,471,469,1443,1599,0,0,0,174,239,350,115,0,1,24,26,251,38,0,0,281,253,,,0,0,971,812,,,1788,1627,,,420,245,72,92
2025-08-14,,254,275,28,187,132,59,485,528,1345,206,358,350,329,286,,,121,0,1002,891,38,57,,,1332,352,1021,1144,937,884,301,280,116,87,899,902,507,87,216,280,359,364,1207,1223,0,0,0,137,199,127,25,1,0,25,28,227,28,0,0,235,240,,,0,0,868,605,,,1486,1384,,,384,257,49,83
2025-08-15,,196,186,36,187,26,5,386,441,1768,169,255,246,242,279,,,95,0,677,619,15,33,,,1304,351,703,855,668,653,46,70,89,70,686,627,578,85,159,193,311,274,940,976,0,0,0,106,150,14,2,0,0,12,12,149,23,0,0,196,177,,,0,0,639,510,,,1105,1141,,,304,203,43,60
2025-08-16,,170,165,17,127,318,100,533,537,1230,142,244,216,201,178,,,102,0,793,657,17,24,,,230,463,585,691,516,542,199,220,26,30,652,596,376,60,106,94,189,202,1039,1068,0,0,0,106,121,35,7,0,0,6,0,95,19,0,0,152,169,,,0,0,701,600,,,1146,1111,,,362,272,57,73
2025-08-17,,202,215,10,197,257,102,653,520,1292,164,353,331,307,171,,,106,0,1428,1250,19,25,,,267,368,1035,1067,1022,994,224,350,50,68,1260,1128,360,85,162,224,441,431,2175,2269,0,0,0,204,317,26,1,0,0,9,15,248,34,0,0,284,261,,,0,0,1667,1209,,,2404,2191,,,852,455,149,183
2025-08-18,,241,300,37,245,109,23,702,691,2051,256,411,409,338,291,,,148,0,1171,1022,15,32,,,998,440,1454,1226,1004,940,314,398,72,73,1016,910,500,98,180,251,446,445,1430,1394,0,0,0,166,224,35,8,14,16,10,14,245,46,0,0,237,222,,,0,0,1016,732,,,1642,1509,,,423,243,0,0
2025-08-19,,282,312,32,249,114,51,638,740,1374,232,433,468,359,340,,,96,0,1260,1254,18,74,,,1219,373,1777,1472,1159,1090,443,454,59,66,1083,1135,550,29,254,315,604,573,1802,1769,0,0,0,213,290,48,0,27,31,26,27,287,41,0,0,305,279,,,0,0,1247,968,,,1968,1800,,,499,336,0,0
2025-08-20,,266,294,28,257,31,26,627,667,1214,223,456,496,393,335,,,128,0,1275,1121,28,76,,,1231,407,1764,1475,1105,1016,372,411,110,96,1125,1025,547,67,243,303,580,518,1658,1656,0,0,0,173,244,44,5,1,3,26,34,259,35,0,0,331,269,,,0,0,1194,922,,,1976,1849,,,547,315,0,0
2025-08-21,,247,278,23,235,213,95,983,926,1218,223,404,404,338,252,,,131,0,1010,951,17,18,,,1165,360,1419,1152,896,799,345,358,62,52,879,872,504,79,203,264,382,373,1284,1284,0,0,0,143,174,42,1,13,24,21,13,210,36,0,0,260,227,,,0,0,859,630,,,1439,1364,,,394,209,52,71
2025-08-22,,215,201,25,176,74,44,781,795,909,203,305,302,273,245,,,148,0,845,729,0,0,,,1081,397,1135,934,733,724,273,311,69,73,784,772,568,72,165,199,265,274,1112,1169,0,0,0,147,192,47,2,7,17,15,12,169,45,0,0,201,206,,,0,0,804,577,,,1323,1296,,,354,227,62,89
2025-08-23,,119,141,23,119,139,62,464,440,782,111,227,159,155,100,,,93,0,703,558,0,0,,,790,361,1081,657,631,558,180,221,22,20,598,528,340,64,79,117,216,210,959,932,0,0,0,85,127,18,5,8,12,4,3,119,23,0,0,130,122,,,0,0,687,544,,,1097,1021,,,385,234,60,85
2025-08-24,,222,233,15,204,223,100,664,680,741,155,305,265,193,186,,,111,0,1211,1098,0,0,,,841,332,1230,984,896,797,69,90,54,62,1071,996,362,75,135,180,432,392,1868,1948,0,0,0,182,265,45,5,5,12,8,14,223,39,0,0,245,207,,,0,0,1380,1211,,,425,644,,,702,301,119,167
2025-08-25,,281,269,30,207,257,81,646,638,1190,213,405,394,322,315,,,134,0,1065,961,0,0,,,1140,409,1556,1247,1008,925,363,374,62,76,945,922,582,108,197,238,412,401,1393,1424,0,0,0,178,255,101,15,29,38,16,19,246,32,0,0,273,210,,,0,0,977,732,,,1010,1008,,,405,166,72,94
2025-08-26,,282,311,30,209,119,51,698,667,1202,196,448,466,422,294,,,30,0,1252,1105,27,41,,,1249,315,1820,1470,1176,1108,433,464,71,89,1243,1165,585,126,234,338,595,583,1784,1729,0,0,0,212,271,164,18,13,23,28,32,292,51,0,0,327,279,,,0,0,1255,943,,,2089,1888,,,535,193,98,117
2025-08-27,,257,266,23,227,246,71,798,848,1218,224,394,398,357,268,,,31,0,1067,1013,576,804,,,1183,354,1641,1316,1077,997,76,96,71,71,996,1018,557,114,226,263,465,421,1518,1518,0,0,0,184,247,143,24,42,26,28,28,231,43,0,0,295,243,,,0,0,1003,770,,,1896,1656,,,398,247,63,129
2025-08-28,,238,249,36,133,360,75,598,691,1224,187,383,371,268,240,,,1,0,952,850,490,643,,,1246,387,1380,1132,882,822,371,389,116,110,821,791,560,99,187,244,432,435,1197,1192,0,0,0,147,197,121,16,34,31,11,10,197,36,0,0,207,192,,,0,0,814,608,,,1423,1342,,,366,196,69,83
2025-08-29,,145,155,23,95,125,41,419,478,1136,95,200,174,230,184,,,4,0,551,521,285,361,,,1152,313,734,548,382,396,136,206,19,31,534,543,539,75,128,114,142,155,750,802,0,0,0,78,112,14,5,49,24,8,7,96,10,0,0,99,104,,,0,0,531,439,,,833,834,,,165,107,33,55
2025-08-30,,126,175,15,160,71,35,616,732,834,136,332,265,236,238,,,80,0,1079,899,499,655,,,1000,398,1163,831,789,778,204,260,43,58,986,880,378,78,123,182,318,285,1660,1636,0,0,0,172,239,149,87,15,10,7,7,201,36,0,0,206,196,,,0,0,1200,1000,,,1721,1604,,,639,277,77,169
2025-08-31,,239,259,11,212,288,73,587,811,789,145,392,387,208,219,,,112,0,1602,1374,751,966,,,974,418,1557,1315,1185,1147,246,276,59,56,1379,1375,316,110,146,217,555,519,2727,2582,0,0,0,236,372,42,32,14,20,9,8,282,47,0,0,365,306,,,0,0,2074,1663,,,2242,2180,,,986,380,140,236
2025-09-01,,268,276,24,268,376,98,1090,1179,1237,251,459,430,374,319,,,144,0,1136,995,681,888,,,1332,406,1683,1300,1066,988,358,410,78,84,1044,1024,577,134,233,267,481,457,1589,1484,0,0,0,201,277,339,276,43,45,391,409,257,49,0,0,319,278,,,0,0,1104,791,,,1259,1313,,,485,174,87,104
2025-09-02,,152,163,33,116,262,61,614,576,1177,120,208,306,213,176,,,108,0,488,423,242,316,,,1034,228,792,524,345,367,212,234,0,0,440,426,823,111,201,119,104,121,539,506,0,0,0,70,93,126,117,23,17,144,122,101,15,0,0,101,91,,,0,0,349,264,,,567,562,,,99,50,22,16
2025-09-03,,332,334,23,278,321,90,341,456,1260,258,463,523,425,388,,,163,0,1246,1111,656,825,,,1249,305,1768,1430,1107,1079,434,474,0,0,1177,1146,710,138,323,352,549,550,1673,1674,0,0,0,6,4,468,432,62,53,644,578,270,58,0,0,317,265,,,0,0,1142,829,,,1899,1712,,,554,242,88,142
2025-09-04,,277,338,30,207,330,98,143,119,1290,234,478,507,363,389,,,122,0,1299,1154,683,850,,,1375,351,1790,1361,1092,1006,430,455,2,0,1108,1055,727,186,313,343,539,529,1439,1342,0,0,0,220,286,525,394,54,44,638,574,290,42,0,0,333,256,,,0,0,1115,850,,,1804,1737,,,524,264,77,101
2025-09-05,,216,202,43,105,280,64,98,64,1111,145,222,281,224,238,,,113,0,492,412,284,366,,,1173,321,913,712,475,493,212,238,118,126,505,477,596,128,176,189,180,181,546,579,0,0,0,104,151,198,165,15,33,212,169,104,22,0,0,152,155,,,0,0,350,271,,,631,631,,,152,92,30,33
2025-09-06,,142,170,20,143,285,74,67,60,753,98,295,259,230,271,,,70,0,1059,878,483,588,,,931,280,1010,784,701,708,45,35,61,81,956,904,342,109,121,145,379,319,1676,1588,0,0,0,155,219,234,147,11,16,411,315,153,22,0,0,193,189,,,0,0,1099,901,,,1578,1542,,,577,285,99,136
2025-09-07,,180,221,17,176,312,78,93,79,833,165,417,389,300,224,,,109,0,1478,1299,742,913,,,927,331,1437,1096,1072,961,221,305,77,96,1368,1274,298,119,172,215,525,472,2415,2540,0,0,0,222,350,357,208,13,12,651,532,207,45,0,0,293,306,,,0,0,1780,1619,,,1584,1703,,,860,293,129,181
2025-09-08,,248,246,39,154,357,80,54,69,1244,227,381,428,292,338,,,124,0,909,820,518,631,,,1194,357,1540,1230,959,906,384,527,134,163,816,828,824,170,263,282,443,426,1145,1157,0,0,0,198,259,372,209,61,44,463,452,247,47,0,0,271,219,,,0,0,780,554,,,0,0,,,383,163,59,94
2025-09-09,,271,312,22,230,319,99,105,96,1233,231,409,488,318,360,,,122,0,1077,1013,609,818,,,1181,319,1608,1311,1046,1012,353,456,152,35,960,951,687,148,271,254,473,444,1324,1367,0,0,0,174,280,470,251,73,54,556,477,253,49,0,0,308,270,,,0,0,935,691,,,0,0,,,435,216,67,83
2025-09-10,,143,157,23,113,233,79,55,73,1156,124,204,251,208,259,,,99,0,397,426,276,316,,,1149,267,926,549,505,408,199,237,124,106,485,471,1028,92,249,135,183,198,439,531,0,0,0,89,123,192,118,23,14,235,158,96,23,0,0,121,104,,,0,0,275,239,,,205,286,,,150,71,16,25
2025-09-11,,218,238,25,218,316,120,86,79,1196,220,350,391,332,287,,,135,0,953,761,436,621,,,1155,302,1324,1079,749,779,243,278,133,153,813,782,752,159,203,161,306,327,1125,1178,0,0,0,149,217,305,277,27,15,398,362,189,39,0,0,208,192,,,0,0,749,588,,,1277,1283,,,339,145,50,79
2025-09-12,,191,178,30,163,312,94,229,225,1181,199,270,304,281,235,,,101,0,614,547,332,425,,,1030,352,980,776,563,561,250,373,114,140,620,638,154,86,186,144,230,204,786,732,0,0,0,116,151,234,167,26,45,373,269,145,38,0,0,178,142,,,0,0,526,406,,,843,842,,,198,178,41,59
2025-09-13,,104,118,16,129,372,71,558,497,849,118,239,208,227,231,,,107,0,840,750,301,404,,,884,360,812,681,570,584,51,52,83,114,794,727,301,118,110,61,224,223,1272,1318,0,0,0,145,193,230,139,7,21,291,302,161,36,0,0,147,148,,,0,0,901,756,,,1240,1250,,,444,203,65,80
2025-09-14,,89,74,6,73,236,33,193,215,528,77,128,97,107,85,,,48,0,295,273,102,147,,,671,346,375,231,142,165,108,128,19,33,168,187,277,75,50,31,42,26,367,324,0,0,0,48,79,57,35,12,18,80,61,27,4,0,0,36,54,,,0,0,253,186,,,444,357,,,100,34,12,16
2025-09-15,,197,181,36,183,332,107,751,818,1153,155,299,286,268,244,,,130,0,674,565,335,435,,,1077,335,1143,851,634,598,252,360,117,40,590,614,715,158,225,105,226,236,753,779,0,0,0,151,178,215,202,44,30,280,249,164,33,0,0,193,141,,,0,0,530,421,,,914,893,,,225,100,39,48
2025-09-16,,233,240,40,172,318,146,917,917,1239,261,366,381,355,313,,,151,0,858,680,442,567,,,1065,345,1321,1024,709,761,292,321,137,166,752,750,932,163,240,149,344,325,777,817,0,0,0,121,201,304,271,32,31,415,342,192,40,0,0,205,176,,,0,0,546,405,,,522,702,,,257,98,67,53
2025-09-17,,219,242,29,160,338,139,785,834,1241,185,327,381,282,316,,,157,0,791,662,364,503,,,1034,354,1284,949,729,673,285,331,138,153,599,626,779,174,259,147,299,304,770,826,0,0,0,138,200,261,256,51,35,358,287,179,42,0,0,200,169,,,0,0,516,412,,,1132,1016,,,237,101,32,52
2025-09-18,,189,183,38,171,289,111,760,803,1260,214,317,380,311,236,,,131,0,763,667,378,514,,,1102,321,1229,878,695,658,272,325,151,142,724,609,773,160,254,105,298,295,933,1063,30,3028,0,119,182,249,204,16,26,318,258,148,28,0,0,186,177,,,0,0,649,578,,,1190,1084,,,297,132,41,73
2025-09-19,,90,114,21,188,345,115,908,951,1225,170,355,347,376,258,,,114,0,1013,842,500,691,,,1259,339,1467,1085,799,802,260,277,155,160,986,853,881,158,237,140,400,366,1257,1308,198,1516,0,156,244,336,206,54,42,466,380,229,34,0,0,255,213,,,0,0,915,676,,,1446,1445,,,435,228,75,81
2025-09-20,,9,4,20,175,347,102,764,774,958,147,392,331,343,228,,,143,0,1325,1193,488,687,,,1074,380,1409,1083,1124,1094,110,220,97,123,1223,1127,404,114,98,90,422,416,2050,2101,131,468,0,179,281,322,210,20,17,578,487,219,40,0,0,244,243,,,0,0,1456,1246,,,2070,1797,,,766,413,129,155
2025-09-21,,0,0,25,161,377,107,718,779,676,152,342,340,329,211,,,113,0,1473,1306,570,784,,,945,388,1175,1069,1111,1057,195,257,105,114,1448,1348,384,0,127,87,489,447,2460,2386,152,2158,0,183,341,345,200,14,16,617,568,248,36,0,0,307,294,,,0,0,1727,1469,,,2398,2038,,,953,386,163,180
2025-09-22,,133,123,26,90,278,113,475,509,1117,140,183,237,160,220,,,77,0,335,312,202,220,,,830,317,702,456,351,293,227,197,100,87,282,288,738,0,180,64,116,136,231,285,69,69,0,43,84,124,60,45,41,115,105,86,20,0,0,88,80,,,0,0,181,85,,,437,451,,,81,36,14,12
2025-09-23,,159,178,47,146,331,114,672,711,1189,163,276,258,241,222,,,91,0,544,458,265,333,,,916,281,870,693,443,469,215,359,130,111,485,431,827,0,193,104,180,171,501,511,71,94,0,88,137,163,133,33,62,207,183,123,33,0,0,108,92,,,0,0,286,241,,,749,659,,,135,100,24,86
2025-09-24,,170,167,29,137,329,119,605,674,1151,156,261,256,260,238,,,91,0,473,413,289,313,,,881,279,776,629,457,416,248,322,110,131,432,401,796,0,204,111,180,174,460,466,63,94,0,80,123,206,106,47,38,235,185,134,18,0,0,119,108,,,0,0,386,203,,,587,556,,,153,70,16,28
2025-09-25,,52,53,28,27,191,44,157,149,1039,47,79,165,100,175,,,43,0,148,97,42,63,,,843,205,404,166,83,82,58,85,37,35,178,137,1122,0,154,53,17,15,56,61,16,12,0,14,30,13,7,36,16,27,16,21,1,0,0,17,20,,,0,0,38,38,,,185,140,,,9,9,7,10
2025-09-26,,116,118,26,89,299,81,396,451,1043,128,148,185,178,155,,,82,0,277,269,132,173,,,926,263,526,394,220,232,157,154,63,68,306,294,797,0,133,48,66,78,281,300,34,40,0,33,106,53,51,32,26,77,74,50,21,0,0,0,0,,,0,0,178,139,,,325,326,,,48,27,5,7
2025-09-27,,100,125,12,110,295,74,448,394,812,124,167,130,263,94,,,87,0,678,556,265,318,,,844,308,657,517,361,370,148,243,75,58,635,533,319,0,73,52,186,174,930,952,90,76,0,97,118,121,75,2,10,204,212,118,27,0,0,0,0,,,0,0,657,545,,,886,853,,,269,152,44,50
2025-09-28,,175,191,13,187,369,125,587,626,798,142,301,314,285,200,,,96,0,1271,1158,525,718,,,885,297,1070,858,806,719,144,218,79,87,1121,949,329,0,95,53,331,352,1837,2104,128,696,0,150,266,226,117,5,12,468,464,191,41,0,0,0,0,,,0,0,1376,1171,,,1868,1696,,,647,385,96,119
2025-09-29,,185,193,33,132,308,117,686,735,1156,200,278,306,288,227,,,103,0,566,484,347,430,,,892,314,607,194,558,573,228,285,113,262,579,535,743,0,188,90,254,258,645,655,110,140,0,93,157,245,136,49,27,296,240,154,36,0,0,0,0,,,0,0,397,325,,,0,0,,,199,113,0,0
2025-09-30,,183,202,40,144,261,122,668,774,1172,176,276,348,256,296,,,108,0,674,590,304,394,,,929,260,1010,742,534,481,237,253,137,156,595,555,263,0,223,117,200,217,751,756,109,120,0,89,166,209,150,31,44,304,232,156,31,0,0,0,0,,,0,0,469,385,,,582,689,,,190,97,21,33
2025-10-01,,145,166,46,112,277,108,506,559,1085,132,191,271,232,255,,,72,0,417,353,193,244,,,836,285,785,558,350,356,188,254,90,108,357,368,548,0,229,86,135,173,317,358,86,76,0,63,109,147,125,39,24,174,157,108,24,0,0,0,0,,,0,0,182,165,,,526,511,,,97,60,19,16
2025-10-02,,168,190,25,110,358,107,544,587,1182,141,253,285,271,271,,,107,0,538,483,224,328,,,865,274,852,622,431,418,219,235,93,124,481,453,698,0,187,62,183,202,527,566,73,95,0,86,127,183,128,51,24,226,192,136,26,0,0,0,0,,,0,0,333,281,,,718,658,,,130,81,18,34
2025-10-03,,160,147,34,126,223,103,575,552,1080,142,195,274,302,358,,,102,0,479,423,232,340,,,822,223,810,589,375,376,205,259,97,106,535,517,806,0,217,0,158,168,638,660,73,75,0,88,146,160,84,24,29,239,181,133,30,0,0,61,87,,,0,0,406,336,,,704,694,,,136,96,24,38
2025-10-04,,64,80,12,76,243,75,215,257,748,75,141,122,122,181,,,58,0,373,338,130,150,,,714,307,261,290,193,196,96,186,41,60,269,286,468,0,63,0,85,74,385,393,53,39,0,38,56,77,31,7,16,108,91,41,13,0,0,69,54,,,0,0,274,281,,,471,433,,,129,54,23,32
2025-10-05,,81,77,15,67,305,77,272,256,668,76,166,143,159,102,,,60,0,512,327,138,188,,,623,294,424,262,184,191,105,121,42,62,279,257,375,0,59,0,70,70,503,588,40,56,0,54,90,70,73,12,17,123,105,49,13,0,0,70,65,,,0,0,352,318,,,543,482,,,137,70,18,31
2025-10-06,,118,102,19,36,250,55,302,334,1088,125,138,155,151,212,,,41,0,280,202,104,127,,,866,257,526,323,233,194,146,234,81,75,257,270,834,0,212,0,62,62,146,184,41,56,0,51,77,84,42,25,21,103,88,55,17,0,0,71,63,,,0,0,87,73,,,290,247,,,49,25,26,32
2025-10-07,,164,165,37,108,289,98,594,612,1088,167,237,281,238,321,,,97,0,536,488,244,370,,,994,253,909,600,429,423,199,305,106,107,476,464,754,0,215,0,136,173,551,565,67,86,0,76,141,167,85,24,31,213,156,113,22,0,0,134,120,,,0,0,353,261,,,0,0,,,140,97,7,3
2025-10-08,,144,159,35,94,290,107,571,575,1120,148,177,252,171,250,,,65,0,415,339,219,279,,,900,246,792,546,376,363,199,224,97,103,441,350,717,0,207,0,130,147,395,424,73,90,0,70,134,130,37,32,32,173,157,98,25,0,0,116,94,,,0,0,196,169,,,377,424,,,116,67,14,19
2025-10-09,,141,135,26,11,309,100,509,552,1187,153,223,265,264,320,,,65,0,464,463,223,303,,,982,270,857,575,383,378,184,216,112,124,420,427,845,0,227,0,120,159,478,530,66,85,0,88,134,140,63,26,28,162,150,118,21,0,0,124,138,,,0,0,295,237,,,661,572,,,117,78,17,25
2025-10-10,,140,139,46,88,302,120,502,542,1094,143,191,215,239,231,,,89,0,358,341,224,301,,,932,261,765,599,411,394,214,283,95,103,422,412,663,0,168,0,143,158,440,484,89,100,0,86,142,154,59,71,52,190,162,94,28,0,0,115,105,,,0,0,260,196,,,661,632,,,137,85,17,29
2025-10-11,,107,96,20,98,334,103,383,425,847,108,174,133,204,122,,,99,0,536,529,228,265,,,778,323,602,483,344,358,165,244,64,55,421,390,490,0,69,0,145,154,743,745,66,97,0,65,110,119,61,22,16,237,229,107,35,0,0,103,97,,,0,0,524,397,,,901,823,,,320,165,59,61
2025-10-12,,124,114,20,116,295,80,324,361,620,89,184,203,155,121,,,71,0,586,520,275,348,,,646,278,621,445,347,319,139,156,58,65,473,472,352,0,97,0,188,172,808,892,72,89,0,77,146,104,59,21,20,195,188,107,33,0,0,137,120,,,0,0,563,484,,,982,817,,,287,149,48,61
2025-10-13,,165,160,34,119,337,107,509,608,1084,171,234,264,175,197,,,89,0,496,459,269,343,,,881,239,841,650,423,428,117,96,121,115,497,490,755,0,223,0,163,149,610,657,85,102,0,98,154,142,58,56,40,224,176,124,20,0,0,124,127,,,0,0,370,290,,,679,655,,,139,99,27,34
2025-10-14,,153,153,31,110,306,83,584,629,1128,172,246,240,272,239,,,78,0,468,468,268,339,,,908,259,933,697,484,477,231,310,135,107,449,475,722,0,238,0,187,193,475,491,71,100,0,95,140,152,66,63,37,218,194,109,29,0,0,136,117,,,0,0,285,216,,,3,0,,,151,85,28,32
2025-10-15,,183,173,29,107,293,130,610,617,1086,179,195,319,219,299,,,80,0,508,405,211,317,,,873,211,893,621,411,380,195,219,108,107,493,431,758,0,246,0,130,150,509,557,72,82,0,99,144,120,64,31,30,176,151,123,28,0,0,108,108,,,0,0,255,224,,,312,385,,,138,89,25,28
2025-10-16,,153,152,29,97,329,94,606,624,1134,213,195,272,182,218,,,103,0,461,410,253,328,,,881,225,803,597,377,363,233,260,84,89,471,453,708,2,204,0,150,157,481,508,93,101,0,76,119,166,78,36,48,199,180,107,26,0,0,131,114,,,0,0,289,249,,,625,633,,,140,74,30,36
2025-10-17,,141,106,40,32,337,95,482,520,1121,153,180,178,226,161,,,62,0,333,293,161,225,,,958,254,594,443,100,158,167,250,95,123,411,391,601,141,158,0,104,103,356,404,55,64,0,61,102,105,34,35,31,114,99,91,17,0,0,96,83,,,0,0,226,180,,,410,466,,,82,36,17,17
2025-10-18,,94,95,26,117,308,77,337,379,850,94,177,192,165,139,,,97,0,596,470,189,261,,,716,289,607,464,289,278,132,181,63,61,454,422,450,116,94,0,180,155,731,760,72,80,0,71,118,124,63,2,10,188,153,82,24,0,0,115,93,,,0,0,532,434,,,982,839,,,228,161,43,52
2025-10-19,,79,82,18,93,245,65,279,349,627,105,192,166,173,163,,,61,0,471,438,222,260,,,622,319,528,377,264,274,116,161,51,50,411,389,76,66,77,0,152,125,662,709,75,76,0,65,130,95,77,27,12,159,158,80,22,0,0,89,91,,,0,0,499,446,,,711,619,,,210,105,33,42
2025-10-20,,127,132,15,109,246,102,505,594,1152,155,238,233,236,192,,,34,0,436,387,225,310,,,816,240,811,561,365,339,160,242,107,126,415,413,571,119,195,84,153,138,431,478,72,79,0,72,131,151,72,45,49,173,138,100,28,0,0,114,109,,,0,0,251,218,,,568,563,,,149,43,21,25
2025-10-21,,198,181,27,163,270,38,791,736,1151,213,290,305,274,211,,,47,0,648,542,287,364,,,894,243,971,750,492,495,202,326,129,112,640,523,779,155,236,159,195,211,747,829,86,106,0,105,180,215,99,15,33,266,226,153,38,0,0,135,122,,,0,0,457,387,,,879,891,,,245,84,38,45
2025-10-22,,119,108,28,88,242,59,347,388,1077,158,125,282,143,171,,,53,0,242,222,112,171,,,816,240,689,357,224,224,166,220,67,222,262,287,329,90,232,78,74,89,183,178,46,62,0,60,86,79,30,26,26,88,93,66,11,0,0,68,62,,,0,0,93,73,,,351,359,,,50,22,10,10
2025-10-23,,85,84,36,68,249,74,334,358,1103,92,147,187,165,129,,,77,0,260,227,129,153,,,984,209,598,321,212,185,137,152,73,76,258,235,773,104,242,92,54,56,196,242,46,43,0,51,90,77,30,16,27,90,81,51,7,0,0,69,56,,,0,0,84,90,,,344,326,,,46,25,16,5
2025-10-24,,124,109,38,94,269,55,397,380,1012,124,161,177,154,160,,,90,0,275,232,143,203,,,757,248,554,369,198,230,159,295,106,113,266,277,630,134,121,79,69,70,216,269,55,63,0,56,99,88,64,14,18,103,103,70,25,0,0,56,63,,,0,0,139,123,,,330,337,,,56,26,8,8
2025-10-25,,69,61,17,71,259,68,235,220,767,81,107,98,85,79,,,61,0,321,302,103,132,,,607,309,413,285,169,194,24,24,37,41,230,228,82,31,48,60,55,75,319,348,30,50,0,34,79,68,54,19,9,68,70,33,12,0,0,59,45,,,0,0,222,188,,,467,407,,,114,28,22,15
2025-10-26,,65,65,14,58,162,52,173,162,534,66,123,114,75,49,,,53,0,289,228,111,118,,,473,286,360,260,149,135,71,96,27,31,179,158,277,109,41,61,76,66,284,311,40,33,0,39,60,33,58,11,10,61,68,35,17,0,0,42,49,,,0,0,182,163,,,0,0,,,77,43,10,12
2025-10-27,,73,70,34,69,188,55,223,247,916,82,110,110,80,79,,,69,0,180,146,87,95,,,602,251,373,239,123,133,122,114,47,52,182,164,452,86,61,46,45,38,136,138,20,37,0,38,60,37,51,28,15,53,47,31,14,0,0,33,36,,,0,0,84,73,,,0,0,,,35,9,4,5
2025-10-28,,80,72,34,63,223,74,219,231,544,125,125,99,108,71,,,58,0,244,185,92,114,,,520,246,390,205,133,128,86,201,39,48,179,167,207,93,57,51,46,43,232,248,22,27,0,39,63,34,67,8,9,59,51,34,11,0,0,45,42,,,0,0,145,117,,,0,0,,,61,23,0,0
2025-10-29,,115,128,48,131,318,90,493,570,1106,188,218,245,230,275,,,99,0,494,433,255,323,,,831,279,849,575,445,407,195,202,110,117,476,447,170,89,124,145,176,171,545,619,72,95,0,83,134,107,202,40,27,227,198,98,28,0,0,110,107,,,0,0,365,286,,,421,468,,,178,85,13,20
2025-10-30,,141,143,31,133,265,81,470,527,1073,188,191,306,152,245,,,97,0,404,393,224,297,,,773,249,811,491,354,342,184,235,99,111,419,374,447,166,152,101,142,158,383,448,63,49,0,64,111,77,130,46,21,160,159,86,23,0,0,94,89,,,0,0,243,244,,,576,522,,,123,53,16,36
2025-10-31,,120,149,26,117,322,90,139,144,1039,148,212,234,184,295,,,77,0,406,388,221,288,,,799,242,715,515,329,335,49,50,100,99,382,411,544,153,223,113,163,157,497,532,80,82,0,83,115,140,126,6,5,195,159,86,23,0,0,114,77,,,0,0,298,247,,,611,561,,,158,68,15,27
