date,year,month,day,weekday,weekend,holiday,school_holiday,season,lockdown_level,is_workday,RAIN,SNOW,SUN,TEMP,WIND,cyclists,Tramvaje,Autobusy,Metro
2021-01-01,2021,1,1,Friday,0,1,1,winter,0,0,0.0,0.0,1.7,3.6,3.7,5818.0,245202.0,207847.0,409528.0
2021-01-02,2021,1,2,Saturday,1,0,1,winter,0,0,1.4,0.0,4.0,4.9,5.0,4739.0,251485.0,221251.0,839243.0
2021-01-03,2021,1,3,Sunday,1,0,0,winter,0,0,0.5,0.0,0.0,5.7,8.0,3561.0,243140.0,219564.0,857702.0
2021-01-04,2021,1,4,Monday,0,0,0,winter,0,1,2.7,0.0,0.5,9.1,6.3,5525.0,496796.0,445864.0,492748.0
2021-01-05,2021,1,5,Tuesday,0,0,0,winter,0,1,0.3,0.0,0.0,7.4,3.3,6259.0,484201.0,439471.0,451058.0
2021-01-06,2021,1,6,Wednesday,0,0,0,winter,0,1,6.4,0.0,0.0,6.8,4.0,5335.0,492332.0,439127.0,1095032.0
2021-01-07,2021,1,7,Thursday,0,0,0,winter,0,1,0.0,0.0,0.0,4.8,2.0,4250.0,486279.0,438937.0,1095742.0
2021-01-08,2021,1,8,Friday,0,0,0,winter,0,1,0.1,0.0,0.0,5.8,2.7,4772.0,486581.0,415693.0,1104242.0
2021-01-09,2021,1,9,Saturday,1,0,0,winter,0,0,0.1,0.0,0.0,5.9,2.3,4519.0,248398.0,222932.0,1094356.0
2021-01-10,2021,1,10,Sunday,1,0,0,winter,0,0,0.0,0.0,0.0,3.9,4.0,4577.0,246166.0,219736.0,1054501.0
2021-01-11,2021,1,11,Monday,0,0,0,winter,0,1,0.0,1.0,1.4,-1.1,5.3,5702.0,537011.0,460817.0,510968.0
2021-01-12,2021,1,12,Tuesday,0,0,0,winter,0,1,1.1,0.0,2.9,-2.3,2.3,4397.0,542000.0,467233.0,450025.0
2021-01-13,2021,1,13,Wednesday,0,0,0,winter,0,1,0.8,0.0,0.0,-2.5,2.3,5419.0,541869.0,471365.0,1085249.0
2021-01-14,2021,1,14,Thursday,0,0,0,winter,0,1,0.0,0.0,0.0,-2.4,2.3,4012.0,569082.0,457392.0,1110932.0
2021-01-15,2021,1,15,Friday,0,0,0,winter,0,1,1.4,6.0,0.4,-2.7,1.7,3892.0,515857.0,430912.0,1131261.0
2021-01-16,2021,1,16,Saturday,1,0,0,winter,0,0,0.0,5.0,0.0,-1.7,2.0,2139.0,284541.0,235683.0,1125744.0
2021-01-17,2021,1,17,Sunday,1,0,0,winter,0,0,0.2,4.0,0.0,-2.1,4.3,2387.0,271000.0,233617.0,1065983.0
2021-01-18,2021,1,18,Monday,0,0,0,winter,0,1,0.1,10.0,0.0,-4.5,3.0,4239.0,505369.0,450894.0,524965.0
2021-01-19,2021,1,19,Tuesday,0,0,0,winter,0,1,0.1,9.0,0.3,-4.8,1.7,4777.0,543784.0,461287.0,444700.0
2021-01-20,2021,1,20,Wednesday,0,0,0,winter,0,1,0.0,9.0,0.0,-2.9,2.7,7932.0,565764.0,485130.0,1070824.0
2021-01-21,2021,1,21,Thursday,0,0,0,winter,0,1,0.0,8.0,0.0,-3.5,2.3,8272.0,519642.0,463849.0,1118099.0
2021-01-22,2021,1,22,Friday,0,0,0,winter,0,1,0.0,9.0,0.1,-4.8,1.3,12341.0,531011.0,446607.0,1126665.0
2021-01-23,2021,1,23,Saturday,1,0,0,winter,0,0,3.2,8.0,0.0,-4.1,1.0,3077.0,282882.0,242565.0,1111298.0
2021-01-24,2021,1,24,Sunday,1,0,0,winter,0,0,0.9,8.0,0.0,-4.2,2.3,4051.0,271892.0,231925.0,1035785.0
2021-01-25,2021,1,25,Monday,0,0,0,winter,0,1,0.0,8.0,0.0,-6.4,2.3,7347.0,560721.0,475927.0,519569.0
2021-01-26,2021,1,26,Tuesday,0,0,0,winter,0,1,2.3,8.0,0.0,-8.8,1.7,5067.0,497917.0,452282.0,450283.0
2021-01-27,2021,1,27,Wednesday,0,0,0,winter,0,1,0.1,7.0,0.0,-1.7,2.7,5628.0,562105.0,485540.0,1067038.0
2021-01-28,2021,1,28,Thursday,0,0,0,winter,0,1,3.6,9.0,0.0,2.5,3.0,4930.0,526601.0,466935.0,1081454.0
2021-01-29,2021,1,29,Friday,0,0,0,winter,0,1,8.3,5.0,0.0,5.0,6.3,3175.0,484419.0,394484.0,1105365.0
2021-01-30,2021,1,30,Saturday,1,0,0,winter,0,0,1.2,0.0,0.5,9.5,6.3,3575.0,281053.0,242770.0,1098189.0
2021-01-31,2021,1,31,Sunday,1,0,0,winter,0,0,0.0,0.0,4.1,7.0,6.7,7301.0,280361.0,237964.0,959664.0
2021-02-01,2021,2,1,Monday,0,0,0,winter,0,1,0.0,0.0,0.0,5.5,6.0,7370.0,539104.0,485970.0,508291.0
2021-02-02,2021,2,2,Tuesday,0,0,0,winter,0,1,0.4,0.0,0.0,3.0,5.0,6918.0,557779.0,467159.0,447298.0
2021-02-03,2021,2,3,Wednesday,0,0,0,winter,0,1,3.4,0.0,4.5,1.7,4.0,5889.0,539054.0,473522.0,1064610.0
2021-02-04,2021,2,4,Thursday,0,0,0,winter,0,1,0.0,0.0,0.1,4.4,6.3,10741.0,562582.0,491173.0,1095438.0
2021-02-05,2021,2,5,Friday,0,0,0,winter,0,1,2.7,0.0,0.4,4.6,3.7,7172.0,528983.0,450438.0,1104945.0
2021-02-06,2021,2,6,Saturday,1,0,0,winter,0,0,8.0,0.0,6.8,1.4,3.0,2105.0,281291.0,245587.0,1098493.0
2021-02-07,2021,2,7,Sunday,1,0,0,winter,0,0,11.6,0.0,0.8,0.9,2.3,1859.0,278890.0,236761.0,1055625.0
2021-02-08,2021,2,8,Monday,0,0,0,winter,0,1,2.2,0.0,1.9,-0.1,2.3,3227.0,536806.0,496760.0,564932.0
2021-02-09,2021,2,9,Tuesday,0,0,0,winter,0,1,0.1,0.0,0.4,-0.3,2.3,2488.0,552965.0,481204.0,475604.0
2021-02-10,2021,2,10,Wednesday,0,0,0,winter,0,1,0.0,0.0,2.7,-0.3,2.0,2484.0,579534.0,486670.0,1035840.0
2021-02-11,2021,2,11,Thursday,0,0,0,winter,0,1,0.0,0.0,0.0,-1.8,3.0,2258.0,568213.0,470610.0,1117352.0
2021-02-12,2021,2,12,Friday,0,0,0,winter,0,1,0.0,0.0,0.0,-1.0,2.7,2237.0,519036.0,447213.0,1146410.0
2021-02-13,2021,2,13,Saturday,1,0,0,winter,0,0,0.0,5.0,0.0,-0.8,3.7,1532.0,289767.0,248380.0,1146018.0
2021-02-14,2021,2,14,Sunday,1,0,0,winter,0,0,0.0,4.0,0.0,-0.3,1.7,1671.0,284107.0,243335.0,1109026.0
2021-02-15,2021,2,15,Monday,0,0,0,winter,0,1,2.0,2.0,0.0,1.0,1.3,2275.0,547620.0,470548.0,581420.0
2021-02-16,2021,2,16,Tuesday,0,0,0,winter,0,1,1.5,8.0,0.0,1.2,1.3,2518.0,531083.0,470367.0,467225.0
2021-02-17,2021,2,17,Wednesday,0,0,0,winter,0,1,0.4,3.0,0.0,1.6,1.7,2974.0,558389.0,486325.0,1036925.0
2021-02-18,2021,2,18,Thursday,0,0,0,winter,0,1,0.0,2.0,0.0,1.6,1.0,6193.0,533103.0,465226.0,1078819.0
2021-02-19,2021,2,19,Friday,0,0,0,winter,0,1,0.0,2.0,0.0,0.5,5.0,9507.0,510969.0,446253.0,1069529.0
2021-02-20,2021,2,20,Saturday,1,0,0,winter,0,0,0.0,2.0,1.0,-1.2,4.0,19369.0,279195.0,243163.0,1065654.0
2021-02-21,2021,2,21,Sunday,1,0,0,winter,0,0,0.0,3.0,0.4,-3.0,2.0,9937.0,273810.0,235274.0,990909.0
2021-02-22,2021,2,22,Monday,0,0,1,winter,0,1,0.0,3.0,0.0,-3.6,4.0,9702.0,529864.0,457921.0,563294.0
2021-02-23,2021,2,23,Tuesday,0,0,1,winter,0,1,0.0,11.0,0.0,-1.6,2.0,15182.0,544171.0,455091.0,461714.0
2021-02-24,2021,2,24,Wednesday,0,0,1,winter,0,1,0.0,24.0,2.3,1.6,1.7,15980.0,546470.0,461255.0,1077015.0
2021-02-25,2021,2,25,Thursday,0,0,1,winter,0,1,0.0,12.0,0.0,4.6,1.7,18656.0,524427.0,448427.0,1093554.0
2021-02-26,2021,2,26,Friday,0,0,1,winter,0,1,2.5,9.0,0.0,2.9,4.0,12408.0,467748.0,418633.0,1097024.0
2021-02-27,2021,2,27,Saturday,1,0,1,winter,3,0,0.0,4.0,0.0,2.3,2.0,8632.0,273235.0,230628.0,1078593.0
2021-02-28,2021,2,28,Sunday,1,0,1,winter,3,0,0.0,0.0,0.0,3.2,1.3,20580.0,272086.0,228961.0,1004732.0
2021-03-01,2021,3,1,Monday,0,0,1,spring,3,1,0.0,0.0,0.0,2.3,4.0,11499.0,445075.0,383286.0,509568.0
2021-03-02,2021,3,2,Tuesday,0,0,1,spring,3,1,0.0,0.0,9.8,1.6,3.0,10329.0,410421.0,377333.0,470382.0
2021-03-03,2021,3,3,Wednesday,0,0,1,spring,3,1,0.0,0.0,1.8,1.4,3.0,12783.0,453773.0,381296.0,1064874.0
2021-03-04,2021,3,4,Thursday,0,0,1,spring,3,1,9.9,0.0,10.2,3.5,2.3,13533.0,426299.0,377236.0,1081591.0
2021-03-05,2021,3,5,Friday,0,0,1,spring,3,1,0.6,0.0,10.3,4.8,3.7,6569.0,407294.0,364936.0,1097338.0
2021-03-06,2021,3,6,Saturday,1,0,1,spring,3,0,0.0,0.0,9.4,6.8,1.3,23018.0,226887.0,190648.0,1074309.0
2021-03-07,2021,3,7,Sunday,1,0,1,spring,3,0,0.0,0.0,0.0,7.8,1.3,29476.0,222538.0,188667.0,1023378.0
2021-03-08,2021,3,8,Monday,0,0,0,spring,3,1,0.9,0.0,0.0,7.4,2.0,6949.0,467005.0,394080.0,502440.0
2021-03-09,2021,3,9,Tuesday,0,0,0,spring,3,1,0.0,0.0,0.0,5.1,1.0,10679.0,452651.0,385690.0,461727.0
2021-03-10,2021,3,10,Wednesday,0,0,0,spring,3,1,0.0,0.0,3.1,8.3,3.0,11423.0,478535.0,408420.0,1037051.0
2021-03-11,2021,3,11,Thursday,0,0,0,spring,3,1,0.5,0.0,0.0,-1.6,2.3,8437.0,467312.0,394084.0,1021603.0
2021-03-12,2021,3,12,Friday,0,0,0,spring,3,1,0.1,0.0,0.0,-1.8,2.7,13556.0,451550.0,393638.0,847459.0
2021-03-13,2021,3,13,Saturday,1,0,0,spring,3,0,0.0,2.0,0.0,-3.0,3.3,16726.0,239268.0,204210.0,747202.0
2021-03-14,2021,3,14,Sunday,1,0,0,spring,3,0,1.1,0.0,8.6,-2.6,4.0,17541.0,233656.0,197042.0,592863.0
2021-03-15,2021,3,15,Monday,0,0,0,spring,3,1,0.5,0.0,4.1,-2.3,3.7,8521.0,455501.0,401727.0,232619.0
2021-03-16,2021,3,16,Tuesday,0,0,0,spring,3,1,0.7,0.0,10.9,-1.1,3.0,7957.0,461005.0,400526.0,179701.0
2021-03-17,2021,3,17,Wednesday,0,0,0,spring,3,1,0.6,0.0,9.0,1.1,4.7,6691.0,469339.0,404296.0,310903.0
2021-03-18,2021,3,18,Thursday,0,0,0,spring,3,1,0.8,0.0,1.2,1.0,4.3,12239.0,450620.0,406407.0,221786.0
2021-03-19,2021,3,19,Friday,0,0,0,spring,3,1,1.8,7.0,0.3,2.4,4.0,5477.0,410459.0,396130.0,217571.0
2021-03-20,2021,3,20,Saturday,1,0,0,spring,3,0,0.0,2.0,9.6,6.5,2.7,8395.0,234670.0,203204.0,202030.0
2021-03-21,2021,3,21,Sunday,1,0,0,spring,3,0,1.4,0.0,0.2,2.0,5.0,8699.0,230503.0,202148.0,202035.0
2021-03-22,2021,3,22,Monday,0,0,0,spring,3,1,0.0,0.0,1.6,-0.6,3.0,11975.0,499436.0,425522.0,107342.0
2021-03-23,2021,3,23,Tuesday,0,0,0,spring,3,1,0.0,0.0,7.9,-3.6,5.7,11195.0,473397.0,408755.0,90266.0
2021-03-24,2021,3,24,Wednesday,0,0,0,spring,3,1,0.0,0.0,9.5,-3.2,6.0,21620.0,499311.0,425855.0,208524.0
2021-03-25,2021,3,25,Thursday,0,0,0,spring,3,1,0.0,0.0,1.2,-1.8,4.7,30418.0,500812.0,433788.0,203661.0
2021-03-26,2021,3,26,Friday,0,0,0,spring,3,1,0.0,0.0,0.0,-1.2,5.0,37626.0,516790.0,427410.0,211925.0
2021-03-27,2021,3,27,Saturday,1,0,0,spring,3,0,0.2,0.0,0.0,-1.0,3.0,19442.0,258395.0,216894.0,205661.0
2021-03-28,2021,3,28,Sunday,1,0,0,spring,3,0,0.1,0.0,0.1,1.8,2.7,37359.0,250406.0,213705.0,203859.0
2021-03-29,2021,3,29,Monday,0,0,0,spring,3,1,0.0,1.0,3.0,3.1,4.7,26511.0,522718.0,440619.0,117414.0
2021-03-30,2021,3,30,Tuesday,0,0,0,spring,3,1,0.0,0.0,2.5,3.4,2.0,53513.0,548095.0,460166.0,93054.0
2021-03-31,2021,3,31,Wednesday,0,0,0,spring,3,1,0.0,0.0,0.0,0.9,5.0,49624.0,594107.0,468185.0,218271.0
2021-04-01,2021,4,1,Thursday,0,0,1,spring,3,1,0.0,0.0,2.8,0.8,2.7,43289.0,573383.0,469928.0,211559.0
2021-04-02,2021,4,2,Friday,0,1,0,spring,3,0,0.0,0.0,0.5,1.9,4.0,27341.0,0.0,234964.0,221418.0
2021-04-03,2021,4,3,Saturday,1,0,0,spring,3,0,0.0,0.0,0.0,1.8,2.3,11383.0,286692.0,0.0,216763.0
2021-04-04,2021,4,4,Sunday,1,0,0,spring,3,0,0.0,0.0,0.0,2.1,3.3,40415.0,286692.0,0.0,209541.0
2021-04-05,2021,4,5,Monday,0,1,0,spring,3,0,2.6,0.0,0.0,2.8,2.3,12415.0,0.0,0.0,117930.0
2021-04-06,2021,4,6,Tuesday,0,0,0,spring,3,1,0.8,0.0,0.0,3.0,3.0,6361.0,490221.0,428490.0,107691.0
2021-04-07,2021,4,7,Wednesday,0,0,0,spring,3,1,0.1,0.0,0.1,3.6,2.7,8607.0,522072.0,451147.0,234847.0
2021-04-08,2021,4,8,Thursday,0,0,0,spring,3,1,0.0,0.0,9.9,5.4,3.0,10242.0,523860.0,444640.0,232646.0
2021-04-09,2021,4,9,Friday,0,0,0,spring,3,1,0.0,0.0,2.7,7.9,1.0,25256.0,526312.0,447514.0,245077.0
2021-04-10,2021,4,10,Saturday,1,0,0,spring,3,0,0.0,0.0,2.8,8.7,5.3,43246.0,263156.0,225574.0,245451.0
2021-04-11,2021,4,11,Sunday,1,0,0,spring,3,0,0.0,0.0,1.4,11.8,4.7,77565.0,261930.0,223757.0,144243.0
2021-04-12,2021,4,12,Monday,0,0,0,spring,0,1,3.9,0.0,2.8,10.8,4.3,4870.0,542682.0,467735.0,129147.0
2021-04-13,2021,4,13,Tuesday,0,0,0,spring,0,1,0.0,0.0,4.4,11.6,5.3,11944.0,595989.0,489535.0,112354.0
2021-04-14,2021,4,14,Wednesday,0,0,0,spring,0,1,0.0,0.0,4.3,12.7,1.0,14778.0,611931.0,501913.0,95555.0
2021-04-15,2021,4,15,Thursday,0,0,0,spring,0,1,1.2,0.0,11.0,15.5,2.3,9338.0,592923.0,494275.0,249509.0
2021-04-16,2021,4,16,Friday,0,0,0,spring,0,1,0.1,0.0,7.6,17.3,1.7,7261.0,526556.0,458686.0,267505.0
2021-04-17,2021,4,17,Saturday,1,0,0,spring,0,0,0.3,0.0,5.2,17.6,1.0,6629.0,305966.0,250957.0,264921.0
2021-04-18,2021,4,18,Sunday,1,0,0,spring,0,0,0.1,0.0,10.2,20.2,2.7,21143.0,297995.0,247138.0,257537.0
2021-04-19,2021,4,19,Monday,0,0,0,spring,0,1,0.2,0.0,0.8,12.6,3.7,13166.0,577024.0,497921.0,152258.0
2021-04-20,2021,4,20,Tuesday,0,0,0,spring,0,1,0.0,0.0,0.0,9.7,3.0,31868.0,626897.0,514625.0,117112.0
2021-04-21,2021,4,21,Wednesday,0,0,0,spring,0,1,1.3,0.0,10.0,14.2,4.0,30431.0,627718.0,522158.0,277794.0
2021-04-22,2021,4,22,Thursday,0,0,0,spring,0,1,0.0,0.0,9.1,15.5,1.7,21273.0,606412.0,514732.0,281510.0
2021-04-23,2021,4,23,Friday,0,0,0,spring,0,1,0.0,0.0,8.2,15.7,3.7,23653.0,645390.0,481120.0,298391.0
2021-04-24,2021,4,24,Saturday,1,0,0,spring,0,0,0.0,0.0,12.2,17.1,3.3,37687.0,322695.0,261079.0,295799.0
2021-04-25,2021,4,25,Sunday,1,0,0,spring,0,0,0.0,0.0,10.1,19.5,2.0,29651.0,313859.0,257366.0,284477.0
2021-04-26,2021,4,26,Monday,0,0,0,spring,0,1,0.0,0.0,11.9,21.0,3.0,22381.0,621352.0,532073.0,162403.0
2021-04-27,2021,4,27,Tuesday,0,0,0,spring,0,1,0.0,0.0,3.4,13.6,2.3,29446.0,646731.0,537272.0,149050.0
2021-04-28,2021,4,28,Wednesday,0,0,0,spring,0,1,0.0,0.0,0.3,9.2,2.7,41361.0,679611.0,543292.0,343867.0
2021-04-29,2021,4,29,Thursday,0,0,0,spring,0,1,0.1,0.0,0.0,12.2,2.7,23168.0,647601.0,526528.0,345575.0
2021-04-30,2021,4,30,Friday,0,0,0,spring,0,1,7.6,0.0,3.3,12.4,3.3,33874.0,644071.0,504599.0,347590.0
2021-05-01,2021,5,1,Saturday,1,1,0,spring,0,0,25.1,0.0,0.0,11.7,2.3,29542.0,339806.0,271646.0,354292.0
2021-05-02,2021,5,2,Sunday,1,0,0,spring,0,0,1.7,0.0,0.3,13.4,2.3,6373.0,323801.0,268636.0,201545.0
2021-05-03,2021,5,3,Monday,0,0,0,spring,0,1,0.0,0.0,0.0,11.3,3.7,21988.0,678821.0,547457.0,176162.0
2021-05-04,2021,5,4,Tuesday,0,0,0,spring,0,1,0.0,0.0,3.4,12.7,1.3,23859.0,654875.0,548072.0,160903.0
2021-05-05,2021,5,5,Wednesday,0,0,0,spring,0,1,0.0,0.0,1.9,14.9,1.3,19272.0,676859.0,571038.0,388463.0
2021-05-06,2021,5,6,Thursday,0,0,0,spring,0,1,4.4,0.0,1.2,16.4,2.3,18858.0,667556.0,540890.0,393024.0
2021-05-07,2021,5,7,Friday,0,0,0,spring,0,1,0.6,0.0,1.7,18.5,3.3,13068.0,604675.0,500513.0,409839.0
2021-05-08,2021,5,8,Saturday,1,1,0,spring,0,0,0.0,0.0,4.2,19.1,2.0,41935.0,339411.0,285519.0,414333.0
2021-05-09,2021,5,9,Sunday,1,0,0,spring,0,0,0.0,0.0,6.1,20.0,1.3,56975.0,338430.0,274036.0,204390.0
2021-05-10,2021,5,10,Monday,0,0,0,spring,0,1,0.0,0.0,0.0,14.3,2.7,43667.0,761141.0,595191.0,210646.0
2021-05-11,2021,5,11,Tuesday,0,0,0,spring,0,1,0.0,0.0,0.0,13.0,1.0,47114.0,734186.0,592632.0,179082.0
2021-05-12,2021,5,12,Wednesday,0,0,0,spring,0,1,23.7,0.0,6.8,12.7,3.7,10802.0,703494.0,568092.0,490187.0
2021-05-13,2021,5,13,Thursday,0,0,0,spring,0,1,18.9,0.0,6.3,10.1,5.0,5527.0,686922.0,560793.0,512035.0
2021-05-14,2021,5,14,Friday,0,0,0,spring,0,1,5.0,0.0,5.7,15.6,3.0,8483.0,677983.0,540220.0,524519.0
2021-05-15,2021,5,15,Saturday,1,0,0,spring,0,0,2.3,0.0,13.6,18.9,4.0,23860.0,380571.0,297596.0,506562.0
2021-05-16,2021,5,16,Sunday,1,0,0,spring,0,0,0.0,0.0,10.6,19.9,5.0,33418.0,367093.0,296316.0,478382.0
2021-05-17,2021,5,17,Monday,0,0,0,spring,0,1,1.0,0.0,7.8,19.4,4.3,20097.0,735582.0,618187.0,279538.0
2021-05-18,2021,5,18,Tuesday,0,0,0,spring,0,1,0.0,0.0,6.3,16.1,4.0,25279.0,760935.0,626931.0,238660.0
2021-05-19,2021,5,19,Wednesday,0,0,0,spring,0,1,0.0,0.0,13.0,17.3,3.3,21252.0,792663.0,640499.0,550689.0
2021-05-20,2021,5,20,Thursday,0,0,0,spring,0,1,0.2,0.0,9.3,15.2,4.0,21595.0,770723.0,655933.0,562236.0
2021-05-21,2021,5,21,Friday,0,0,0,spring,0,1,0.1,0.0,9.4,14.9,2.7,21182.0,710914.0,607637.0,570472.0
2021-05-22,2021,5,22,Saturday,1,0,0,spring,0,0,0.0,0.0,1.0,10.6,4.7,28259.0,396332.0,327967.0,566417.0
2021-05-23,2021,5,23,Sunday,1,0,0,spring,0,0,0.6,0.0,1.8,9.6,2.0,21374.0,385362.0,320250.0,518912.0
2021-05-24,2021,5,24,Monday,0,0,0,spring,0,1,0.5,0.0,3.0,9.2,2.3,31766.0,815163.0,670904.0,240089.0
2021-05-25,2021,5,25,Tuesday,0,0,0,spring,0,1,0.5,0.0,1.4,8.9,3.0,15895.0,778927.0,670869.0,248024.0
2021-05-26,2021,5,26,Wednesday,0,0,0,spring,0,1,0.2,0.0,0.6,7.3,7.7,18762.0,778312.0,678592.0,593849.0
2021-05-27,2021,5,27,Thursday,0,0,0,spring,0,1,0.6,0.0,1.2,10.6,4.3,23086.0,800459.0,671850.0,623069.0
2021-05-28,2021,5,28,Friday,0,0,0,spring,0,1,0.0,0.0,7.4,13.7,3.3,22258.0,744473.0,629994.0,653434.0
2021-05-29,2021,5,29,Saturday,1,0,0,spring,0,0,0.1,0.0,5.6,13.5,1.7,22599.0,407582.0,339296.0,625566.0
2021-05-30,2021,5,30,Sunday,1,0,0,spring,0,0,0.0,0.0,0.0,10.8,3.0,30196.0,400230.0,335925.0,594438.0
2021-05-31,2021,5,31,Monday,0,0,0,spring,0,1,0.0,0.0,1.2,13.0,2.0,31385.0,795596.0,695132.0,332970.0
2021-06-01,2021,6,1,Tuesday,0,0,0,summer,0,1,0.0,0.0,0.0,12.7,4.3,36587.0,846660.0,716912.0,254467.0
2021-06-02,2021,6,2,Wednesday,0,0,0,summer,0,1,0.0,0.0,0.0,10.5,5.3,37803.0,840027.0,725314.0,679582.0
2021-06-03,2021,6,3,Thursday,0,0,0,summer,0,1,0.0,0.0,0.0,9.4,3.7,36901.0,808321.0,699876.0,694517.0
2021-06-04,2021,6,4,Friday,0,0,0,summer,0,1,0.0,0.0,1.6,13.5,4.3,34374.0,739727.0,654882.0,703263.0
2021-06-05,2021,6,5,Saturday,1,0,0,summer,0,0,13.6,0.0,8.8,15.4,3.7,30339.0,423330.0,362657.0,683662.0
2021-06-06,2021,6,6,Sunday,1,0,0,summer,0,0,0.0,0.0,0.7,17.5,1.3,34753.0,420014.0,358456.0,622801.0
2021-06-07,2021,6,7,Monday,0,0,0,summer,0,1,0.0,0.0,12.2,19.3,1.3,36413.0,809025.0,680210.0,325558.0
2021-06-08,2021,6,8,Tuesday,0,0,0,summer,0,1,0.0,0.0,8.8,20.9,1.7,39396.0,874389.0,704351.0,275444.0
2021-06-09,2021,6,9,Wednesday,0,0,0,summer,0,1,0.0,0.0,6.6,18.9,2.0,30217.0,851703.0,706726.0,699258.0
2021-06-10,2021,6,10,Thursday,0,0,0,summer,0,1,0.0,0.0,0.0,14.8,2.7,30532.0,869436.0,707819.0,727921.0
2021-06-11,2021,6,11,Friday,0,0,0,summer,0,1,0.1,0.0,14.4,18.1,2.7,26645.0,777230.0,644930.0,742471.0
2021-06-12,2021,6,12,Saturday,1,0,0,summer,0,0,1.5,0.0,10.8,19.5,1.3,10316.0,437195.0,353910.0,733898.0
2021-06-13,2021,6,13,Sunday,1,0,0,summer,0,0,0.0,0.0,14.6,22.7,2.0,12003.0,434718.0,353363.0,690654.0
2021-06-14,2021,6,14,Monday,0,0,0,summer,0,1,0.0,0.0,5.0,18.3,2.0,34679.0,830583.0,723787.0,366117.0
2021-06-15,2021,6,15,Tuesday,0,0,0,summer,0,1,0.0,0.0,6.0,21.3,1.7,36730.0,864407.0,727701.0,276898.0
2021-06-16,2021,6,16,Wednesday,0,0,0,summer,0,1,0.0,0.0,11.7,22.1,3.3,36510.0,849115.0,743474.0,742943.0
2021-06-17,2021,6,17,Thursday,0,0,0,summer,0,1,0.0,0.0,12.9,25.9,2.3,32619.0,819031.0,694065.0,773408.0
2021-06-18,2021,6,18,Friday,0,0,0,summer,0,1,0.0,0.0,12.0,29.2,1.3,27445.0,737682.0,649885.0,781848.0
2021-06-19,2021,6,19,Saturday,1,0,0,summer,0,0,0.0,0.0,14.0,29.7,2.7,23378.0,432204.0,371737.0,751282.0
2021-06-20,2021,6,20,Sunday,1,0,0,summer,0,0,0.0,0.0,11.4,29.9,1.7,22653.0,424558.0,363851.0,683796.0
2021-06-21,2021,6,21,Monday,0,0,0,summer,0,1,14.3,0.0,11.9,23.0,4.3,27157.0,784493.0,664327.0,341309.0
2021-06-22,2021,6,22,Tuesday,0,0,0,summer,0,1,1.6,0.0,6.9,23.0,1.3,14467.0,804590.0,681142.0,316906.0
2021-06-23,2021,6,23,Wednesday,0,0,0,summer,0,1,32.0,0.0,8.9,21.0,4.3,23802.0,870690.0,702680.0,767534.0
2021-06-24,2021,6,24,Thursday,0,0,0,summer,0,1,8.0,0.0,0.0,13.5,2.0,23263.0,851544.0,699217.0,809457.0
2021-06-25,2021,6,25,Friday,0,0,0,summer,0,1,3.5,0.0,0.0,11.7,6.0,8397.0,771874.0,618541.0,804595.0
2021-06-26,2021,6,26,Saturday,1,0,0,summer,0,0,0.0,0.0,0.2,11.3,4.3,25980.0,435345.0,351340.0,794136.0
2021-06-27,2021,6,27,Sunday,1,0,0,summer,0,0,0.0,0.0,2.9,13.4,1.7,31388.0,425772.0,349609.0,731495.0
2021-06-28,2021,6,28,Monday,0,0,0,summer,0,1,2.7,0.0,7.1,15.2,1.7,30743.0,829732.0,700618.0,390418.0
2021-06-29,2021,6,29,Tuesday,0,0,0,summer,0,1,23.5,0.0,2.3,16.0,3.3,21499.0,877633.0,692472.0,335940.0
2021-06-30,2021,6,30,Wednesday,0,0,0,summer,0,1,0.0,0.0,8.5,14.9,3.0,20983.0,917199.0,705885.0,739421.0
2021-07-01,2021,7,1,Thursday,0,0,1,summer,0,1,0.5,0.0,12.0,20.8,3.0,16551.0,754795.0,592102.0,798160.0
2021-07-02,2021,7,2,Friday,0,0,1,summer,0,1,4.6,0.0,13.3,23.2,2.3,8786.0,658034.0,504737.0,763890.0
2021-07-03,2021,7,3,Saturday,1,0,1,summer,0,0,0.0,0.0,2.6,21.3,1.0,21563.0,384945.0,301972.0,708508.0
2021-07-04,2021,7,4,Sunday,1,0,1,summer,0,0,0.0,0.0,5.5,21.4,2.0,21616.0,329017.0,252369.0,629155.0
2021-07-05,2021,7,5,Monday,0,1,1,summer,0,0,0.0,0.0,1.8,20.1,3.0,18613.0,329017.0,252369.0,320730.0
2021-07-06,2021,7,6,Tuesday,0,1,1,summer,0,0,1.3,0.0,3.2,20.6,2.0,23756.0,377398.0,296051.0,267692.0
2021-07-07,2021,7,7,Wednesday,0,0,1,summer,0,1,3.5,0.0,12.0,21.2,1.3,15664.0,710961.0,519066.0,290459.0
2021-07-08,2021,7,8,Thursday,0,0,1,summer,0,1,33.0,0.0,11.5,22.6,1.7,2355.0,669850.0,509287.0,630277.0
2021-07-09,2021,7,9,Friday,0,0,1,summer,0,1,0.5,0.0,11.7,23.7,1.7,11564.0,642538.0,478815.0,661101.0
2021-07-10,2021,7,10,Saturday,1,0,1,summer,0,0,0.0,0.0,10.8,21.8,2.7,28685.0,369850.0,290130.0,635284.0
2021-07-11,2021,7,11,Sunday,1,0,1,summer,0,0,4.4,0.0,2.0,16.1,4.3,18312.0,362453.0,284327.0,587250.0
2021-07-12,2021,7,12,Monday,0,0,1,summer,0,1,0.0,0.0,5.7,18.1,3.3,25948.0,734862.0,549350.0,303961.0
2021-07-13,2021,7,13,Tuesday,0,0,1,summer,0,1,12.6,0.0,10.9,19.5,2.0,26145.0,694962.0,559877.0,289838.0
2021-07-14,2021,7,14,Wednesday,0,0,1,summer,0,1,11.0,0.0,11.3,19.8,1.7,13912.0,729990.0,549187.0,669148.0
2021-07-15,2021,7,15,Thursday,0,0,1,summer,0,1,0.0,0.0,10.5,18.6,2.7,22905.0,727708.0,550699.0,709314.0
2021-07-16,2021,7,16,Friday,0,0,1,summer,0,1,0.0,0.0,13.9,21.6,1.3,24250.0,656652.0,502463.0,707519.0
2021-07-17,2021,7,17,Saturday,1,0,1,summer,0,0,1.4,0.0,12.8,22.8,2.0,10616.0,364995.0,279939.0,684440.0
2021-07-18,2021,7,18,Sunday,1,0,1,summer,0,0,0.0,0.0,11.8,23.7,2.0,27766.0,363854.0,275350.0,625946.0
2021-07-19,2021,7,19,Monday,0,0,1,summer,0,1,0.0,0.0,12.6,23.8,2.3,25136.0,684725.0,555962.0,354804.0
2021-07-20,2021,7,20,Tuesday,0,0,1,summer,0,1,0.0,0.0,8.7,22.4,2.0,25997.0,701023.0,568850.0,316820.0
2021-07-21,2021,7,21,Wednesday,0,0,1,summer,0,1,0.0,0.0,15.0,23.7,1.3,27428.0,696257.0,582860.0,668353.0
2021-07-22,2021,7,22,Thursday,0,0,1,summer,0,1,0.0,0.0,14.8,24.3,1.7,27640.0,681578.0,552562.0,687143.0
2021-07-23,2021,7,23,Friday,0,0,1,summer,0,1,0.0,0.0,13.8,24.4,1.3,25581.0,626724.0,505104.0,706910.0
2021-07-24,2021,7,24,Saturday,1,0,1,summer,0,0,0.0,0.0,12.6,25.4,2.3,24302.0,350512.0,291430.0,674874.0
2021-07-25,2021,7,25,Sunday,1,0,1,summer,0,0,0.0,0.0,6.7,24.3,2.0,21358.0,348129.0,284425.0,610330.0
2021-07-26,2021,7,26,Monday,0,0,1,summer,0,1,0.2,0.0,12.7,27.5,1.3,21720.0,647386.0,543010.0,341377.0
2021-07-27,2021,7,27,Tuesday,0,0,1,summer,0,1,0.0,0.0,13.5,29.7,2.0,30155.0,681888.0,552056.0,281655.0
2021-07-28,2021,7,28,Wednesday,0,0,1,summer,0,1,2.8,0.0,13.8,31.8,1.7,18378.0,679833.0,552003.0,654356.0
2021-07-29,2021,7,29,Thursday,0,0,1,summer,0,1,0.0,0.0,7.3,22.2,2.7,28959.0,694094.0,554710.0,646581.0
2021-07-30,2021,7,30,Friday,0,0,1,summer,0,1,0.0,0.0,5.7,19.6,4.0,24527.0,641730.0,502359.0,678959.0
2021-07-31,2021,7,31,Saturday,1,0,1,summer,0,0,5.0,0.0,2.4,21.8,3.0,24841.0,347047.0,277355.0,657148.0
2021-08-01,2021,8,1,Sunday,1,0,1,summer,0,0,14.5,0.0,14.4,24.1,2.0,6772.0,340944.0,276028.0,594479.0
2021-08-02,2021,8,2,Monday,0,0,1,summer,0,1,2.8,0.0,14.5,27.9,1.0,14798.0,637318.0,545628.0,326233.0
2021-08-03,2021,8,3,Tuesday,0,0,1,summer,0,1,2.7,0.0,13.5,29.8,1.3,26118.0,677797.0,554396.0,289690.0
2021-08-04,2021,8,4,Wednesday,0,0,1,summer,0,1,1.5,0.0,8.6,21.3,3.7,20625.0,685800.0,556374.0,634008.0
2021-08-05,2021,8,5,Thursday,0,0,1,summer,0,1,6.0,0.0,12.7,23.8,1.3,7546.0,643895.0,528725.0,667935.0
2021-08-06,2021,8,6,Friday,0,0,1,summer,0,1,2.1,0.0,10.4,25.7,5.0,17120.0,635770.0,499735.0,705210.0
2021-08-07,2021,8,7,Saturday,1,0,1,summer,0,0,11.1,0.0,10.7,25.1,2.0,25383.0,342900.0,278187.0,669555.0
2021-08-08,2021,8,8,Sunday,1,0,1,summer,0,0,1.4,0.0,5.9,24.5,2.7,21890.0,338899.0,277198.0,602361.0
2021-08-09,2021,8,9,Monday,0,0,1,summer,0,1,0.0,0.0,1.1,16.3,3.3,27690.0,656755.0,553420.0,335802.0
2021-08-10,2021,8,10,Tuesday,0,0,1,summer,0,1,0.0,0.0,7.7,17.4,2.7,30202.0,658067.0,581748.0,304631.0
2021-08-11,2021,8,11,Wednesday,0,0,1,summer,0,1,0.0,0.0,8.2,18.7,1.7,30858.0,680456.0,585791.0,635771.0
2021-08-12,2021,8,12,Thursday,0,0,1,summer,0,1,0.0,0.0,8.8,19.8,1.7,28040.0,664373.0,552398.0,660788.0
2021-08-13,2021,8,13,Friday,0,0,1,summer,0,1,0.0,0.0,8.5,18.0,4.3,23431.0,608411.0,517111.0,675590.0
2021-08-14,2021,8,14,Saturday,1,0,1,summer,0,0,0.0,0.0,10.2,17.3,2.3,22622.0,340228.0,292896.0,648851.0
2021-08-15,2021,8,15,Sunday,1,0,1,summer,0,0,0.0,0.0,12.5,18.3,2.3,22456.0,332187.0,290874.0,606752.0
2021-08-16,2021,8,16,Monday,0,0,1,summer,0,1,0.4,0.0,13.5,21.0,1.3,23062.0,683842.0,533819.0,360475.0
2021-08-17,2021,8,17,Tuesday,0,0,1,summer,0,1,0.0,0.0,13.3,22.7,1.7,21284.0,752377.0,556191.0,336703.0
2021-08-18,2021,8,18,Wednesday,0,0,1,summer,0,1,0.0,0.0,8.4,25.1,2.3,23490.0,712290.0,579380.0,676232.0
2021-08-19,2021,8,19,Thursday,0,0,1,summer,0,1,0.0,0.0,0.2,17.6,3.3,21866.0,727541.0,548631.0,690307.0
2021-08-20,2021,8,20,Friday,0,0,1,summer,0,1,0.9,0.0,0.5,15.7,2.3,17048.0,665883.0,497898.0,706670.0
2021-08-21,2021,8,21,Saturday,1,0,1,summer,0,0,0.0,0.0,10.1,16.9,1.3,28013.0,376189.0,289690.0,686240.0
2021-08-22,2021,8,22,Sunday,1,0,1,summer,0,0,2.8,0.0,9.0,17.5,1.3,11673.0,363771.0,278096.0,604685.0
2021-08-23,2021,8,23,Monday,0,0,1,summer,0,1,3.5,0.0,7.5,18.2,2.3,15610.0,687629.0,565897.0,335261.0
2021-08-24,2021,8,24,Tuesday,0,0,1,summer,0,1,0.4,0.0,7.2,19.4,2.3,13685.0,711264.0,567671.0,328713.0
2021-08-25,2021,8,25,Wednesday,0,0,1,summer,0,1,1.7,0.0,0.0,15.1,3.3,30875.0,758926.0,609923.0,695733.0
2021-08-26,2021,8,26,Thursday,0,0,1,summer,0,1,2.0,0.0,0.0,15.5,2.0,8815.0,714868.0,575390.0,728991.0
2021-08-27,2021,8,27,Friday,0,0,1,summer,0,1,16.1,0.0,0.0,14.9,2.3,7924.0,663928.0,544099.0,730710.0
2021-08-28,2021,8,28,Saturday,1,0,1,summer,0,0,2.3,0.0,1.1,17.0,2.3,11305.0,379463.0,304962.0,709989.0
2021-08-29,2021,8,29,Sunday,1,0,1,summer,0,0,0.1,0.0,8.4,17.0,1.3,15527.0,357434.0,283836.0,656167.0
2021-08-30,2021,8,30,Monday,0,0,1,summer,0,1,1.2,0.0,10.1,17.8,1.3,16573.0,782596.0,620876.0,352857.0
2021-08-31,2021,8,31,Tuesday,0,0,1,summer,0,1,1.2,0.0,7.2,19.2,4.0,9905.0,758882.0,622385.0,318204.0
2021-09-01,2021,9,1,Wednesday,0,0,0,autumn,0,1,0.0,0.0,4.6,14.2,3.3,24971.0,907024.0,736651.0,738956.0
2021-09-02,2021,9,2,Thursday,0,0,0,autumn,0,1,0.0,0.0,2.3,15.1,5.7,30965.0,903830.0,735057.0,818495.0
2021-09-03,2021,9,3,Friday,0,0,0,autumn,0,1,0.0,0.0,0.0,18.6,5.0,27982.0,828889.0,678048.0,833095.0
2021-09-04,2021,9,4,Saturday,1,0,0,autumn,0,0,0.0,0.0,4.5,19.4,1.3,31953.0,453512.0,368326.0,815528.0
2021-09-05,2021,9,5,Sunday,1,0,0,autumn,0,0,0.0,0.0,7.8,19.3,1.3,32491.0,451915.0,367529.0,743706.0
2021-09-06,2021,9,6,Monday,0,0,0,autumn,0,1,0.0,0.0,12.3,20.1,2.7,27042.0,836181.0,726226.0,376079.0
2021-09-07,2021,9,7,Tuesday,0,0,0,autumn,0,1,0.0,0.0,12.3,20.5,2.0,26863.0,912080.0,730132.0,335734.0
2021-09-08,2021,9,8,Wednesday,0,0,0,autumn,0,1,0.0,0.0,8.3,20.6,2.0,29493.0,948135.0,736862.0,790467.0
2021-09-09,2021,9,9,Thursday,0,0,0,autumn,0,1,0.0,0.0,4.1,15.1,4.0,30408.0,861525.0,726241.0,809134.0
2021-09-10,2021,9,10,Friday,0,0,0,autumn,0,1,0.0,0.0,3.1,12.8,3.0,24785.0,811661.0,675844.0,813055.0
2021-09-11,2021,9,11,Saturday,1,0,0,autumn,0,0,0.6,0.0,4.4,13.0,4.3,18005.0,474068.0,368431.0,764772.0
2021-09-12,2021,9,12,Sunday,1,0,0,autumn,0,0,14.5,0.0,1.3,12.3,2.3,23700.0,456040.0,365066.0,714586.0
2021-09-13,2021,9,13,Monday,0,0,0,autumn,0,1,0.0,0.0,1.1,13.5,3.7,24118.0,882207.0,737418.0,363662.0
2021-09-14,2021,9,14,Tuesday,0,0,0,autumn,0,1,0.0,0.0,6.1,16.1,4.3,30974.0,863122.0,748694.0,329726.0
2021-09-15,2021,9,15,Wednesday,0,0,0,autumn,0,1,0.0,0.0,0.1,16.3,3.0,22507.0,950434.0,754073.0,767233.0
2021-09-16,2021,9,16,Thursday,0,0,0,autumn,0,1,16.6,0.0,0.0,13.3,2.7,10805.0,909273.0,714301.0,784361.0
2021-09-17,2021,9,17,Friday,0,0,0,autumn,0,1,0.4,0.0,2.3,9.5,3.7,15245.0,834603.0,696291.0,790287.0
2021-09-18,2021,9,18,Saturday,1,0,0,autumn,0,0,0.0,0.0,0.0,10.7,2.0,16489.0,475217.0,377037.0,764291.0
2021-09-19,2021,9,19,Sunday,1,0,0,autumn,0,0,0.0,0.0,4.3,10.7,4.3,13255.0,454637.0,374347.0,717605.0
2021-09-20,2021,9,20,Monday,0,0,0,autumn,0,1,0.0,0.0,0.3,12.2,3.7,15339.0,944534.0,739027.0,360952.0
2021-09-21,2021,9,21,Tuesday,0,0,0,autumn,0,1,0.0,0.0,1.3,12.7,2.7,17213.0,976139.0,730624.0,324766.0
2021-09-22,2021,9,22,Wednesday,0,0,0,autumn,0,1,0.0,0.0,1.3,13.1,3.3,17502.0,991520.0,766976.0,729923.0
2021-09-23,2021,9,23,Thursday,0,0,0,autumn,0,1,0.0,0.0,0.2,15.6,5.3,23481.0,944231.0,767018.0,739858.0
2021-09-24,2021,9,24,Friday,0,0,0,autumn,0,1,0.0,0.0,1.5,14.2,3.0,15410.0,864943.0,689262.0,748972.0
2021-09-25,2021,9,25,Saturday,1,0,0,autumn,0,0,0.0,0.0,1.5,13.9,1.3,23725.0,495760.0,383509.0,736582.0
2021-09-26,2021,9,26,Sunday,1,0,0,autumn,0,0,0.0,0.0,1.9,11.7,3.7,26669.0,488070.0,383488.0,660269.0
2021-09-27,2021,9,27,Monday,0,0,0,autumn,0,1,0.1,0.0,6.9,8.7,1.0,13147.0,724330.0,580376.0,291719.0
2021-09-28,2021,9,28,Tuesday,0,1,0,autumn,0,0,0.0,0.0,8.4,9.2,1.3,28647.0,495760.0,383509.0,287129.0
2021-09-29,2021,9,29,Wednesday,0,0,0,autumn,0,1,0.0,0.0,10.7,9.7,4.3,14913.0,1067291.0,781816.0,260263.0
2021-09-30,2021,9,30,Thursday,0,0,0,autumn,0,1,0.0,0.0,10.8,9.2,3.7,19353.0,1006767.0,791009.0,748494.0
2021-10-01,2021,10,1,Friday,0,0,0,autumn,0,1,0.0,0.0,10.6,8.0,2.0,19716.0,928355.0,741228.0,771781.0
2021-10-02,2021,10,2,Saturday,1,0,0,autumn,0,0,0.0,0.0,8.3,6.3,2.7,26086.0,0.0,0.0,743959.0
2021-10-03,2021,10,3,Sunday,1,0,0,autumn,0,0,0.0,0.0,10.8,6.8,2.0,28461.0,0.0,0.0,704892.0
2021-10-04,2021,10,4,Monday,0,0,0,autumn,0,1,0.0,0.0,10.1,7.6,4.0,19129.0,1005738.0,798381.0,344781.0
2021-10-05,2021,10,5,Tuesday,0,0,0,autumn,0,1,9.0,0.0,8.4,9.5,2.3,17668.0,986248.0,805956.0,311963.0
2021-10-06,2021,10,6,Wednesday,0,0,0,autumn,0,1,0.1,0.0,4.2,9.8,1.0,10077.0,1042811.0,825935.0,672540.0
2021-10-07,2021,10,7,Thursday,0,0,0,autumn,0,1,0.0,0.0,0.0,10.9,1.0,14983.0,1010041.0,794789.0,684609.0
2021-10-08,2021,10,8,Friday,0,0,0,autumn,0,1,0.0,0.0,5.4,10.8,1.7,17519.0,962457.0,778441.0,697732.0
2021-10-09,2021,10,9,Saturday,1,0,0,autumn,0,0,0.0,0.0,0.0,10.4,2.7,17420.0,521406.0,412968.0,673786.0
2021-10-10,2021,10,10,Sunday,1,0,0,autumn,0,0,0.0,0.0,2.5,11.0,3.3,16220.0,505021.0,402978.0,614186.0
2021-10-11,2021,10,11,Monday,0,0,0,autumn,0,1,0.7,0.0,0.0,8.6,3.3,10144.0,968516.0,793385.0,277009.0
2021-10-12,2021,10,12,Tuesday,0,0,0,autumn,0,1,4.5,0.0,0.3,9.5,1.0,9482.0,985187.0,795524.0,262460.0
2021-10-13,2021,10,13,Wednesday,0,0,0,autumn,0,1,0.5,0.0,6.3,8.9,3.3,12775.0,1017790.0,792631.0,593914.0
2021-10-14,2021,10,14,Thursday,0,0,0,autumn,0,1,1.0,0.0,5.1,9.4,1.0,8014.0,1003016.0,808691.0,591252.0
2021-10-15,2021,10,15,Friday,0,0,0,autumn,0,1,0.5,0.0,0.7,10.5,2.3,13350.0,955080.0,746267.0,532965.0
2021-10-16,2021,10,16,Saturday,1,0,0,autumn,0,0,0.0,0.0,1.8,9.2,2.7,14314.0,508895.0,404346.0,504801.0
2021-10-17,2021,10,17,Sunday,1,0,0,autumn,0,0,0.0,0.0,1.9,11.6,6.3,10419.0,501508.0,397762.0,463853.0
2021-10-18,2021,10,18,Monday,0,0,0,autumn,0,1,0.0,0.0,0.0,10.6,4.0,17438.0,968153.0,787209.0,227613.0
2021-10-19,2021,10,19,Tuesday,0,0,0,autumn,0,1,0.1,0.0,7.8,9.7,1.3,16876.0,953398.0,794901.0,213877.0
2021-10-20,2021,10,20,Wednesday,0,0,0,autumn,0,1,0.4,0.0,5.5,13.1,1.7,25459.0,1036349.0,827626.0,483236.0
2021-10-21,2021,10,21,Thursday,0,0,0,autumn,0,1,0.0,0.0,6.4,16.3,4.0,8894.0,1012377.0,775337.0,479946.0
2021-10-22,2021,10,22,Friday,0,0,0,autumn,0,1,0.0,0.0,4.9,15.3,1.7,11561.0,936394.0,738183.0,510567.0
2021-10-23,2021,10,23,Saturday,1,0,0,autumn,0,0,0.0,0.0,2.0,15.1,1.3,10404.0,518175.0,413813.0,396126.0
2021-10-24,2021,10,24,Sunday,1,0,0,autumn,0,0,0.0,0.0,8.3,15.4,3.3,13357.0,506189.0,397451.0,370047.0
2021-10-25,2021,10,25,Monday,0,0,0,autumn,0,1,0.0,0.0,0.0,12.5,1.0,11456.0,886103.0,726809.0,190582.0
2021-10-26,2021,10,26,Tuesday,0,0,0,autumn,0,1,0.0,0.0,6.0,16.8,2.7,12518.0,914963.0,743495.0,180002.0
2021-10-27,2021,10,27,Wednesday,0,0,1,autumn,0,1,0.0,0.0,1.1,15.7,6.7,12323.0,928318.0,690188.0,385552.0
2021-10-28,2021,10,28,Thursday,0,1,1,autumn,0,0,0.0,0.0,3.7,18.7,4.0,13066.0,464159.0,390094.0,382227.0
2021-10-29,2021,10,29,Friday,0,0,1,autumn,0,1,0.0,0.0,2.1,12.8,4.7,10473.0,712776.0,630783.0,167696.0
2021-10-30,2021,10,30,Saturday,1,0,0,autumn,0,0,0.0,0.0,4.6,10.3,3.3,11551.0,457482.0,416748.0,346780.0
2021-10-31,2021,10,31,Sunday,1,0,0,autumn,0,0,0.0,0.0,8.3,6.9,2.0,14746.0,464159.0,408405.0,331390.0
2021-11-01,2021,11,1,Monday,0,0,0,autumn,0,1,14.4,0.0,0.4,7.9,2.3,9069.0,906464.0,782326.0,179300.0
2021-11-02,2021,11,2,Tuesday,0,0,0,autumn,0,1,0.0,0.0,0.1,12.5,5.0,7250.0,986964.0,797260.0,131495.0
2021-11-03,2021,11,3,Wednesday,0,0,0,autumn,0,1,2.7,0.0,0.1,10.1,5.3,11806.0,975522.0,808979.0,399011.0
2021-11-04,2021,11,4,Thursday,0,0,0,autumn,0,1,4.8,0.0,1.3,10.8,3.7,5637.0,973749.0,775322.0,380863.0
2021-11-05,2021,11,5,Friday,0,0,0,autumn,0,1,0.2,0.0,0.4,7.1,4.7,7406.0,885024.0,737577.0,394504.0
2021-11-06,2021,11,6,Saturday,1,0,0,autumn,0,0,0.0,0.0,1.2,9.0,6.0,11869.0,493482.0,404490.0,391147.0
2021-11-07,2021,11,7,Sunday,1,0,0,autumn,0,0,0.0,0.0,2.0,14.9,5.0,6444.0,487761.0,398630.0,377373.0
2021-11-08,2021,11,8,Monday,0,0,0,autumn,0,1,0.0,0.0,0.8,14.7,4.0,9677.0,949038.0,773003.0,189704.0
2021-11-09,2021,11,9,Tuesday,0,0,0,autumn,0,1,0.0,0.0,0.6,9.4,4.0,12344.0,967201.0,779960.0,143350.0
2021-11-10,2021,11,10,Wednesday,0,0,0,autumn,0,1,0.0,0.0,2.4,6.6,3.0,11032.0,1039764.0,796920.0,403858.0
2021-11-11,2021,11,11,Thursday,0,0,0,autumn,0,1,0.0,0.0,0.1,6.8,1.7,9172.0,1031709.0,775248.0,402392.0
2021-11-12,2021,11,12,Friday,0,0,0,autumn,0,1,0.0,0.0,8.2,5.0,1.0,8409.0,840759.0,719396.0,415351.0
2021-11-13,2021,11,13,Saturday,1,0,0,autumn,0,0,3.1,0.0,0.0,4.2,1.7,6050.0,519882.0,398460.0,407546.0
2021-11-14,2021,11,14,Sunday,1,0,0,autumn,0,0,0.0,0.0,0.8,2.2,1.0,6069.0,515855.0,389980.0,397425.0
2021-11-15,2021,11,15,Monday,0,0,0,autumn,0,1,0.0,0.0,0.0,3.9,1.3,8829.0,990343.0,763072.0,213075.0
2021-11-16,2021,11,16,Tuesday,0,0,0,autumn,0,1,0.0,0.0,3.9,5.7,1.0,9239.0,963811.0,760051.0,156993.0
2021-11-17,2021,11,17,Wednesday,0,1,0,autumn,0,0,0.0,0.0,0.0,2.5,2.0,7953.0,495172.0,381536.0,378798.0
2021-11-18,2021,11,18,Thursday,0,0,0,autumn,0,1,0.0,0.0,0.0,5.7,1.7,10307.0,902421.0,733177.0,237776.0
2021-11-19,2021,11,19,Friday,0,0,0,autumn,0,1,0.0,0.0,0.0,7.4,2.3,8655.0,823699.0,678292.0,454906.0
2021-11-20,2021,11,20,Saturday,1,0,0,autumn,1,0,0.0,0.0,0.0,5.1,3.3,9275.0,495172.0,381536.0,439146.0
2021-11-21,2021,11,21,Sunday,1,0,0,autumn,1,0,0.8,0.0,0.0,5.5,2.3,6968.0,481906.0,380026.0,426969.0
2021-11-22,2021,11,22,Monday,0,0,0,autumn,1,1,0.0,0.0,0.0,7.1,2.7,7223.0,922657.0,745363.0,224539.0
2021-11-23,2021,11,23,Tuesday,0,0,0,autumn,1,1,0.0,0.0,0.0,6.5,3.0,9652.0,941875.0,757229.0,171357.0
2021-11-24,2021,11,24,Wednesday,0,0,0,autumn,1,1,0.0,0.0,0.0,4.7,4.3,9409.0,958474.0,749565.0,456920.0
2021-11-25,2021,11,25,Thursday,0,0,0,autumn,1,1,0.0,0.0,0.7,0.6,4.0,7912.0,963217.0,740877.0,460232.0
2021-11-26,2021,11,26,Friday,0,0,0,autumn,1,1,0.6,0.0,3.2,0.3,3.7,6755.0,875609.0,689836.0,495788.0
2021-11-27,2021,11,27,Saturday,1,0,0,autumn,1,0,0.0,0.0,7.9,-1.1,3.3,5897.0,481609.0,378615.0,478230.0
2021-11-28,2021,11,28,Sunday,1,0,0,autumn,1,0,1.8,0.0,0.0,2.3,6.0,2880.0,479237.0,374783.0,460135.0
2021-11-29,2021,11,29,Monday,0,0,0,autumn,1,1,1.0,0.0,0.0,3.3,5.3,6212.0,921233.0,728742.0,229034.0
2021-11-30,2021,11,30,Tuesday,0,0,0,autumn,1,1,0.2,0.0,0.2,4.3,4.3,5276.0,918432.0,715222.0,194643.0
2021-12-01,2021,12,1,Wednesday,0,0,0,winter,1,1,0.5,0.0,1.6,4.6,3.7,6236.0,921628.0,725184.0,522333.0
2021-12-02,2021,12,2,Thursday,0,0,0,winter,1,1,0.0,0.0,7.2,3.5,1.3,7446.0,934575.0,711675.0,520311.0
2021-12-03,2021,12,3,Friday,0,0,0,winter,1,1,0.0,0.0,5.3,-0.3,1.0,7349.0,849220.0,690687.0,532477.0
2021-12-04,2021,12,4,Saturday,1,0,0,winter,1,0,8.5,0.0,0.0,0.7,3.7,2606.0,467288.0,364371.0,617963.0
2021-12-05,2021,12,5,Sunday,1,0,0,winter,1,0,0.0,0.0,2.2,4.1,7.7,3630.0,460814.0,362592.0,596438.0
2021-12-06,2021,12,6,Monday,0,0,0,winter,1,1,0.0,0.0,3.2,1.6,9.7,6232.0,943856.0,738201.0,345447.0
2021-12-07,2021,12,7,Tuesday,0,0,0,winter,1,1,0.0,1.0,0.0,2.0,8.0,6834.0,926907.0,738416.0,282687.0
2021-12-08,2021,12,8,Wednesday,0,0,0,winter,1,1,0.8,0.0,0.4,5.2,6.3,7211.0,979210.0,754374.0,645184.0
2021-12-09,2021,12,9,Thursday,0,0,0,winter,1,1,5.3,0.0,0.0,7.1,6.7,4191.0,916413.0,747379.0,665597.0
2021-12-10,2021,12,10,Friday,0,0,0,winter,1,1,0.0,0.0,0.0,7.5,2.7,5312.0,857940.0,721066.0,658158.0
2021-12-11,2021,12,11,Saturday,1,0,0,winter,1,0,0.0,0.0,0.0,5.4,1.0,3416.0,489605.0,377187.0,656429.0
2021-12-12,2021,12,12,Sunday,1,0,0,winter,1,0,0.2,0.0,0.0,1.6,1.3,4931.0,471928.0,373690.0,636848.0
2021-12-13,2021,12,13,Monday,0,0,0,winter,1,1,0.1,0.0,0.0,0.2,1.3,6107.0,990270.0,754644.0,352676.0
2021-12-14,2021,12,14,Tuesday,0,0,0,winter,1,1,0.0,0.0,0.0,2.6,3.3,7701.0,986428.0,758397.0,286906.0
2021-12-15,2021,12,15,Wednesday,0,0,0,winter,1,1,0.0,0.0,2.5,4.3,3.3,9210.0,1012435.0,776550.0,659770.0
2021-12-16,2021,12,16,Thursday,0,0,0,winter,1,1,0.0,0.0,7.5,3.4,1.3,7137.0,1019036.0,762520.0,666411.0
2021-12-17,2021,12,17,Friday,0,0,0,winter,1,1,0.0,0.0,5.5,-0.2,1.3,7080.0,975856.0,735184.0,686568.0
2021-12-18,2021,12,18,Saturday,1,0,0,winter,1,0,0.0,0.0,0.0,-1.1,2.0,6983.0,509518.0,388275.0,683546.0
2021-12-19,2021,12,19,Sunday,1,0,0,winter,1,0,0.2,0.0,0.0,-0.3,1.7,4913.0,506218.0,381260.0,602588.0
2021-12-20,2021,12,20,Monday,0,0,0,winter,1,1,0.0,0.0,0.0,2.2,3.0,6013.0,962223.0,744390.0,297870.0
2021-12-21,2021,12,21,Tuesday,0,0,0,winter,1,1,0.0,0.0,1.7,2.5,2.3,5977.0,996519.0,695978.0,251587.0
2021-12-22,2021,12,22,Wednesday,0,0,0,winter,1,1,0.0,0.0,0.8,6.6,4.3,6241.0,933825.0,653738.0,538459.0
2021-12-23,2021,12,23,Thursday,0,0,1,winter,1,1,1.3,0.0,2.9,8.1,3.7,3607.0,663047.0,456474.0,494372.0
2021-12-24,2021,12,24,Friday,0,1,1,winter,1,0,0.8,0.0,3.9,3.1,1.7,3435.0,498260.0,372195.0,388865.0
2021-12-25,2021,12,25,Saturday,1,1,1,winter,1,0,0.9,0.0,0.5,3.8,1.3,1622.0,466913.0,326869.0,134551.0
2021-12-26,2021,12,26,Sunday,1,1,1,winter,1,0,0.0,0.0,2.9,6.0,1.0,1724.0,481112.0,347989.0,114702.0
2021-12-27,2021,12,27,Monday,0,0,1,winter,1,1,0.0,0.0,5.7,6.6,3.0,3244.0,531493.0,386352.0,153825.0
2021-12-28,2021,12,28,Tuesday,0,0,1,winter,1,1,3.5,0.0,1.6,3.1,1.3,3069.0,549957.0,405628.0,168375.0
2021-12-29,2021,12,29,Wednesday,0,0,1,winter,1,1,0.6,0.0,0.4,5.7,3.7,3221.0,559932.0,418271.0,295143.0
2021-12-30,2021,12,30,Thursday,0,0,1,winter,1,1,0.4,0.0,7.2,1.7,1.7,4095.0,557592.0,415495.0,300294.0
2021-12-31,2021,12,31,Friday,0,0,1,winter,1,1,0.0,0.0,1.0,-0.5,1.0,8155.0,468959.0,338590.0,306252.0
2022-01-01,2022,1,1,Saturday,1,1,1,winter,0,0,0.0,0.0,0.0,2.8,1.7,8740.0,255795.0,154065.0,219877.0
2022-01-02,2022,1,2,Sunday,1,0,1,winter,0,0,0.1,0.0,0.0,3.2,1.7,9507.0,340261.0,251383.0,105696.0
2022-01-03,2022,1,3,Monday,0,0,0,winter,0,1,2.0,0.0,4.8,5.6,2.0,8773.0,838130.0,670975.0,155315.0
2022-01-04,2022,1,4,Tuesday,0,0,0,winter,0,1,3.1,0.0,0.0,6.5,2.3,4211.0,838522.0,672062.0,146247.0
2022-01-05,2022,1,5,Wednesday,0,0,0,winter,0,1,0.0,0.0,0.8,5.5,2.3,5703.0,867758.0,700671.0,427378.0
2022-01-06,2022,1,6,Thursday,0,0,0,winter,0,1,0.2,0.0,5.2,3.9,2.3,6512.0,885326.0,694319.0,422548.0
2022-01-07,2022,1,7,Friday,0,0,0,winter,0,1,0.1,0.0,4.2,7.3,2.7,5268.0,827352.0,650447.0,440096.0
2022-01-08,2022,1,8,Saturday,1,0,0,winter,0,0,0.2,0.0,4.0,7.5,3.7,3920.0,388986.0,288404.0,420542.0
2022-01-09,2022,1,9,Sunday,1,0,0,winter,0,0,1.0,0.0,0.9,8.3,2.7,2669.0,341307.0,258618.0,403064.0
2022-01-10,2022,1,10,Monday,0,0,0,winter,0,1,0.3,0.0,4.8,5.7,7.3,4865.0,871216.0,685351.0,185927.0
2022-01-11,2022,1,11,Tuesday,0,0,0,winter,0,1,0.0,0.0,2.8,5.0,4.0,5710.0,856924.0,682469.0,168333.0
2022-01-12,2022,1,12,Wednesday,0,0,0,winter,0,1,0.0,0.0,7.3,2.8,4.0,5867.0,874267.0,697489.0,452108.0
2022-01-13,2022,1,13,Thursday,0,0,0,winter,0,1,0.0,0.0,5.5,2.8,1.3,6891.0,886408.0,677427.0,443317.0
2022-01-14,2022,1,14,Friday,0,0,0,winter,0,1,0.0,0.0,0.0,2.4,1.0,8238.0,825380.0,644743.0,460165.0
2022-01-15,2022,1,15,Saturday,1,0,0,winter,0,0,0.0,0.0,0.0,3.0,3.3,7429.0,409327.0,306911.0,446509.0
2022-01-16,2022,1,16,Sunday,1,0,0,winter,0,0,0.0,0.0,0.0,2.8,1.7,4152.0,328012.0,253468.0,420819.0
2022-01-17,2022,1,17,Monday,0,0,0,winter,0,1,3.1,0.0,0.0,4.4,1.7,4877.0,797371.0,660617.0,197654.0
2022-01-18,2022,1,18,Tuesday,0,0,0,winter,0,1,0.0,0.0,0.0,3.1,1.7,5851.0,804501.0,651426.0,170294.0
2022-01-19,2022,1,19,Wednesday,0,0,0,winter,0,1,0.1,0.0,0.0,6.8,1.3,7019.0,768046.0,636729.0,456722.0
2022-01-20,2022,1,20,Thursday,0,0,0,winter,0,1,0.2,0.0,0.0,5.1,2.0,4840.0,769953.0,630995.0,461177.0
2022-01-21,2022,1,21,Friday,0,0,0,winter,0,1,1.6,0.0,0.0,-0.1,2.3,3350.0,706609.0,581614.0,478338.0
2022-01-22,2022,1,22,Saturday,1,0,0,winter,0,0,0.3,2.0,0.0,-0.6,1.3,3532.0,385139.0,293801.0,465152.0
2022-01-23,2022,1,23,Sunday,1,0,0,winter,0,0,0.4,1.0,0.0,-1.9,3.0,3955.0,328844.0,252829.0,435674.0
2022-01-24,2022,1,24,Monday,0,0,0,winter,0,1,0.0,1.0,0.0,-0.9,2.3,5728.0,779294.0,625953.0,190897.0
2022-01-25,2022,1,25,Tuesday,0,0,0,winter,0,1,0.0,2.0,3.5,-6.6,1.3,6529.0,795651.0,630352.0,181646.0
2022-01-26,2022,1,26,Wednesday,0,0,0,winter,0,1,0.0,1.0,0.8,-6.9,2.3,6652.0,776363.0,632727.0,470102.0
2022-01-27,2022,1,27,Thursday,0,0,0,winter,0,1,0.5,3.0,0.0,-1.8,2.3,5358.0,777913.0,617229.0,465551.0
2022-01-28,2022,1,28,Friday,0,0,0,winter,0,1,0.0,5.0,0.0,-0.9,1.0,4773.0,677058.0,563643.0,484822.0
2022-01-29,2022,1,29,Saturday,1,0,0,winter,0,0,0.4,5.0,0.0,-2.2,3.7,2561.0,371083.0,275640.0,466908.0
2022-01-30,2022,1,30,Sunday,1,0,0,winter,0,0,0.0,4.0,0.0,-0.1,3.7,2979.0,322153.0,230602.0,421721.0
2022-01-31,2022,1,31,Monday,0,0,0,winter,0,1,4.2,3.0,0.3,2.2,2.7,4751.0,777882.0,644538.0,191628.0
2022-02-01,2022,2,1,Tuesday,0,0,0,winter,0,1,0.0,0.0,6.6,2.0,4.3,4788.0,810448.0,638840.0,202134.0
2022-02-02,2022,2,2,Wednesday,0,0,0,winter,0,1,0.5,0.0,0.0,0.9,1.7,5086.0,870378.0,649657.0,474852.0
2022-02-03,2022,2,3,Thursday,0,0,0,winter,0,1,0.0,1.0,2.6,0.7,3.3,5876.0,787042.0,630949.0,472085.0
2022-02-04,2022,2,4,Friday,0,0,0,winter,0,1,0.6,0.0,4.0,0.3,2.3,6221.0,696637.0,524157.0,482207.0
2022-02-05,2022,2,5,Saturday,1,0,0,winter,0,0,0.0,0.0,0.0,1.6,3.7,6267.0,422400.0,301060.0,478342.0
2022-02-06,2022,2,6,Sunday,1,0,0,winter,0,0,0.5,0.0,3.9,3.8,3.0,3661.0,339442.0,252045.0,443251.0
2022-02-07,2022,2,7,Monday,0,0,0,winter,0,1,0.0,0.0,2.2,3.9,2.3,5054.0,853345.0,671736.0,192108.0
2022-02-08,2022,2,8,Tuesday,0,0,0,winter,0,1,0.0,0.0,7.1,6.6,2.7,6691.0,871663.0,690515.0,185517.0
2022-02-09,2022,2,9,Wednesday,0,0,0,winter,0,1,0.0,0.0,0.0,5.0,4.3,8787.0,885857.0,704290.0,514772.0
2022-02-10,2022,2,10,Thursday,0,0,0,winter,0,1,0.0,0.0,4.8,3.8,3.0,10855.0,880904.0,709085.0,499800.0
2022-02-11,2022,2,11,Friday,0,0,0,winter,0,1,0.0,0.0,1.0,5.1,4.7,5852.0,799234.0,654911.0,505693.0
2022-02-12,2022,2,12,Saturday,1,0,0,winter,0,0,0.0,0.0,4.1,2.0,3.7,8471.0,465423.0,340279.0,479974.0
2022-02-13,2022,2,13,Sunday,1,0,0,winter,0,0,0.0,0.0,4.3,6.0,2.7,12067.0,440659.0,316778.0,450833.0
2022-02-14,2022,2,14,Monday,0,0,0,winter,0,1,0.5,0.0,8.0,4.5,5.0,10029.0,956834.0,762515.0,197286.0
2022-02-15,2022,2,15,Tuesday,0,0,0,winter,0,1,0.2,0.0,1.1,6.2,1.7,7356.0,957013.0,723632.0,184573.0
2022-02-16,2022,2,16,Wednesday,0,0,0,winter,0,1,1.4,0.0,0.0,6.5,5.0,6967.0,958977.0,753816.0,475785.0
2022-02-17,2022,2,17,Thursday,0,0,0,winter,0,1,1.2,0.0,8.9,5.8,2.7,4208.0,917109.0,689899.0,471339.0
2022-02-18,2022,2,18,Friday,0,0,0,winter,0,1,3.0,0.0,2.9,4.2,1.7,6153.0,900199.0,687193.0,484999.0
2022-02-19,2022,2,19,Saturday,1,0,0,winter,0,0,0.0,0.0,0.1,6.6,4.0,5800.0,493701.0,342428.0,471054.0
2022-02-20,2022,2,20,Sunday,1,0,0,winter,0,0,0.0,0.0,2.6,6.6,2.3,5192.0,406528.0,296488.0,443626.0
2022-02-21,2022,2,21,Monday,0,0,0,winter,0,1,0.2,0.0,3.1,6.4,3.7,5603.0,968378.0,748707.0,233128.0
2022-02-22,2022,2,22,Tuesday,0,0,0,winter,0,1,0.0,0.0,5.2,6.0,2.3,7291.0,1032764.0,765116.0,185348.0
2022-02-23,2022,2,23,Wednesday,0,0,0,winter,0,1,0.0,0.0,9.5,5.9,1.3,10791.0,1023661.0,773410.0,451033.0
2022-02-24,2022,2,24,Thursday,0,0,0,winter,0,1,0.1,0.0,9.9,6.4,1.7,10519.0,1022629.0,761505.0,453643.0
2022-02-25,2022,2,25,Friday,0,0,0,winter,0,1,0.1,0.0,5.5,3.4,1.3,7169.0,874939.0,710711.0,464351.0
2022-02-26,2022,2,26,Saturday,1,0,0,winter,0,0,0.8,0.0,0.0,4.7,1.3,3969.0,492559.0,334530.0,441767.0
2022-02-27,2022,2,27,Sunday,1,0,0,winter,0,0,0.0,0.0,8.4,6.8,1.3,9137.0,471777.0,313990.0,416952.0
2022-02-28,2022,2,28,Monday,0,0,0,winter,0,1,0.0,0.0,1.5,5.7,1.7,8657.0,1012210.0,784602.0,200724.0
2022-03-01,2022,3,1,Tuesday,0,0,0,spring,0,1,0.0,0.0,2.7,5.3,1.7,10515.0,1055759.0,804301.0,202645.0
2022-03-02,2022,3,2,Wednesday,0,0,0,spring,0,1,0.0,0.0,9.3,6.2,1.0,9865.0,1057975.0,808856.0,374491.0
2022-03-03,2022,3,3,Thursday,0,0,0,spring,0,1,0.0,0.0,0.7,6.3,2.7,9527.0,1036491.0,788467.0,360525.0
2022-03-04,2022,3,4,Friday,0,0,0,spring,0,1,1.8,0.0,0.0,7.0,2.0,5286.0,928198.0,726440.0,369317.0
2022-03-05,2022,3,5,Saturday,1,0,0,spring,0,0,0.0,0.0,3.1,7.2,1.3,7924.0,497901.0,354290.0,357484.0
2022-03-06,2022,3,6,Sunday,1,0,0,spring,0,0,0.0,0.0,0.1,7.2,2.3,5667.0,450689.0,325520.0,339167.0
2022-03-07,2022,3,7,Monday,0,0,1,spring,0,1,0.0,0.0,6.2,6.6,1.0,14033.0,952534.0,715560.0,181447.0
2022-03-08,2022,3,8,Tuesday,0,0,1,spring,0,1,0.0,0.0,9.3,7.8,1.3,10050.0,1003491.0,745602.0,160437.0
2022-03-09,2022,3,9,Wednesday,0,0,1,spring,0,1,0.0,0.0,8.5,6.9,1.7,12625.0,1017163.0,755384.0,373127.0
2022-03-10,2022,3,10,Thursday,0,0,1,spring,0,1,0.0,0.0,10.4,8.2,2.0,11080.0,984304.0,748696.0,368768.0
2022-03-11,2022,3,11,Friday,0,0,1,spring,0,1,0.0,0.0,10.6,9.6,2.0,8631.0,916377.0,686301.0,379379.0
2022-03-12,2022,3,12,Saturday,1,0,1,spring,0,0,0.0,0.0,10.6,8.1,1.7,12288.0,517819.0,389849.0,364267.0
2022-03-13,2022,3,13,Sunday,1,0,1,spring,0,0,0.0,0.0,10.6,9.6,1.0,15158.0,505477.0,360146.0,356471.0
2022-03-14,2022,3,14,Monday,0,0,1,spring,0,1,0.0,0.0,10.3,9.9,1.7,11203.0,1014191.0,748489.0,174103.0
2022-03-15,2022,3,15,Tuesday,0,0,1,spring,0,1,6.3,0.0,1.3,7.5,7.3,9392.0,997420.0,736329.0,153347.0
2022-03-16,2022,3,16,Wednesday,0,0,1,spring,0,1,0.0,0.0,0.2,10.5,9.0,9970.0,1029440.0,753457.0,384391.0
2022-03-17,2022,3,17,Thursday,0,0,1,spring,0,1,0.0,0.0,0.0,10.7,5.7,12757.0,997420.0,745909.0,377188.0
2022-03-18,2022,3,18,Friday,0,0,1,spring,0,1,0.0,0.0,1.1,10.6,3.7,12296.0,939843.0,700272.0,385464.0
2022-03-19,2022,3,19,Saturday,1,0,1,spring,0,0,0.0,0.0,0.8,9.3,7.7,12718.0,564660.0,398006.0,378733.0
2022-03-20,2022,3,20,Sunday,1,0,1,spring,0,0,0.0,0.0,10.9,13.5,3.0,15687.0,518775.0,368913.0,359239.0
2022-03-21,2022,3,21,Monday,0,0,0,spring,0,1,0.0,0.0,10.0,16.0,5.3,14591.0,1042534.0,840796.0,182317.0
2022-03-22,2022,3,22,Tuesday,0,0,0,spring,0,1,0.0,0.0,5.4,13.8,3.3,18574.0,1073398.0,851941.0,149645.0
2022-03-23,2022,3,23,Wednesday,0,0,0,spring,0,1,0.0,0.0,0.0,5.0,3.3,19305.0,1134614.0,875063.0,394526.0
2022-03-24,2022,3,24,Thursday,0,0,0,spring,0,1,0.0,0.0,0.6,4.2,3.3,18581.0,1085254.0,846277.0,387925.0
2022-03-25,2022,3,25,Friday,0,0,0,spring,0,1,0.0,0.0,3.8,5.2,1.7,16599.0,1020174.0,791112.0,405967.0
2022-03-26,2022,3,26,Saturday,1,0,0,spring,0,0,0.0,0.0,5.2,6.1,3.7,24588.0,627760.0,442946.0,403229.0
2022-03-27,2022,3,27,Sunday,1,0,0,spring,0,0,0.0,0.0,8.7,9.2,3.7,22823.0,550109.0,386970.0,389340.0
2022-03-28,2022,3,28,Monday,0,0,0,spring,0,1,0.0,0.0,4.9,8.8,1.7,23629.0,1093920.0,838526.0,188532.0
2022-03-29,2022,3,29,Tuesday,0,0,0,spring,0,1,0.1,0.0,10.0,11.1,2.0,18014.0,1066156.0,844518.0,177880.0
2022-03-30,2022,3,30,Wednesday,0,0,0,spring,0,1,4.5,0.0,10.7,11.9,1.0,6867.0,1055131.0,843531.0,411509.0
2022-03-31,2022,3,31,Thursday,0,0,0,spring,0,1,0.9,0.0,0.6,11.4,2.3,8219.0,1056817.0,827673.0,430338.0
2022-04-01,2022,4,1,Friday,0,0,0,spring,0,1,0.3,0.0,7.2,11.8,1.7,6504.0,950914.0,774322.0,444124.0
2022-04-02,2022,4,2,Saturday,1,0,0,spring,0,0,0.0,0.0,10.0,14.2,2.3,6525.0,545212.0,386132.0,426356.0
2022-04-03,2022,4,3,Sunday,1,0,0,spring,0,0,0.0,0.0,8.1,14.7,2.3,5747.0,482086.0,344765.0,174103.0
2022-04-04,2022,4,4,Monday,0,0,0,spring,0,1,0.2,0.0,8.5,15.1,2.0,9017.0,1004143.0,851628.0,169362.0
2022-04-05,2022,4,5,Tuesday,0,0,0,spring,0,1,0.0,0.0,0.0,12.7,1.0,6824.0,1096762.0,828370.0,169252.0
2022-04-06,2022,4,6,Wednesday,0,0,0,spring,0,1,0.0,0.0,3.2,12.8,1.7,13832.0,1121905.0,877637.0,135507.0
2022-04-07,2022,4,7,Thursday,0,0,0,spring,0,1,0.8,0.0,8.9,15.6,1.3,10613.0,1111542.0,848841.0,411203.0
2022-04-08,2022,4,8,Friday,0,0,0,spring,0,1,10.5,0.0,2.1,12.8,5.7,6860.0,1017237.0,793561.0,421227.0
2022-04-09,2022,4,9,Saturday,1,0,0,spring,0,0,0.4,0.0,1.9,8.8,6.3,5627.0,558569.0,403665.0,417392.0
2022-04-10,2022,4,10,Sunday,1,0,0,spring,0,0,0.3,0.0,0.4,7.9,3.0,7132.0,511142.0,372156.0,406698.0
2022-04-11,2022,4,11,Monday,0,0,0,spring,0,1,0.0,0.0,10.8,9.0,2.3,14605.0,1160983.0,866403.0,205747.0
2022-04-12,2022,4,12,Tuesday,0,0,0,spring,0,1,0.0,0.0,4.4,11.3,1.0,23548.0,1153350.0,890347.0,210144.0
2022-04-13,2022,4,13,Wednesday,0,0,0,spring,0,1,0.0,0.0,3.1,12.1,3.0,28153.0,1201230.0,883380.0,454412.0
2022-04-14,2022,4,14,Thursday,0,0,1,spring,0,1,2.5,0.0,3.1,8.0,6.7,24804.0,1011302.0,739959.0,462281.0
2022-04-15,2022,4,15,Friday,0,1,0,spring,0,0,0.0,0.0,1.9,5.9,6.3,15014.0,589017.0,435217.0,480414.0
2022-04-16,2022,4,16,Saturday,1,0,0,spring,0,0,0.0,0.0,4.5,7.6,2.0,9411.0,563671.0,375459.0,466562.0
2022-04-17,2022,4,17,Sunday,1,0,0,spring,0,0,0.0,0.0,12.5,8.1,1.7,15622.0,566457.0,365015.0,435245.0
2022-04-18,2022,4,18,Monday,0,1,0,spring,0,0,0.0,0.0,1.0,5.9,2.3,16624.0,422346.0,287735.0,211238.0
2022-04-19,2022,4,19,Tuesday,0,0,0,spring,0,1,2.0,0.0,9.1,13.8,3.7,10002.0,1031213.0,831017.0,201649.0
2022-04-20,2022,4,20,Wednesday,0,0,0,spring,0,1,1.6,0.0,8.7,13.5,4.0,11752.0,1099359.0,892165.0,469589.0
2022-04-21,2022,4,21,Thursday,0,0,0,spring,0,1,0.0,0.0,2.8,13.3,3.3,12997.0,1120443.0,875267.0,489438.0
2022-04-22,2022,4,22,Friday,0,0,0,spring,0,1,0.2,0.0,3.0,13.6,1.3,12397.0,1070446.0,812960.0,504934.0
2022-04-23,2022,4,23,Saturday,1,0,0,spring,0,0,0.0,0.0,11.4,16.2,1.7,32603.0,686317.0,478944.0,489186.0
2022-04-24,2022,4,24,Sunday,1,0,0,spring,0,0,14.0,0.0,9.8,16.0,1.7,3985.0,449493.0,315143.0,465126.0
2022-04-25,2022,4,25,Monday,0,0,0,spring,0,1,0.2,0.0,7.3,14.9,2.0,9546.0,1009977.0,842922.0,256952.0
2022-04-26,2022,4,26,Tuesday,0,0,0,spring,0,1,0.0,0.0,7.8,15.8,1.7,20230.0,1086742.0,877416.0,220504.0
2022-04-27,2022,4,27,Wednesday,0,0,0,spring,0,1,0.0,0.0,2.9,15.9,1.7,20896.0,1124336.0,892874.0,500330.0
2022-04-28,2022,4,28,Thursday,0,0,0,spring,0,1,0.0,0.0,2.0,15.3,1.0,23879.0,1119325.0,899052.0,509789.0
2022-04-29,2022,4,29,Friday,0,0,0,spring,0,1,0.0,0.0,4.0,14.0,2.3,23190.0,1038875.0,826547.0,532738.0
2022-04-30,2022,4,30,Saturday,1,0,0,spring,0,0,0.0,0.0,10.3,15.3,1.3,29594.0,665527.0,461827.0,510590.0
2022-05-01,2022,5,1,Sunday,1,1,0,spring,0,0,0.0,0.0,5.0,13.4,2.3,26920.0,581654.0,379985.0,487787.0
2022-05-02,2022,5,2,Monday,0,0,0,spring,0,1,0.1,0.0,5.0,9.8,3.3,25824.0,1121580.0,868676.0,229670.0
2022-05-03,2022,5,3,Tuesday,0,0,0,spring,0,1,0.0,0.0,0.0,6.6,2.7,28514.0,1174715.0,873364.0,176569.0
2022-05-04,2022,5,4,Wednesday,0,0,0,spring,0,1,0.0,0.0,9.4,7.9,3.7,33892.0,1160276.0,885976.0,533221.0
2022-05-05,2022,5,5,Thursday,0,0,0,spring,0,1,1.0,0.0,12.0,9.3,1.7,18858.0,1091837.0,862022.0,542242.0
2022-05-06,2022,5,6,Friday,0,0,0,spring,0,1,0.0,0.0,8.3,15.6,3.0,24085.0,1015532.0,815177.0,547448.0
2022-05-07,2022,5,7,Saturday,1,0,0,spring,0,0,0.0,0.0,0.1,12.3,3.0,36520.0,632058.0,455593.0,535105.0
2022-05-08,2022,5,8,Sunday,1,1,0,spring,0,0,0.0,0.0,5.8,14.1,3.3,43775.0,539075.0,364893.0,498484.0
2022-05-09,2022,5,9,Monday,0,0,0,spring,0,1,0.0,0.0,6.2,16.3,5.0,35037.0,1088932.0,862840.0,240790.0
2022-05-10,2022,5,10,Tuesday,0,0,0,spring,0,1,0.0,0.0,8.3,13.9,4.0,41389.0,1104081.0,880940.0,272380.0
2022-05-11,2022,5,11,Wednesday,0,0,0,spring,0,1,0.0,0.0,4.1,12.9,4.7,42562.0,1184730.0,888529.0,608856.0
2022-05-12,2022,5,12,Thursday,0,0,0,spring,0,1,0.0,0.0,8.2,11.4,5.7,34514.0,1142301.0,866686.0,615437.0
2022-05-13,2022,5,13,Friday,0,0,0,spring,0,1,0.0,0.0,2.8,9.5,3.3,30116.0,1050606.0,819087.0,592519.0
2022-05-14,2022,5,14,Saturday,1,0,0,spring,0,0,0.0,0.0,4.0,9.3,5.0,35138.0,708339.0,469609.0,601120.0
2022-05-15,2022,5,15,Sunday,1,0,0,spring,0,0,0.0,0.0,3.4,11.0,5.0,39444.0,613741.0,428693.0,566130.0
2022-05-16,2022,5,16,Monday,0,0,0,spring,0,1,5.4,0.0,0.0,10.7,4.0,34342.0,1148083.0,881323.0,312652.0
2022-05-17,2022,5,17,Tuesday,0,0,0,spring,0,1,0.0,0.0,0.0,10.5,4.0,18204.0,1116099.0,859133.0,268957.0
2022-05-18,2022,5,18,Wednesday,0,0,0,spring,0,1,0.0,0.0,0.0,10.7,1.7,38455.0,1173782.0,889945.0,606566.0
2022-05-19,2022,5,19,Thursday,0,0,0,spring,0,1,0.9,0.0,9.2,17.2,2.0,34619.0,1150987.0,869764.0,620670.0
2022-05-20,2022,5,20,Friday,0,0,0,spring,0,1,0.5,0.0,13.9,19.6,1.3,26470.0,1028666.0,784342.0,641163.0
2022-05-21,2022,5,21,Saturday,1,0,0,spring,0,0,0.0,0.0,13.2,21.1,1.7,26272.0,694837.0,441251.0,634287.0
2022-05-22,2022,5,22,Sunday,1,0,0,spring,0,0,0.0,0.0,14.0,23.3,3.0,31150.0,617834.0,392819.0,596183.0
2022-05-23,2022,5,23,Monday,0,0,0,spring,0,1,0.0,0.0,8.0,20.6,1.3,30322.0,1078439.0,847349.0,321481.0
2022-05-24,2022,5,24,Tuesday,0,0,0,spring,0,1,1.1,0.0,4.9,17.0,1.3,16543.0,1104164.0,840828.0,272383.0
2022-05-25,2022,5,25,Wednesday,0,0,0,spring,0,1,1.1,0.0,13.2,19.7,1.7,21072.0,1209584.0,875739.0,667675.0
2022-05-26,2022,5,26,Thursday,0,0,0,spring,0,1,0.0,0.0,10.7,19.8,2.7,28509.0,1167047.0,855952.0,675413.0
2022-05-27,2022,5,27,Friday,0,0,0,spring,0,1,3.4,0.0,2.3,15.6,1.7,14311.0,1037288.0,754017.0,686072.0
2022-05-28,2022,5,28,Saturday,1,0,0,spring,0,0,0.0,0.0,0.5,14.2,3.0,21348.0,688083.0,417194.0,673390.0
2022-05-29,2022,5,29,Sunday,1,0,0,spring,0,0,2.3,0.0,0.0,8.8,3.7,15985.0,501382.0,349167.0,638558.0
2022-05-30,2022,5,30,Monday,0,0,0,spring,0,1,0.0,0.0,3.4,12.0,3.0,21617.0,1053791.0,849025.0,324878.0
2022-05-31,2022,5,31,Tuesday,0,0,0,spring,0,1,0.3,0.0,11.4,15.6,2.3,31601.0,1105520.0,862634.0,285426.0
2022-06-01,2022,6,1,Wednesday,0,0,0,summer,0,1,0.0,0.0,14.1,15.7,2.7,31762.0,1159080.0,889266.0,679109.0
2022-06-02,2022,6,2,Thursday,0,0,0,summer,0,1,0.0,0.0,9.5,15.6,2.0,34675.0,1090212.0,859933.0,712893.0
2022-06-03,2022,6,3,Friday,0,0,0,summer,0,1,5.3,0.0,5.4,15.8,1.7,30577.0,1027479.0,763682.0,728789.0
2022-06-04,2022,6,4,Saturday,1,0,0,summer,0,0,0.0,0.0,9.2,17.8,1.3,25441.0,625731.0,427714.0,716373.0
2022-06-05,2022,6,5,Sunday,1,0,0,summer,0,0,7.0,0.0,7.5,17.3,3.7,39178.0,592216.0,410975.0,676431.0
2022-06-06,2022,6,6,Monday,0,0,0,summer,0,1,0.9,0.0,14.3,19.2,2.0,23669.0,1144851.0,869323.0,340947.0
2022-06-07,2022,6,7,Tuesday,0,0,0,summer,0,1,6.4,0.0,14.8,23.7,1.3,11689.0,1091735.0,822648.0,302060.0
2022-06-08,2022,6,8,Wednesday,0,0,0,summer,0,1,0.0,0.0,15.3,26.5,2.0,35054.0,1187456.0,879277.0,719612.0
2022-06-09,2022,6,9,Thursday,0,0,0,summer,0,1,0.0,0.0,15.2,27.7,2.0,20500.0,1157840.0,839659.0,739705.0
2022-06-10,2022,6,10,Friday,0,0,0,summer,0,1,0.0,0.0,13.3,28.4,2.0,28972.0,1129656.0,806591.0,744132.0
2022-06-11,2022,6,11,Saturday,1,0,0,summer,0,0,0.0,0.0,9.1,25.4,2.3,32622.0,694344.0,444876.0,741826.0
2022-06-12,2022,6,12,Sunday,1,0,0,summer,0,0,0.9,0.0,9.1,21.2,3.0,33762.0,569425.0,394559.0,692498.0
2022-06-13,2022,6,13,Monday,0,0,0,summer,0,1,3.3,0.0,9.8,18.2,3.7,17542.0,1041780.0,816887.0,355458.0
2022-06-14,2022,6,14,Tuesday,0,0,0,summer,0,1,0.0,0.0,6.6,15.9,3.7,33968.0,1089615.0,865870.0,311319.0
2022-06-15,2022,6,15,Wednesday,0,0,0,summer,0,1,0.0,0.0,5.1,16.1,3.0,36131.0,1162801.0,873664.0,735037.0
2022-06-16,2022,6,16,Thursday,0,0,0,summer,0,1,0.1,0.0,7.1,17.7,1.3,27959.0,1093909.0,838632.0,767270.0
2022-06-17,2022,6,17,Friday,0,0,0,summer,0,1,0.0,0.0,8.5,17.6,2.7,29482.0,1026375.0,780095.0,785605.0
2022-06-18,2022,6,18,Saturday,1,0,0,summer,0,0,0.0,0.0,12.6,20.0,1.3,26251.0,550162.0,430998.0,771446.0
2022-06-19,2022,6,19,Sunday,1,0,0,summer,0,0,0.0,0.0,10.8,18.0,3.7,19855.0,456100.0,360784.0,710365.0
2022-06-20,2022,6,20,Monday,0,0,0,summer,0,1,13.0,0.0,3.5,14.1,5.3,16922.0,1004354.0,812455.0,370948.0
2022-06-21,2022,6,21,Tuesday,0,0,0,summer,0,1,0.0,0.0,0.5,14.7,4.0,32783.0,1148763.0,864106.0,334245.0
2022-06-22,2022,6,22,Wednesday,0,0,0,summer,0,1,0.0,0.0,1.0,16.2,3.3,32176.0,1151164.0,883514.0,757903.0
2022-06-23,2022,6,23,Thursday,0,0,0,summer,0,1,0.0,0.0,11.9,17.3,2.0,31292.0,1073183.0,848987.0,762769.0
2022-06-24,2022,6,24,Friday,0,0,0,summer,0,1,45.0,0.0,8.1,17.0,2.7,16268.0,939735.0,731065.0,794234.0
2022-06-25,2022,6,25,Saturday,1,0,0,summer,0,0,6.1,0.0,2.6,12.4,3.0,8229.0,507949.0,358051.0,787657.0
2022-06-26,2022,6,26,Sunday,1,0,0,summer,0,0,0.0,0.0,5.7,16.2,1.7,35645.0,754727.0,394658.0,712429.0
2022-06-27,2022,6,27,Monday,0,0,0,summer,0,1,9.6,0.0,8.8,19.1,1.3,24516.0,1022810.0,805487.0,384181.0
2022-06-28,2022,6,28,Tuesday,0,0,0,summer,0,1,15.1,0.0,6.1,20.3,3.0,22216.0,1075128.0,837644.0,347589.0
2022-06-29,2022,6,29,Wednesday,0,0,0,summer,0,1,20.1,0.0,0.0,16.4,3.3,10095.0,1053870.0,818908.0,770791.0
2022-06-30,2022,6,30,Thursday,0,0,0,summer,0,1,1.1,0.0,2.3,14.4,2.7,21577.0,1059757.0,842331.0,786416.0
2022-07-01,2022,7,1,Friday,0,0,1,summer,0,1,5.2,0.0,9.0,17.2,2.3,12644.0,786008.0,600843.0,792332.0
2022-07-02,2022,7,2,Saturday,1,0,1,summer,0,0,0.0,0.0,5.6,18.3,2.3,13555.0,522057.0,369976.0,701251.0
2022-07-03,2022,7,3,Sunday,1,0,1,summer,0,0,0.0,0.0,14.1,20.8,2.0,13916.0,458383.0,323838.0,611450.0
2022-07-04,2022,7,4,Monday,0,0,1,summer,0,1,3.1,0.0,13.3,23.4,2.7,16678.0,711760.0,534850.0,342061.0
2022-07-05,2022,7,5,Tuesday,0,1,1,summer,0,0,0.1,0.0,4.4,22.5,2.0,20756.0,485144.0,356371.0,303289.0
2022-07-06,2022,7,6,Wednesday,0,1,1,summer,0,0,0.1,0.0,11.1,25.3,2.3,21775.0,494734.0,350130.0,302496.0
2022-07-07,2022,7,7,Thursday,0,0,1,summer,0,1,4.8,0.0,10.5,23.8,3.0,8252.0,769425.0,561934.0,316340.0
2022-07-08,2022,7,8,Friday,0,0,1,summer,0,1,0.0,0.0,6.1,20.8,1.3,12390.0,715630.0,543557.0,593484.0
2022-07-09,2022,7,9,Saturday,1,0,1,summer,0,0,1.8,0.0,1.3,15.4,4.7,12768.0,469241.0,340616.0,571737.0
2022-07-10,2022,7,10,Sunday,1,0,1,summer,0,0,0.0,0.0,0.4,13.9,3.0,16181.0,460646.0,323698.0,537595.0
2022-07-11,2022,7,11,Monday,0,0,1,summer,0,1,0.0,0.0,2.8,18.1,2.0,21973.0,903086.0,666248.0,336510.0
2022-07-12,2022,7,12,Tuesday,0,0,1,summer,0,1,0.0,0.0,11.8,18.5,3.0,27547.0,948434.0,661567.0,288201.0
2022-07-13,2022,7,13,Wednesday,0,0,1,summer,0,1,0.0,0.0,8.8,18.3,2.0,27751.0,924228.0,662307.0,643983.0
2022-07-14,2022,7,14,Thursday,0,0,1,summer,0,1,4.4,0.0,7.9,20.8,2.0,18995.0,888867.0,629419.0,667383.0
2022-07-15,2022,7,15,Friday,0,0,1,summer,0,1,0.0,0.0,11.6,23.2,1.0,21684.0,838640.0,600853.0,678079.0
2022-07-16,2022,7,16,Saturday,1,0,1,summer,0,0,0.0,0.0,9.2,23.4,1.0,23167.0,546925.0,362347.0,690936.0
2022-07-17,2022,7,17,Sunday,1,0,1,summer,0,0,0.0,0.0,4.8,24.1,1.3,30726.0,471281.0,338820.0,645757.0
2022-07-18,2022,7,18,Monday,0,0,1,summer,0,1,0.0,0.0,13.7,25.7,1.3,27901.0,895719.0,647925.0,361783.0
2022-07-19,2022,7,19,Tuesday,0,0,1,summer,0,1,0.0,0.0,13.3,27.3,2.0,29885.0,884036.0,632535.0,343315.0
2022-07-20,2022,7,20,Wednesday,0,0,1,summer,0,1,0.0,0.0,12.8,29.1,1.0,26215.0,823660.0,619677.0,661275.0
2022-07-21,2022,7,21,Thursday,0,0,1,summer,0,1,0.1,0.0,4.6,22.5,2.0,22505.0,844025.0,598865.0,677964.0
2022-07-22,2022,7,22,Friday,0,0,1,summer,0,1,0.0,0.0,9.0,24.7,3.3,22650.0,780092.0,567642.0,693866.0
2022-07-23,2022,7,23,Saturday,1,0,1,summer,0,0,0.9,0.0,11.6,22.2,2.7,17959.0,501211.0,341174.0,670219.0
2022-07-24,2022,7,24,Sunday,1,0,1,summer,0,0,0.0,0.0,7.7,18.5,3.0,32232.0,476465.0,339495.0,617091.0
2022-07-25,2022,7,25,Monday,0,0,1,summer,0,1,0.0,0.0,11.1,22.4,2.0,31130.0,816907.0,603991.0,370175.0
2022-07-26,2022,7,26,Tuesday,0,0,1,summer,0,1,0.0,0.0,12.1,23.6,2.0,31924.0,875476.0,625270.0,329281.0
2022-07-27,2022,7,27,Wednesday,0,0,1,summer,0,1,0.0,0.0,9.1,23.5,2.0,26111.0,896834.0,639964.0,651082.0
2022-07-28,2022,7,28,Thursday,0,0,1,summer,0,1,0.0,0.0,4.1,21.3,2.0,29584.0,873100.0,624171.0,679242.0
2022-07-29,2022,7,29,Friday,0,0,1,summer,0,1,34.6,0.0,2.3,21.1,1.0,21110.0,782249.0,568700.0,689964.0
2022-07-30,2022,7,30,Saturday,1,0,1,summer,0,0,4.3,0.0,2.0,21.6,1.3,8868.0,471843.0,321487.0,671338.0
2022-07-31,2022,7,31,Sunday,1,0,1,summer,0,0,0.0,0.0,4.1,20.3,4.0,33391.0,512335.0,342638.0,618981.0
2022-08-01,2022,8,1,Monday,0,0,1,summer,0,1,0.0,0.0,7.0,21.3,2.7,22999.0,850692.0,624577.0,382048.0
2022-08-02,2022,8,2,Tuesday,0,0,1,summer,0,1,0.0,0.0,5.7,24.9,2.3,31348.0,868127.0,629607.0,308766.0
2022-08-03,2022,8,3,Wednesday,0,0,1,summer,0,1,0.0,0.0,9.4,22.2,1.3,30265.0,883773.0,633828.0,658848.0
2022-08-04,2022,8,4,Thursday,0,0,1,summer,0,1,0.0,0.0,0.2,18.3,2.3,25991.0,850306.0,597447.0,682781.0
2022-08-05,2022,8,5,Friday,0,0,1,summer,0,1,12.8,0.0,2.8,18.5,2.0,19440.0,746225.0,531140.0,686037.0
2022-08-06,2022,8,6,Saturday,1,0,1,summer,0,0,0.1,0.0,5.2,21.2,1.3,21332.0,550031.0,353473.0,664318.0
2022-08-07,2022,8,7,Sunday,1,0,1,summer,0,0,0.0,0.0,6.3,21.4,1.0,31641.0,531541.0,350365.0,617942.0
2022-08-08,2022,8,8,Monday,0,0,1,summer,0,1,0.0,0.0,11.7,23.0,1.7,27811.0,865597.0,630548.0,412925.0
2022-08-09,2022,8,9,Tuesday,0,0,1,summer,0,1,0.0,0.0,6.9,23.0,3.3,29981.0,871813.0,638689.0,358385.0
2022-08-10,2022,8,10,Wednesday,0,0,1,summer,0,1,0.0,0.0,12.6,23.5,2.0,31010.0,905858.0,648997.0,664965.0
2022-08-11,2022,8,11,Thursday,0,0,1,summer,0,1,0.0,0.0,1.2,17.7,3.3,24800.0,872938.0,628352.0,695059.0
2022-08-12,2022,8,12,Friday,0,0,1,summer,0,1,0.0,0.0,3.8,17.9,3.0,20644.0,824501.0,582468.0,707575.0
2022-08-13,2022,8,13,Saturday,1,0,1,summer,0,0,0.0,0.0,1.4,17.1,3.0,18683.0,576094.0,366767.0,683576.0
2022-08-14,2022,8,14,Sunday,1,0,1,summer,0,0,1.1,0.0,2.5,16.9,3.0,20962.0,530184.0,339205.0,629330.0
2022-08-15,2022,8,15,Monday,0,0,1,summer,0,1,0.4,0.0,4.8,15.7,3.3,19074.0,865260.0,635467.0,395867.0
2022-08-16,2022,8,16,Tuesday,0,0,1,summer,0,1,0.0,0.0,4.4,14.5,3.3,28776.0,902006.0,636796.0,354638.0
2022-08-17,2022,8,17,Wednesday,0,0,1,summer,0,1,0.0,0.0,4.0,16.2,5.3,27796.0,907303.0,632524.0,664605.0
2022-08-18,2022,8,18,Thursday,0,0,1,summer,0,1,0.0,0.0,2.5,16.8,4.0,24879.0,906898.0,598703.0,696360.0
2022-08-19,2022,8,19,Friday,0,0,1,summer,0,1,23.0,0.0,3.9,16.8,2.3,17386.0,808512.0,571627.0,710186.0
2022-08-20,2022,8,20,Saturday,1,0,1,summer,0,0,25.6,0.0,8.3,16.1,3.7,4329.0,459136.0,301780.0,688941.0
2022-08-21,2022,8,21,Sunday,1,0,1,summer,0,0,0.0,0.0,6.6,14.6,2.7,20378.0,541857.0,343459.0,635947.0
2022-08-22,2022,8,22,Monday,0,0,1,summer,0,1,13.9,0.0,4.6,16.6,2.3,9208.0,882552.0,617639.0,411065.0
2022-08-23,2022,8,23,Tuesday,0,0,1,summer,0,1,5.8,0.0,5.1,15.8,4.0,9765.0,876494.0,604197.0,345522.0
2022-08-24,2022,8,24,Wednesday,0,0,1,summer,0,1,0.0,0.0,3.1,13.0,4.0,26618.0,995510.0,656867.0,676366.0
2022-08-25,2022,8,25,Thursday,0,0,1,summer,0,1,0.6,0.0,11.6,14.4,2.3,28010.0,956216.0,651922.0,695186.0
2022-08-26,2022,8,26,Friday,0,0,1,summer,0,1,11.7,0.0,0.0,13.5,1.0,17605.0,801888.0,568421.0,742619.0
2022-08-27,2022,8,27,Saturday,1,0,1,summer,0,0,3.2,0.0,5.3,14.5,2.3,13407.0,548084.0,355522.0,697917.0
2022-08-28,2022,8,28,Sunday,1,0,1,summer,0,0,0.1,0.0,11.6,15.3,2.0,20268.0,513110.0,340749.0,651202.0
2022-08-29,2022,8,29,Monday,0,0,1,summer,0,1,0.0,0.0,2.6,16.6,3.0,31570.0,949887.0,682910.0,400267.0
2022-08-30,2022,8,30,Tuesday,0,0,1,summer,0,1,0.0,0.0,7.1,17.0,1.7,32499.0,949465.0,702062.0,361855.0
2022-08-31,2022,8,31,Wednesday,0,0,1,summer,0,1,0.0,0.0,0.5,14.1,2.0,24112.0,1000472.0,710473.0,734046.0
2022-09-01,2022,9,1,Thursday,0,0,0,autumn,0,1,0.0,0.0,0.0,13.7,3.0,24788.0,1059994.0,811832.0,738507.0
2022-09-02,2022,9,2,Friday,0,0,0,autumn,0,1,0.0,0.0,0.0,13.4,2.7,23520.0,992768.0,764111.0,821993.0
2022-09-03,2022,9,3,Saturday,1,0,0,autumn,0,0,0.0,0.0,3.4,15.7,2.3,26329.0,610895.0,406601.0,810094.0
2022-09-04,2022,9,4,Sunday,1,0,0,autumn,0,0,0.0,0.0,10.6,19.0,2.0,32417.0,493961.0,375069.0,765338.0
2022-09-05,2022,9,5,Monday,0,0,0,autumn,0,1,0.0,0.0,9.5,20.5,1.0,26209.0,1063306.0,834821.0,429620.0
2022-09-06,2022,9,6,Tuesday,0,0,0,autumn,0,1,0.9,0.0,10.2,20.5,1.3,26096.0,1106741.0,826610.0,372756.0
2022-09-07,2022,9,7,Wednesday,0,0,0,autumn,0,1,0.0,0.0,8.1,19.8,1.3,28234.0,1023044.0,827677.0,794560.0
2022-09-08,2022,9,8,Thursday,0,0,0,autumn,0,1,0.5,0.0,6.3,18.8,1.7,14972.0,1059187.0,808828.0,816627.0
2022-09-09,2022,9,9,Friday,0,0,0,autumn,0,1,26.9,0.0,4.0,17.7,2.0,16350.0,945918.0,759916.0,841368.0
2022-09-10,2022,9,10,Saturday,1,0,0,autumn,0,0,0.7,0.0,2.3,15.0,1.3,16147.0,592886.0,416274.0,816844.0
2022-09-11,2022,9,11,Sunday,1,0,0,autumn,0,0,0.5,0.0,1.2,14.3,2.0,16268.0,475871.0,365692.0,773385.0
2022-09-12,2022,9,12,Monday,0,0,0,autumn,0,1,0.0,0.0,0.0,15.8,2.0,24035.0,1027699.0,824776.0,430361.0
2022-09-13,2022,9,13,Tuesday,0,0,0,autumn,0,1,1.8,0.0,0.6,17.1,2.3,31100.0,1067714.0,832971.0,374208.0
2022-09-14,2022,9,14,Wednesday,0,0,0,autumn,0,1,7.0,0.0,0.0,16.5,2.3,15220.0,1003527.0,808780.0,808303.0
2022-09-15,2022,9,15,Thursday,0,0,0,autumn,0,1,6.4,0.0,3.0,18.7,1.3,16071.0,1079613.0,809706.0,835568.0
2022-09-16,2022,9,16,Friday,0,0,0,autumn,0,1,1.6,0.0,7.0,17.8,1.7,23513.0,976932.0,765492.0,860057.0
2022-09-17,2022,9,17,Saturday,1,0,0,autumn,0,0,2.8,0.0,9.2,17.2,3.0,12666.0,590696.0,402138.0,852066.0
2022-09-18,2022,9,18,Sunday,1,0,0,autumn,0,0,3.6,0.0,10.9,17.3,2.0,13361.0,514353.0,352435.0,792066.0
2022-09-19,2022,9,19,Monday,0,0,0,autumn,0,1,1.7,0.0,7.1,18.3,2.0,16347.0,1082843.0,831268.0,438840.0
2022-09-20,2022,9,20,Tuesday,0,0,0,autumn,0,1,1.2,0.0,5.4,16.5,1.7,16028.0,1114014.0,846926.0,384452.0
2022-09-21,2022,9,21,Wednesday,0,0,0,autumn,0,1,1.7,0.0,2.4,15.4,4.3,16152.0,1165810.0,863041.0,824029.0
2022-09-22,2022,9,22,Thursday,0,0,0,autumn,0,1,0.0,0.0,3.6,10.9,6.0,17269.0,1103657.0,838912.0,847760.0
2022-09-23,2022,9,23,Friday,0,0,0,autumn,0,1,0.0,0.0,3.0,9.7,4.0,16745.0,1060408.0,791063.0,864911.0
2022-09-24,2022,9,24,Saturday,1,0,0,autumn,0,0,0.0,0.0,6.4,10.7,1.7,19165.0,633679.0,434701.0,862381.0
2022-09-25,2022,9,25,Sunday,1,0,0,autumn,0,0,5.5,0.0,1.9,12.4,4.3,17019.0,514870.0,381358.0,780973.0
2022-09-26,2022,9,26,Monday,0,0,0,autumn,0,1,1.0,0.0,0.0,13.3,3.7,15037.0,1057787.0,849661.0,448356.0
2022-09-27,2022,9,27,Tuesday,0,0,0,autumn,0,1,0.1,0.0,5.9,14.4,2.0,18355.0,1105657.0,853641.0,386557.0
2022-09-28,2022,9,28,Wednesday,0,1,0,autumn,0,0,3.6,0.0,8.6,13.2,1.3,7781.0,515812.0,349980.0,657017.0
2022-09-29,2022,9,29,Thursday,0,0,0,autumn,0,1,0.0,0.0,8.4,15.0,1.7,18840.0,1041256.0,832155.0,394117.0
2022-09-30,2022,9,30,Friday,0,0,0,autumn,0,1,0.0,0.0,0.1,16.4,1.0,21337.0,996512.0,760911.0,882513.0
2022-10-01,2022,10,1,Saturday,1,0,0,autumn,0,0,0.9,0.0,1.5,16.0,1.7,14362.0,539365.0,398860.0,884676.0
2022-10-02,2022,10,2,Sunday,1,0,0,autumn,0,0,0.0,0.0,5.2,14.8,1.7,16581.0,504866.0,380859.0,824420.0
2022-10-03,2022,10,3,Monday,0,0,0,autumn,0,1,0.0,0.0,4.9,13.2,1.3,19701.0,1129664.0,910917.0,438818.0
2022-10-04,2022,10,4,Tuesday,0,0,0,autumn,0,1,0.0,0.0,1.6,11.4,2.0,24430.0,1180808.0,894803.0,392325.0
2022-10-05,2022,10,5,Wednesday,0,0,0,autumn,0,1,0.0,0.0,0.1,12.2,2.0,27077.0,1172125.0,916907.0,869865.0
2022-10-06,2022,10,6,Thursday,0,0,0,autumn,0,1,0.0,0.0,4.3,12.0,3.0,24964.0,1178418.0,890068.0,901127.0
2022-10-07,2022,10,7,Friday,0,0,0,autumn,0,1,0.0,0.0,2.5,12.2,2.3,23900.0,1076141.0,825242.0,913666.0
2022-10-08,2022,10,8,Saturday,1,0,0,autumn,0,0,0.2,0.0,3.3,14.1,2.0,18475.0,590328.0,436664.0,897688.0
2022-10-09,2022,10,9,Sunday,1,0,0,autumn,0,0,0.0,0.0,7.1,15.3,2.3,26389.0,564313.0,401630.0,854109.0
2022-10-10,2022,10,10,Monday,0,0,0,autumn,0,1,0.2,0.0,0.1,14.3,1.3,23951.0,1175377.0,904126.0,442623.0
2022-10-11,2022,10,11,Tuesday,0,0,0,autumn,0,1,0.1,0.0,0.0,14.9,1.3,20765.0,1225419.0,903639.0,382799.0
2022-10-12,2022,10,12,Wednesday,0,0,0,autumn,0,1,0.0,0.0,6.1,14.3,2.7,24760.0,1210799.0,923026.0,868624.0
2022-10-13,2022,10,13,Thursday,0,0,0,autumn,0,1,0.0,0.0,1.6,15.7,1.0,23614.0,1242793.0,915150.0,914174.0
2022-10-14,2022,10,14,Friday,0,0,0,autumn,0,1,0.3,0.0,3.6,13.9,2.3,20541.0,1156579.0,830549.0,917569.0
2022-10-15,2022,10,15,Saturday,1,0,0,autumn,0,0,2.9,0.0,2.6,11.8,1.7,11087.0,691433.0,427094.0,909077.0
2022-10-16,2022,10,16,Sunday,1,0,0,autumn,0,0,0.0,0.0,3.2,14.2,4.0,25684.0,623329.0,405416.0,874384.0
2022-10-17,2022,10,17,Monday,0,0,0,autumn,0,1,0.0,0.0,0.0,13.1,2.7,30464.0,1193094.0,915553.0,512476.0
2022-10-18,2022,10,18,Tuesday,0,0,0,autumn,0,1,5.6,0.0,7.8,12.3,1.7,19273.0,1187291.0,890958.0,414518.0
2022-10-19,2022,10,19,Wednesday,0,0,0,autumn,0,1,0.0,0.0,5.2,14.1,1.3,21445.0,1239553.0,927999.0,878388.0
2022-10-20,2022,10,20,Thursday,0,0,0,autumn,0,1,0.0,0.0,0.7,15.1,5.3,22151.0,1176943.0,915790.0,906628.0
2022-10-21,2022,10,21,Friday,0,0,0,autumn,0,1,1.6,0.0,4.3,12.2,4.7,16873.0,1089245.0,832050.0,928370.0
2022-10-22,2022,10,22,Saturday,1,0,0,autumn,0,0,2.0,0.0,0.0,6.8,4.0,12996.0,568939.0,405847.0,911265.0
2022-10-23,2022,10,23,Sunday,1,0,0,autumn,0,0,1.2,0.0,0.0,9.4,4.3,23596.0,529703.0,407855.0,846826.0
2022-10-24,2022,10,24,Monday,0,0,0,autumn,0,1,0.7,0.0,2.1,7.6,2.3,16562.0,948262.0,789872.0,446958.0
2022-10-25,2022,10,25,Tuesday,0,0,0,autumn,0,1,0.0,0.0,0.0,6.6,1.3,23900.0,994376.0,796010.0,389812.0
2022-10-26,2022,10,26,Wednesday,0,0,1,autumn,0,1,0.1,0.0,0.9,8.7,1.7,32023.0,1051410.0,778088.0,827908.0
2022-10-27,2022,10,27,Thursday,0,0,1,autumn,0,1,0.0,0.0,2.3,5.8,1.0,38343.0,1000184.0,738389.0,855915.0
2022-10-28,2022,10,28,Friday,0,1,0,autumn,0,0,0.0,0.0,6.6,4.6,1.7,20997.0,603370.0,377444.0,839306.0
2022-10-29,2022,10,29,Saturday,1,0,0,autumn,0,0,0.0,0.0,0.0,4.3,1.3,19474.0,626577.0,408616.0,373152.0
2022-10-30,2022,10,30,Sunday,1,0,0,autumn,0,0,0.0,0.0,0.0,7.2,1.3,15790.0,620623.0,395322.0,619037.0
2022-10-31,2022,10,31,Monday,0,0,0,autumn,0,1,0.0,0.0,0.1,9.5,1.0,14733.0,1215490.0,936899.0,405372.0
2022-11-01,2022,11,1,Tuesday,0,0,0,autumn,0,1,0.1,0.0,2.9,10.4,1.3,12721.0,1184562.0,928815.0,371835.0
2022-11-02,2022,11,2,Wednesday,0,0,0,autumn,0,1,0.0,0.0,0.1,7.3,1.0,14186.0,1221793.0,952878.0,868309.0
2022-11-03,2022,11,3,Thursday,0,0,0,autumn,0,1,0.0,0.0,3.0,7.7,2.3,12540.0,1215797.0,922957.0,877984.0
2022-11-04,2022,11,4,Friday,0,0,0,autumn,0,1,17.1,0.0,8.1,9.5,2.3,5560.0,1042132.0,820441.0,895216.0
2022-11-05,2022,11,5,Saturday,1,0,0,autumn,0,0,0.0,0.0,1.3,10.3,1.0,8898.0,631463.0,450088.0,882193.0
2022-11-06,2022,11,6,Sunday,1,0,0,autumn,0,0,0.1,0.0,0.0,8.7,1.3,11173.0,553330.0,403126.0,822023.0
2022-11-07,2022,11,7,Monday,0,0,0,autumn,0,1,0.0,0.0,0.0,8.7,1.7,11629.0,1160472.0,922947.0,438345.0
2022-11-08,2022,11,8,Tuesday,0,0,0,autumn,0,1,0.0,0.0,6.2,8.4,2.0,14990.0,1266074.0,946212.0,356399.0
2022-11-09,2022,11,9,Wednesday,0,0,0,autumn,0,1,7.2,0.0,0.0,7.1,1.0,12734.0,1242370.0,945345.0,835668.0
2022-11-10,2022,11,10,Thursday,0,0,0,autumn,0,1,0.0,0.0,0.0,9.6,1.0,13332.0,1230179.0,940838.0,858641.0
2022-11-11,2022,11,11,Friday,0,0,0,autumn,0,1,0.0,0.0,0.0,11.3,2.3,12699.0,1137433.0,855434.0,875872.0
2022-11-12,2022,11,12,Saturday,1,0,0,autumn,0,0,0.0,0.0,0.4,11.1,1.7,10279.0,647764.0,443549.0,861240.0
2022-11-13,2022,11,13,Sunday,1,0,0,autumn,0,0,0.0,0.0,0.0,11.1,1.0,7721.0,502343.0,367175.0,808713.0
2022-11-14,2022,11,14,Monday,0,0,0,autumn,0,1,0.0,0.0,4.3,10.6,2.3,13085.0,1133880.0,924657.0,433839.0
2022-11-15,2022,11,15,Tuesday,0,0,0,autumn,0,1,0.3,0.0,0.0,11.4,4.3,9378.0,1197628.0,929953.0,361247.0
2022-11-16,2022,11,16,Wednesday,0,0,0,autumn,0,1,2.1,0.0,1.4,9.0,2.7,6760.0,1231137.0,926842.0,825585.0
2022-11-17,2022,11,17,Thursday,0,1,0,autumn,0,0,2.9,0.0,0.0,7.7,2.7,4103.0,663440.0,474442.0,862729.0
2022-11-18,2022,11,18,Friday,0,0,0,autumn,0,1,4.5,0.0,0.0,7.8,3.0,3857.0,920563.0,718950.0,468445.0
2022-11-19,2022,11,19,Saturday,1,0,0,autumn,0,0,0.0,0.0,0.0,5.0,2.7,3108.0,621588.0,456891.0,808047.0
2022-11-20,2022,11,20,Sunday,1,0,0,autumn,0,0,0.9,0.0,0.0,5.4,1.7,3333.0,509787.0,411814.0,762516.0
2022-11-21,2022,11,21,Monday,0,0,0,autumn,0,1,1.1,0.0,0.0,4.9,1.7,6810.0,1147434.0,918517.0,416052.0
2022-11-22,2022,11,22,Tuesday,0,0,0,autumn,0,1,0.2,0.0,0.0,3.9,1.3,7841.0,1139038.0,909934.0,355054.0
2022-11-23,2022,11,23,Wednesday,0,0,0,autumn,0,1,0.0,0.0,0.0,4.5,1.3,8281.0,1229352.0,935939.0,805331.0
2022-11-24,2022,11,24,Thursday,0,0,0,autumn,0,1,0.8,0.0,0.0,5.3,1.7,7509.0,1170765.0,914976.0,818865.0
2022-11-25,2022,11,25,Friday,0,0,0,autumn,0,1,1.1,0.0,0.0,4.1,1.7,8592.0,1151404.0,878237.0,821223.0
2022-11-26,2022,11,26,Saturday,1,0,0,autumn,0,0,0.0,0.0,1.3,1.7,2.0,7077.0,732019.0,454987.0,809627.0
2022-11-27,2022,11,27,Sunday,1,0,0,autumn,0,0,0.0,0.0,0.0,2.5,4.3,6779.0,580976.0,405952.0,764039.0
2022-11-28,2022,11,28,Monday,0,0,0,autumn,0,1,0.0,0.0,0.0,2.0,4.0,7768.0,1145662.0,916959.0,412063.0
2022-11-29,2022,11,29,Tuesday,0,0,0,autumn,0,1,0.3,0.0,0.0,1.9,3.0,7828.0,1160609.0,921510.0,349719.0
2022-11-30,2022,11,30,Wednesday,0,0,0,autumn,0,1,0.0,0.0,0.0,1.6,4.0,8507.0,1175010.0,943507.0,790545.0
2022-12-01,2022,12,1,Thursday,0,0,0,winter,0,1,0.0,0.0,0.0,-0.5,4.3,7808.0,1118986.0,897556.0,786604.0
2022-12-02,2022,12,2,Friday,0,0,0,winter,0,1,4.6,1.0,0.0,-0.7,3.0,6618.0,1064630.0,845011.0,796243.0
2022-12-03,2022,12,3,Saturday,1,0,0,winter,0,0,0.1,0.0,0.0,1.7,3.7,3364.0,673707.0,441318.0,787629.0
2022-12-04,2022,12,4,Sunday,1,0,0,winter,0,0,0.1,0.0,0.5,5.7,4.3,4394.0,543277.0,377632.0,760540.0
2022-12-05,2022,12,5,Monday,0,0,0,winter,0,1,9.1,0.0,0.0,4.9,1.3,7051.0,1132931.0,925927.0,411127.0
2022-12-06,2022,12,6,Tuesday,0,0,0,winter,0,1,2.7,0.0,0.0,4.4,2.0,4587.0,1167895.0,897192.0,353534.0
2022-12-07,2022,12,7,Wednesday,0,0,0,winter,0,1,0.0,0.0,0.0,4.0,2.0,7915.0,1212927.0,923660.0,787783.0
2022-12-08,2022,12,8,Thursday,0,0,0,winter,0,1,0.0,0.0,1.0,2.1,3.7,7805.0,1231299.0,904060.0,807900.0
2022-12-09,2022,12,9,Friday,0,0,0,winter,0,1,0.1,0.0,3.5,-1.3,1.0,6018.0,1098010.0,822206.0,827478.0
2022-12-10,2022,12,10,Saturday,1,0,0,winter,0,0,0.0,0.0,0.0,0.4,3.7,4414.0,693785.0,433788.0,817057.0
2022-12-11,2022,12,11,Sunday,1,0,0,winter,0,0,0.7,0.0,0.4,4.6,5.7,3581.0,588944.0,368804.0,780439.0
2022-12-12,2022,12,12,Monday,0,0,0,winter,0,1,0.8,0.0,0.6,6.9,5.3,3996.0,1166368.0,893044.0,436190.0
2022-12-13,2022,12,13,Tuesday,0,0,0,winter,0,1,0.0,0.0,1.9,8.6,6.0,3965.0,1177001.0,905633.0,378492.0
2022-12-14,2022,12,14,Wednesday,0,0,0,winter,0,1,2.6,0.0,0.0,8.2,3.0,4323.0,1187630.0,911457.0,810548.0
2022-12-15,2022,12,15,Thursday,0,0,0,winter,0,1,1.5,0.0,0.3,7.8,3.7,4081.0,1168730.0,901241.0,834097.0
2022-12-16,2022,12,16,Friday,0,0,0,winter,0,1,2.5,0.0,0.0,5.2,2.3,3882.0,1099249.0,813840.0,863133.0
2022-12-17,2022,12,17,Saturday,1,0,0,winter,0,0,0.2,0.0,2.4,3.6,3.7,2142.0,689071.0,435726.0,855434.0
2022-12-18,2022,12,18,Sunday,1,0,0,winter,0,0,0.0,0.0,0.0,8.8,6.3,1852.0,565902.0,367677.0,815151.0
2022-12-19,2022,12,19,Monday,0,0,0,winter,0,1,0.5,0.0,0.0,8.9,6.3,3543.0,1234921.0,858113.0,467184.0
2022-12-20,2022,12,20,Tuesday,0,0,0,winter,0,1,0.2,0.0,2.3,4.4,7.7,3362.0,1140568.0,848526.0,381083.0
2022-12-21,2022,12,21,Wednesday,0,0,0,winter,0,1,4.5,0.0,0.9,5.2,7.7,3358.0,1111860.0,822647.0,811307.0
2022-12-22,2022,12,22,Thursday,0,0,0,winter,0,1,1.1,0.0,0.0,7.5,9.7,3825.0,1022438.0,750573.0,806114.0
2022-12-23,2022,12,23,Friday,0,0,1,winter,0,1,7.7,0.0,1.5,9.0,7.3,4385.0,772315.0,534162.0,754765.0
2022-12-24,2022,12,24,Saturday,1,1,1,winter,0,0,0.2,0.0,1.9,6.5,6.7,4146.0,347737.0,210587.0,509071.0
2022-12-25,2022,12,25,Sunday,1,1,1,winter,0,0,0.0,0.0,1.4,4.1,5.3,4784.0,380798.0,203567.0,201821.0
2022-12-26,2022,12,26,Monday,0,1,1,winter,0,0,2.1,0.0,0.1,-0.2,4.3,4399.0,395786.0,232244.0,180808.0
2022-12-27,2022,12,27,Tuesday,0,0,1,winter,0,1,0.0,0.0,2.5,-3.7,3.3,5608.0,682679.0,456962.0,221771.0
2022-12-28,2022,12,28,Wednesday,0,0,1,winter,0,1,0.0,0.0,0.9,-5.0,4.3,5083.0,738360.0,489470.0,458206.0
2022-12-29,2022,12,29,Thursday,0,0,1,winter,0,1,0.4,0.0,0.1,-4.5,4.0,6765.0,768130.0,512018.0,480631.0
2022-12-30,2022,12,30,Friday,0,0,1,winter,0,1,0.0,3.0,3.1,-4.7,1.3,6646.0,752140.0,497105.0,491632.0
2022-12-31,2022,12,31,Saturday,1,0,1,winter,0,0,0.0,5.0,0.0,-0.7,1.7,0.0,543159.0,352493.0,479131.0
2023-01-01,2023,1,1,Sunday,1,1,1,winter,0,0,0.0,2.0,0.1,2.3,3.7,11267.0,399548.0,225393.0,387629.0
2023-01-02,2023,1,2,Monday,0,0,1,winter,0,1,0.0,0.0,0.0,2.8,6.7,9933.0,903741.0,718920.0,192496.0
2023-01-03,2023,1,3,Tuesday,0,0,0,winter,0,1,0.0,0.0,0.0,2.0,4.7,10180.0,1050805.0,820582.0,285732.0
2023-01-04,2023,1,4,Wednesday,0,0,0,winter,0,1,0.2,0.0,1.4,2.0,7.0,7283.0,1112361.0,839213.0,705226.0
2023-01-05,2023,1,5,Thursday,0,0,0,winter,0,1,0.2,0.0,0.0,2.1,5.3,7866.0,1147624.0,834830.0,727648.0
2023-01-06,2023,1,6,Friday,0,0,0,winter,0,1,0.0,0.0,0.7,0.7,2.0,7217.0,1043916.0,787625.0,747754.0
2023-01-07,2023,1,7,Saturday,1,0,0,winter,0,0,0.0,0.0,0.0,-0.6,1.7,9520.0,645188.0,403904.0,730852.0
2023-01-08,2023,1,8,Sunday,1,0,0,winter,0,0,0.6,1.0,0.1,5.0,4.7,5972.0,492284.0,342830.0,686405.0
2023-01-09,2023,1,9,Monday,0,0,0,winter,0,1,0.0,0.0,0.1,7.1,8.7,6729.0,1091700.0,859586.0,333898.0
2023-01-10,2023,1,10,Tuesday,0,0,0,winter,0,1,0.0,0.0,0.6,9.7,10.7,9515.0,1170333.0,863278.0,293707.0
2023-01-11,2023,1,11,Wednesday,0,0,0,winter,0,1,1.8,0.0,0.4,3.7,7.3,7202.0,1166652.0,881287.0,722020.0
2023-01-12,2023,1,12,Thursday,0,0,0,winter,0,1,0.2,0.0,0.0,5.1,7.0,7487.0,1148930.0,874795.0,736130.0
2023-01-13,2023,1,13,Friday,0,0,0,winter,0,1,0.2,0.0,7.5,8.4,4.3,7135.0,1075511.0,825620.0,736538.0
2023-01-14,2023,1,14,Saturday,1,0,0,winter,0,0,1.6,0.0,2.2,6.0,6.7,9252.0,611819.0,435965.0,719445.0
2023-01-15,2023,1,15,Sunday,1,0,0,winter,0,0,0.1,0.0,0.2,4.0,2.3,4775.0,462516.0,349134.0,680768.0
2023-01-16,2023,1,16,Monday,0,0,0,winter,0,1,0.0,0.0,1.5,3.6,2.3,9695.0,1043853.0,876359.0,347787.0
2023-01-17,2023,1,17,Tuesday,0,0,0,winter,0,1,2.0,0.0,0.0,3.3,1.3,9499.0,1095685.0,871504.0,286566.0
2023-01-18,2023,1,18,Wednesday,0,0,0,winter,0,1,0.0,0.0,0.9,3.1,1.3,5774.0,1079820.0,871955.0,693805.0
2023-01-19,2023,1,19,Thursday,0,0,0,winter,0,1,0.0,0.0,0.0,1.8,2.3,6890.0,1131711.0,858799.0,691319.0
2023-01-20,2023,1,20,Friday,0,0,0,winter,0,1,2.6,0.0,0.0,1.2,2.0,5564.0,1013711.0,795814.0,691541.0
2023-01-21,2023,1,21,Saturday,1,0,0,winter,0,0,2.1,0.0,0.6,1.4,2.0,3819.0,582793.0,401367.0,671612.0
2023-01-22,2023,1,22,Sunday,1,0,0,winter,0,0,1.8,0.0,0.0,4.0,2.3,2123.0,460360.0,343181.0,621744.0
2023-01-23,2023,1,23,Monday,0,0,0,winter,0,1,0.0,0.0,0.0,0.4,3.3,4453.0,1064118.0,856362.0,320857.0
2023-01-24,2023,1,24,Tuesday,0,0,0,winter,0,1,0.0,0.0,0.0,-0.1,2.3,5891.0,1049786.0,858723.0,272545.0
2023-01-25,2023,1,25,Wednesday,0,0,0,winter,0,1,0.0,0.0,0.0,1.7,3.7,6695.0,1069600.0,881273.0,650998.0
2023-01-26,2023,1,26,Thursday,0,0,0,winter,0,1,0.6,0.0,2.0,1.4,2.7,6066.0,1074218.0,854759.0,662178.0
2023-01-27,2023,1,27,Friday,0,0,0,winter,0,1,0.0,3.0,0.6,1.8,6.0,4723.0,1021069.0,819148.0,670037.0
2023-01-28,2023,1,28,Saturday,1,0,0,winter,0,0,0.0,0.0,1.5,2.2,5.3,4185.0,559020.0,408292.0,658332.0
2023-01-29,2023,1,29,Sunday,1,0,0,winter,0,0,0.0,0.0,6.9,2.2,5.3,3667.0,472440.0,340058.0,604789.0
2023-01-30,2023,1,30,Monday,0,0,0,winter,0,1,0.0,0.0,0.0,0.6,5.0,5386.0,1013147.0,841222.0,314719.0
2023-01-31,2023,1,31,Tuesday,0,0,0,winter,0,1,0.1,0.0,0.9,0.4,4.7,5845.0,1091871.0,861533.0,271711.0
2023-02-01,2023,2,1,Wednesday,0,0,0,winter,0,1,0.8,0.0,5.1,0.8,3.0,5837.0,1115542.0,854338.0,673769.0
2023-02-02,2023,2,2,Thursday,0,0,0,winter,0,1,1.8,0.0,1.1,0.1,3.3,6009.0,1102084.0,822337.0,683839.0
2023-02-03,2023,2,3,Friday,0,0,0,winter,0,1,2.2,0.0,3.0,0.3,2.7,3957.0,845686.0,648904.0,688220.0
2023-02-04,2023,2,4,Saturday,1,0,0,winter,0,0,0.0,0.0,0.3,-1.6,2.7,4155.0,549674.0,386245.0,675047.0
2023-02-05,2023,2,5,Sunday,1,0,0,winter,0,0,0.0,0.0,3.3,-1.9,3.0,4246.0,477137.0,349215.0,587016.0
2023-02-06,2023,2,6,Monday,0,0,1,winter,0,1,0.0,0.0,6.5,-2.5,4.0,5298.0,929408.0,749516.0,346378.0
2023-02-07,2023,2,7,Tuesday,0,0,1,winter,0,1,0.0,0.0,8.5,-1.3,2.0,6232.0,965180.0,763402.0,285426.0
2023-02-08,2023,2,8,Wednesday,0,0,1,winter,0,1,0.0,1.0,3.1,-0.6,6.7,5890.0,1031427.0,776564.0,701872.0
2023-02-09,2023,2,9,Thursday,0,0,1,winter,0,1,0.0,2.0,0.0,3.3,5.7,5989.0,1001377.0,759670.0,716396.0
2023-02-10,2023,2,10,Friday,0,0,1,winter,0,1,0.0,1.0,0.1,4.3,4.7,5093.0,883103.0,714376.0,732227.0
2023-02-11,2023,2,11,Saturday,1,0,1,winter,0,0,0.0,0.0,3.0,3.3,2.0,4593.0,547612.0,399898.0,733128.0
2023-02-12,2023,2,12,Sunday,1,0,1,winter,0,0,0.0,0.0,0.0,1.5,1.3,5752.0,477934.0,348971.0,686366.0
2023-02-13,2023,2,13,Monday,0,0,1,winter,0,1,0.0,0.0,0.0,1.1,2.7,8201.0,1109280.0,882800.0,394181.0
2023-02-14,2023,2,14,Tuesday,0,0,1,winter,0,1,0.0,0.0,0.3,0.9,1.0,8190.0,1125515.0,906760.0,348214.0
2023-02-15,2023,2,15,Wednesday,0,0,1,winter,0,1,0.0,0.0,0.0,4.0,2.0,8066.0,1162261.0,887399.0,790538.0
2023-02-16,2023,2,16,Thursday,0,0,1,winter,0,1,0.0,0.0,9.3,3.8,3.3,9134.0,1194680.0,891155.0,785634.0
2023-02-17,2023,2,17,Friday,0,0,1,winter,0,1,1.8,0.0,0.0,1.2,2.0,6676.0,1000052.0,820699.0,797329.0
2023-02-18,2023,2,18,Saturday,1,0,1,winter,0,0,0.0,0.0,0.0,1.6,1.3,6547.0,668200.0,443808.0,774588.0
2023-02-19,2023,2,19,Sunday,1,0,1,winter,0,0,1.9,0.0,4.8,0.3,1.7,3950.0,514586.0,346794.0,734669.0
2023-02-20,2023,2,20,Monday,0,0,0,winter,0,1,0.0,0.0,8.9,2.9,1.3,9036.0,1128806.0,880152.0,408068.0
2023-02-21,2023,2,21,Tuesday,0,0,0,winter,0,1,0.0,0.0,6.0,4.0,2.0,11255.0,1155331.0,909534.0,337052.0
2023-02-22,2023,2,22,Wednesday,0,0,0,winter,0,1,0.0,0.0,0.0,3.1,1.7,11822.0,1209246.0,918040.0,792542.0
2023-02-23,2023,2,23,Thursday,0,0,0,winter,0,1,0.0,0.0,5.6,3.3,3.7,11177.0,1150947.0,905933.0,828246.0
2023-02-24,2023,2,24,Friday,0,0,0,winter,0,1,0.0,0.0,1.1,5.1,2.7,8884.0,1064310.0,826135.0,848836.0
2023-02-25,2023,2,25,Saturday,1,0,0,winter,0,0,1.0,0.0,1.9,3.5,1.7,4469.0,645325.0,411388.0,835533.0
2023-02-26,2023,2,26,Sunday,1,0,0,winter,0,0,0.3,0.0,8.5,3.9,1.3,3184.0,491983.0,356549.0,771197.0
2023-02-27,2023,2,27,Monday,0,0,0,winter,0,1,0.0,0.0,4.4,2.3,1.3,7428.0,1144232.0,892129.0,410596.0
2023-02-28,2023,2,28,Tuesday,0,0,0,winter,0,1,0.0,0.0,0.2,3.0,1.0,8705.0,1173420.0,909964.0,403989.0
2023-03-01,2023,3,1,Wednesday,0,0,0,spring,0,1,0.0,0.0,0.1,3.9,3.7,9311.0,1186263.0,917640.0,826472.0
2023-03-02,2023,3,2,Thursday,0,0,0,spring,0,1,0.0,0.0,3.1,5.0,4.7,10279.0,1104634.0,905813.0,873029.0
2023-03-03,2023,3,3,Friday,0,0,0,spring,0,1,0.0,0.0,9.9,4.9,7.3,9554.0,1040602.0,833335.0,873933.0
2023-03-04,2023,3,4,Saturday,1,0,0,spring,0,0,0.0,0.0,6.3,4.4,5.3,5738.0,668770.0,425217.0,869968.0
2023-03-05,2023,3,5,Sunday,1,0,0,spring,0,0,0.0,0.0,2.6,3.5,5.0,5051.0,513428.0,351327.0,823097.0
2023-03-06,2023,3,6,Monday,0,0,0,spring,0,1,0.0,0.0,1.8,4.1,3.0,7494.0,1088924.0,879834.0,433015.0
2023-03-07,2023,3,7,Tuesday,0,0,0,spring,0,1,0.0,0.0,8.6,6.7,2.0,8943.0,1148343.0,882986.0,383335.0
2023-03-08,2023,3,8,Wednesday,0,0,0,spring,0,1,8.4,0.0,10.4,8.0,2.3,7503.0,1166905.0,913181.0,790754.0
2023-03-09,2023,3,9,Thursday,0,0,0,spring,0,1,0.2,0.0,8.8,6.8,1.3,7232.0,1117299.0,877840.0,837938.0
2023-03-10,2023,3,10,Friday,0,0,0,spring,0,1,1.1,0.0,9.4,8.1,1.7,8354.0,1031011.0,813050.0,837032.0
2023-03-11,2023,3,11,Saturday,1,0,0,spring,0,0,0.0,0.0,1.7,4.5,3.7,4338.0,590784.0,401069.0,826688.0
2023-03-12,2023,3,12,Sunday,1,0,0,spring,0,0,0.0,0.0,0.2,3.9,2.3,7626.0,494151.0,375645.0,768645.0
2023-03-13,2023,3,13,Monday,0,0,0,spring,0,1,0.8,0.0,0.0,3.4,2.0,9601.0,945310.0,791734.0,478928.0
2023-03-14,2023,3,14,Tuesday,0,0,0,spring,0,1,1.3,0.0,0.0,3.1,2.3,8977.0,1026733.0,800946.0,419711.0
2023-03-15,2023,3,15,Wednesday,0,0,0,spring,0,1,1.6,0.0,0.4,5.3,5.0,7743.0,1017286.0,821162.0,831527.0
2023-03-16,2023,3,16,Thursday,0,0,0,spring,0,1,0.0,0.0,5.1,8.0,5.0,9273.0,1077515.0,812700.0,848746.0
2023-03-17,2023,3,17,Friday,0,0,0,spring,0,1,0.0,0.0,8.4,9.3,4.3,12374.0,985614.0,765781.0,859672.0
2023-03-18,2023,3,18,Saturday,1,0,0,spring,0,0,0.0,0.0,10.7,8.2,2.0,15204.0,670642.0,452456.0,841266.0
2023-03-19,2023,3,19,Sunday,1,0,0,spring,0,0,0.0,0.0,11.1,6.7,1.3,12954.0,534047.0,402278.0,794953.0
2023-03-20,2023,3,20,Monday,0,0,0,spring,0,1,0.8,0.0,11.1,5.9,1.7,11313.0,1121971.0,888521.0,493035.0
2023-03-21,2023,3,21,Tuesday,0,0,0,spring,0,1,0.0,0.0,7.5,6.9,3.0,16184.0,1098624.0,905116.0,437983.0
2023-03-22,2023,3,22,Wednesday,0,0,0,spring,0,1,0.0,0.0,0.0,3.0,3.3,21180.0,1200137.0,937550.0,896776.0
2023-03-23,2023,3,23,Thursday,0,0,0,spring,0,1,0.0,0.0,8.9,5.3,1.7,15345.0,1113337.0,911246.0,924690.0
2023-03-24,2023,3,24,Friday,0,0,0,spring,0,1,0.3,0.0,9.8,7.9,1.3,12180.0,1082415.0,856513.0,941191.0
2023-03-25,2023,3,25,Saturday,1,0,0,spring,0,0,0.0,0.0,7.2,11.0,3.7,10707.0,680451.0,461914.0,922602.0
2023-03-26,2023,3,26,Sunday,1,0,0,spring,0,0,6.5,0.0,1.7,10.2,2.0,8283.0,483642.0,394255.0,865720.0
2023-03-27,2023,3,27,Monday,0,0,0,spring,0,1,0.3,0.0,1.3,7.0,4.0,5498.0,1061084.0,873943.0,540938.0
2023-03-28,2023,3,28,Tuesday,0,0,0,spring,0,1,0.0,0.0,5.8,6.7,3.7,6670.0,1117600.0,883148.0,456566.0
2023-03-29,2023,3,29,Wednesday,0,0,0,spring,0,1,1.4,0.0,0.1,8.9,6.7,8355.0,1143536.0,927667.0,898415.0
2023-03-30,2023,3,30,Thursday,0,0,0,spring,0,1,10.4,0.0,5.8,5.0,8.0,7896.0,1118620.0,886808.0,908100.0
2023-03-31,2023,3,31,Friday,0,0,0,spring,0,1,2.6,0.0,4.1,5.4,7.0,7193.0,1062074.0,847486.0,921942.0
2023-04-01,2023,4,1,Saturday,1,0,0,spring,0,0,2.0,0.0,2.9,3.0,8.0,9146.0,711071.0,455853.0,915389.0
2023-04-02,2023,4,2,Sunday,1,0,0,spring,0,0,0.1,0.0,1.9,2.4,7.7,4867.0,552465.0,365666.0,861046.0
2023-04-03,2023,4,3,Monday,0,0,0,spring,0,1,0.0,0.0,3.6,3.8,4.7,8827.0,1171679.0,908269.0,502558.0
2023-04-04,2023,4,4,Tuesday,0,0,0,spring,0,1,0.0,0.0,9.2,3.3,1.7,9716.0,1242451.0,918140.0,424265.0
2023-04-05,2023,4,5,Wednesday,0,0,0,spring,0,1,0.0,0.0,3.7,3.9,3.3,10473.0,1273591.0,948106.0,920213.0
2023-04-06,2023,4,6,Thursday,0,0,1,spring,0,1,0.0,0.0,5.1,2.1,3.3,11287.0,1045437.0,744236.0,922754.0
2023-04-07,2023,4,7,Friday,0,1,0,spring,0,0,2.2,0.0,10.5,6.7,3.0,7962.0,689365.0,471155.0,947975.0
2023-04-08,2023,4,8,Saturday,1,0,0,spring,0,0,0.9,0.0,0.0,6.8,3.7,4920.0,629953.0,400723.0,944911.0
2023-04-09,2023,4,9,Sunday,1,0,0,spring,0,0,0.9,0.0,6.4,10.3,1.7,6666.0,584090.0,376165.0,891252.0
2023-04-10,2023,4,10,Monday,0,1,0,spring,0,0,0.0,0.0,11.9,12.4,1.0,17563.0,584100.0,370780.0,512809.0
2023-04-11,2023,4,11,Tuesday,0,0,0,spring,0,1,0.8,0.0,8.1,13.9,3.3,7769.0,1177623.0,881915.0,445820.0
2023-04-12,2023,4,12,Wednesday,0,0,0,spring,0,1,0.0,0.0,5.9,12.9,2.0,13806.0,1280378.0,951290.0,955334.0
2023-04-13,2023,4,13,Thursday,0,0,0,spring,0,1,2.5,0.0,3.1,9.4,5.0,12274.0,1229948.0,911284.0,992466.0
2023-04-14,2023,4,14,Friday,0,0,0,spring,0,1,22.1,0.0,9.2,11.5,2.7,5122.0,1115000.0,825507.0,1014022.0
2023-04-15,2023,4,15,Saturday,1,0,0,spring,0,0,0.0,0.0,11.1,17.1,5.0,7363.0,704000.0,442782.0,891488.0
2023-04-16,2023,4,16,Sunday,1,0,0,spring,0,0,0.0,0.0,9.4,14.5,3.3,16470.0,599558.0,398092.0,496764.0
2023-04-17,2023,4,17,Monday,0,0,0,spring,0,1,1.0,0.0,1.4,9.0,2.3,9924.0,1128126.0,888358.0,456770.0
2023-04-18,2023,4,18,Tuesday,0,0,0,spring,0,1,1.3,0.0,2.0,6.4,3.7,10794.0,1143624.0,919046.0,421524.0
2023-04-19,2023,4,19,Wednesday,0,0,0,spring,0,1,0.0,0.0,13.1,9.4,2.0,11216.0,1191610.0,954432.0,334798.0
2023-04-20,2023,4,20,Thursday,0,0,0,spring,0,1,0.6,0.0,12.7,11.9,3.3,10843.0,1127865.0,917974.0,934066.0
2023-04-21,2023,4,21,Friday,0,0,0,spring,0,1,0.0,0.0,13.1,14.0,5.7,19551.0,1121614.0,862708.0,1011677.0
2023-04-22,2023,4,22,Saturday,1,0,0,spring,0,0,0.0,0.0,9.8,9.3,3.7,31947.0,764631.0,496597.0,973356.0
2023-04-23,2023,4,23,Sunday,1,0,0,spring,0,0,0.2,0.0,9.7,12.9,1.7,10123.0,518781.0,380327.0,941000.0
2023-04-24,2023,4,24,Monday,0,0,0,spring,0,1,1.4,0.0,6.5,13.8,2.0,9660.0,1128613.0,898175.0,609229.0
2023-04-25,2023,4,25,Tuesday,0,0,0,spring,0,1,0.0,0.0,8.1,15.1,3.3,13320.0,1192955.0,914436.0,427666.0
2023-04-26,2023,4,26,Wednesday,0,0,0,spring,0,1,0.0,0.0,4.2,14.8,1.0,13679.0,1201054.0,935335.0,930371.0
2023-04-27,2023,4,27,Thursday,0,0,0,spring,0,1,0.0,0.0,10.0,14.7,2.0,15381.0,1216310.0,913530.0,968832.0
2023-04-28,2023,4,28,Friday,0,0,0,spring,0,1,3.9,0.0,0.0,5.9,3.3,10404.0,1065691.0,828608.0,990976.0
2023-04-29,2023,4,29,Saturday,1,0,0,spring,0,0,0.8,0.0,11.2,8.8,2.0,10384.0,626816.0,452751.0,991936.0
2023-04-30,2023,4,30,Sunday,1,0,0,spring,0,0,0.0,0.0,4.4,10.3,3.3,21858.0,670454.0,451063.0,925202.0
2023-05-01,2023,5,1,Monday,0,1,0,spring,0,0,0.0,0.0,0.7,9.6,2.3,25931.0,696353.0,435693.0,536100.0
2023-05-02,2023,5,2,Tuesday,0,0,0,spring,0,1,0.0,0.0,4.6,11.7,2.3,15984.0,1225598.0,898353.0,469806.0
2023-05-03,2023,5,3,Wednesday,0,0,0,spring,0,1,0.0,0.0,3.2,12.8,2.3,22212.0,1300020.0,949958.0,962442.0
2023-05-04,2023,5,4,Thursday,0,0,0,spring,0,1,0.0,0.0,5.4,17.7,2.0,22849.0,1155607.0,905399.0,985094.0
2023-05-05,2023,5,5,Friday,0,0,0,spring,0,1,0.9,0.0,3.3,21.4,2.7,23976.0,1124872.0,826222.0,1005760.0
2023-05-06,2023,5,6,Saturday,1,0,0,spring,0,0,0.0,0.0,1.3,14.1,3.3,16404.0,619496.0,416354.0,964889.0
2023-05-07,2023,5,7,Sunday,1,0,0,spring,0,0,0.0,0.0,11.4,14.2,3.7,14902.0,549461.0,410597.0,924885.0
2023-05-08,2023,5,8,Monday,0,1,0,spring,0,0,0.0,0.0,11.2,16.0,2.0,25307.0,557085.0,375260.0,573377.0
2023-05-09,2023,5,9,Tuesday,0,0,0,spring,0,1,0.0,0.0,2.8,14.0,2.7,23235.0,1209066.0,902240.0,500788.0
2023-05-10,2023,5,10,Wednesday,0,0,0,spring,0,1,0.0,0.0,9.2,14.2,5.0,21853.0,1210491.0,929423.0,950164.0
2023-05-11,2023,5,11,Thursday,0,0,0,spring,0,1,0.0,0.0,13.9,14.8,1.0,19553.0,1204521.0,920419.0,1009175.0
2023-05-12,2023,5,12,Friday,0,0,0,spring,0,1,0.0,0.0,9.3,20.0,3.0,18671.0,1152907.0,861645.0,1017879.0
2023-05-13,2023,5,13,Saturday,1,0,0,spring,0,0,0.0,0.0,8.8,16.5,1.7,16366.0,676422.0,457510.0,988534.0
2023-05-14,2023,5,14,Sunday,1,0,0,spring,0,0,6.6,0.0,8.5,12.9,4.3,16652.0,586312.0,403451.0,947878.0
2023-05-15,2023,5,15,Monday,0,0,0,spring,0,1,2.4,0.0,13.0,14.6,1.3,9824.0,1152766.0,864303.0,610507.0
2023-05-16,2023,5,16,Tuesday,0,0,0,spring,0,1,0.1,0.0,11.4,15.6,3.3,18101.0,1299183.0,892609.0,598036.0
2023-05-17,2023,5,17,Wednesday,0,0,0,spring,0,1,0.0,0.0,9.1,13.4,4.0,17426.0,1251488.0,909689.0,1063649.0
2023-05-18,2023,5,18,Thursday,0,0,0,spring,0,1,0.0,0.0,14.0,17.1,1.7,18060.0,1224164.0,898636.0,982516.0
2023-05-19,2023,5,19,Friday,0,0,0,spring,0,1,0.0,0.0,1.0,15.3,3.7,18155.0,1175235.0,826091.0,1030825.0
2023-05-20,2023,5,20,Saturday,1,0,0,spring,0,0,0.0,0.0,0.0,9.8,2.0,21776.0,823732.0,479492.0,992518.0
2023-05-21,2023,5,21,Sunday,1,0,0,spring,0,0,0.0,0.0,0.1,11.8,1.0,28444.0,688247.0,440000.0,925860.0
2023-05-22,2023,5,22,Monday,0,0,0,spring,0,1,0.0,0.0,10.0,14.6,2.0,25210.0,1155664.0,880928.0,527787.0
2023-05-23,2023,5,23,Tuesday,0,0,0,spring,0,1,0.3,0.0,3.1,15.3,2.3,19517.0,1238737.0,876801.0,448389.0
2023-05-24,2023,5,24,Wednesday,0,0,0,spring,0,1,0.0,0.0,0.8,15.7,1.7,22957.0,1240961.0,925110.0,933619.0
2023-05-25,2023,5,25,Thursday,0,0,0,spring,0,1,0.0,0.0,5.8,16.1,2.7,26884.0,1267338.0,911810.0,956361.0
2023-05-26,2023,5,26,Friday,0,0,0,spring,0,1,0.0,0.0,0.3,11.9,4.3,23622.0,1096334.0,825095.0,982530.0
2023-05-27,2023,5,27,Saturday,1,0,0,spring,0,0,0.0,0.0,1.5,10.6,4.3,28344.0,818296.0,474758.0,988245.0
2023-05-28,2023,5,28,Sunday,1,0,0,spring,0,0,0.0,0.0,8.6,14.5,2.7,31944.0,615714.0,401913.0,915861.0
2023-05-29,2023,5,29,Monday,0,0,0,spring,0,1,0.0,0.0,8.5,16.9,2.7,26968.0,1178736.0,872393.0,560598.0
2023-05-30,2023,5,30,Tuesday,0,0,0,spring,0,1,0.0,0.0,5.2,14.1,5.7,28404.0,1292173.0,880968.0,441842.0
2023-05-31,2023,5,31,Wednesday,0,0,0,spring,0,1,0.0,0.0,12.2,16.6,1.3,29240.0,1316891.0,913923.0,916286.0
2023-06-01,2023,6,1,Thursday,0,0,0,summer,0,1,0.0,0.0,3.4,18.3,3.0,24741.0,1276625.0,898841.0,972388.0
2023-06-02,2023,6,2,Friday,0,0,0,summer,0,1,0.0,0.0,11.6,21.5,2.7,21396.0,1125544.0,829593.0,1016365.0
2023-06-03,2023,6,3,Saturday,1,0,0,summer,0,0,0.0,0.0,12.0,22.3,5.0,26776.0,741520.0,458403.0,982908.0
2023-06-04,2023,6,4,Sunday,1,0,0,summer,0,0,0.0,0.0,12.3,19.1,3.3,28062.0,595340.0,400359.0,902879.0
2023-06-05,2023,6,5,Monday,0,0,0,summer,0,1,25.7,0.0,15.2,22.0,2.0,11527.0,1117970.0,843998.0,567675.0
2023-06-06,2023,6,6,Tuesday,0,0,0,summer,0,1,1.3,0.0,14.7,26.1,1.0,9941.0,1239147.0,867473.0,595333.0
2023-06-07,2023,6,7,Wednesday,0,0,0,summer,0,1,0.1,0.0,7.2,18.3,4.7,20422.0,1365032.0,892463.0,1050952.0
2023-06-08,2023,6,8,Thursday,0,0,0,summer,0,1,0.0,0.0,2.0,15.0,4.3,23298.0,1237381.0,879185.0,993792.0
2023-06-09,2023,6,9,Friday,0,0,0,summer,0,1,12.4,0.0,0.0,11.1,2.7,17259.0,1125685.0,807596.0,1023399.0
2023-06-10,2023,6,10,Saturday,1,0,0,summer,0,0,0.0,0.0,4.2,16.5,2.0,21295.0,747086.0,437932.0,958800.0
2023-06-11,2023,6,11,Sunday,1,0,0,summer,0,0,0.0,0.0,3.0,19.1,2.7,30399.0,616173.0,397287.0,937359.0
2023-06-12,2023,6,12,Monday,0,0,0,summer,0,1,0.0,0.0,13.2,24.1,1.3,25010.0,1221593.0,859020.0,534762.0
2023-06-13,2023,6,13,Tuesday,0,0,0,summer,0,1,0.2,0.0,7.4,20.2,1.7,20394.0,1191897.0,872954.0,448752.0
2023-06-14,2023,6,14,Wednesday,0,0,0,summer,0,1,0.0,0.0,10.3,19.8,2.0,23028.0,1254619.0,897931.0,947337.0
2023-06-15,2023,6,15,Thursday,0,0,0,summer,0,1,0.0,0.0,2.5,16.7,4.0,21159.0,1327995.0,875124.0,985105.0
2023-06-16,2023,6,16,Friday,0,0,0,summer,0,1,0.0,0.0,8.3,14.7,2.7,16355.0,1130058.0,813191.0,1018530.0
2023-06-17,2023,6,17,Saturday,1,0,0,summer,0,0,17.4,0.0,10.6,15.1,2.0,14994.0,644606.0,434166.0,988211.0
2023-06-18,2023,6,18,Sunday,1,0,0,summer,0,0,0.0,0.0,0.4,15.0,3.3,29746.0,620923.0,402143.0,915162.0
2023-06-19,2023,6,19,Monday,0,0,0,summer,0,1,0.0,0.0,0.7,12.0,3.3,21718.0,1133443.0,857503.0,575677.0
2023-06-20,2023,6,20,Tuesday,0,0,0,summer,0,1,0.0,0.0,5.0,12.7,4.3,24337.0,1160119.0,867931.0,481746.0
2023-06-21,2023,6,21,Wednesday,0,0,0,summer,0,1,2.5,0.0,1.0,13.6,3.7,17248.0,1230311.0,853159.0,934549.0
2023-06-22,2023,6,22,Thursday,0,0,0,summer,0,1,2.0,0.0,2.7,14.2,4.7,19606.0,1174821.0,833046.0,997319.0
2023-06-23,2023,6,23,Friday,0,0,0,summer,0,1,0.8,0.0,7.0,11.9,7.0,15215.0,1049250.0,756663.0,1089016.0
2023-06-24,2023,6,24,Saturday,1,0,0,summer,0,0,0.0,0.0,5.1,14.1,3.7,22273.0,711158.0,426047.0,1011891.0
2023-06-25,2023,6,25,Sunday,1,0,0,summer,0,0,0.0,0.0,11.0,17.5,1.3,24878.0,571519.0,382470.0,876183.0
2023-06-26,2023,6,26,Monday,0,0,0,summer,0,1,1.3,0.0,6.1,19.1,2.3,23235.0,1167863.0,830515.0,478205.0
2023-06-27,2023,6,27,Tuesday,0,0,0,summer,0,1,0.6,0.0,0.0,17.1,3.0,21212.0,1212216.0,854438.0,484652.0
2023-06-28,2023,6,28,Wednesday,0,0,0,summer,0,1,0.0,0.0,10.8,18.5,4.0,23387.0,1258405.0,878197.0,951476.0
2023-06-29,2023,6,29,Thursday,0,0,0,summer,0,1,0.0,0.0,6.5,20.0,1.7,25326.0,1224105.0,868919.0,987108.0
2023-06-30,2023,6,30,Friday,0,0,0,summer,0,1,3.9,0.0,10.0,22.4,1.7,13712.0,1064308.0,795558.0,983443.0
2023-07-01,2023,7,1,Saturday,1,0,1,summer,0,0,0.0,0.0,14.8,24.3,2.0,15041.0,599167.0,404796.0,999404.0
2023-07-02,2023,7,2,Sunday,1,0,1,summer,0,0,0.0,0.0,15.2,24.9,2.0,15013.0,540235.0,375207.0,763778.0
2023-07-03,2023,7,3,Monday,0,0,1,summer,0,1,0.0,0.0,14.7,27.1,2.0,19763.0,882623.0,668554.0,473169.0
2023-07-04,2023,7,4,Tuesday,0,0,1,summer,0,1,0.0,0.0,14.3,29.3,1.7,18271.0,877091.0,643476.0,414351.0
2023-07-05,2023,7,5,Wednesday,0,1,1,summer,0,0,0.0,0.0,8.9,27.4,1.7,14960.0,558995.0,400021.0,640789.0
2023-07-06,2023,7,6,Thursday,0,1,1,summer,0,0,0.0,0.0,11.8,24.0,2.7,18739.0,562450.0,420525.0,433563.0
2023-07-07,2023,7,7,Friday,0,0,1,summer,0,1,0.0,0.0,13.8,28.6,1.7,15303.0,727013.0,523077.0,435445.0
2023-07-08,2023,7,8,Saturday,1,0,1,summer,0,0,0.0,0.0,4.8,20.3,5.3,15633.0,545347.0,375318.0,696009.0
2023-07-09,2023,7,9,Sunday,1,0,1,summer,0,0,0.0,0.0,4.8,16.4,5.3,16410.0,479840.0,345889.0,663615.0
2023-07-10,2023,7,10,Monday,0,0,1,summer,0,1,1.9,0.0,13.9,15.8,5.3,17363.0,855108.0,625492.0,433565.0
2023-07-11,2023,7,11,Tuesday,0,0,1,summer,0,1,1.2,0.0,13.4,20.3,2.0,23926.0,988440.0,635315.0,408048.0
2023-07-12,2023,7,12,Wednesday,0,0,1,summer,0,1,0.0,0.0,9.2,21.3,3.3,19021.0,976092.0,650059.0,812942.0
2023-07-13,2023,7,13,Thursday,0,0,1,summer,0,1,0.0,0.0,0.7,17.7,4.3,23426.0,916277.0,645252.0,841895.0
2023-07-14,2023,7,14,Friday,0,0,1,summer,0,1,0.0,0.0,0.4,18.2,5.0,21513.0,840728.0,598449.0,861754.0
2023-07-15,2023,7,15,Saturday,1,0,1,summer,0,0,1.3,0.0,3.9,20.7,2.3,13800.0,506870.0,358435.0,822774.0
2023-07-16,2023,7,16,Sunday,1,0,1,summer,0,0,0.7,0.0,9.3,24.2,1.7,18007.0,491547.0,337883.0,777468.0
2023-07-17,2023,7,17,Monday,0,0,1,summer,0,1,0.0,0.0,9.9,24.9,2.7,21929.0,875356.0,648011.0,485198.0
2023-07-18,2023,7,18,Tuesday,0,0,1,summer,0,1,0.0,0.0,9.2,27.5,3.7,27268.0,936946.0,667482.0,445959.0
2023-07-19,2023,7,19,Wednesday,0,0,1,summer,0,1,0.9,0.0,6.5,23.5,5.0,22998.0,969441.0,664274.0,811908.0
2023-07-20,2023,7,20,Thursday,0,0,1,summer,0,1,0.0,0.0,4.9,23.1,3.0,25801.0,833346.0,641648.0,831835.0
2023-07-21,2023,7,21,Friday,0,0,1,summer,0,1,1.2,0.0,9.6,27.4,3.0,19342.0,863845.0,590945.0,826290.0
2023-07-22,2023,7,22,Saturday,1,0,1,summer,0,0,0.0,0.0,12.7,30.2,3.0,19994.0,580452.0,366551.0,799622.0
2023-07-23,2023,7,23,Sunday,1,0,1,summer,0,0,0.5,0.0,0.7,22.6,1.7,22156.0,510247.0,335972.0,744916.0
2023-07-24,2023,7,24,Monday,0,0,1,summer,0,1,0.0,0.0,5.5,24.7,2.7,18817.0,882698.0,628003.0,456965.0
2023-07-25,2023,7,25,Tuesday,0,0,1,summer,0,1,9.1,0.0,5.3,21.2,6.3,16257.0,899645.0,623047.0,445250.0
2023-07-26,2023,7,26,Wednesday,0,0,1,summer,0,1,0.0,0.0,12.7,18.6,4.7,18998.0,931734.0,656318.0,798994.0
2023-07-27,2023,7,27,Thursday,0,0,1,summer,0,1,0.7,0.0,6.1,17.6,4.3,18890.0,912963.0,639964.0,819307.0
2023-07-28,2023,7,28,Friday,0,0,1,summer,0,1,0.2,0.0,5.2,19.4,6.0,14384.0,812958.0,577519.0,835011.0
2023-07-29,2023,7,29,Saturday,1,0,1,summer,0,0,2.4,0.0,5.5,15.8,6.3,18921.0,600822.0,358726.0,821923.0
2023-07-30,2023,7,30,Sunday,1,0,1,summer,0,0,5.3,0.0,7.9,17.1,4.3,12968.0,527530.0,332203.0,727294.0
2023-07-31,2023,7,31,Monday,0,0,1,summer,0,1,0.2,0.0,11.3,17.7,2.3,19382.0,874952.0,641577.0,442843.0
2023-08-01,2023,8,1,Tuesday,0,0,1,summer,0,1,0.3,0.0,8.7,21.9,3.3,12989.0,904250.0,622276.0,459625.0
2023-08-02,2023,8,2,Wednesday,0,0,1,summer,0,1,3.2,0.0,2.2,21.4,2.0,15152.0,908124.0,652971.0,796345.0
2023-08-03,2023,8,3,Thursday,0,0,1,summer,0,1,0.0,0.0,11.1,24.9,1.3,24784.0,936145.0,648842.0,828393.0
2023-08-04,2023,8,4,Friday,0,0,1,summer,0,1,0.0,0.0,11.7,27.5,1.7,22142.0,832539.0,602049.0,828740.0
2023-08-05,2023,8,5,Saturday,1,0,1,summer,0,0,12.8,0.0,11.5,26.0,1.3,4422.0,542194.0,344841.0,790525.0
2023-08-06,2023,8,6,Sunday,1,0,1,summer,0,0,3.1,0.0,12.5,28.9,1.3,6999.0,491862.0,340261.0,722763.0
2023-08-07,2023,8,7,Monday,0,0,1,summer,0,1,0.0,0.0,11.4,30.3,2.0,9731.0,963104.0,633663.0,454281.0
2023-08-08,2023,8,8,Tuesday,0,0,1,summer,0,1,4.3,0.0,12.1,31.4,2.3,21851.0,959273.0,666625.0,413910.0
2023-08-09,2023,8,9,Wednesday,0,0,1,summer,0,1,4.9,0.0,12.6,26.4,3.0,13045.0,903509.0,633779.0,806306.0
2023-08-10,2023,8,10,Thursday,0,0,1,summer,0,1,0.0,0.0,12.5,29.8,2.7,24354.0,1000760.0,671877.0,838558.0
2023-08-11,2023,8,11,Friday,0,0,1,summer,0,1,0.0,0.0,9.8,29.1,1.7,21052.0,807815.0,589547.0,847801.0
2023-08-12,2023,8,12,Saturday,1,0,1,summer,0,0,0.0,0.0,10.4,28.9,2.7,20490.0,626758.0,379718.0,812845.0
2023-08-13,2023,8,13,Sunday,1,0,1,summer,0,0,0.0,0.0,11.4,28.0,3.7,20382.0,539142.0,346646.0,757030.0
2023-08-14,2023,8,14,Monday,0,0,1,summer,0,1,0.0,0.0,9.9,29.3,2.7,20989.0,915660.0,638535.0,515835.0
2023-08-15,2023,8,15,Tuesday,0,0,1,summer,0,1,0.0,0.0,10.5,25.5,3.0,21390.0,898859.0,645873.0,465275.0
2023-08-16,2023,8,16,Wednesday,0,0,1,summer,0,1,28.7,0.0,2.2,21.2,2.0,18355.0,868995.0,647633.0,825054.0
2023-08-17,2023,8,17,Thursday,0,0,1,summer,0,1,0.0,0.0,0.0,16.5,2.7,21430.0,869428.0,624386.0,850087.0
2023-08-18,2023,8,18,Friday,0,0,1,summer,0,1,0.0,0.0,0.0,14.9,2.3,20390.0,805123.0,579787.0,843587.0
2023-08-19,2023,8,19,Saturday,1,0,1,summer,0,0,0.0,0.0,0.0,15.7,2.7,18845.0,554566.0,363933.0,804856.0
2023-08-20,2023,8,20,Sunday,1,0,1,summer,0,0,0.0,0.0,1.6,17.9,1.3,17115.0,506367.0,346474.0,758031.0
2023-08-21,2023,8,21,Monday,0,0,1,summer,0,1,0.0,0.0,11.7,18.9,2.0,21369.0,930516.0,620585.0,431472.0
2023-08-22,2023,8,22,Tuesday,0,0,1,summer,0,1,0.0,0.0,7.1,18.2,2.0,24647.0,921888.0,623313.0,414998.0
2023-08-23,2023,8,23,Wednesday,0,0,1,summer,0,1,0.0,0.0,10.3,19.2,3.0,24709.0,938438.0,652723.0,812258.0
2023-08-24,2023,8,24,Thursday,0,0,1,summer,0,1,0.3,0.0,8.6,21.5,2.7,24921.0,936593.0,635143.0,817655.0
2023-08-25,2023,8,25,Friday,0,0,1,summer,0,1,0.8,0.0,3.4,18.1,4.0,19285.0,828126.0,569329.0,859959.0
2023-08-26,2023,8,26,Saturday,1,0,1,summer,0,0,7.8,0.0,12.2,20.3,3.0,17658.0,574195.0,356564.0,849957.0
2023-08-27,2023,8,27,Sunday,1,0,1,summer,0,0,8.0,0.0,11.2,24.0,1.3,5499.0,478211.0,313540.0,756565.0
2023-08-28,2023,8,28,Monday,0,0,1,summer,0,1,28.2,0.0,0.8,24.1,3.3,5519.0,862377.0,648737.0,472471.0
2023-08-29,2023,8,29,Tuesday,0,0,1,summer,0,1,0.1,0.0,8.2,24.9,1.3,9374.0,1011704.0,672319.0,443424.0
2023-08-30,2023,8,30,Wednesday,0,0,1,summer,0,1,0.5,0.0,12.6,26.8,1.3,17440.0,1041694.0,702618.0,858597.0
2023-08-31,2023,8,31,Thursday,0,0,1,summer,0,1,0.1,0.0,11.5,28.4,2.0,19594.0,1094128.0,695332.0,892545.0
2023-09-01,2023,9,1,Friday,0,0,0,autumn,0,1,0.4,0.0,9.1,25.2,2.7,17284.0,953525.0,647163.0,887930.0
2023-09-02,2023,9,2,Saturday,1,0,0,autumn,0,0,0.0,0.0,4.5,17.2,3.0,25330.0,663636.0,400470.0,932565.0
2023-09-03,2023,9,3,Sunday,1,0,0,autumn,0,0,0.0,0.0,6.3,16.8,2.0,24644.0,562678.0,383218.0,886535.0
2023-09-04,2023,9,4,Monday,0,0,0,autumn,0,1,0.0,0.0,7.4,16.0,3.3,25495.0,1153039.0,875419.0,582738.0
2023-09-05,2023,9,5,Tuesday,0,0,0,autumn,0,1,0.0,0.0,5.8,14.6,5.3,29462.0,1157515.0,871840.0,456623.0
2023-09-06,2023,9,6,Wednesday,0,0,0,autumn,0,1,0.0,0.0,1.6,11.8,7.3,28443.0,1166602.0,872520.0,926777.0
2023-09-07,2023,9,7,Thursday,0,0,0,autumn,0,1,0.0,0.0,1.8,11.6,3.7,26223.0,1153742.0,842956.0,941730.0
2023-09-08,2023,9,8,Friday,0,0,0,autumn,0,1,0.0,0.0,5.2,14.0,2.3,24135.0,1047470.0,793150.0,953646.0
2023-09-09,2023,9,9,Saturday,1,0,0,autumn,0,0,0.0,0.0,4.0,12.6,2.0,24334.0,662758.0,437719.0,928768.0
2023-09-10,2023,9,10,Sunday,1,0,0,autumn,0,0,0.0,0.0,5.2,11.8,2.7,26787.0,599328.0,372547.0,880082.0
2023-09-11,2023,9,11,Monday,0,0,0,autumn,0,1,0.0,0.0,2.3,13.9,2.0,23397.0,1112715.0,850984.0,510721.0
2023-09-12,2023,9,12,Tuesday,0,0,0,autumn,0,1,0.0,0.0,6.9,16.6,1.3,27735.0,1130467.0,856886.0,445804.0
2023-09-13,2023,9,13,Wednesday,0,0,0,autumn,0,1,0.7,0.0,10.9,18.8,3.7,18984.0,1179736.0,857129.0,920648.0
2023-09-14,2023,9,14,Thursday,0,0,0,autumn,0,1,0.0,0.0,0.3,15.7,3.3,20488.0,1153163.0,854006.0,940459.0
2023-09-15,2023,9,15,Friday,0,0,0,autumn,0,1,0.0,0.0,2.6,17.0,1.7,21241.0,1108098.0,805592.0,958786.0
2023-09-16,2023,9,16,Saturday,1,0,0,autumn,0,0,0.0,0.0,8.5,20.7,1.3,24615.0,728736.0,470084.0,958235.0
2023-09-17,2023,9,17,Sunday,1,0,0,autumn,0,0,0.0,0.0,10.2,20.5,2.0,28686.0,617800.0,400575.0,903935.0
2023-09-18,2023,9,18,Monday,0,0,0,autumn,0,1,0.9,0.0,4.6,15.8,1.7,22272.0,1167306.0,864736.0,526348.0
2023-09-19,2023,9,19,Tuesday,0,0,0,autumn,0,1,0.0,0.0,10.2,16.2,3.7,20933.0,1201340.0,877128.0,461700.0
2023-09-20,2023,9,20,Wednesday,0,0,0,autumn,0,1,0.0,0.0,1.6,12.8,3.3,25340.0,1230823.0,905642.0,942444.0
2023-09-21,2023,9,21,Thursday,0,0,0,autumn,0,1,0.0,0.0,4.3,12.8,1.3,22437.0,1252521.0,880906.0,967001.0
2023-09-22,2023,9,22,Friday,0,0,0,autumn,0,1,3.1,0.0,5.5,15.1,1.7,11659.0,1095813.0,790201.0,988188.0
2023-09-23,2023,9,23,Saturday,1,0,0,autumn,0,0,0.0,0.0,0.0,12.6,3.3,15085.0,731445.0,457211.0,962962.0
2023-09-24,2023,9,24,Sunday,1,0,0,autumn,0,0,0.0,0.0,5.8,13.4,1.7,20486.0,618204.0,398048.0,901580.0
2023-09-25,2023,9,25,Monday,0,0,0,autumn,0,1,0.0,0.0,9.3,14.3,2.0,18249.0,1196801.0,882525.0,541875.0
2023-09-26,2023,9,26,Tuesday,0,0,0,autumn,0,1,0.0,0.0,1.0,14.0,2.3,20692.0,1264610.0,899279.0,457014.0
2023-09-27,2023,9,27,Wednesday,0,0,0,autumn,0,1,0.0,0.0,4.2,12.2,3.0,19554.0,1246885.0,923211.0,928405.0
2023-09-28,2023,9,28,Thursday,0,1,0,autumn,0,0,0.0,0.0,8.2,12.3,2.7,25150.0,672883.0,391822.0,977418.0
2023-09-29,2023,9,29,Friday,0,0,0,autumn,0,1,0.0,0.0,5.6,11.5,2.3,16875.0,856409.0,649930.0,481163.0
2023-09-30,2023,9,30,Saturday,1,0,0,autumn,0,0,0.2,0.0,1.3,10.3,2.3,13222.0,682681.0,396602.0,926251.0
2023-10-01,2023,10,1,Sunday,1,0,0,autumn,0,0,0.0,0.0,10.9,10.0,2.0,17379.0,611407.0,365076.0,883185.0
2023-10-02,2023,10,2,Monday,0,0,0,autumn,0,1,0.0,0.0,10.9,11.9,2.0,19945.0,1213670.0,936347.0,534096.0
2023-10-03,2023,10,3,Tuesday,0,0,0,autumn,0,1,1.4,0.0,7.6,13.4,1.7,22064.0,1339493.0,936573.0,467104.0
2023-10-04,2023,10,4,Wednesday,0,0,0,autumn,0,1,0.0,0.0,4.2,13.4,1.7,16354.0,1292408.0,950170.0,992456.0
2023-10-05,2023,10,5,Thursday,0,0,0,autumn,0,1,0.0,0.0,8.4,15.0,1.0,16222.0,1267094.0,949102.0,1013712.0
2023-10-06,2023,10,6,Friday,0,0,0,autumn,0,1,0.0,0.0,1.4,14.2,2.0,17513.0,1224270.0,869546.0,1030130.0
2023-10-07,2023,10,7,Saturday,1,0,0,autumn,0,0,0.0,0.0,0.0,13.6,1.7,17042.0,739420.0,456275.0,1004882.0
2023-10-08,2023,10,8,Sunday,1,0,0,autumn,0,0,0.5,0.0,0.0,12.9,2.3,7809.0,547417.0,381530.0,952200.0
2023-10-09,2023,10,9,Monday,0,0,0,autumn,0,1,3.5,0.0,0.0,10.7,1.7,7635.0,1229669.0,909765.0,554401.0
2023-10-10,2023,10,10,Tuesday,0,0,0,autumn,0,1,0.0,0.0,0.0,8.8,3.3,16380.0,1314508.0,934020.0,485629.0
2023-10-11,2023,10,11,Wednesday,0,0,0,autumn,0,1,0.0,0.0,7.0,5.4,3.7,24203.0,1319509.0,962941.0,1006890.0
2023-10-12,2023,10,12,Thursday,0,0,0,autumn,0,1,1.6,0.0,10.2,3.6,3.0,11538.0,1288481.0,925318.0,1029905.0
2023-10-13,2023,10,13,Friday,0,0,0,autumn,0,1,0.0,0.0,0.0,3.2,2.3,17191.0,1177745.0,868232.0,1053329.0
2023-10-14,2023,10,14,Saturday,1,0,0,autumn,0,0,3.4,0.0,0.0,5.1,1.3,9044.0,776342.0,440242.0,1042484.0
2023-10-15,2023,10,15,Sunday,1,0,0,autumn,0,0,0.0,0.0,0.0,9.5,2.3,10716.0,643977.0,403977.0,993752.0
2023-10-16,2023,10,16,Monday,0,0,0,autumn,0,1,0.0,0.0,0.3,7.5,2.3,11428.0,1255104.0,932945.0,607763.0
2023-10-17,2023,10,17,Tuesday,0,0,0,autumn,0,1,0.0,0.0,0.6,6.5,2.0,11746.0,1264598.0,944153.0,517675.0
2023-10-18,2023,10,18,Wednesday,0,0,0,autumn,0,1,0.5,0.0,0.2,6.4,1.3,13052.0,1350884.0,962873.0,1016692.0
2023-10-19,2023,10,19,Thursday,0,0,0,autumn,0,1,0.5,0.0,2.3,8.5,2.3,8424.0,1206995.0,939628.0,1058107.0
2023-10-20,2023,10,20,Friday,0,0,0,autumn,0,1,0.4,0.0,0.1,6.9,1.7,9876.0,1151912.0,844342.0,1063783.0
2023-10-21,2023,10,21,Saturday,1,0,0,autumn,0,0,6.5,0.0,0.1,8.5,1.7,22479.0,741978.0,493179.0,1047664.0
2023-10-22,2023,10,22,Sunday,1,0,0,autumn,0,0,0.0,0.0,2.0,9.7,4.0,14208.0,619139.0,399275.0,969449.0
2023-10-23,2023,10,23,Monday,0,0,0,autumn,0,1,0.0,0.0,5.1,9.5,3.0,18239.0,1161001.0,893562.0,534696.0
2023-10-24,2023,10,24,Tuesday,0,0,0,autumn,0,1,5.6,0.0,7.3,6.8,1.3,11345.0,1205837.0,891706.0,503202.0
2023-10-25,2023,10,25,Wednesday,0,0,0,autumn,0,1,1.1,0.0,0.6,9.3,1.3,15142.0,1300223.0,917021.0,1019018.0
2023-10-26,2023,10,26,Thursday,0,0,1,autumn,0,1,4.2,0.0,3.4,9.5,2.0,11870.0,1140815.0,749318.0,1054000.0
2023-10-27,2023,10,27,Friday,0,0,1,autumn,0,1,3.7,0.0,0.0,9.9,2.7,5102.0,939393.0,659921.0,1011178.0
2023-10-28,2023,10,28,Saturday,1,1,0,autumn,0,0,0.1,0.0,0.0,8.3,2.0,9707.0,658026.0,357365.0,953045.0
2023-10-29,2023,10,29,Sunday,1,0,0,autumn,0,0,0.0,0.0,0.0,8.7,1.0,14625.0,603737.0,397807.0,559822.0
2023-10-30,2023,10,30,Monday,0,0,0,autumn,0,1,2.8,0.0,0.0,8.9,2.0,13955.0,1215306.0,932383.0,561733.0
2023-10-31,2023,10,31,Tuesday,0,0,0,autumn,0,1,0.0,0.0,8.9,9.6,4.0,10315.0,1298054.0,925212.0,529437.0
2023-11-01,2023,11,1,Wednesday,0,0,0,autumn,0,1,0.0,0.0,9.2,8.6,1.0,14473.0,1221625.0,978831.0,1057599.0
2023-11-02,2023,11,2,Thursday,0,0,0,autumn,0,1,3.8,0.0,9.0,4.3,1.0,12114.0,1315479.0,946462.0,1070473.0
2023-11-03,2023,11,3,Friday,0,0,0,autumn,0,1,6.3,0.0,6.3,3.1,1.0,5605.0,1033726.0,846341.0,1094032.0
2023-11-04,2023,11,4,Saturday,1,0,0,autumn,0,0,0.0,0.0,3.5,4.1,1.3,12496.0,721908.0,474440.0,1065896.0
2023-11-05,2023,11,5,Sunday,1,0,0,autumn,0,0,0.0,0.0,4.8,9.7,1.0,8567.0,499423.0,383171.0,1027863.0
2023-11-06,2023,11,6,Monday,0,0,0,autumn,0,1,0.5,0.0,5.0,11.2,1.7,10749.0,1116091.0,894692.0,562007.0
2023-11-07,2023,11,7,Tuesday,0,0,0,autumn,0,1,0.0,0.0,1.5,14.1,4.7,12806.0,1164209.0,914002.0,487846.0
2023-11-08,2023,11,8,Wednesday,0,0,0,autumn,0,1,0.0,0.0,8.0,13.4,3.3,10939.0,1169934.0,937140.0,1015334.0
2023-11-09,2023,11,9,Thursday,0,0,0,autumn,0,1,0.0,0.0,0.3,13.4,5.0,11048.0,1220107.0,905142.0,1065801.0
2023-11-10,2023,11,10,Friday,0,0,0,autumn,0,1,0.0,0.0,3.1,14.7,5.0,9160.0,1129460.0,853346.0,1070610.0
2023-11-11,2023,11,11,Saturday,1,0,0,autumn,0,0,1.0,0.0,0.0,13.1,4.0,4821.0,631322.0,436073.0,1057439.0
2023-11-12,2023,11,12,Sunday,1,0,0,autumn,0,0,0.0,0.0,2.2,10.8,3.7,9453.0,572356.0,397480.0,994356.0
2023-11-13,2023,11,13,Monday,0,0,0,autumn,0,1,5.7,0.0,6.4,10.9,5.0,5907.0,1175846.0,905696.0,592428.0
2023-11-14,2023,11,14,Tuesday,0,0,0,autumn,0,1,1.1,0.0,4.9,7.0,6.7,9071.0,1218687.0,924489.0,471805.0
2023-11-15,2023,11,15,Wednesday,0,0,0,autumn,0,1,1.8,0.0,0.0,10.4,8.0,6641.0,1234197.0,936569.0,1023211.0
2023-11-16,2023,11,16,Thursday,0,0,0,autumn,0,1,2.0,0.0,6.9,12.0,3.7,9047.0,1208304.0,897686.0,1050042.0
2023-11-17,2023,11,17,Friday,0,1,0,autumn,0,0,0.0,0.0,0.3,11.8,3.7,5718.0,733599.0,472055.0,1082404.0
2023-11-18,2023,11,18,Saturday,1,0,0,autumn,0,0,2.0,0.0,0.9,12.8,9.0,5339.0,616312.0,454692.0,542868.0
2023-11-19,2023,11,19,Sunday,1,0,0,autumn,0,0,5.3,0.0,0.5,11.5,6.3,4740.0,525012.0,401655.0,736255.0
2023-11-20,2023,11,20,Monday,0,0,0,autumn,0,1,0.1,0.0,0.0,6.0,4.7,8071.0,1193246.0,906032.0,488959.0
2023-11-21,2023,11,21,Tuesday,0,0,0,autumn,0,1,0.3,0.0,3.2,3.3,3.3,8174.0,1227797.0,930347.0,406492.0
2023-11-22,2023,11,22,Wednesday,0,0,0,autumn,0,1,0.0,0.0,1.4,1.7,4.3,7291.0,1169278.0,932730.0,1002959.0
2023-11-23,2023,11,23,Thursday,0,0,0,autumn,0,1,2.5,0.0,0.5,1.4,4.7,7910.0,1182068.0,909582.0,1041843.0
2023-11-24,2023,11,24,Friday,0,0,0,autumn,0,1,0.2,0.0,4.7,0.1,1.7,6365.0,1126806.0,839329.0,1059532.0
2023-11-25,2023,11,25,Saturday,1,0,0,autumn,0,0,0.5,0.0,0.2,2.0,2.0,4520.0,691389.0,449064.0,1058248.0
2023-11-26,2023,11,26,Sunday,1,0,0,autumn,0,0,2.1,0.0,0.0,3.4,2.3,3279.0,596482.0,385011.0,1029207.0
2023-11-27,2023,11,27,Monday,0,0,0,autumn,0,1,5.8,0.0,0.0,3.1,1.0,4999.0,1109113.0,849957.0,606678.0
2023-11-28,2023,11,28,Tuesday,0,0,0,autumn,0,1,3.5,0.0,1.6,1.8,4.3,4406.0,1235076.0,908349.0,493101.0
2023-11-29,2023,11,29,Wednesday,0,0,0,autumn,0,1,0.0,0.0,0.0,6.0,8.0,3990.0,1217485.0,947156.0,1019038.0
2023-11-30,2023,11,30,Thursday,0,0,0,autumn,0,1,0.0,0.0,0.2,8.2,6.0,4559.0,1281935.0,926811.0,1055969.0
2023-12-01,2023,12,1,Friday,0,0,0,winter,0,1,14.5,0.0,3.1,8.0,5.3,4029.0,1133492.0,843955.0,1087452.0
2023-12-02,2023,12,2,Saturday,1,0,0,winter,0,0,4.9,0.0,0.0,9.5,4.0,2151.0,765209.0,464742.0,1064881.0
2023-12-03,2023,12,3,Sunday,1,0,0,winter,0,0,0.0,0.0,6.3,7.3,1.7,1739.0,598795.0,408846.0,1024022.0
2023-12-04,2023,12,4,Monday,0,0,0,winter,0,1,0.0,0.0,4.4,5.1,3.0,2799.0,1210444.0,913362.0,647342.0
2023-12-05,2023,12,5,Tuesday,0,0,0,winter,0,1,0.7,0.0,6.0,6.3,2.7,3064.0,1258919.0,915405.0,500138.0
2023-12-06,2023,12,6,Wednesday,0,0,0,winter,0,1,0.3,0.0,7.6,7.9,5.7,3538.0,1260459.0,940598.0,1019802.0
2023-12-07,2023,12,7,Thursday,0,0,0,winter,0,1,0.0,0.0,0.2,7.7,2.3,3422.0,1242112.0,939617.0,1056989.0
2023-12-08,2023,12,8,Friday,0,0,0,winter,0,1,2.2,0.0,0.0,2.9,2.0,3256.0,1201895.0,854295.0,1078957.0
2023-12-09,2023,12,9,Saturday,1,0,0,winter,0,0,1.8,0.0,0.0,4.3,2.3,2583.0,811466.0,454444.0,1061160.0
2023-12-10,2023,12,10,Sunday,1,0,0,winter,0,0,0.0,0.0,0.9,2.0,3.7,2386.0,578777.0,396459.0,1000670.0
2023-12-11,2023,12,11,Monday,0,0,0,winter,0,1,0.0,0.0,4.3,4.0,4.7,5340.0,1251694.0,903356.0,653564.0
2023-12-12,2023,12,12,Tuesday,0,0,0,winter,0,1,2.1,0.0,0.0,5.4,4.3,6861.0,1284107.0,915198.0,519643.0
2023-12-13,2023,12,13,Wednesday,0,0,0,winter,0,1,0.0,0.0,0.4,5.7,6.0,6455.0,1280649.0,916255.0,1052553.0
2023-12-14,2023,12,14,Thursday,0,0,0,winter,0,1,0.3,0.0,0.4,2.7,1.3,5515.0,1283086.0,907541.0,1072319.0
2023-12-15,2023,12,15,Friday,0,0,0,winter,0,1,0.0,0.0,0.2,5.2,1.7,5487.0,1214639.0,845032.0,1084043.0
2023-12-16,2023,12,16,Saturday,1,0,0,winter,0,0,0.0,0.0,0.0,5.5,2.0,4210.0,774787.0,454253.0,1079213.0
2023-12-17,2023,12,17,Sunday,1,0,0,winter,0,0,0.0,0.0,0.1,9.4,3.3,5973.0,704726.0,417259.0,1008507.0
2023-12-18,2023,12,18,Monday,0,0,0,winter,0,1,0.0,0.0,0.1,9.6,2.7,7721.0,1214104.0,897669.0,640429.0
2023-12-19,2023,12,19,Tuesday,0,0,0,winter,0,1,1.3,0.0,3.5,8.8,2.0,7344.0,1306329.0,896609.0,507481.0
2023-12-20,2023,12,20,Wednesday,0,0,0,winter,0,1,0.6,0.0,0.0,4.7,2.7,3938.0,1320859.0,885656.0,1018712.0
2023-12-21,2023,12,21,Thursday,0,0,0,winter,0,1,2.0,0.0,0.0,6.1,4.7,3621.0,1175468.0,810975.0,1035745.0
2023-12-22,2023,12,22,Friday,0,0,0,winter,0,1,9.8,0.0,0.2,10.8,4.7,3861.0,947469.0,694788.0,1013762.0
2023-12-23,2023,12,23,Saturday,1,0,1,winter,0,0,14.5,0.0,6.0,9.8,3.7,1669.0,521109.0,365328.0,908903.0
2023-12-24,2023,12,24,Sunday,1,1,1,winter,0,0,0.2,0.0,0.1,5.0,1.0,2350.0,374024.0,223795.0,625057.0
2023-12-25,2023,12,25,Monday,0,1,1,winter,0,0,0.0,0.0,0.2,10.5,4.7,3211.0,370211.0,195534.0,285242.0
2023-12-26,2023,12,26,Tuesday,0,1,1,winter,0,0,0.0,0.0,6.9,11.2,4.7,3943.0,448870.0,261161.0,282910.0
2023-12-27,2023,12,27,Wednesday,0,0,1,winter,0,1,0.0,0.0,5.7,9.1,4.3,6017.0,738362.0,488641.0,324552.0
2023-12-28,2023,12,28,Thursday,0,0,1,winter,0,1,0.0,0.0,2.5,9.5,1.7,4492.0,799806.0,485393.0,621118.0
2023-12-29,2023,12,29,Friday,0,0,1,winter,0,1,0.0,0.0,0.2,4.8,3.0,6408.0,782929.0,512496.0,655467.0
2023-12-30,2023,12,30,Saturday,1,0,1,winter,0,0,0.0,0.0,4.3,1.1,3.7,5834.0,628916.0,388330.0,657107.0
2023-12-31,2023,12,31,Sunday,1,0,1,winter,0,0,0.6,0.0,6.3,-0.8,2.7,4917.0,573840.0,357510.0,632392.0
2024-01-01,2024,1,1,Monday,0,1,1,winter,0,0,0.1,1.0,0.0,1.3,2.0,6348.0,408183.0,225552.0,469906.0
2024-01-02,2024,1,2,Tuesday,0,0,1,winter,0,1,9.5,0.0,0.0,-0.1,3.3,3334.0,899515.0,660724.0,297722.0
2024-01-03,2024,1,3,Wednesday,0,0,0,winter,0,1,0.4,0.0,0.0,-4.2,4.0,7680.0,1154854.0,826829.0,759226.0
2024-01-04,2024,1,4,Thursday,0,0,0,winter,0,1,10.2,0.0,0.0,-5.3,4.0,6001.0,1126471.0,822134.0,907748.0
2024-01-05,2024,1,5,Friday,0,0,0,winter,0,1,0.3,5.0,0.0,-3.4,1.0,7308.0,1049510.0,796963.0,930203.0
2024-01-06,2024,1,6,Saturday,1,0,0,winter,0,0,1.1,7.0,0.0,-1.9,1.7,4012.0,584125.0,386967.0,926004.0
2024-01-07,2024,1,7,Sunday,1,0,0,winter,0,0,0.2,8.0,0.0,0.1,3.3,2858.0,464611.0,329913.0,873152.0
2024-01-08,2024,1,8,Monday,0,0,0,winter,0,1,0.0,2.0,7.1,3.4,4.3,4119.0,1069137.0,819284.0,486935.0
2024-01-09,2024,1,9,Tuesday,0,0,0,winter,0,1,0.0,1.0,1.9,-0.1,1.0,4159.0,1143377.0,824581.0,402307.0
2024-01-10,2024,1,10,Wednesday,0,0,0,winter,0,1,0.0,1.0,0.0,3.2,1.3,4916.0,1098578.0,853723.0,921237.0
2024-01-11,2024,1,11,Thursday,0,0,0,winter,0,1,0.0,0.0,0.0,4.5,1.0,5335.0,1093597.0,837497.0,959209.0
2024-01-12,2024,1,12,Friday,0,0,0,winter,0,1,0.0,0.0,1.5,4.5,6.7,4879.0,957996.0,782339.0,969713.0
2024-01-13,2024,1,13,Saturday,1,0,0,winter,0,0,0.0,0.0,0.0,3.8,7.7,4117.0,564439.0,392778.0,948656.0
2024-01-14,2024,1,14,Sunday,1,0,0,winter,0,0,0.0,0.0,5.7,2.3,2.7,3892.0,465085.0,327903.0,895817.0
2024-01-15,2024,1,15,Monday,0,0,0,winter,0,1,0.0,0.0,2.4,1.3,3.3,5059.0,1060679.0,847782.0,472704.0
2024-01-16,2024,1,16,Tuesday,0,0,0,winter,0,1,0.0,0.0,0.1,-0.8,3.3,5606.0,1104731.0,831744.0,367555.0
2024-01-17,2024,1,17,Wednesday,0,0,0,winter,0,1,2.6,6.0,0.0,-1.7,1.3,4622.0,1099507.0,863687.0,931963.0
2024-01-18,2024,1,18,Thursday,0,0,0,winter,0,1,3.1,7.0,0.0,-4.6,1.0,3250.0,1026187.0,830930.0,972057.0
2024-01-19,2024,1,19,Friday,0,0,0,winter,0,1,0.0,7.0,3.9,-7.2,2.0,3513.0,1002147.0,786574.0,970351.0
2024-01-20,2024,1,20,Saturday,1,0,0,winter,0,0,0.0,6.0,0.0,-3.5,3.7,3114.0,591645.0,412191.0,965441.0
2024-01-21,2024,1,21,Sunday,1,0,0,winter,0,0,0.0,6.0,4.9,-4.4,2.0,2574.0,473900.0,346300.0,891924.0
2024-01-22,2024,1,22,Monday,0,0,0,winter,0,1,0.6,5.0,5.8,-8.1,2.0,4804.0,1012812.0,831990.0,500011.0
2024-01-23,2024,1,23,Tuesday,0,0,0,winter,0,1,2.2,5.0,0.0,-2.1,3.0,5496.0,1037847.0,820817.0,408357.0
2024-01-24,2024,1,24,Wednesday,0,0,0,winter,0,1,0.0,4.0,0.6,3.4,3.0,6203.0,1078364.0,849303.0,914155.0
2024-01-25,2024,1,25,Thursday,0,0,0,winter,0,1,0.0,1.0,0.0,6.6,4.0,7366.0,1066954.0,832783.0,961904.0
2024-01-26,2024,1,26,Friday,0,0,0,winter,0,1,1.8,0.0,2.5,7.2,4.0,5473.0,973538.0,770230.0,989058.0
2024-01-27,2024,1,27,Saturday,1,0,0,winter,0,0,0.0,0.0,0.4,11.3,6.3,6797.0,639641.0,431754.0,952753.0
2024-01-28,2024,1,28,Sunday,1,0,0,winter,0,0,0.0,0.0,0.1,7.5,4.3,7290.0,520611.0,380175.0,887972.0
2024-01-29,2024,1,29,Monday,0,0,0,winter,0,1,0.0,0.0,8.0,7.0,5.0,6246.0,1079836.0,861549.0,503617.0
2024-01-30,2024,1,30,Tuesday,0,0,0,winter,0,1,0.0,0.0,0.3,8.2,6.7,5305.0,1129223.0,805386.0,410932.0
2024-01-31,2024,1,31,Wednesday,0,0,0,winter,0,1,1.4,0.0,3.3,4.0,5.3,5829.0,1077821.0,834103.0,917158.0
2024-02-01,2024,2,1,Thursday,0,0,0,winter,0,1,1.2,0.0,0.0,10.7,5.3,5749.0,1043528.0,799963.0,960949.0
2024-02-02,2024,2,2,Friday,0,0,0,winter,0,1,0.0,0.0,0.2,11.0,5.7,6176.0,930791.0,642718.0,959681.0
2024-02-03,2024,2,3,Saturday,1,0,0,winter,0,0,0.0,0.0,0.1,4.3,5.0,7407.0,608314.0,375188.0,942941.0
2024-02-04,2024,2,4,Sunday,1,0,0,winter,0,0,2.0,0.0,1.2,2.7,5.3,4741.0,457797.0,320637.0,790213.0
2024-02-05,2024,2,5,Monday,0,0,1,winter,0,1,0.0,0.0,3.0,4.0,4.3,6390.0,1006330.0,698984.0,464817.0
2024-02-06,2024,2,6,Tuesday,0,0,1,winter,0,1,0.0,0.0,5.7,7.2,1.3,7875.0,1019389.0,709705.0,409305.0
2024-02-07,2024,2,7,Wednesday,0,0,1,winter,0,1,12.1,0.0,1.6,4.2,1.7,5082.0,973794.0,713298.0,865463.0
2024-02-08,2024,2,8,Thursday,0,0,1,winter,0,1,6.3,0.0,3.5,8.3,7.3,3636.0,984892.0,684368.0,897333.0
2024-02-09,2024,2,9,Friday,0,0,1,winter,0,1,2.5,0.0,2.9,9.5,4.0,5735.0,962486.0,651466.0,909480.0
2024-02-10,2024,2,10,Saturday,1,0,1,winter,0,0,1.8,0.0,0.9,4.4,5.7,11726.0,637389.0,395228.0,890494.0
2024-02-11,2024,2,11,Sunday,1,0,1,winter,0,0,4.1,0.0,1.9,3.8,6.3,2471.0,462684.0,309081.0,832124.0
2024-02-12,2024,2,12,Monday,0,0,1,winter,0,1,2.2,0.0,4.4,2.4,2.3,7823.0,1074378.0,737542.0,474858.0
2024-02-13,2024,2,13,Tuesday,0,0,1,winter,0,1,0.0,0.0,1.5,3.7,1.3,10186.0,1099756.0,739089.0,409462.0
2024-02-14,2024,2,14,Wednesday,0,0,1,winter,0,1,1.2,0.0,1.7,7.8,3.0,8482.0,1135934.0,767437.0,947384.0
2024-02-15,2024,2,15,Thursday,0,0,1,winter,0,1,0.0,0.0,2.4,5.8,2.7,7968.0,1100919.0,746153.0,1002552.0
2024-02-16,2024,2,16,Friday,0,0,1,winter,0,1,5.1,0.0,0.0,1.6,3.3,10422.0,1045400.0,694008.0,1003585.0
2024-02-17,2024,2,17,Saturday,1,0,1,winter,0,0,0.9,0.0,0.0,0.8,2.7,9073.0,653008.0,392434.0,975427.0
2024-02-18,2024,2,18,Sunday,1,0,1,winter,0,0,2.0,2.0,8.9,2.0,1.7,12474.0,649909.0,369750.0,907716.0
2024-02-19,2024,2,19,Monday,0,0,0,winter,0,1,0.0,0.0,0.0,2.8,3.3,7956.0,1125961.0,831891.0,492187.0
2024-02-20,2024,2,20,Tuesday,0,0,0,winter,0,1,0.0,0.0,4.7,3.7,6.3,9756.0,1134168.0,835266.0,396851.0
2024-02-21,2024,2,21,Wednesday,0,0,0,winter,0,1,0.1,0.0,0.0,11.7,9.3,10969.0,1244988.0,879588.0,976677.0
2024-02-22,2024,2,22,Thursday,0,0,0,winter,0,1,3.0,0.0,5.7,10.9,9.3,5908.0,1192017.0,824603.0,1013163.0
2024-02-23,2024,2,23,Friday,0,0,0,winter,0,1,1.3,0.0,0.0,2.5,2.3,8069.0,1134284.0,774302.0,1032539.0
2024-02-24,2024,2,24,Saturday,1,0,0,winter,0,0,0.0,0.0,4.6,2.2,3.7,17980.0,768482.0,485070.0,1003607.0
2024-02-25,2024,2,25,Sunday,1,0,0,winter,0,0,0.0,0.0,5.8,1.8,2.7,12187.0,642757.0,401047.0,920578.0
2024-02-26,2024,2,26,Monday,0,0,0,winter,0,1,0.0,0.0,4.3,0.8,1.7,8025.0,1145689.0,825836.0,518604.0
2024-02-27,2024,2,27,Tuesday,0,0,0,winter,0,1,0.0,0.0,4.1,1.6,3.0,9248.0,1150502.0,849674.0,431003.0
2024-02-28,2024,2,28,Wednesday,0,0,0,winter,0,1,0.0,0.0,0.0,3.2,3.0,9930.0,1254558.0,868686.0,968083.0
2024-02-29,2024,2,29,Thursday,0,0,0,winter,0,1,0.0,0.0,0.0,2.0,3.0,9323.0,1181812.0,851590.0,1014120.0
2024-03-01,2024,3,1,Friday,0,0,0,spring,0,1,0.5,10.0,0.0,0.2,4.3,8328.0,1095089.0,772167.0,1018737.0
2024-03-02,2024,3,2,Saturday,1,0,0,spring,0,0,0.0,6.0,0.0,3.8,2.3,11405.0,705219.0,414769.0,995486.0
2024-03-03,2024,3,3,Sunday,1,0,0,spring,0,0,0.0,0.0,0.1,3.6,3.3,15907.0,609974.0,368789.0,938236.0
2024-03-04,2024,3,4,Monday,0,0,0,spring,0,1,0.0,0.0,9.2,4.0,3.0,13230.0,1165588.0,862447.0,486892.0
2024-03-05,2024,3,5,Tuesday,0,0,0,spring,0,1,0.0,0.0,3.3,5.1,2.0,10072.0,1210192.0,840680.0,385391.0
2024-03-06,2024,3,6,Wednesday,0,0,0,spring,0,1,0.0,0.0,0.3,3.4,3.3,11685.0,1205875.0,876941.0,978161.0
2024-03-07,2024,3,7,Thursday,0,0,0,spring,0,1,0.0,0.0,2.2,3.2,1.7,9215.0,1248647.0,852095.0,1001646.0
2024-03-08,2024,3,8,Friday,0,0,0,spring,0,1,0.0,0.0,0.0,2.6,1.7,9873.0,1169236.0,803139.0,1030496.0
2024-03-09,2024,3,9,Saturday,1,0,0,spring,0,0,0.0,0.0,0.3,2.0,3.0,12437.0,774434.0,470238.0,986164.0
2024-03-10,2024,3,10,Sunday,1,0,0,spring,0,0,0.0,0.0,2.9,5.9,2.3,14331.0,682095.0,405641.0,922852.0
2024-03-11,2024,3,11,Monday,0,0,0,spring,0,1,0.0,0.0,1.2,5.4,2.7,14114.0,1139144.0,836577.0,549200.0
2024-03-12,2024,3,12,Tuesday,0,0,0,spring,0,1,0.0,0.0,0.0,4.0,3.3,11872.0,1182236.0,837026.0,429918.0
2024-03-13,2024,3,13,Wednesday,0,0,0,spring,0,1,0.0,0.0,0.0,3.4,3.0,16105.0,1285536.0,865342.0,879396.0
2024-03-14,2024,3,14,Thursday,0,0,0,spring,0,1,0.0,0.0,10.3,4.0,3.0,13569.0,1218295.0,844445.0,926500.0
2024-03-15,2024,3,15,Friday,0,0,0,spring,0,1,0.0,0.0,0.2,3.0,4.0,18376.0,1192916.0,803116.0,941128.0
2024-03-16,2024,3,16,Saturday,1,0,0,spring,0,0,0.7,0.0,0.7,3.6,3.7,14497.0,758877.0,423803.0,922188.0
2024-03-17,2024,3,17,Sunday,1,0,0,spring,0,0,0.0,0.0,10.6,5.3,1.7,18100.0,687903.0,386563.0,859806.0
2024-03-18,2024,3,18,Monday,0,0,0,spring,0,1,0.0,0.0,10.6,4.7,3.3,12630.0,1192633.0,839439.0,556802.0
2024-03-19,2024,3,19,Tuesday,0,0,0,spring,0,1,0.0,0.0,0.7,4.7,1.7,14535.0,1249213.0,864491.0,460651.0
2024-03-20,2024,3,20,Wednesday,0,0,0,spring,0,1,0.0,0.0,0.0,5.1,4.0,16395.0,1310615.0,887172.0,984350.0
2024-03-21,2024,3,21,Thursday,0,0,0,spring,0,1,0.1,0.0,0.4,6.5,4.3,14927.0,1232263.0,841436.0,1020487.0
2024-03-22,2024,3,22,Friday,0,0,0,spring,0,1,0.2,0.0,1.7,6.2,3.3,16763.0,1163459.0,803213.0,1046719.0
2024-03-23,2024,3,23,Saturday,1,0,0,spring,0,0,0.0,0.0,1.4,5.6,1.7,11390.0,724825.0,417134.0,1006243.0
2024-03-24,2024,3,24,Sunday,1,0,0,spring,0,0,0.0,0.0,0.7,5.6,1.3,7562.0,561771.0,353255.0,948466.0
2024-03-25,2024,3,25,Monday,0,0,0,spring,0,1,0.0,0.0,0.0,5.7,3.7,10706.0,1276723.0,844888.0,573059.0
2024-03-26,2024,3,26,Tuesday,0,0,0,spring,0,1,0.0,0.0,2.4,6.8,3.3,17132.0,1340665.0,872703.0,462212.0
2024-03-27,2024,3,27,Wednesday,0,0,0,spring,0,1,0.0,0.0,10.3,9.8,2.7,21849.0,1339591.0,882273.0,987149.0
2024-03-28,2024,3,28,Thursday,0,0,1,spring,0,1,0.0,0.0,6.6,11.1,2.7,14458.0,1137580.0,704818.0,1013235.0
2024-03-29,2024,3,29,Friday,0,1,0,spring,0,0,0.0,0.0,7.1,9.3,4.7,20014.0,735230.0,473787.0,1029953.0
2024-03-30,2024,3,30,Saturday,1,0,0,spring,0,0,0.0,0.0,0.0,9.5,3.0,25780.0,692826.0,419182.0,1017297.0
2024-03-31,2024,3,31,Sunday,1,0,0,spring,0,0,0.0,0.0,7.7,11.1,3.3,20549.0,600344.0,357919.0,942131.0
2024-04-01,2024,4,1,Monday,0,1,0,spring,0,0,0.0,0.0,2.5,5.8,2.3,16340.0,557229.0,301467.0,571492.0
2024-04-02,2024,4,2,Tuesday,0,0,0,spring,0,1,0.0,0.0,11.3,9.8,2.3,15037.0,1226586.0,846441.0,449088.0
2024-04-03,2024,4,3,Wednesday,0,0,0,spring,0,1,0.3,0.0,9.0,13.2,1.3,16544.0,1284438.0,894972.0,1005428.0
2024-04-04,2024,4,4,Thursday,0,0,0,spring,0,1,0.4,0.0,8.6,14.9,1.0,15337.0,1333822.0,864614.0,1037449.0
2024-04-05,2024,4,5,Friday,0,0,0,spring,0,1,0.3,0.0,10.4,18.1,2.0,21002.0,1216853.0,820096.0,1059763.0
2024-04-06,2024,4,6,Saturday,1,0,0,spring,0,0,0.0,0.0,5.3,13.3,4.3,36961.0,724291.0,457499.0,914636.0
2024-04-07,2024,4,7,Sunday,1,0,0,spring,0,0,0.0,0.0,5.6,12.8,3.0,42813.0,660839.0,385788.0,451348.0
2024-04-08,2024,4,8,Monday,0,0,0,spring,0,1,0.0,0.0,0.0,10.3,1.7,28499.0,1156213.0,860938.0,400672.0
2024-04-09,2024,4,9,Tuesday,0,0,0,spring,0,1,0.8,0.0,0.0,7.5,2.3,31393.0,1250009.0,883913.0,364806.0
2024-04-10,2024,4,10,Wednesday,0,0,0,spring,0,1,0.1,0.0,0.0,6.6,3.3,13203.0,1263076.0,884160.0,335794.0
2024-04-11,2024,4,11,Thursday,0,0,0,spring,0,1,0.0,0.0,0.0,9.9,1.7,23983.0,1247077.0,896462.0,979003.0
2024-04-12,2024,4,12,Friday,0,0,0,spring,0,1,0.0,0.0,6.6,13.5,2.3,24901.0,1211958.0,807234.0,1045526.0
2024-04-13,2024,4,13,Saturday,1,0,0,spring,0,0,0.0,0.0,2.6,12.8,2.0,33546.0,795211.0,443756.0,1034170.0
2024-04-14,2024,4,14,Sunday,1,0,0,spring,0,0,0.8,0.0,2.8,10.3,3.7,30110.0,638308.0,371071.0,997588.0
2024-04-15,2024,4,15,Monday,0,0,0,spring,0,1,0.3,0.0,2.3,9.3,2.3,13680.0,1152137.0,861852.0,572709.0
2024-04-16,2024,4,16,Tuesday,0,0,0,spring,0,1,0.3,0.0,1.4,12.4,3.7,12183.0,1206374.0,854019.0,522584.0
2024-04-17,2024,4,17,Wednesday,0,0,0,spring,0,1,0.0,0.0,0.1,9.6,2.7,14655.0,1255832.0,907700.0,1014493.0
2024-04-18,2024,4,18,Thursday,0,0,0,spring,0,1,0.0,0.0,1.4,9.8,1.3,14304.0,1238120.0,873241.0,1046930.0
2024-04-19,2024,4,19,Friday,0,0,0,spring,0,1,2.7,0.0,3.4,9.2,3.3,8664.0,1109542.0,783285.0,1076199.0
2024-04-20,2024,4,20,Saturday,1,0,0,spring,0,0,1.1,0.0,8.3,9.1,3.7,4993.0,631123.0,386685.0,1041067.0
2024-04-21,2024,4,21,Sunday,1,0,0,spring,0,0,0.0,0.0,13.1,11.4,1.7,11758.0,595519.0,362581.0,975197.0
2024-04-22,2024,4,22,Monday,0,0,0,spring,0,1,0.0,0.0,10.8,11.1,2.3,11570.0,1137221.0,853891.0,587247.0
2024-04-23,2024,4,23,Tuesday,0,0,0,spring,0,1,0.0,0.0,0.4,7.0,2.7,13489.0,1174662.0,865100.0,454257.0
2024-04-24,2024,4,24,Wednesday,0,0,0,spring,0,1,0.0,0.0,5.5,3.6,4.7,14687.0,1239789.0,875282.0,1004700.0
2024-04-25,2024,4,25,Thursday,0,0,0,spring,0,1,0.0,0.0,7.5,4.3,4.3,13324.0,1184368.0,869256.0,1032299.0
2024-04-26,2024,4,26,Friday,0,0,0,spring,0,1,0.0,0.0,2.4,5.2,6.0,17384.0,1119508.0,799294.0,1070328.0
2024-04-27,2024,4,27,Saturday,1,0,0,spring,0,0,0.0,0.0,3.9,5.5,6.3,28979.0,737210.0,453469.0,1027817.0
2024-04-28,2024,4,28,Sunday,1,0,0,spring,0,0,0.0,0.0,7.8,5.7,5.7,32384.0,612314.0,381294.0,942098.0
2024-04-29,2024,4,29,Monday,0,0,0,spring,0,1,0.0,0.0,13.3,9.5,2.0,24198.0,1141816.0,846154.0,586249.0
2024-04-30,2024,4,30,Tuesday,0,0,0,spring,0,1,0.0,0.0,13.2,13.1,2.0,27719.0,1246631.0,915382.0,474816.0
2024-05-01,2024,5,1,Wednesday,0,1,0,spring,0,0,0.0,0.0,3.9,13.1,4.0,36664.0,712093.0,457718.0,451996.0
2024-05-02,2024,5,2,Thursday,0,0,0,spring,0,1,0.0,0.0,10.9,13.5,2.3,25008.0,1185958.0,832793.0,1012353.0
2024-05-03,2024,5,3,Friday,0,0,0,spring,0,1,1.0,0.0,7.6,12.8,4.0,16490.0,1058811.0,755338.0,1062906.0
2024-05-04,2024,5,4,Saturday,1,0,0,spring,0,0,0.0,0.0,0.0,7.6,3.7,25755.0,665667.0,429197.0,1011585.0
2024-05-05,2024,5,5,Sunday,1,0,0,spring,0,0,0.0,0.0,10.0,14.0,2.0,27489.0,544456.0,349655.0,938811.0
2024-05-06,2024,5,6,Monday,0,0,0,spring,0,1,6.4,0.0,13.3,16.9,3.0,22047.0,1207035.0,829771.0,531766.0
2024-05-07,2024,5,7,Tuesday,0,0,0,spring,0,1,9.0,0.0,13.3,17.7,3.7,8367.0,1156601.0,831864.0,515476.0
2024-05-08,2024,5,8,Wednesday,0,1,0,spring,0,0,0.0,0.0,12.3,16.6,4.0,27346.0,622794.0,378654.0,423628.0
2024-05-09,2024,5,9,Thursday,0,0,0,spring,0,1,0.0,0.0,12.1,17.5,3.7,30880.0,1138066.0,819952.0,1006788.0
2024-05-10,2024,5,10,Friday,0,0,0,spring,0,1,0.0,0.0,10.9,17.5,3.3,29035.0,1069955.0,751484.0,1026157.0
2024-05-11,2024,5,11,Saturday,1,0,0,spring,0,0,0.0,0.0,6.4,16.8,4.0,31063.0,692083.0,440223.0,1012541.0
2024-05-12,2024,5,12,Sunday,1,0,0,spring,0,0,0.0,0.0,3.8,15.2,2.7,30377.0,610098.0,371316.0,950511.0
2024-05-13,2024,5,13,Monday,0,0,0,spring,0,1,0.0,0.0,2.5,16.8,4.0,32657.0,1151668.0,870476.0,562181.0
2024-05-14,2024,5,14,Tuesday,0,0,0,spring,0,1,0.0,0.0,11.6,12.7,4.3,37635.0,1231919.0,872663.0,480637.0
2024-05-15,2024,5,15,Wednesday,0,0,0,spring,0,1,0.0,0.0,6.4,8.5,5.0,32773.0,1300109.0,904257.0,992982.0
2024-05-16,2024,5,16,Thursday,0,0,0,spring,0,1,0.5,0.0,3.0,9.3,2.7,23570.0,1214277.0,858183.0,1021401.0
2024-05-17,2024,5,17,Friday,0,0,0,spring,0,1,4.7,0.0,1.7,10.5,5.7,10340.0,1034422.0,760192.0,1029326.0
2024-05-18,2024,5,18,Saturday,1,0,0,spring,0,0,0.0,0.0,0.8,14.6,2.0,14229.0,706298.0,431624.0,1039768.0
2024-05-19,2024,5,19,Sunday,1,0,0,spring,0,0,0.2,0.0,8.9,16.5,1.3,24285.0,593657.0,382625.0,952359.0
2024-05-20,2024,5,20,Monday,0,0,0,spring,0,1,0.0,0.0,5.9,17.0,2.7,36290.0,1189248.0,851499.0,567323.0
2024-05-21,2024,5,21,Tuesday,0,0,0,spring,0,1,7.0,0.0,9.2,18.4,1.3,20976.0,1168697.0,842350.0,458601.0
2024-05-22,2024,5,22,Wednesday,0,0,0,spring,0,1,0.0,0.0,13.6,22.2,2.7,20473.0,1138813.0,869663.0,975729.0
2024-05-23,2024,5,23,Thursday,0,0,0,spring,0,1,0.0,0.0,7.1,18.3,2.3,33680.0,1210704.0,859268.0,997446.0
2024-05-24,2024,5,24,Friday,0,0,0,spring,0,1,0.3,0.0,0.7,16.3,3.0,19577.0,1047517.0,763815.0,1034486.0
2024-05-25,2024,5,25,Saturday,1,0,0,spring,0,0,0.8,0.0,2.7,14.9,2.3,22773.0,654516.0,409977.0,1020838.0
2024-05-26,2024,5,26,Sunday,1,0,0,spring,0,0,2.1,0.0,5.2,17.9,1.3,27626.0,631440.0,382959.0,926099.0
2024-05-27,2024,5,27,Monday,0,0,0,spring,0,1,0.0,0.0,6.9,18.9,2.0,26105.0,1097170.0,831080.0,580734.0
2024-05-28,2024,5,28,Tuesday,0,0,0,spring,0,1,3.5,0.0,6.6,19.6,2.0,17864.0,1097384.0,836548.0,484456.0
2024-05-29,2024,5,29,Wednesday,0,0,0,spring,0,1,0.0,0.0,3.9,20.9,1.7,37008.0,1276860.0,873051.0,976513.0
2024-05-30,2024,5,30,Thursday,0,0,0,spring,0,1,3.1,0.0,7.6,20.9,2.7,22679.0,1161884.0,841932.0,1029414.0
2024-05-31,2024,5,31,Friday,0,0,0,spring,0,1,9.4,0.0,6.8,16.8,3.0,17178.0,1053824.0,769234.0,1056175.0
2024-06-01,2024,6,1,Saturday,1,0,0,summer,0,0,6.5,0.0,4.7,18.4,1.7,6179.0,595240.0,373835.0,1026437.0
2024-06-02,2024,6,2,Sunday,1,0,0,summer,0,0,12.3,0.0,3.1,17.2,2.0,13054.0,491044.0,334494.0,963414.0
2024-06-03,2024,6,3,Monday,0,0,0,summer,0,1,0.0,0.0,0.6,17.9,1.0,21294.0,1059414.0,837795.0,548134.0
2024-06-04,2024,6,4,Tuesday,0,0,0,summer,0,1,0.0,0.0,5.5,20.0,1.3,30775.0,1182152.0,847293.0,469249.0
2024-06-05,2024,6,5,Wednesday,0,0,0,summer,0,1,0.0,0.0,10.2,21.6,1.7,33512.0,1157431.0,862558.0,978433.0
2024-06-06,2024,6,6,Thursday,0,0,0,summer,0,1,4.7,0.0,10.9,20.1,3.0,27493.0,1164475.0,832032.0,996061.0
2024-06-07,2024,6,7,Friday,0,0,0,summer,0,1,0.0,0.0,14.9,20.2,1.7,25085.0,1083677.0,782174.0,1061761.0
2024-06-08,2024,6,8,Saturday,1,0,0,summer,0,0,0.0,0.0,12.8,20.2,2.3,33485.0,663716.0,436241.0,1020396.0
2024-06-09,2024,6,9,Sunday,1,0,0,summer,0,0,0.0,0.0,8.9,18.5,3.0,34003.0,553228.0,358627.0,938614.0
2024-06-10,2024,6,10,Monday,0,0,0,summer,0,1,0.0,0.0,7.6,18.8,2.3,24881.0,1102265.0,829862.0,573123.0
2024-06-11,2024,6,11,Tuesday,0,0,0,summer,0,1,0.0,0.0,1.8,17.3,1.3,27168.0,1187677.0,844131.0,472124.0
2024-06-12,2024,6,12,Wednesday,0,0,0,summer,0,1,0.1,0.0,2.5,17.5,1.7,27915.0,1187101.0,860434.0,975436.0
2024-06-13,2024,6,13,Thursday,0,0,0,summer,0,1,0.1,0.0,3.3,17.2,4.0,21830.0,1178345.0,832430.0,1013510.0
2024-06-14,2024,6,14,Friday,0,0,0,summer,0,1,0.0,0.0,5.4,18.8,2.3,22216.0,1049260.0,749739.0,1018431.0
2024-06-15,2024,6,15,Saturday,1,0,0,summer,0,0,0.0,0.0,4.1,16.3,3.3,22880.0,626959.0,410477.0,1000121.0
2024-06-16,2024,6,16,Sunday,1,0,0,summer,0,0,0.0,0.0,8.2,19.3,3.3,33623.0,549105.0,353313.0,931242.0
2024-06-17,2024,6,17,Monday,0,0,0,summer,0,1,0.0,0.0,2.2,15.3,6.0,28657.0,1066620.0,807969.0,550142.0
2024-06-18,2024,6,18,Tuesday,0,0,0,summer,0,1,0.0,0.0,10.6,18.3,3.3,34213.0,1125299.0,832017.0,496477.0
2024-06-19,2024,6,19,Wednesday,0,0,0,summer,0,1,0.0,0.0,4.6,18.7,2.3,28732.0,1225192.0,839168.0,971531.0
2024-06-20,2024,6,20,Thursday,0,0,0,summer,0,1,0.0,0.0,4.1,17.4,2.3,29621.0,1148993.0,821795.0,1024433.0
2024-06-21,2024,6,21,Friday,0,0,0,summer,0,1,11.4,0.0,4.2,18.9,3.3,19438.0,1039365.0,712922.0,1051294.0
2024-06-22,2024,6,22,Saturday,1,0,0,summer,0,0,0.0,0.0,8.1,23.1,1.3,25266.0,578789.0,405446.0,1013066.0
2024-06-23,2024,6,23,Sunday,1,0,0,summer,0,0,0.0,0.0,15.5,26.0,2.7,33228.0,540892.0,374739.0,886037.0
2024-06-24,2024,6,24,Monday,0,0,0,summer,0,1,0.0,0.0,13.2,28.2,2.0,29993.0,1148793.0,810774.0,517721.0
2024-06-25,2024,6,25,Tuesday,0,0,0,summer,0,1,0.0,0.0,8.5,25.3,2.3,33224.0,1137209.0,824776.0,463743.0
2024-06-26,2024,6,26,Wednesday,0,0,0,summer,0,1,0.0,0.0,2.7,20.0,2.7,30457.0,1233874.0,846169.0,987037.0
2024-06-27,2024,6,27,Thursday,0,0,0,summer,0,1,21.4,0.0,3.3,17.0,2.7,20477.0,1101966.0,799972.0,1022321.0
2024-06-28,2024,6,28,Friday,0,0,0,summer,0,1,0.0,0.0,7.6,18.4,2.3,22201.0,1013064.0,761327.0,1039813.0
2024-06-29,2024,6,29,Saturday,1,0,0,summer,0,0,0.0,0.0,9.4,22.3,3.7,15327.0,532730.0,434562.0,1012396.0
2024-06-30,2024,6,30,Sunday,1,0,0,summer,0,0,3.6,0.0,7.6,21.1,3.0,19228.0,451362.0,379849.0,908106.0
2024-07-01,2024,7,1,Monday,0,0,1,summer,0,1,0.5,0.0,11.9,23.5,3.0,17475.0,895461.0,683666.0,452799.0
2024-07-02,2024,7,2,Tuesday,0,0,1,summer,0,1,0.0,0.0,4.9,18.8,3.3,25271.0,951479.0,678219.0,388519.0
2024-07-03,2024,7,3,Wednesday,0,0,1,summer,0,1,0.1,0.0,8.6,16.2,4.0,22525.0,943584.0,673280.0,734032.0
2024-07-04,2024,7,4,Thursday,0,0,1,summer,0,1,2.8,0.0,12.9,19.3,1.7,19405.0,847247.0,596145.0,711388.0
2024-07-05,2024,7,5,Friday,0,1,1,summer,0,0,0.0,0.0,6.4,20.3,3.3,20952.0,544143.0,359723.0,430358.0
2024-07-06,2024,7,6,Saturday,1,1,1,summer,0,0,11.9,0.0,8.0,17.6,6.0,18177.0,433926.0,294254.0,422896.0
2024-07-07,2024,7,7,Sunday,1,0,1,summer,0,0,0.6,0.0,11.4,19.2,2.7,12323.0,447138.0,281946.0,572410.0
2024-07-08,2024,7,8,Monday,0,0,1,summer,0,1,0.2,0.0,10.4,23.1,3.0,26493.0,902800.0,608417.0,388103.0
2024-07-09,2024,7,9,Tuesday,0,0,1,summer,0,1,0.0,0.0,10.1,21.6,4.7,27979.0,856006.0,620684.0,366720.0
2024-07-10,2024,7,10,Wednesday,0,0,1,summer,0,1,0.6,0.0,12.5,25.8,1.3,20982.0,845301.0,598866.0,797010.0
2024-07-11,2024,7,11,Thursday,0,0,1,summer,0,1,0.0,0.0,9.9,25.9,4.3,28076.0,901767.0,595716.0,850069.0
2024-07-12,2024,7,12,Friday,0,0,1,summer,0,1,4.3,0.0,1.8,20.3,3.7,17142.0,804511.0,533638.0,861416.0
2024-07-13,2024,7,13,Saturday,1,0,1,summer,0,0,2.7,0.0,2.6,18.5,3.3,24022.0,524496.0,342718.0,841815.0
2024-07-14,2024,7,14,Sunday,1,0,1,summer,0,0,0.0,0.0,1.8,14.2,4.3,32339.0,497961.0,321766.0,771718.0
2024-07-15,2024,7,15,Monday,0,0,1,summer,0,1,0.0,0.0,0.2,15.3,4.0,30526.0,916026.0,598781.0,426822.0
2024-07-16,2024,7,16,Tuesday,0,0,1,summer,0,1,0.2,0.0,12.4,18.7,3.0,31280.0,932870.0,620734.0,390579.0
2024-07-17,2024,7,17,Wednesday,0,0,1,summer,0,1,0.0,0.0,0.7,18.7,2.0,33497.0,926771.0,621389.0,839732.0
2024-07-18,2024,7,18,Thursday,0,0,1,summer,0,1,0.0,0.0,10.3,21.9,3.0,31871.0,896978.0,603131.0,866248.0
2024-07-19,2024,7,19,Friday,0,0,1,summer,0,1,0.0,0.0,10.9,23.3,2.3,26282.0,774070.0,541762.0,870904.0
2024-07-20,2024,7,20,Saturday,1,0,1,summer,0,0,0.0,0.0,12.6,23.6,1.3,25785.0,507917.0,342678.0,843017.0
2024-07-21,2024,7,21,Sunday,1,0,1,summer,0,0,0.0,0.0,5.5,21.9,2.3,24420.0,444524.0,304713.0,755511.0
2024-07-22,2024,7,22,Monday,0,0,1,summer,0,1,0.0,0.0,7.0,23.8,1.3,23561.0,896223.0,584895.0,481905.0
2024-07-23,2024,7,23,Tuesday,0,0,1,summer,0,1,2.3,0.0,4.4,23.1,2.3,33805.0,896577.0,611161.0,443950.0
2024-07-24,2024,7,24,Wednesday,0,0,1,summer,0,1,0.0,0.0,2.7,21.3,2.3,29215.0,900001.0,614574.0,816607.0
2024-07-25,2024,7,25,Thursday,0,0,1,summer,0,1,0.0,0.0,9.8,23.5,2.0,32661.0,888545.0,612857.0,853884.0
2024-07-26,2024,7,26,Friday,0,0,1,summer,0,1,0.0,0.0,6.7,22.7,2.3,26336.0,760388.0,542151.0,859862.0
2024-07-27,2024,7,27,Saturday,1,0,1,summer,0,0,4.0,0.0,3.4,20.5,3.0,23455.0,483406.0,335889.0,835539.0
2024-07-28,2024,7,28,Sunday,1,0,1,summer,0,0,0.0,0.0,5.8,22.3,2.0,25387.0,433896.0,311670.0,749100.0
2024-07-29,2024,7,29,Monday,0,0,1,summer,0,1,0.0,0.0,4.7,20.5,2.7,32960.0,824335.0,604896.0,456692.0
2024-07-30,2024,7,30,Tuesday,0,0,1,summer,0,1,0.0,0.0,8.9,24.3,3.3,36573.0,886129.0,616522.0,493793.0
2024-07-31,2024,7,31,Wednesday,0,0,1,summer,0,1,3.8,0.0,1.5,19.1,2.3,32499.0,850444.0,601946.0,829231.0
2024-08-01,2024,8,1,Thursday,0,0,1,summer,0,1,0.0,0.0,6.7,19.1,2.7,27547.0,813361.0,581839.0,838865.0
2024-08-02,2024,8,2,Friday,0,0,1,summer,0,1,4.2,0.0,4.8,16.8,2.3,14534.0,739006.0,505837.0,873045.0
2024-08-03,2024,8,3,Saturday,1,0,1,summer,0,0,2.9,0.0,0.1,20.8,3.3,30775.0,558920.0,344402.0,845796.0
2024-08-04,2024,8,4,Sunday,1,0,1,summer,0,0,11.2,0.0,10.5,25.1,3.0,14967.0,455838.0,286234.0,758260.0
2024-08-05,2024,8,5,Monday,0,0,1,summer,0,1,0.0,0.0,0.2,15.8,2.3,28195.0,851323.0,607220.0,495542.0
2024-08-06,2024,8,6,Tuesday,0,0,1,summer,0,1,0.0,0.0,6.4,19.2,2.0,38013.0,913312.0,609740.0,512446.0
2024-08-07,2024,8,7,Wednesday,0,0,1,summer,0,1,1.6,0.0,11.7,20.5,3.0,31323.0,882372.0,610719.0,836679.0
2024-08-08,2024,8,8,Thursday,0,0,1,summer,0,1,4.7,0.0,13.1,23.5,3.7,23075.0,857602.0,576618.0,871402.0
2024-08-09,2024,8,9,Friday,0,0,1,summer,0,1,0.0,0.0,0.6,14.7,3.0,25946.0,787117.0,553438.0,862145.0
2024-08-10,2024,8,10,Saturday,1,0,1,summer,0,0,0.0,0.0,0.8,12.8,3.3,26528.0,538000.0,362164.0,851707.0
2024-08-11,2024,8,11,Sunday,1,0,1,summer,0,0,0.0,0.0,7.8,14.2,3.0,25856.0,460376.0,317108.0,779084.0
2024-08-12,2024,8,12,Monday,0,0,1,summer,0,1,0.0,0.0,0.1,15.1,3.0,26461.0,825130.0,602789.0,530448.0
2024-08-13,2024,8,13,Tuesday,0,0,1,summer,0,1,0.0,0.0,5.6,20.3,3.7,28596.0,807772.0,592446.0,458656.0
2024-08-14,2024,8,14,Wednesday,0,0,1,summer,0,1,9.9,0.0,8.8,20.5,2.0,26830.0,796814.0,601996.0,850382.0
2024-08-15,2024,8,15,Thursday,0,0,1,summer,0,1,0.1,0.0,8.7,19.5,2.0,21291.0,813402.0,574415.0,892092.0
2024-08-16,2024,8,16,Friday,0,0,1,summer,0,1,0.0,0.0,6.4,17.7,2.7,23762.0,727890.0,537054.0,894894.0
2024-08-17,2024,8,17,Saturday,1,0,1,summer,0,0,0.0,0.0,9.3,16.3,1.7,21585.0,540980.0,362360.0,850302.0
2024-08-18,2024,8,18,Sunday,1,0,1,summer,0,0,30.9,0.0,12.6,19.0,2.0,13859.0,396178.0,291590.0,771959.0
2024-08-19,2024,8,19,Monday,0,0,1,summer,0,1,0.4,0.0,12.8,21.1,1.3,14702.0,827349.0,623128.0,493507.0
2024-08-20,2024,8,20,Tuesday,0,0,1,summer,0,1,0.0,0.0,6.6,21.8,2.0,31985.0,880792.0,637036.0,445780.0
2024-08-21,2024,8,21,Wednesday,0,0,1,summer,0,1,0.0,0.0,3.3,16.9,4.0,27197.0,883496.0,649202.0,832457.0
2024-08-22,2024,8,22,Thursday,0,0,1,summer,0,1,0.0,0.0,3.4,17.6,2.3,27923.0,821682.0,622845.0,855152.0
2024-08-23,2024,8,23,Friday,0,0,1,summer,0,1,0.0,0.0,8.9,21.3,1.7,22853.0,763367.0,566983.0,856986.0
2024-08-24,2024,8,24,Saturday,1,0,1,summer,0,0,0.1,0.0,12.9,21.3,1.7,19709.0,524120.0,348162.0,832725.0
2024-08-25,2024,8,25,Sunday,1,0,1,summer,0,0,1.5,0.0,13.1,22.4,2.3,15434.0,417988.0,316167.0,740472.0
2024-08-26,2024,8,26,Monday,0,0,1,summer,0,1,0.9,0.0,13.1,23.9,2.0,18703.0,830234.0,673778.0,476349.0
2024-08-27,2024,8,27,Tuesday,0,0,1,summer,0,1,0.0,0.0,13.1,24.5,1.3,27138.0,949824.0,699672.0,426497.0
2024-08-28,2024,8,28,Wednesday,0,0,1,summer,0,1,0.0,0.0,12.6,25.8,2.3,28524.0,883990.0,695250.0,880472.0
2024-08-29,2024,8,29,Thursday,0,0,1,summer,0,1,0.0,0.0,1.1,20.3,2.0,27456.0,866750.0,657559.0,875591.0
2024-08-30,2024,8,30,Friday,0,0,1,summer,0,1,0.0,0.0,11.9,18.1,2.7,23321.0,765181.0,614626.0,906663.0
2024-08-31,2024,8,31,Saturday,1,0,1,summer,0,0,0.0,0.0,12.9,18.5,1.7,24227.0,538056.0,383960.0,900684.0
2024-09-01,2024,9,1,Sunday,1,0,0,autumn,0,0,0.0,0.0,11.3,20.5,2.3,25641.0,500330.0,357626.0,805689.0
2024-09-02,2024,9,2,Monday,0,0,0,autumn,0,1,0.0,0.0,9.2,21.3,1.7,25528.0,1049019.0,820376.0,519016.0
2024-09-03,2024,9,3,Tuesday,0,0,0,autumn,0,1,0.0,0.0,4.5,20.2,1.3,28737.0,1077491.0,822259.0,452541.0
2024-09-04,2024,9,4,Wednesday,0,0,0,autumn,0,1,0.0,0.0,5.5,20.4,6.7,31055.0,1062672.0,829456.0,975592.0
2024-09-05,2024,9,5,Thursday,0,0,0,autumn,0,1,0.0,0.0,1.9,15.8,4.7,27426.0,1023639.0,794052.0,984430.0
2024-09-06,2024,9,6,Friday,0,0,0,autumn,0,1,0.0,0.0,8.9,17.7,2.3,24652.0,952653.0,755825.0,993637.0
2024-09-07,2024,9,7,Saturday,1,0,0,autumn,0,0,0.0,0.0,11.9,21.3,1.7,23183.0,556574.0,422333.0,967898.0
2024-09-08,2024,9,8,Sunday,1,0,0,autumn,0,0,0.9,0.0,12.0,23.1,2.0,26994.0,472931.0,349487.0,900499.0
2024-09-09,2024,9,9,Monday,0,0,0,autumn,0,1,5.3,0.0,9.9,23.2,1.3,12209.0,996282.0,806791.0,527154.0
2024-09-10,2024,9,10,Tuesday,0,0,0,autumn,0,1,0.0,0.0,9.9,23.2,1.3,24498.0,1128175.0,862967.0,461490.0
2024-09-11,2024,9,11,Wednesday,0,0,0,autumn,0,1,4.6,0.0,11.3,23.3,1.3,22251.0,1061328.0,829854.0,954833.0
2024-09-12,2024,9,12,Thursday,0,0,0,autumn,0,1,5.8,0.0,11.7,23.8,1.3,10860.0,1062840.0,820718.0,983150.0
2024-09-13,2024,9,13,Friday,0,0,0,autumn,0,1,59.7,0.0,11.0,23.0,2.0,6538.0,862729.0,695166.0,993376.0
2024-09-14,2024,9,14,Saturday,1,0,0,autumn,0,0,9.4,0.0,10.5,22.9,3.3,4886.0,447778.0,321203.0,973356.0
2024-09-15,2024,9,15,Sunday,1,0,0,autumn,0,0,15.2,0.0,11.3,22.1,2.3,3739.0,387191.0,280640.0,929991.0
2024-09-16,2024,9,16,Monday,0,0,0,autumn,0,1,8.1,0.0,8.6,20.5,1.0,7447.0,1002531.0,805729.0,610166.0
2024-09-17,2024,9,17,Tuesday,0,0,0,autumn,0,1,0.0,0.0,0.0,16.9,2.0,17990.0,1137788.0,855918.0,498300.0
2024-09-18,2024,9,18,Wednesday,0,0,0,autumn,0,1,0.0,0.0,1.4,14.4,2.7,20170.0,1166883.0,871528.0,978948.0
2024-09-19,2024,9,19,Thursday,0,0,0,autumn,0,1,0.0,0.0,0.0,11.9,3.3,19710.0,1086813.0,847942.0,1021720.0
2024-09-20,2024,9,20,Friday,0,0,0,autumn,0,1,0.0,0.0,3.0,12.0,2.0,19742.0,1006685.0,778825.0,1052580.0
2024-09-21,2024,9,21,Saturday,1,0,0,autumn,0,0,0.0,0.0,1.8,13.3,2.7,21562.0,575802.0,475062.0,1011664.0
2024-09-22,2024,9,22,Sunday,1,0,0,autumn,0,0,0.0,0.0,11.0,12.1,1.0,22684.0,511105.0,389805.0,923709.0
2024-09-23,2024,9,23,Monday,0,0,0,autumn,0,1,0.0,0.0,3.4,13.9,2.3,19038.0,1077515.0,838688.0,522263.0
2024-09-24,2024,9,24,Tuesday,0,0,0,autumn,0,1,0.9,0.0,9.1,15.4,1.3,15219.0,1076646.0,838182.0,437611.0
2024-09-25,2024,9,25,Wednesday,0,0,0,autumn,0,1,0.3,0.0,9.9,14.0,1.0,23476.0,1147001.0,878664.0,982623.0
2024-09-26,2024,9,26,Thursday,0,0,0,autumn,0,1,2.8,0.0,8.7,13.7,1.0,10847.0,1065780.0,821363.0,1019357.0
2024-09-27,2024,9,27,Friday,0,0,0,autumn,0,1,2.2,0.0,10.4,14.4,1.3,14438.0,1030251.0,778566.0,1041332.0
2024-09-28,2024,9,28,Saturday,1,1,0,autumn,0,0,0.0,0.0,6.0,16.4,4.3,12538.0,557706.0,362001.0,496812.0
2024-09-29,2024,9,29,Sunday,1,0,0,autumn,0,0,0.0,0.0,9.5,18.4,4.7,14863.0,534306.0,387523.0,716556.0
2024-09-30,2024,9,30,Monday,0,0,0,autumn,0,1,0.0,0.0,4.5,18.5,3.7,786.0,1113565.0,877716.0,460451.0
2024-10-01,2024,10,1,Tuesday,0,0,0,autumn,0,1,1.9,0.0,8.5,17.9,2.7,16036.0,1185879.0,895160.0,429982.0
2024-10-02,2024,10,2,Wednesday,0,0,0,autumn,0,1,2.7,0.0,0.1,12.6,2.7,9032.0,1181960.0,876776.0,1044124.0
2024-10-03,2024,10,3,Thursday,0,0,0,autumn,0,1,0.0,0.0,0.2,10.5,3.3,14545.0,1199648.0,881135.0,1086125.0
2024-10-04,2024,10,4,Friday,0,0,0,autumn,0,1,5.5,0.0,3.4,10.2,4.7,11455.0,1075111.0,805156.0,1090862.0
2024-10-05,2024,10,5,Saturday,1,0,0,autumn,0,0,0.0,0.0,2.0,6.7,4.7,6161.0,630573.0,393681.0,1066660.0
2024-10-06,2024,10,6,Sunday,1,0,0,autumn,0,0,0.0,0.0,0.0,7.6,3.0,12562.0,576116.0,373490.0,986116.0
2024-10-07,2024,10,7,Monday,0,0,0,autumn,0,1,0.0,0.0,4.5,8.2,1.3,16604.0,1225211.0,893613.0,512634.0
2024-10-08,2024,10,8,Tuesday,0,0,0,autumn,0,1,1.0,0.0,0.5,7.3,2.3,23415.0,1243322.0,890546.0,459064.0
2024-10-09,2024,10,9,Wednesday,0,0,0,autumn,0,1,0.0,0.0,2.5,7.2,2.3,17571.0,1260037.0,909610.0,1038263.0
2024-10-10,2024,10,10,Thursday,0,0,0,autumn,0,1,0.6,0.0,2.4,7.3,1.7,14213.0,1214044.0,870510.0,1089031.0
2024-10-11,2024,10,11,Friday,0,0,0,autumn,0,1,4.1,0.0,0.1,7.3,2.0,8727.0,1157772.0,781994.0,1103435.0
2024-10-12,2024,10,12,Saturday,1,0,0,autumn,0,0,0.0,0.0,0.0,6.8,3.0,11352.0,727761.0,428773.0,1105095.0
2024-10-13,2024,10,13,Sunday,1,0,0,autumn,0,0,0.1,0.0,0.0,6.9,3.7,9729.0,590561.0,360994.0,1030156.0
2024-10-14,2024,10,14,Monday,0,0,0,autumn,0,1,2.2,0.0,0.0,8.8,4.0,14637.0,1178568.0,886213.0,618136.0
2024-10-15,2024,10,15,Tuesday,0,0,0,autumn,0,1,0.0,0.0,3.1,11.6,1.0,17436.0,1237582.0,906701.0,522676.0
2024-10-16,2024,10,16,Wednesday,0,0,0,autumn,0,1,0.0,0.0,3.4,11.9,1.0,17983.0,1318331.0,912704.0,1048035.0
2024-10-17,2024,10,17,Thursday,0,0,0,autumn,0,1,0.0,0.0,0.0,8.9,1.3,16726.0,1243308.0,896716.0,1076000.0
2024-10-18,2024,10,18,Friday,0,0,0,autumn,0,1,0.0,0.0,0.0,10.7,1.7,15347.0,1131306.0,818216.0,1103059.0
2024-10-19,2024,10,19,Saturday,1,0,0,autumn,0,0,0.0,0.0,3.2,10.2,3.0,13354.0,685757.0,427646.0,1073241.0
2024-10-20,2024,10,20,Sunday,1,0,0,autumn,0,0,0.0,0.0,3.3,8.8,2.7,17729.0,578240.0,381020.0,974567.0
2024-10-21,2024,10,21,Monday,0,0,0,autumn,0,1,0.0,0.0,1.4,7.3,3.3,14761.0,1226730.0,874894.0,602585.0
2024-10-22,2024,10,22,Tuesday,0,0,0,autumn,0,1,2.2,0.0,3.1,5.8,2.0,16320.0,1239380.0,907717.0,490203.0
2024-10-23,2024,10,23,Wednesday,0,0,0,autumn,0,1,0.0,0.0,3.7,7.2,2.3,14488.0,1241714.0,919633.0,1009736.0
2024-10-24,2024,10,24,Thursday,0,0,0,autumn,0,1,0.0,0.0,0.0,10.9,1.7,15632.0,1263256.0,899112.0,1050299.0
2024-10-25,2024,10,25,Friday,0,0,0,autumn,0,1,0.0,0.0,0.0,11.0,2.3,12749.0,1102876.0,802506.0,1064206.0
2024-10-26,2024,10,26,Saturday,1,0,0,autumn,0,0,0.0,0.0,0.0,9.5,1.7,9971.0,656221.0,456388.0,968917.0
2024-10-27,2024,10,27,Sunday,1,0,0,autumn,0,0,0.0,0.0,2.5,9.9,3.0,11255.0,620871.0,440218.0,864796.0
2024-10-28,2024,10,28,Monday,0,1,0,autumn,0,0,0.0,0.0,2.3,10.3,3.7,18023.0,616573.0,411428.0,520448.0
2024-10-29,2024,10,29,Tuesday,0,0,1,autumn,0,1,0.1,0.0,0.8,10.0,3.7,15294.0,1125892.0,720473.0,510721.0
2024-10-30,2024,10,30,Wednesday,0,0,1,autumn,0,1,0.3,0.0,1.1,7.3,3.0,13726.0,1164947.0,739656.0,1083017.0
2024-10-31,2024,10,31,Thursday,0,0,0,autumn,0,1,0.0,0.0,8.0,6.9,3.0,13419.0,1223227.0,808825.0,1137014.0
2024-11-01,2024,11,1,Friday,0,0,0,autumn,0,1,0.0,0.0,8.4,10.0,4.3,15458.0,1147927.0,771882.0,1146227.0
2024-11-02,2024,11,2,Saturday,1,0,0,autumn,0,0,0.1,0.0,4.4,6.9,5.3,8528.0,717799.0,442628.0,1123800.0
2024-11-03,2024,11,3,Sunday,1,0,0,autumn,0,0,0.0,0.0,7.2,4.1,3.3,6872.0,572104.0,370012.0,1060628.0
2024-11-04,2024,11,4,Monday,0,0,0,autumn,0,1,0.0,0.0,4.5,5.6,1.7,10291.0,1181891.0,891492.0,644070.0
2024-11-05,2024,11,5,Tuesday,0,0,0,autumn,0,1,0.0,0.0,0.3,5.4,1.7,11823.0,1195529.0,916690.0,499068.0
2024-11-06,2024,11,6,Wednesday,0,0,0,autumn,0,1,0.1,0.0,0.0,5.3,2.7,10666.0,1214175.0,910554.0,1061878.0
2024-11-07,2024,11,7,Thursday,0,0,0,autumn,0,1,0.0,0.0,4.6,4.0,4.3,9007.0,1248849.0,894153.0,1105053.0
2024-11-08,2024,11,8,Friday,0,0,0,autumn,0,1,0.0,0.0,5.3,1.7,2.0,9807.0,1139919.0,841375.0,1121812.0
2024-11-09,2024,11,9,Saturday,1,0,0,autumn,0,0,0.0,0.0,5.3,0.8,1.7,8497.0,748479.0,444678.0,1073313.0
2024-11-10,2024,11,10,Sunday,1,0,0,autumn,0,0,0.0,2.0,0.2,2.3,3.3,5145.0,614592.0,368317.0,1008929.0
2024-11-11,2024,11,11,Monday,0,0,0,autumn,0,1,0.0,0.0,0.9,2.5,2.7,7831.0,1156572.0,901253.0,581628.0
2024-11-12,2024,11,12,Tuesday,0,0,0,autumn,0,1,0.2,0.0,0.0,0.3,2.7,8562.0,1269055.0,925548.0,487515.0
2024-11-13,2024,11,13,Wednesday,0,0,0,autumn,0,1,2.6,0.0,8.0,-1.2,1.3,7694.0,1247568.0,931390.0,1034906.0
2024-11-14,2024,11,14,Thursday,0,0,0,autumn,0,1,0.0,0.0,8.0,-1.6,1.0,8018.0,1226111.0,927282.0,1062169.0
2024-11-15,2024,11,15,Friday,0,0,0,autumn,0,1,0.0,0.0,0.9,0.1,3.3,9386.0,1115768.0,853271.0,1088424.0
2024-11-16,2024,11,16,Saturday,1,0,0,autumn,0,0,0.0,0.0,0.0,6.7,3.0,8898.0,652977.0,455450.0,1056086.0
2024-11-17,2024,11,17,Sunday,1,1,0,autumn,0,0,0.3,0.0,0.1,9.3,4.3,6053.0,594177.0,360361.0,604150.0
2024-11-18,2024,11,18,Monday,0,0,0,autumn,0,1,1.0,0.0,4.5,9.3,3.3,7800.0,1141556.0,906803.0,503248.0
2024-11-19,2024,11,19,Tuesday,0,0,0,autumn,0,1,3.2,0.0,0.0,6.0,3.0,9060.0,1175796.0,916353.0,413687.0
2024-11-20,2024,11,20,Wednesday,0,0,0,autumn,0,1,0.0,0.0,5.2,5.0,1.7,8837.0,1229747.0,928187.0,1018230.0
2024-11-21,2024,11,21,Thursday,0,0,0,autumn,0,1,0.0,0.0,0.0,4.5,1.0,7912.0,1203975.0,908748.0,1070645.0
2024-11-22,2024,11,22,Friday,0,0,0,autumn,0,1,0.0,0.0,0.0,6.2,1.0,7529.0,1091830.0,837036.0,1093786.0
2024-11-23,2024,11,23,Saturday,1,0,0,autumn,0,0,0.2,0.0,0.0,7.3,1.3,6321.0,748617.0,454416.0,1088684.0
2024-11-24,2024,11,24,Sunday,1,0,0,autumn,0,0,0.1,0.0,0.0,7.4,2.0,4988.0,587695.0,385356.0,1050279.0
2024-11-25,2024,11,25,Monday,0,0,0,autumn,0,1,0.0,0.0,0.0,5.7,1.7,9998.0,1206632.0,897495.0,621023.0
2024-11-26,2024,11,26,Tuesday,0,0,0,autumn,0,1,1.6,0.0,0.0,4.3,1.3,8189.0,1278612.0,899099.0,504331.0
2024-11-27,2024,11,27,Wednesday,0,0,0,autumn,0,1,0.0,0.0,0.6,3.8,4.7,9815.0,1302667.0,920655.0,1022312.0
2024-11-28,2024,11,28,Thursday,0,0,0,autumn,0,1,0.2,0.0,2.2,0.3,4.3,8339.0,1341376.0,911930.0,1106004.0
2024-11-29,2024,11,29,Friday,0,0,0,autumn,0,1,0.0,0.0,7.8,-1.6,3.0,7839.0,1158622.0,845378.0,1107103.0
2024-11-30,2024,11,30,Saturday,1,0,0,autumn,0,0,0.0,0.0,0.0,-0.2,5.0,7352.0,793175.0,446609.0,1103328.0
2024-12-01,2024,12,1,Sunday,1,0,0,winter,0,0,0.0,0.0,0.0,3.9,8.3,4184.0,632315.0,368170.0,1032338.0
2024-12-02,2024,12,2,Monday,0,0,0,winter,0,1,7.8,0.0,4.6,2.6,5.7,7086.0,1262273.0,892834.0,692776.0
2024-12-03,2024,12,3,Tuesday,0,0,0,winter,0,1,1.2,0.0,6.6,-0.8,1.3,6374.0,1347402.0,904736.0,539686.0
2024-12-04,2024,12,4,Wednesday,0,0,0,winter,0,1,0.0,0.0,4.6,-3.3,2.0,8010.0,1379207.0,917753.0,1075107.0
2024-12-05,2024,12,5,Thursday,0,0,0,winter,0,1,2.9,0.0,0.0,-3.8,2.0,8568.0,1365033.0,918814.0,1113791.0
2024-12-06,2024,12,6,Friday,0,0,0,winter,0,1,7.8,0.0,3.0,-0.9,3.3,4711.0,1160733.0,806856.0,1126861.0
2024-12-07,2024,12,7,Saturday,1,0,0,winter,0,0,0.7,0.0,2.7,-0.6,3.0,5403.0,808032.0,466291.0,1125203.0
2024-12-08,2024,12,8,Sunday,1,0,0,winter,0,0,1.1,0.0,5.4,5.0,2.7,2968.0,621447.0,350050.0,1046139.0
2024-12-09,2024,12,9,Monday,0,0,0,winter,0,1,2.0,0.0,0.5,5.9,5.0,7029.0,1305871.0,899176.0,686358.0
2024-12-10,2024,12,10,Tuesday,0,0,0,winter,0,1,3.2,0.0,5.3,7.9,6.0,5771.0,1320027.0,898491.0,542359.0
2024-12-11,2024,12,11,Wednesday,0,0,0,winter,0,1,0.0,0.0,0.2,6.4,7.7,7290.0,1407231.0,926883.0,1063330.0
2024-12-12,2024,12,12,Thursday,0,0,0,winter,0,1,0.0,0.0,0.5,3.8,5.0,6675.0,1392954.0,912686.0,1103762.0
2024-12-13,2024,12,13,Friday,0,0,0,winter,0,1,0.0,0.0,0.0,1.0,1.3,7582.0,1283971.0,847504.0,1118955.0
2024-12-14,2024,12,14,Saturday,1,0,0,winter,0,0,0.0,0.0,0.0,5.0,2.3,3035.0,782192.0,437461.0,1116263.0
2024-12-15,2024,12,15,Sunday,1,0,0,winter,0,0,0.7,0.0,0.0,1.4,2.3,4458.0,677675.0,374508.0,1046749.0
2024-12-16,2024,12,16,Monday,0,0,0,winter,0,1,0.0,0.0,3.5,0.8,2.3,6704.0,1322124.0,882758.0,687493.0
2024-12-17,2024,12,17,Tuesday,0,0,0,winter,0,1,0.2,0.0,0.0,-1.3,2.0,7988.0,1382667.0,897837.0,561615.0
2024-12-18,2024,12,18,Wednesday,0,0,0,winter,0,1,0.0,0.0,0.1,1.4,1.3,8559.0,1391512.0,920595.0,1082622.0
2024-12-19,2024,12,19,Thursday,0,0,0,winter,0,1,0.1,0.0,0.2,1.6,2.7,7998.0,1399767.0,901137.0,1108290.0
2024-12-20,2024,12,20,Friday,0,0,0,winter,0,1,0.0,0.0,0.0,-0.8,3.7,6649.0,1269785.0,819459.0,1104784.0
2024-12-21,2024,12,21,Saturday,1,0,0,winter,0,0,0.0,0.0,0.0,-1.9,2.7,4822.0,763337.0,418297.0,1034197.0
2024-12-22,2024,12,22,Sunday,1,0,0,winter,0,0,2.4,0.0,0.0,-2.3,1.7,3658.0,659119.0,368031.0,836012.0
2024-12-23,2024,12,23,Monday,0,0,1,winter,0,1,0.2,0.0,0.6,1.0,1.7,4176.0,806216.0,504015.0,457208.0
2024-12-24,2024,12,24,Tuesday,0,1,1,winter,0,0,0.0,0.0,0.2,4.4,6.3,2481.0,429275.0,223325.0,278036.0
2024-12-25,2024,12,25,Wednesday,0,1,1,winter,0,0,0.0,0.0,0.0,6.4,7.3,3614.0,426001.0,206960.0,289621.0
2024-12-26,2024,12,26,Thursday,0,1,1,winter,0,0,0.0,0.0,0.0,6.8,5.7,3072.0,496131.0,248361.0,360002.0
2024-12-27,2024,12,27,Friday,0,0,1,winter,0,1,0.0,0.0,0.1,5.2,8.0,2135.0,695758.0,433759.0,660108.0
2024-12-28,2024,12,28,Saturday,1,0,1,winter,0,0,0.0,0.0,0.0,4.4,4.0,2312.0,620164.0,339516.0,669922.0
2024-12-29,2024,12,29,Sunday,1,0,1,winter,0,0,0.0,0.0,3.9,-0.8,1.0,2271.0,580446.0,325166.0,655401.0
2024-12-30,2024,12,30,Monday,0,0,1,winter,0,1,0.0,0.0,2.2,-2.1,1.3,4140.0,805698.0,506997.0,512106.0
2024-12-31,2024,12,31,Tuesday,0,0,1,winter,0,1,0.0,0.0,5.7,-3.0,1.0,3181.0,683054.0,426273.0,457278.0
2025-01-01,2025,1,1,Wednesday,0,1,1,winter,0,0,0.0,0.0,0.0,0.0,0.0,4304.0,405600.0,197034.0,311038.0
2025-01-02,2025,1,2,Thursday,0,0,1,winter,0,1,0.0,0.0,0.0,0.0,0.0,2884.0,797646.0,503889.0,786097.0
2025-01-03,2025,1,3,Friday,0,0,0,winter,0,1,0.0,0.0,0.0,0.0,0.0,4142.0,881513.0,573510.0,969294.0
2025-01-04,2025,1,4,Saturday,1,0,0,winter,0,0,0.0,0.0,0.0,0.0,0.0,2506.0,593079.0,362921.0,977729.0
2025-01-05,2025,1,5,Sunday,1,0,0,winter,0,0,0.0,0.0,0.0,0.0,0.0,1746.0,483936.0,309552.0,913134.0
2025-01-06,2025,1,6,Monday,0,0,0,winter,0,1,0.0,0.0,0.0,0.0,0.0,3552.0,1141554.0,846407.0,479213.0
2025-01-07,2025,1,7,Tuesday,0,0,0,winter,0,1,0.0,0.0,0.0,0.0,0.0,5134.0,1155537.0,844692.0,399828.0
2025-01-08,2025,1,8,Wednesday,0,0,0,winter,0,1,0.0,0.0,0.0,0.0,0.0,4359.0,1181592.0,858461.0,955125.0
2025-01-09,2025,1,9,Thursday,0,0,0,winter,0,1,0.0,0.0,0.0,0.0,0.0,4968.0,1160808.0,853002.0,976962.0
2025-01-10,2025,1,10,Friday,0,0,0,winter,0,1,0.0,0.0,0.0,0.0,0.0,4017.0,1079410.0,798837.0,995673.0
2025-01-11,2025,1,11,Saturday,1,0,0,winter,0,0,0.0,0.0,0.0,0.0,0.0,2932.0,579504.0,426365.0,977719.0
2025-01-12,2025,1,12,Sunday,1,0,0,winter,0,0,0.0,0.0,0.0,0.0,0.0,1945.0,494681.0,359232.0,901736.0
2025-01-13,2025,1,13,Monday,0,0,0,winter,0,1,0.0,0.0,0.0,0.0,0.0,4308.0,1116501.0,851652.0,495022.0
2025-01-14,2025,1,14,Tuesday,0,0,0,winter,0,1,0.0,0.0,0.0,0.0,0.0,4566.0,1169541.0,840888.0,407236.0
2025-01-15,2025,1,15,Wednesday,0,0,0,winter,0,1,0.0,0.0,0.0,0.0,0.0,4672.0,1157943.0,863832.0,962014.0
2025-01-16,2025,1,16,Thursday,0,0,0,winter,0,1,0.0,0.0,0.0,0.0,0.0,5982.0,1153884.0,842198.0,996067.0
2025-01-17,2025,1,17,Friday,0,0,0,winter,0,1,0.0,0.0,0.0,0.0,0.0,5185.0,1113030.0,775304.0,1009312.0
2025-01-18,2025,1,18,Saturday,1,0,0,winter,0,0,0.0,0.0,0.0,0.0,0.0,4003.0,601261.0,385425.0,972290.0
2025-01-19,2025,1,19,Sunday,1,0,0,winter,0,0,0.0,0.0,0.0,0.0,0.0,3879.0,506483.0,328439.0,919255.0
2025-01-20,2025,1,20,Monday,0,0,0,winter,0,1,0.0,0.0,0.0,0.0,0.0,5433.0,1126490.0,832038.0,509075.0
2025-01-21,2025,1,21,Tuesday,0,0,0,winter,0,1,0.0,0.0,0.0,0.0,0.0,5113.0,1129427.0,826318.0,415661.0
2025-01-22,2025,1,22,Wednesday,0,0,0,winter,0,1,0.0,0.0,0.0,0.0,0.0,5256.0,1174170.0,841719.0,936746.0
2025-01-23,2025,1,23,Thursday,0,0,0,winter,0,1,0.0,0.0,0.0,0.0,0.0,4919.0,1133630.0,802487.0,975472.0
2025-01-24,2025,1,24,Friday,0,0,0,winter,0,1,0.0,0.0,0.0,0.0,0.0,6338.0,1046587.0,766337.0,994839.0
2025-01-25,2025,1,25,Saturday,1,0,0,winter,0,0,0.0,0.0,0.0,0.0,0.0,7283.0,611539.0,402764.0,998084.0
2025-01-26,2025,1,26,Sunday,1,0,0,winter,0,0,0.0,0.0,0.0,0.0,0.0,5934.0,496015.0,338740.0,920124.0
2025-01-27,2025,1,27,Monday,0,0,0,winter,0,1,0.0,0.0,0.0,0.0,0.0,6313.0,1104839.0,802497.0,546248.0
2025-01-28,2025,1,28,Tuesday,0,0,0,winter,0,1,0.0,0.0,0.0,0.0,0.0,4058.0,1183488.0,811626.0,448473.0
2025-01-29,2025,1,29,Wednesday,0,0,0,winter,0,1,0.0,0.0,0.0,0.0,0.0,6580.0,1170147.0,832217.0,956061.0
2025-01-30,2025,1,30,Thursday,0,0,0,winter,0,1,0.0,0.0,0.0,0.0,0.0,6596.0,1154601.0,827198.0,991874.0
2025-01-31,2025,1,31,Friday,0,0,0,winter,0,1,0.0,0.0,0.0,0.0,0.0,4725.0,953077.0,635351.0,1019468.0
2025-02-01,2025,2,1,Saturday,1,0,0,winter,0,0,0.0,0.0,0.0,0.0,0.0,5514.0,619352.0,454182.0,971219.0
2025-02-02,2025,2,2,Sunday,1,0,0,winter,0,0,0.0,0.0,0.0,0.0,0.0,4037.0,516189.0,377022.0,828418.0
2025-02-03,2025,2,3,Monday,0,0,0,winter,0,1,0.0,0.0,0.0,0.0,0.0,5733.0,1126998.0,827319.0,485298.0
2025-02-04,2025,2,4,Tuesday,0,0,0,winter,0,1,0.0,0.0,0.0,0.0,0.0,5117.0,1156145.0,824179.0,411304.0
2025-02-05,2025,2,5,Wednesday,0,0,0,winter,0,1,0.0,0.0,0.0,0.0,0.0,7369.0,1162265.0,838721.0,847082.0
2025-02-06,2025,2,6,Thursday,0,0,0,winter,0,1,0.0,0.0,0.0,0.0,0.0,6962.0,1142800.0,823850.0,886883.0
2025-02-07,2025,2,7,Friday,0,0,0,winter,0,1,0.0,0.0,0.0,0.0,0.0,6146.0,1043494.0,754940.0,899193.0
2025-02-08,2025,2,8,Saturday,1,0,0,winter,0,0,0.0,0.0,0.0,0.0,0.0,5680.0,582487.0,385560.0,877894.0
2025-02-09,2025,2,9,Sunday,1,0,0,winter,0,0,0.0,0.0,0.0,0.0,0.0,6899.0,537096.0,346393.0,806424.0
2025-02-10,2025,2,10,Monday,0,0,1,winter,0,1,0.0,0.0,0.0,0.0,0.0,6065.0,977009.0,743816.0,512247.0
2025-02-11,2025,2,11,Tuesday,0,0,1,winter,0,1,0.0,0.0,0.0,0.0,0.0,6181.0,1013005.0,762205.0,406205.0
2025-02-12,2025,2,12,Wednesday,0,0,1,winter,0,1,0.0,0.0,0.0,0.0,0.0,4766.0,994894.0,734947.0,917364.0
2025-02-13,2025,2,13,Thursday,0,0,1,winter,0,1,0.0,0.0,0.0,0.0,0.0,4287.0,969498.0,746102.0,955661.0
2025-02-14,2025,2,14,Friday,0,0,1,winter,0,1,0.0,0.0,0.0,0.0,0.0,3771.0,939574.0,689801.0,987363.0
2025-02-15,2025,2,15,Saturday,1,0,1,winter,0,0,0.0,0.0,0.0,0.0,0.0,3468.0,584845.0,376414.0,944835.0
2025-02-16,2025,2,16,Sunday,1,0,1,winter,0,0,0.0,0.0,0.0,0.0,0.0,3255.0,494144.0,331880.0,881379.0
2025-02-17,2025,2,17,Monday,0,0,1,winter,0,1,0.0,0.0,0.0,0.0,0.0,5053.0,1071465.0,759976.0,526268.0
2025-02-18,2025,2,18,Tuesday,0,0,1,winter,0,1,0.0,0.0,0.0,0.0,0.0,5695.0,1129986.0,759473.0,482174.0
2025-02-19,2025,2,19,Wednesday,0,0,1,winter,0,1,0.0,0.0,0.0,0.0,0.0,6185.0,1132385.0,772719.0,1037216.0
2025-02-20,2025,2,20,Thursday,0,0,1,winter,0,1,0.0,0.0,0.0,0.0,0.0,6000.0,1094842.0,753031.0,1042878.0
2025-02-21,2025,2,21,Friday,0,0,1,winter,0,1,0.0,0.0,0.0,0.0,0.0,5764.0,977610.0,691110.0,1058729.0
2025-02-22,2025,2,22,Saturday,1,0,1,winter,0,0,0.0,0.0,0.0,0.0,0.0,7850.0,622211.0,407946.0,1062250.0
2025-02-23,2025,2,23,Sunday,1,0,1,winter,0,0,0.0,0.0,0.0,0.0,0.0,5609.0,520300.0,345174.0,958955.0
2025-02-24,2025,2,24,Monday,0,0,0,winter,0,1,0.0,0.0,0.0,0.0,0.0,8432.0,1179321.0,881667.0,547709.0
2025-02-25,2025,2,25,Tuesday,0,0,0,winter,0,1,0.0,0.0,0.0,0.0,0.0,9201.0,1223919.0,891609.0,404736.0
2025-02-26,2025,2,26,Wednesday,0,0,0,winter,0,1,0.0,0.0,0.0,0.0,0.0,9140.0,1244672.0,905399.0,991781.0
2025-02-27,2025,2,27,Thursday,0,0,0,winter,0,1,0.0,0.0,0.0,0.0,0.0,9583.0,1162393.0,883383.0,1040958.0
2025-02-28,2025,2,28,Friday,0,0,0,winter,0,1,0.0,0.0,0.0,0.0,0.0,7892.0,1112848.0,814149.0,1054695.0
2025-03-01,2025,3,1,Saturday,1,0,0,spring,0,0,0.0,0.0,0.0,0.0,0.0,6534.0,0.0,0.0,0.0
2025-03-02,2025,3,2,Sunday,1,0,0,spring,0,0,0.0,0.0,0.0,0.0,0.0,9613.0,0.0,0.0,0.0
2025-03-03,2025,3,3,Monday,0,0,0,spring,0,1,0.0,0.0,0.0,0.0,0.0,8845.0,0.0,0.0,0.0
2025-03-04,2025,3,4,Tuesday,0,0,0,spring,0,1,0.0,0.0,0.0,0.0,0.0,12368.0,0.0,0.0,0.0
2025-03-05,2025,3,5,Wednesday,0,0,0,spring,0,1,0.0,0.0,0.0,0.0,0.0,14138.0,0.0,0.0,0.0
2025-03-06,2025,3,6,Thursday,0,0,0,spring,0,1,0.0,0.0,0.0,0.0,0.0,15633.0,0.0,0.0,0.0
2025-03-07,2025,3,7,Friday,0,0,0,spring,0,1,0.0,0.0,0.0,0.0,0.0,15721.0,0.0,0.0,0.0
2025-03-08,2025,3,8,Saturday,1,0,0,spring,0,0,0.0,0.0,0.0,0.0,0.0,21338.0,0.0,0.0,0.0
2025-03-09,2025,3,9,Sunday,1,0,0,spring,0,0,0.0,0.0,0.0,0.0,0.0,21756.0,0.0,0.0,0.0
2025-03-10,2025,3,10,Monday,0,0,0,spring,0,1,0.0,0.0,0.0,0.0,0.0,14148.0,0.0,0.0,0.0
2025-03-11,2025,3,11,Tuesday,0,0,0,spring,0,1,0.0,0.0,0.0,0.0,0.0,13982.0,0.0,0.0,0.0
2025-03-12,2025,3,12,Wednesday,0,0,0,spring,0,1,0.0,0.0,0.0,0.0,0.0,13232.0,0.0,0.0,0.0
2025-03-13,2025,3,13,Thursday,0,0,0,spring,0,1,0.0,0.0,0.0,0.0,0.0,5934.0,0.0,0.0,0.0
2025-03-14,2025,3,14,Friday,0,0,0,spring,0,1,0.0,0.0,0.0,0.0,0.0,7473.0,0.0,0.0,0.0
2025-03-15,2025,3,15,Saturday,1,0,0,spring,0,0,0.0,0.0,0.0,0.0,0.0,8871.0,0.0,0.0,0.0
2025-03-16,2025,3,16,Sunday,1,0,0,spring,0,0,0.0,0.0,0.0,0.0,0.0,14306.0,0.0,0.0,0.0
2025-03-17,2025,3,17,Monday,0,0,0,spring,0,1,0.0,0.0,0.0,0.0,0.0,8418.0,0.0,0.0,0.0
2025-03-18,2025,3,18,Tuesday,0,0,0,spring,0,1,0.0,0.0,0.0,0.0,0.0,11055.0,0.0,0.0,0.0
2025-03-19,2025,3,19,Wednesday,0,0,0,spring,0,1,0.0,0.0,0.0,0.0,0.0,13959.0,0.0,0.0,0.0
2025-03-20,2025,3,20,Thursday,0,0,0,spring,0,1,0.0,0.0,0.0,0.0,0.0,16163.0,0.0,0.0,0.0
2025-03-21,2025,3,21,Friday,0,0,0,spring,0,1,0.0,0.0,0.0,0.0,0.0,19014.0,0.0,0.0,0.0
2025-03-22,2025,3,22,Saturday,1,0,0,spring,0,0,0.0,0.0,0.0,0.0,0.0,25211.0,0.0,0.0,0.0
2025-03-23,2025,3,23,Sunday,1,0,0,spring,0,0,0.0,0.0,0.0,0.0,0.0,10825.0,0.0,0.0,0.0
2025-03-24,2025,3,24,Monday,0,0,0,spring,0,1,0.0,0.0,0.0,0.0,0.0,12894.0,0.0,0.0,0.0
2025-03-25,2025,3,25,Tuesday,0,0,0,spring,0,1,0.0,0.0,0.0,0.0,0.0,16340.0,0.0,0.0,0.0
2025-03-26,2025,3,26,Wednesday,0,0,0,spring,0,1,0.0,0.0,0.0,0.0,0.0,10356.0,0.0,0.0,0.0
2025-03-27,2025,3,27,Thursday,0,0,0,spring,0,1,0.0,0.0,0.0,0.0,0.0,16347.0,0.0,0.0,0.0
2025-03-28,2025,3,28,Friday,0,0,0,spring,0,1,0.0,0.0,0.0,0.0,0.0,20971.0,0.0,0.0,0.0
2025-03-29,2025,3,29,Saturday,1,0,0,spring,0,0,0.0,0.0,0.0,0.0,0.0,13241.0,0.0,0.0,0.0
2025-03-30,2025,3,30,Sunday,1,0,0,spring,0,0,0.0,0.0,0.0,0.0,0.0,16605.0,0.0,0.0,0.0
2025-03-31,2025,3,31,Monday,0,0,0,spring,0,1,0.0,0.0,0.0,0.0,0.0,9686.0,0.0,0.0,0.0
2025-04-01,2025,4,1,Tuesday,0,0,0,spring,0,1,0.0,0.0,0.0,0.0,0.0,12670.0,1269219.0,887696.0,1036133.0
2025-04-02,2025,4,2,Wednesday,0,0,0,spring,0,1,0.0,0.0,0.0,0.0,0.0,20263.0,1307641.0,919979.0,942183.0
2025-04-03,2025,4,3,Thursday,0,0,0,spring,0,1,0.0,0.0,0.0,0.0,0.0,25579.0,1268139.0,922032.0,536222.0
2025-04-04,2025,4,4,Friday,0,0,0,spring,0,1,0.0,0.0,0.0,0.0,0.0,29230.0,1239036.0,849809.0,467225.0
2025-04-05,2025,4,5,Saturday,1,0,0,spring,0,0,0.0,0.0,0.0,0.0,0.0,15213.0,723420.0,445992.0,1014455.0
2025-04-06,2025,4,6,Sunday,1,0,0,spring,0,0,0.0,0.0,0.0,0.0,0.0,6842.0,571242.0,375927.0,1036879.0
2025-04-07,2025,4,7,Monday,0,0,0,spring,0,1,0.0,0.0,0.0,0.0,0.0,10380.0,1198916.0,877530.0,1061317.0
2025-04-08,2025,4,8,Tuesday,0,0,0,spring,0,1,0.0,0.0,0.0,0.0,0.0,14561.0,1269282.0,902833.0,1068506.0
2025-04-09,2025,4,9,Wednesday,0,0,0,spring,0,1,0.0,0.0,0.0,0.0,0.0,15480.0,1301158.0,911596.0,987646.0
2025-04-10,2025,4,10,Thursday,0,0,0,spring,0,1,0.0,0.0,0.0,0.0,0.0,15283.0,1279465.0,910306.0,495083.0
2025-04-11,2025,4,11,Friday,0,0,0,spring,0,1,0.0,0.0,0.0,0.0,0.0,19523.0,1244181.0,827766.0,417442.0
2025-04-12,2025,4,12,Saturday,1,0,0,spring,0,0,0.0,0.0,0.0,0.0,0.0,31164.0,799736.0,494773.0,1006232.0
2025-04-13,2025,4,13,Sunday,1,0,0,spring,0,0,0.0,0.0,0.0,0.0,0.0,34205.0,661952.0,421864.0,1041830.0
2025-04-14,2025,4,14,Monday,0,0,0,spring,0,1,0.0,0.0,0.0,0.0,0.0,25692.0,1276700.0,897961.0,1076773.0
2025-04-15,2025,4,15,Tuesday,0,0,0,spring,0,1,0.0,0.0,0.0,0.0,0.0,23443.0,1326354.0,908282.0,1049814.0
2025-04-16,2025,4,16,Wednesday,0,0,0,spring,0,1,0.0,0.0,0.0,0.0,0.0,34161.0,1391963.0,928272.0,984572.0
2025-04-17,2025,4,17,Thursday,0,0,1,spring,0,1,0.0,0.0,0.0,0.0,0.0,24569.0,1133819.0,731103.0,587045.0
2025-04-18,2025,4,18,Friday,0,1,0,spring,0,0,0.0,0.0,0.0,0.0,0.0,4697.0,597083.0,346863.0,505474.0
2025-04-19,2025,4,19,Saturday,1,0,0,spring,0,0,0.0,0.0,0.0,0.0,0.0,15879.0,650784.0,376467.0,1009299.0
2025-04-20,2025,4,20,Sunday,1,0,0,spring,0,0,0.0,0.0,0.0,0.0,0.0,29015.0,614833.0,353285.0,1049937.0
2025-04-21,2025,4,21,Monday,0,1,0,spring,0,0,0.0,0.0,0.0,0.0,0.0,20806.0,496768.0,282771.0,1066705.0
2025-04-22,2025,4,22,Tuesday,0,0,0,spring,0,1,0.0,0.0,0.0,0.0,0.0,25713.0,1255130.0,889910.0,1037758.0
2025-04-23,2025,4,23,Wednesday,0,0,0,spring,0,1,0.0,0.0,0.0,0.0,0.0,30508.0,1338586.0,930404.0,990027.0
2025-04-24,2025,4,24,Thursday,0,0,0,spring,0,1,0.0,0.0,0.0,0.0,0.0,8484.0,1299181.0,874239.0,581901.0
2025-04-25,2025,4,25,Friday,0,0,0,spring,0,1,0.0,0.0,0.0,0.0,0.0,7281.0,1141703.0,806346.0,477087.0
2025-04-26,2025,4,26,Saturday,1,0,0,spring,0,0,0.0,0.0,0.0,0.0,0.0,30415.0,768339.0,466934.0,1020018.0
2025-04-27,2025,4,27,Sunday,1,0,0,spring,0,0,0.0,0.0,0.0,0.0,0.0,37119.0,648974.0,388983.0,1082991.0
2025-04-28,2025,4,28,Monday,0,0,0,spring,0,1,0.0,0.0,0.0,0.0,0.0,28780.0,1247677.0,903781.0,1089425.0
2025-04-29,2025,4,29,Tuesday,0,0,0,spring,0,1,0.0,0.0,0.0,0.0,0.0,34010.0,1302736.0,911142.0,930993.0
2025-04-30,2025,4,30,Wednesday,0,0,0,spring,0,1,0.0,0.0,0.0,0.0,0.0,30396.0,1373042.0,961672.0,507602.0
2025-05-01,2025,5,1,Thursday,0,1,0,spring,0,0,0.0,0.0,0.0,0.0,0.0,43948.0,725141.0,463485.0,475196.0
2025-05-02,2025,5,2,Friday,0,0,0,spring,0,1,0.0,0.0,0.0,0.0,0.0,32749.0,995428.0,718881.0,391856.0
2025-05-03,2025,5,3,Saturday,1,0,0,spring,0,0,0.0,0.0,0.0,0.0,0.0,26139.0,678093.0,411647.0,318060.0
2025-05-04,2025,5,4,Sunday,1,0,0,spring,0,0,0.0,0.0,0.0,0.0,0.0,24069.0,552974.0,362249.0,1020331.0
2025-05-05,2025,5,5,Monday,0,0,0,spring,0,1,0.0,0.0,0.0,0.0,0.0,19781.0,1176125.0,874285.0,1080051.0
2025-05-06,2025,5,6,Tuesday,0,0,0,spring,0,1,0.0,0.0,0.0,0.0,0.0,23993.0,1235150.0,895128.0,1065268.0
2025-05-07,2025,5,7,Wednesday,0,0,0,spring,0,1,0.0,0.0,0.0,0.0,0.0,21197.0,1252482.0,908521.0,1004461.0
2025-05-08,2025,5,8,Thursday,0,1,0,spring,0,0,0.0,0.0,0.0,0.0,0.0,20819.0,622850.0,379270.0,666939.0
2025-05-09,2025,5,9,Friday,0,0,0,spring,0,1,0.0,0.0,0.0,0.0,0.0,17857.0,911608.0,624641.0,518797.0
2025-05-10,2025,5,10,Saturday,1,0,0,spring,0,0,0.0,0.0,0.0,0.0,0.0,26138.0,672246.0,421035.0,1037014.0
2025-05-11,2025,5,11,Sunday,1,0,0,spring,0,0,0.0,0.0,0.0,0.0,0.0,26832.0,603629.0,373786.0,1099109.0
2025-05-12,2025,5,12,Monday,0,0,0,spring,0,1,0.0,0.0,0.0,0.0,0.0,23423.0,1202527.0,899930.0,1104198.0
2025-05-13,2025,5,13,Tuesday,0,0,0,spring,0,1,0.0,0.0,0.0,0.0,0.0,31948.0,1271020.0,896610.0,1093805.0
2025-05-14,2025,5,14,Wednesday,0,0,0,spring,0,1,0.0,0.0,0.0,0.0,0.0,31718.0,1293520.0,925997.0,1007844.0
2025-05-15,2025,5,15,Thursday,0,0,0,spring,0,1,0.0,0.0,0.0,0.0,0.0,19712.0,1276566.0,877858.0,606978.0
2025-05-16,2025,5,16,Friday,0,0,0,spring,0,1,0.0,0.0,0.0,0.0,0.0,13943.0,1126351.0,804176.0,495024.0
2025-05-17,2025,5,17,Saturday,1,0,0,spring,0,0,0.0,0.0,0.0,0.0,0.0,15789.0,732367.0,447468.0,1025670.0
2025-05-18,2025,5,18,Sunday,1,0,0,spring,0,0,0.0,0.0,0.0,0.0,0.0,12060.0,619700.0,377862.0,1078691.0
2025-05-19,2025,5,19,Monday,0,0,0,spring,0,1,0.0,0.0,0.0,0.0,0.0,16558.0,1171310.0,863967.0,1099855.0
2025-05-20,2025,5,20,Tuesday,0,0,0,spring,0,1,0.0,0.0,0.0,0.0,0.0,27837.0,1246733.0,899026.0,1068517.0
2025-05-21,2025,5,21,Wednesday,0,0,0,spring,0,1,0.0,0.0,0.0,0.0,0.0,26763.0,1241625.0,885570.0,977001.0
2025-05-22,2025,5,22,Thursday,0,0,0,spring,0,1,0.0,0.0,0.0,0.0,0.0,12053.0,1187564.0,862478.0,549018.0
2025-05-23,2025,5,23,Friday,0,0,0,spring,0,1,0.0,0.0,0.0,0.0,0.0,21473.0,1183454.0,808325.0,477646.0
2025-05-24,2025,5,24,Saturday,1,0,0,spring,0,0,0.0,0.0,0.0,0.0,0.0,25500.0,745299.0,461205.0,1019165.0
2025-05-25,2025,5,25,Sunday,1,0,0,spring,0,0,0.0,0.0,0.0,0.0,0.0,13473.0,569848.0,357641.0,1051160.0
2025-05-26,2025,5,26,Monday,0,0,0,spring,0,1,0.0,0.0,0.0,0.0,0.0,15721.0,1153186.0,858093.0,1073598.0
2025-05-27,2025,5,27,Tuesday,0,0,0,spring,0,1,0.0,0.0,0.0,0.0,0.0,32369.0,1239708.0,887488.0,1055926.0
2025-05-28,2025,5,28,Wednesday,0,0,0,spring,0,1,0.0,0.0,0.0,0.0,0.0,13101.0,1217823.0,865620.0,964680.0
2025-05-29,2025,5,29,Thursday,0,0,0,spring,0,1,0.0,0.0,0.0,0.0,0.0,24872.0,1274252.0,874093.0,623210.0
2025-05-30,2025,5,30,Friday,0,0,0,spring,0,1,0.0,0.0,0.0,0.0,0.0,27454.0,1165569.0,809243.0,501400.0
2025-05-31,2025,5,31,Saturday,1,0,0,spring,0,0,0.0,0.0,0.0,0.0,0.0,31676.0,755440.0,437984.0,1050923.0
2025-06-01,2025,6,1,Sunday,1,0,0,summer,0,0,0.0,0.0,0.0,0.0,0.0,23567.0,669295.0,380411.0,1109740.0
2025-06-02,2025,6,2,Monday,0,0,0,summer,0,1,0.0,0.0,0.0,0.0,0.0,14014.0,1182889.0,840958.0,584451.0
2025-06-03,2025,6,3,Tuesday,0,0,0,summer,0,1,0.0,0.0,0.0,0.0,0.0,33921.0,1237231.0,872154.0,1061686.0
2025-06-04,2025,6,4,Wednesday,0,0,0,summer,0,1,0.0,0.0,0.0,0.0,0.0,31074.0,1228853.0,873665.0,974505.0
2025-06-05,2025,6,5,Thursday,0,0,0,summer,0,1,0.0,0.0,0.0,0.0,0.0,18726.0,1183877.0,845547.0,577519.0
2025-06-06,2025,6,6,Friday,0,0,0,summer,0,1,0.0,0.0,0.0,0.0,0.0,19476.0,1082046.0,770347.0,522578.0
2025-06-07,2025,6,7,Saturday,1,0,0,summer,0,0,0.0,0.0,0.0,0.0,0.0,8741.0,647372.0,391531.0,1003252.0
2025-06-08,2025,6,8,Sunday,1,0,0,summer,0,0,0.0,0.0,0.0,0.0,0.0,12641.0,601491.0,340013.0,1070662.0
2025-06-09,2025,6,9,Monday,0,0,0,summer,0,1,0.0,0.0,0.0,0.0,0.0,23700.0,1237290.0,875335.0,513472.0
2025-06-10,2025,6,10,Tuesday,0,0,0,summer,0,1,0.0,0.0,0.0,0.0,0.0,27342.0,1277837.0,875295.0,1024465.0
2025-06-11,2025,6,11,Wednesday,0,0,0,summer,0,1,0.0,0.0,0.0,0.0,0.0,25827.0,1303735.0,882026.0,982141.0
2025-06-12,2025,6,12,Thursday,0,0,0,summer,0,1,0.0,0.0,0.0,0.0,0.0,29624.0,1266727.0,844121.0,717828.0
2025-06-13,2025,6,13,Friday,0,0,0,summer,0,1,0.0,0.0,0.0,0.0,0.0,29967.0,1126377.0,784348.0,613940.0
2025-06-14,2025,6,14,Saturday,1,0,0,summer,0,0,0.0,0.0,0.0,0.0,0.0,30723.0,774963.0,448338.0,1083036.0
2025-06-15,2025,6,15,Sunday,1,0,0,summer,0,0,0.0,0.0,0.0,0.0,0.0,23825.0,592341.0,378006.0,1118747.0
2025-06-16,2025,6,16,Monday,0,0,0,summer,0,1,0.0,0.0,0.0,0.0,0.0,14880.0,1164525.0,827224.0,1162719.0
2025-06-17,2025,6,17,Tuesday,0,0,0,summer,0,1,0.0,0.0,0.0,0.0,0.0,32801.0,1278283.0,861788.0,1103501.0
2025-06-18,2025,6,18,Wednesday,0,0,0,summer,0,1,0.0,0.0,0.0,0.0,0.0,31499.0,1293957.0,882295.0,1010848.0
2025-06-19,2025,6,19,Thursday,0,0,0,summer,0,1,0.0,0.0,0.0,0.0,0.0,30458.0,1284287.0,859541.0,665478.0
2025-06-20,2025,6,20,Friday,0,0,0,summer,0,1,0.0,0.0,0.0,0.0,0.0,27539.0,1139838.0,772204.0,554130.0
2025-06-21,2025,6,21,Saturday,1,0,0,summer,0,0,0.0,0.0,0.0,0.0,0.0,29044.0,700537.0,431375.0,1082009.0
2025-06-22,2025,6,22,Sunday,1,0,0,summer,0,0,0.0,0.0,0.0,0.0,0.0,27104.0,591244.0,370000.0,1107128.0
2025-06-23,2025,6,23,Monday,0,0,0,summer,0,1,0.0,0.0,0.0,0.0,0.0,14929.0,1131085.0,811003.0,1065972.0
2025-06-24,2025,6,24,Tuesday,0,0,0,summer,0,1,0.0,0.0,0.0,0.0,0.0,29837.0,1229491.0,855040.0,1094783.0
2025-06-25,2025,6,25,Wednesday,0,0,0,summer,0,1,0.0,0.0,0.0,0.0,0.0,31446.0,1285734.0,870939.0,955690.0
2025-06-26,2025,6,26,Thursday,0,0,0,summer,0,1,0.0,0.0,0.0,0.0,0.0,27928.0,1219256.0,856340.0,581091.0
2025-06-27,2025,6,27,Friday,0,0,0,summer,0,1,0.0,0.0,0.0,0.0,0.0,20507.0,1133427.0,782558.0,584616.0
2025-06-28,2025,6,28,Saturday,1,0,0,summer,0,0,0.0,0.0,0.0,0.0,0.0,22460.0,601526.0,401626.0,1030610.0
2025-06-29,2025,6,29,Sunday,1,0,0,summer,0,0,0.0,0.0,0.0,0.0,0.0,19308.0,518690.0,352112.0,1059977.0
2025-06-30,2025,6,30,Monday,0,0,0,summer,0,1,0.0,0.0,0.0,0.0,0.0,24632.0,943893.0,661395.0,1081970.0
2025-07-01,2025,7,1,Tuesday,0,0,1,summer,0,1,0.0,0.0,0.0,0.0,0.0,28424.0,0.0,0.0,0.0
2025-07-02,2025,7,2,Wednesday,0,0,1,summer,0,1,0.0,0.0,0.0,0.0,0.0,23417.0,0.0,0.0,0.0
2025-07-03,2025,7,3,Thursday,0,0,1,summer,0,1,0.0,0.0,0.0,0.0,0.0,19707.0,0.0,0.0,0.0
2025-07-04,2025,7,4,Friday,0,0,1,summer,0,1,0.0,0.0,0.0,0.0,0.0,20977.0,0.0,0.0,0.0
2025-07-05,2025,7,5,Saturday,1,1,1,summer,0,0,0.0,0.0,0.0,0.0,0.0,1826.0,0.0,0.0,0.0
2025-07-06,2025,7,6,Sunday,1,1,1,summer,0,0,0.0,0.0,0.0,0.0,0.0,1726.0,0.0,0.0,0.0
2025-07-07,2025,7,7,Monday,0,0,1,summer,0,1,0.0,0.0,0.0,0.0,0.0,1309.0,0.0,0.0,0.0
2025-07-08,2025,7,8,Tuesday,0,0,1,summer,0,1,0.0,0.0,0.0,0.0,0.0,10540.0,0.0,0.0,0.0
2025-07-09,2025,7,9,Wednesday,0,0,1,summer,0,1,0.0,0.0,0.0,0.0,0.0,19623.0,0.0,0.0,0.0
2025-07-10,2025,7,10,Thursday,0,0,1,summer,0,1,0.0,0.0,0.0,0.0,0.0,20530.0,0.0,0.0,0.0
2025-07-11,2025,7,11,Friday,0,0,1,summer,0,1,0.0,0.0,0.0,0.0,0.0,20136.0,0.0,0.0,0.0
2025-07-12,2025,7,12,Saturday,1,0,1,summer,0,0,0.0,0.0,0.0,0.0,0.0,7872.0,0.0,0.0,0.0
2025-07-13,2025,7,13,Sunday,1,0,1,summer,0,0,0.0,0.0,0.0,0.0,0.0,22135.0,0.0,0.0,0.0
2025-07-14,2025,7,14,Monday,0,0,1,summer,0,1,0.0,0.0,0.0,0.0,0.0,27129.0,0.0,0.0,0.0
2025-07-15,2025,7,15,Tuesday,0,0,1,summer,0,1,0.0,0.0,0.0,0.0,0.0,22271.0,0.0,0.0,0.0
2025-07-16,2025,7,16,Wednesday,0,0,1,summer,0,1,0.0,0.0,0.0,0.0,0.0,21690.0,0.0,0.0,0.0
2025-07-17,2025,7,17,Thursday,0,0,1,summer,0,1,0.0,0.0,0.0,0.0,0.0,18387.0,0.0,0.0,0.0
2025-07-18,2025,7,18,Friday,0,0,1,summer,0,1,0.0,0.0,0.0,0.0,0.0,19432.0,0.0,0.0,0.0
2025-07-19,2025,7,19,Saturday,1,0,1,summer,0,0,0.0,0.0,0.0,0.0,0.0,29767.0,0.0,0.0,0.0
2025-07-20,2025,7,20,Sunday,1,0,1,summer,0,0,0.0,0.0,0.0,0.0,0.0,27791.0,0.0,0.0,0.0
2025-07-21,2025,7,21,Monday,0,0,1,summer,0,1,0.0,0.0,0.0,0.0,0.0,15676.0,0.0,0.0,0.0
2025-07-22,2025,7,22,Tuesday,0,0,1,summer,0,1,0.0,0.0,0.0,0.0,0.0,28371.0,0.0,0.0,0.0
2025-07-23,2025,7,23,Wednesday,0,0,1,summer,0,1,0.0,0.0,0.0,0.0,0.0,32031.0,0.0,0.0,0.0
2025-07-24,2025,7,24,Thursday,0,0,1,summer,0,1,0.0,0.0,0.0,0.0,0.0,22470.0,0.0,0.0,0.0
2025-07-25,2025,7,25,Friday,0,0,1,summer,0,1,0.0,0.0,0.0,0.0,0.0,4951.0,0.0,0.0,0.0
2025-07-26,2025,7,26,Saturday,1,0,1,summer,0,0,0.0,0.0,0.0,0.0,0.0,0.0,0.0,0.0,0.0
2025-07-27,2025,7,27,Sunday,1,0,1,summer,0,0,0.0,0.0,0.0,0.0,0.0,0.0,0.0,0.0,0.0
2025-07-28,2025,7,28,Monday,0,0,1,summer,0,1,0.0,0.0,0.0,0.0,0.0,0.0,0.0,0.0,0.0
2025-07-29,2025,7,29,Tuesday,0,0,1,summer,0,1,0.0,0.0,0.0,0.0,0.0,0.0,0.0,0.0,0.0
2025-07-30,2025,7,30,Wednesday,0,0,1,summer,0,1,0.0,0.0,0.0,0.0,0.0,0.0,0.0,0.0,0.0
2025-07-31,2025,7,31,Thursday,0,0,1,summer,0,1,0.0,0.0,0.0,0.0,0.0,0.0,0.0,0.0,0.0
2025-08-01,2025,8,1,Friday,0,0,1,summer,0,1,0.0,0.0,0.0,0.0,0.0,0.0,0.0,0.0,0.0
2025-08-02,2025,8,2,Saturday,1,0,1,summer,0,0,0.0,0.0,0.0,0.0,0.0,0.0,0.0,0.0,0.0
2025-08-03,2025,8,3,Sunday,1,0,1,summer,0,0,0.0,0.0,0.0,0.0,0.0,0.0,0.0,0.0,0.0
2025-08-04,2025,8,4,Monday,0,0,1,summer,0,1,0.0,0.0,0.0,0.0,0.0,0.0,0.0,0.0,0.0
2025-08-05,2025,8,5,Tuesday,0,0,1,summer,0,1,0.0,0.0,0.0,0.0,0.0,0.0,0.0,0.0,0.0
2025-08-06,2025,8,6,Wednesday,0,0,1,summer,0,1,0.0,0.0,0.0,0.0,0.0,0.0,0.0,0.0,0.0
2025-08-07,2025,8,7,Thursday,0,0,1,summer,0,1,0.0,0.0,0.0,0.0,0.0,0.0,0.0,0.0,0.0
2025-08-08,2025,8,8,Friday,0,0,1,summer,0,1,0.0,0.0,0.0,0.0,0.0,0.0,0.0,0.0,0.0
2025-08-09,2025,8,9,Saturday,1,0,1,summer,0,0,0.0,0.0,0.0,0.0,0.0,0.0,0.0,0.0,0.0
2025-08-10,2025,8,10,Sunday,1,0,1,summer,0,0,0.0,0.0,0.0,0.0,0.0,0.0,0.0,0.0,0.0
2025-08-11,2025,8,11,Monday,0,0,1,summer,0,1,0.0,0.0,0.0,0.0,0.0,0.0,0.0,0.0,0.0
2025-08-12,2025,8,12,Tuesday,0,0,1,summer,0,1,0.0,0.0,0.0,0.0,0.0,0.0,0.0,0.0,0.0
2025-08-13,2025,8,13,Wednesday,0,0,1,summer,0,1,0.0,0.0,0.0,0.0,0.0,0.0,0.0,0.0,0.0
2025-08-14,2025,8,14,Thursday,0,0,1,summer,0,1,0.0,0.0,0.0,0.0,0.0,0.0,0.0,0.0,0.0
2025-08-15,2025,8,15,Friday,0,0,1,summer,0,1,0.0,0.0,0.0,0.0,0.0,0.0,0.0,0.0,0.0
2025-08-16,2025,8,16,Saturday,1,0,1,summer,0,0,0.0,0.0,0.0,0.0,0.0,0.0,0.0,0.0,0.0
2025-08-17,2025,8,17,Sunday,1,0,1,summer,0,0,0.0,0.0,0.0,0.0,0.0,0.0,0.0,0.0,0.0
2025-08-18,2025,8,18,Monday,0,0,1,summer,0,1,0.0,0.0,0.0,0.0,0.0,0.0,0.0,0.0,0.0
2025-08-19,2025,8,19,Tuesday,0,0,1,summer,0,1,0.0,0.0,0.0,0.0,0.0,0.0,0.0,0.0,0.0
2025-08-20,2025,8,20,Wednesday,0,0,1,summer,0,1,0.0,0.0,0.0,0.0,0.0,0.0,0.0,0.0,0.0
2025-08-21,2025,8,21,Thursday,0,0,1,summer,0,1,0.0,0.0,0.0,0.0,0.0,0.0,0.0,0.0,0.0
2025-08-22,2025,8,22,Friday,0,0,1,summer,0,1,0.0,0.0,0.0,0.0,0.0,0.0,0.0,0.0,0.0
2025-08-23,2025,8,23,Saturday,1,0,1,summer,0,0,0.0,0.0,0.0,0.0,0.0,0.0,0.0,0.0,0.0
2025-08-24,2025,8,24,Sunday,1,0,1,summer,0,0,0.0,0.0,0.0,0.0,0.0,0.0,0.0,0.0,0.0
2025-08-25,2025,8,25,Monday,0,0,1,summer,0,1,0.0,0.0,0.0,0.0,0.0,0.0,0.0,0.0,0.0
2025-08-26,2025,8,26,Tuesday,0,0,1,summer,0,1,0.0,0.0,0.0,0.0,0.0,0.0,0.0,0.0,0.0
2025-08-27,2025,8,27,Wednesday,0,0,1,summer,0,1,0.0,0.0,0.0,0.0,0.0,0.0,0.0,0.0,0.0
2025-08-28,2025,8,28,Thursday,0,0,1,summer,0,1,0.0,0.0,0.0,0.0,0.0,0.0,0.0,0.0,0.0
2025-08-29,2025,8,29,Friday,0,0,1,summer,0,1,0.0,0.0,0.0,0.0,0.0,0.0,0.0,0.0,0.0
2025-08-30,2025,8,30,Saturday,1,0,1,summer,0,0,0.0,0.0,0.0,0.0,0.0,0.0,0.0,0.0,0.0
2025-08-31,2025,8,31,Sunday,1,0,1,summer,0,0,0.0,0.0,0.0,0.0,0.0,0.0,0.0,0.0,0.0
2025-09-01,2025,9,1,Monday,0,0,0,autumn,0,1,0.0,0.0,0.0,0.0,0.0,0.0,0.0,0.0,0.0
2025-09-02,2025,9,2,Tuesday,0,0,0,autumn,0,1,0.0,0.0,0.0,0.0,0.0,0.0,0.0,0.0,0.0
2025-09-03,2025,9,3,Wednesday,0,0,0,autumn,0,1,0.0,0.0,0.0,0.0,0.0,0.0,0.0,0.0,0.0
2025-09-04,2025,9,4,Thursday,0,0,0,autumn,0,1,0.0,0.0,0.0,0.0,0.0,0.0,0.0,0.0,0.0
2025-09-05,2025,9,5,Friday,0,0,0,autumn,0,1,0.0,0.0,0.0,0.0,0.0,0.0,0.0,0.0,0.0
2025-09-06,2025,9,6,Saturday,1,0,0,autumn,0,0,0.0,0.0,0.0,0.0,0.0,0.0,0.0,0.0,0.0
2025-09-07,2025,9,7,Sunday,1,0,0,autumn,0,0,0.0,0.0,0.0,0.0,0.0,0.0,0.0,0.0,0.0
2025-09-08,2025,9,8,Monday,0,0,0,autumn,0,1,0.0,0.0,0.0,0.0,0.0,0.0,0.0,0.0,0.0
2025-09-09,2025,9,9,Tuesday,0,0,0,autumn,0,1,0.0,0.0,0.0,0.0,0.0,0.0,0.0,0.0,0.0
2025-09-10,2025,9,10,Wednesday,0,0,0,autumn,0,1,0.0,0.0,0.0,0.0,0.0,0.0,0.0,0.0,0.0
2025-09-11,2025,9,11,Thursday,0,0,0,autumn,0,1,0.0,0.0,0.0,0.0,0.0,0.0,0.0,0.0,0.0
2025-09-12,2025,9,12,Friday,0,0,0,autumn,0,1,0.0,0.0,0.0,0.0,0.0,0.0,0.0,0.0,0.0
2025-09-13,2025,9,13,Saturday,1,0,0,autumn,0,0,0.0,0.0,0.0,0.0,0.0,0.0,0.0,0.0,0.0
2025-09-14,2025,9,14,Sunday,1,0,0,autumn,0,0,0.0,0.0,0.0,0.0,0.0,0.0,0.0,0.0,0.0
2025-09-15,2025,9,15,Monday,0,0,0,autumn,0,1,0.0,0.0,0.0,0.0,0.0,0.0,0.0,0.0,0.0
2025-09-16,2025,9,16,Tuesday,0,0,0,autumn,0,1,0.0,0.0,0.0,0.0,0.0,0.0,0.0,0.0,0.0
2025-09-17,2025,9,17,Wednesday,0,0,0,autumn,0,1,0.0,0.0,0.0,0.0,0.0,0.0,0.0,0.0,0.0
2025-09-18,2025,9,18,Thursday,0,0,0,autumn,0,1,0.0,0.0,0.0,0.0,0.0,0.0,0.0,0.0,0.0
2025-09-19,2025,9,19,Friday,0,0,0,autumn,0,1,0.0,0.0,0.0,0.0,0.0,0.0,0.0,0.0,0.0
2025-09-20,2025,9,20,Saturday,1,0,0,autumn,0,0,0.0,0.0,0.0,0.0,0.0,0.0,0.0,0.0,0.0
2025-09-21,2025,9,21,Sunday,1,0,0,autumn,0,0,0.0,0.0,0.0,0.0,0.0,0.0,0.0,0.0,0.0
2025-09-22,2025,9,22,Monday,0,0,0,autumn,0,1,0.0,0.0,0.0,0.0,0.0,0.0,0.0,0.0,0.0
2025-09-23,2025,9,23,Tuesday,0,0,0,autumn,0,1,0.0,0.0,0.0,0.0,0.0,0.0,0.0,0.0,0.0
2025-09-24,2025,9,24,Wednesday,0,0,0,autumn,0,1,0.0,0.0,0.0,0.0,0.0,0.0,0.0,0.0,0.0
2025-09-25,2025,9,25,Thursday,0,0,0,autumn,0,1,0.0,0.0,0.0,0.0,0.0,0.0,0.0,0.0,0.0
2025-09-26,2025,9,26,Friday,0,0,0,autumn,0,1,0.0,0.0,0.0,0.0,0.0,0.0,0.0,0.0,0.0
2025-09-27,2025,9,27,Saturday,1,0,0,autumn,0,0,0.0,0.0,0.0,0.0,0.0,0.0,0.0,0.0,0.0
2025-09-28,2025,9,28,Sunday,1,1,0,autumn,0,0,0.0,0.0,0.0,0.0,0.0,0.0,0.0,0.0,0.0
2025-09-29,2025,9,29,Monday,0,0,0,autumn,0,1,0.0,0.0,0.0,0.0,0.0,0.0,0.0,0.0,0.0
2025-09-30,2025,9,30,Tuesday,0,0,0,autumn,0,1,0.0,0.0,0.0,0.0,0.0,0.0,0.0,0.0,0.0
2025-10-01,2025,10,1,Wednesday,0,0,0,autumn,0,1,0.0,0.0,0.0,0.0,0.0,0.0,0.0,0.0,0.0
2025-10-02,2025,10,2,Thursday,0,0,0,autumn,0,1,0.0,0.0,0.0,0.0,0.0,0.0,0.0,0.0,0.0
2025-10-03,2025,10,3,Friday,0,0,0,autumn,0,1,0.0,0.0,0.0,0.0,0.0,0.0,0.0,0.0,0.0
2025-10-04,2025,10,4,Saturday,1,0,0,autumn,0,0,0.0,0.0,0.0,0.0,0.0,0.0,0.0,0.0,0.0
2025-10-05,2025,10,5,Sunday,1,0,0,autumn,0,0,0.0,0.0,0.0,0.0,0.0,0.0,0.0,0.0,0.0
2025-10-06,2025,10,6,Monday,0,0,0,autumn,0,1,0.0,0.0,0.0,0.0,0.0,0.0,0.0,0.0,0.0
2025-10-07,2025,10,7,Tuesday,0,0,0,autumn,0,1,0.0,0.0,0.0,0.0,0.0,0.0,0.0,0.0,0.0
2025-10-08,2025,10,8,Wednesday,0,0,0,autumn,0,1,0.0,0.0,0.0,0.0,0.0,0.0,0.0,0.0,0.0
2025-10-09,2025,10,9,Thursday,0,0,0,autumn,0,1,0.0,0.0,0.0,0.0,0.0,0.0,0.0,0.0,0.0
2025-10-10,2025,10,10,Friday,0,0,0,autumn,0,1,0.0,0.0,0.0,0.0,0.0,0.0,0.0,0.0,0.0
2025-10-11,2025,10,11,Saturday,1,0,0,autumn,0,0,0.0,0.0,0.0,0.0,0.0,0.0,0.0,0.0,0.0
2025-10-12,2025,10,12,Sunday,1,0,0,autumn,0,0,0.0,0.0,0.0,0.0,0.0,0.0,0.0,0.0,0.0
2025-10-13,2025,10,13,Monday,0,0,0,autumn,0,1,0.0,0.0,0.0,0.0,0.0,0.0,0.0,0.0,0.0
2025-10-14,2025,10,14,Tuesday,0,0,0,autumn,0,1,0.0,0.0,0.0,0.0,0.0,0.0,0.0,0.0,0.0
2025-10-15,2025,10,15,Wednesday,0,0,0,autumn,0,1,0.0,0.0,0.0,0.0,0.0,0.0,0.0,0.0,0.0
2025-10-16,2025,10,16,Thursday,0,0,0,autumn,0,1,0.0,0.0,0.0,0.0,0.0,0.0,0.0,0.0,0.0
2025-10-17,2025,10,17,Friday,0,0,0,autumn,0,1,0.0,0.0,0.0,0.0,0.0,0.0,0.0,0.0,0.0
2025-10-18,2025,10,18,Saturday,1,0,0,autumn,0,0,0.0,0.0,0.0,0.0,0.0,0.0,0.0,0.0,0.0
2025-10-19,2025,10,19,Sunday,1,0,0,autumn,0,0,0.0,0.0,0.0,0.0,0.0,0.0,0.0,0.0,0.0
2025-10-20,2025,10,20,Monday,0,0,0,autumn,0,1,0.0,0.0,0.0,0.0,0.0,0.0,0.0,0.0,0.0
2025-10-21,2025,10,21,Tuesday,0,0,0,autumn,0,1,0.0,0.0,0.0,0.0,0.0,0.0,0.0,0.0,0.0
2025-10-22,2025,10,22,Wednesday,0,0,0,autumn,0,1,0.0,0.0,0.0,0.0,0.0,0.0,0.0,0.0,0.0
2025-10-23,2025,10,23,Thursday,0,0,0,autumn,0,1,0.0,0.0,0.0,0.0,0.0,0.0,0.0,0.0,0.0
2025-10-24,2025,10,24,Friday,0,0,0,autumn,0,1,0.0,0.0,0.0,0.0,0.0,0.0,0.0,0.0,0.0
2025-10-25,2025,10,25,Saturday,1,0,0,autumn,0,0,0.0,0.0,0.0,0.0,0.0,0.0,0.0,0.0,0.0
2025-10-26,2025,10,26,Sunday,1,0,0,autumn,0,0,0.0,0.0,0.0,0.0,0.0,0.0,0.0,0.0,0.0
2025-10-27,2025,10,27,Monday,0,0,1,autumn,0,1,0.0,0.0,0.0,0.0,0.0,0.0,0.0,0.0,0.0
2025-10-28,2025,10,28,Tuesday,0,1,1,autumn,0,0,0.0,0.0,0.0,0.0,0.0,0.0,0.0,0.0,0.0
2025-10-29,2025,10,29,Wednesday,0,0,1,autumn,0,1,0.0,0.0,0.0,0.0,0.0,0.0,0.0,0.0,0.0
2025-10-30,2025,10,30,Thursday,0,0,0,autumn,0,1,0.0,0.0,0.0,0.0,0.0,0.0,0.0,0.0,0.0
2025-10-31,2025,10,31,Friday,0,0,0,autumn,0,1,0.0,0.0,0.0,0.0,0.0,0.0,0.0,0.0,0.0
2025-11-01,2025,11,1,Saturday,1,0,0,autumn,0,0,0.0,0.0,0.0,0.0,0.0,0.0,0.0,0.0,0.0
2025-11-02,2025,11,2,Sunday,1,0,0,autumn,0,0,0.0,0.0,0.0,0.0,0.0,0.0,0.0,0.0,0.0
2025-11-03,2025,11,3,Monday,0,0,0,autumn,0,1,0.0,0.0,0.0,0.0,0.0,0.0,0.0,0.0,0.0
2025-11-04,2025,11,4,Tuesday,0,0,0,autumn,0,1,0.0,0.0,0.0,0.0,0.0,0.0,0.0,0.0,0.0
2025-11-05,2025,11,5,Wednesday,0,0,0,autumn,0,1,0.0,0.0,0.0,0.0,0.0,0.0,0.0,0.0,0.0
2025-11-06,2025,11,6,Thursday,0,0,0,autumn,0,1,0.0,0.0,0.0,0.0,0.0,0.0,0.0,0.0,0.0
2025-11-07,2025,11,7,Friday,0,0,0,autumn,0,1,0.0,0.0,0.0,0.0,0.0,0.0,0.0,0.0,0.0
2025-11-08,2025,11,8,Saturday,1,0,0,autumn,0,0,0.0,0.0,0.0,0.0,0.0,0.0,0.0,0.0,0.0
2025-11-09,2025,11,9,Sunday,1,0,0,autumn,0,0,0.0,0.0,0.0,0.0,0.0,0.0,0.0,0.0,0.0
2025-11-10,2025,11,10,Monday,0,0,0,autumn,0,1,0.0,0.0,0.0,0.0,0.0,0.0,0.0,0.0,0.0
2025-11-11,2025,11,11,Tuesday,0,0,0,autumn,0,1,0.0,0.0,0.0,0.0,0.0,0.0,0.0,0.0,0.0
2025-11-12,2025,11,12,Wednesday,0,0,0,autumn,0,1,0.0,0.0,0.0,0.0,0.0,0.0,0.0,0.0,0.0
2025-11-13,2025,11,13,Thursday,0,0,0,autumn,0,1,0.0,0.0,0.0,0.0,0.0,0.0,0.0,0.0,0.0
2025-11-14,2025,11,14,Friday,0,0,0,autumn,0,1,0.0,0.0,0.0,0.0,0.0,0.0,0.0,0.0,0.0
2025-11-15,2025,11,15,Saturday,1,0,0,autumn,0,0,0.0,0.0,0.0,0.0,0.0,0.0,0.0,0.0,0.0
2025-11-16,2025,11,16,Sunday,1,0,0,autumn,0,0,0.0,0.0,0.0,0.0,0.0,0.0,0.0,0.0,0.0
2025-11-17,2025,11,17,Monday,0,1,0,autumn,0,0,0.0,0.0,0.0,0.0,0.0,0.0,0.0,0.0,0.0
2025-11-18,2025,11,18,Tuesday,0,0,0,autumn,0,1,0.0,0.0,0.0,0.0,0.0,0.0,0.0,0.0,0.0
2025-11-19,2025,11,19,Wednesday,0,0,0,autumn,0,1,0.0,0.0,0.0,0.0,0.0,0.0,0.0,0.0,0.0
2025-11-20,2025,11,20,Thursday,0,0,0,autumn,0,1,0.0,0.0,0.0,0.0,0.0,0.0,0.0,0.0,0.0
2025-11-21,2025,11,21,Friday,0,0,0,autumn,0,1,0.0,0.0,0.0,0.0,0.0,0.0,0.0,0.0,0.0
2025-11-22,2025,11,22,Saturday,1,0,0,autumn,0,0,0.0,0.0,0.0,0.0,0.0,0.0,0.0,0.0,0.0
2025-11-23,2025,11,23,Sunday,1,0,0,autumn,0,0,0.0,0.0,0.0,0.0,0.0,0.0,0.0,0.0,0.0
2025-11-24,2025,11,24,Monday,0,0,0,autumn,0,1,0.0,0.0,0.0,0.0,0.0,0.0,0.0,0.0,0.0
2025-11-25,2025,11,25,Tuesday,0,0,0,autumn,0,1,0.0,0.0,0.0,0.0,0.0,0.0,0.0,0.0,0.0
2025-11-26,2025,11,26,Wednesday,0,0,0,autumn,0,1,0.0,0.0,0.0,0.0,0.0,0.0,0.0,0.0,0.0
2025-11-27,2025,11,27,Thursday,0,0,0,autumn,0,1,0.0,0.0,0.0,0.0,0.0,0.0,0.0,0.0,0.0
2025-11-28,2025,11,28,Friday,0,0,0,autumn,0,1,0.0,0.0,0.0,0.0,0.0,0.0,0.0,0.0,0.0
2025-11-29,2025,11,29,Saturday,1,0,0,autumn,0,0,0.0,0.0,0.0,0.0,0.0,0.0,0.0,0.0,0.0
2025-11-30,2025,11,30,Sunday,1,0,0,autumn,0,0,0.0,0.0,0.0,0.0,0.0,0.0,0.0,0.0,0.0
2025-12-01,2025,12,1,Monday,0,0,0,winter,0,1,0.0,0.0,0.0,0.0,0.0,0.0,0.0,0.0,0.0
2025-12-02,2025,12,2,Tuesday,0,0,0,winter,0,1,0.0,0.0,0.0,0.0,0.0,0.0,0.0,0.0,0.0
2025-12-03,2025,12,3,Wednesday,0,0,0,winter,0,1,0.0,0.0,0.0,0.0,0.0,0.0,0.0,0.0,0.0
2025-12-04,2025,12,4,Thursday,0,0,0,winter,0,1,0.0,0.0,0.0,0.0,0.0,0.0,0.0,0.0,0.0
2025-12-05,2025,12,5,Friday,0,0,0,winter,0,1,0.0,0.0,0.0,0.0,0.0,0.0,0.0,0.0,0.0
2025-12-06,2025,12,6,Saturday,1,0,0,winter,0,0,0.0,0.0,0.0,0.0,0.0,0.0,0.0,0.0,0.0
2025-12-07,2025,12,7,Sunday,1,0,0,winter,0,0,0.0,0.0,0.0,0.0,0.0,0.0,0.0,0.0,0.0
2025-12-08,2025,12,8,Monday,0,0,0,winter,0,1,0.0,0.0,0.0,0.0,0.0,0.0,0.0,0.0,0.0
2025-12-09,2025,12,9,Tuesday,0,0,0,winter,0,1,0.0,0.0,0.0,0.0,0.0,0.0,0.0,0.0,0.0
2025-12-10,2025,12,10,Wednesday,0,0,0,winter,0,1,0.0,0.0,0.0,0.0,0.0,0.0,0.0,0.0,0.0
2025-12-11,2025,12,11,Thursday,0,0,0,winter,0,1,0.0,0.0,0.0,0.0,0.0,0.0,0.0,0.0,0.0
2025-12-12,2025,12,12,Friday,0,0,0,winter,0,1,0.0,0.0,0.0,0.0,0.0,0.0,0.0,0.0,0.0
2025-12-13,2025,12,13,Saturday,1,0,0,winter,0,0,0.0,0.0,0.0,0.0,0.0,0.0,0.0,0.0,0.0
2025-12-14,2025,12,14,Sunday,1,0,0,winter,0,0,0.0,0.0,0.0,0.0,0.0,0.0,0.0,0.0,0.0
2025-12-15,2025,12,15,Monday,0,0,0,winter,0,1,0.0,0.0,0.0,0.0,0.0,0.0,0.0,0.0,0.0
2025-12-16,2025,12,16,Tuesday,0,0,0,winter,0,1,0.0,0.0,0.0,0.0,0.0,0.0,0.0,0.0,0.0
2025-12-17,2025,12,17,Wednesday,0,0,0,winter,0,1,0.0,0.0,0.0,0.0,0.0,0.0,0.0,0.0,0.0
2025-12-18,2025,12,18,Thursday,0,0,0,winter,0,1,0.0,0.0,0.0,0.0,0.0,0.0,0.0,0.0,0.0
2025-12-19,2025,12,19,Friday,0,0,0,winter,0,1,0.0,0.0,0.0,0.0,0.0,0.0,0.0,0.0,0.0
2025-12-20,2025,12,20,Saturday,1,0,0,winter,0,0,0.0,0.0,0.0,0.0,0.0,0.0,0.0,0.0,0.0
2025-12-21,2025,12,21,Sunday,1,0,0,winter,0,0,0.0,0.0,0.0,0.0,0.0,0.0,0.0,0.0,0.0
2025-12-22,2025,12,22,Monday,0,0,0,winter,0,1,0.0,0.0,0.0,0.0,0.0,0.0,0.0,0.0,0.0
2025-12-23,2025,12,23,Tuesday,0,0,1,winter,0,1,0.0,0.0,0.0,0.0,0.0,0.0,0.0,0.0,0.0
2025-12-24,2025,12,24,Wednesday,0,1,1,winter,0,0,0.0,0.0,0.0,0.0,0.0,0.0,0.0,0.0,0.0
2025-12-25,2025,12,25,Thursday,0,1,1,winter,0,0,0.0,0.0,0.0,0.0,0.0,0.0,0.0,0.0,0.0
2025-12-26,2025,12,26,Friday,0,1,1,winter,0,0,0.0,0.0,0.0,0.0,0.0,0.0,0.0,0.0,0.0
2025-12-27,2025,12,27,Saturday,1,0,1,winter,0,0,0.0,0.0,0.0,0.0,0.0,0.0,0.0,0.0,0.0
2025-12-28,2025,12,28,Sunday,1,0,1,winter,0,0,0.0,0.0,0.0,0.0,0.0,0.0,0.0,0.0,0.0
2025-12-29,2025,12,29,Monday,0,0,1,winter,0,1,0.0,0.0,0.0,0.0,0.0,0.0,0.0,0.0,0.0
2025-12-30,2025,12,30,Tuesday,0,0,1,winter,0,1,0.0,0.0,0.0,0.0,0.0,0.0,0.0,0.0,0.0
2025-12-31,2025,12,31,Wednesday,0,0,1,winter,0,1,0.0,0.0,0.0,0.0,0.0,0.0,0.0,0.0,0.0
