date,year,month,day,weekday,weekend,holiday,school_holiday,season,lockdown_level,is_workday
2020-01-01,2020,1,1,Wednesday,0,1,1,winter,0,0
2020-01-02,2020,1,2,Thursday,0,0,1,winter,0,1
2020-01-03,2020,1,3,Friday,0,0,0,winter,0,1
2020-01-04,2020,1,4,Saturday,1,0,0,winter,0,0
2020-01-05,2020,1,5,Sunday,1,0,0,winter,0,0
2020-01-06,2020,1,6,Monday,0,0,0,winter,0,1
2020-01-07,2020,1,7,Tuesday,0,0,0,winter,0,1
2020-01-08,2020,1,8,Wednesday,0,0,0,winter,0,1
2020-01-09,2020,1,9,Thursday,0,0,0,winter,0,1
2020-01-10,2020,1,10,Friday,0,0,0,winter,0,1
2020-01-11,2020,1,11,Saturday,1,0,0,winter,0,0
2020-01-12,2020,1,12,Sunday,1,0,0,winter,0,0
2020-01-13,2020,1,13,Monday,0,0,0,winter,0,1
2020-01-14,2020,1,14,Tuesday,0,0,0,winter,0,1
2020-01-15,2020,1,15,Wednesday,0,0,0,winter,0,1
2020-01-16,2020,1,16,Thursday,0,0,0,winter,0,1
2020-01-17,2020,1,17,Friday,0,0,0,winter,0,1
2020-01-18,2020,1,18,Saturday,1,0,0,winter,0,0
2020-01-19,2020,1,19,Sunday,1,0,0,winter,0,0
2020-01-20,2020,1,20,Monday,0,0,0,winter,0,1
2020-01-21,2020,1,21,Tuesday,0,0,0,winter,0,1
2020-01-22,2020,1,22,Wednesday,0,0,0,winter,0,1
2020-01-23,2020,1,23,Thursday,0,0,0,winter,0,1
2020-01-24,2020,1,24,Friday,0,0,0,winter,0,1
2020-01-25,2020,1,25,Saturday,1,0,0,winter,0,0
2020-01-26,2020,1,26,Sunday,1,0,0,winter,0,0
2020-01-27,2020,1,27,Monday,0,0,0,winter,0,1
2020-01-28,2020,1,28,Tuesday,0,0,0,winter,0,1
2020-01-29,2020,1,29,Wednesday,0,0,0,winter,0,1
2020-01-30,2020,1,30,Thursday,0,0,0,winter,0,1
2020-01-31,2020,1,31,Friday,0,0,0,winter,0,1
2020-02-01,2020,2,1,Saturday,1,0,0,winter,0,0
2020-02-02,2020,2,2,Sunday,1,0,0,winter,0,0
2020-02-03,2020,2,3,Monday,0,0,1,winter,0,1
2020-02-04,2020,2,4,Tuesday,0,0,1,winter,0,1
2020-02-05,2020,2,5,Wednesday,0,0,1,winter,0,1
2020-02-06,2020,2,6,Thursday,0,0,1,winter,0,1
2020-02-07,2020,2,7,Friday,0,0,1,winter,0,1
2020-02-08,2020,2,8,Saturday,1,0,1,winter,0,0
2020-02-09,2020,2,9,Sunday,1,0,1,winter,0,0
2020-02-10,2020,2,10,Monday,0,0,0,winter,0,1
2020-02-11,2020,2,11,Tuesday,0,0,0,winter,0,1
2020-02-12,2020,2,12,Wednesday,0,0,0,winter,0,1
2020-02-13,2020,2,13,Thursday,0,0,0,winter,0,1
2020-02-14,2020,2,14,Friday,0,0,0,winter,0,1
2020-02-15,2020,2,15,Saturday,1,0,0,winter,0,0
2020-02-16,2020,2,16,Sunday,1,0,0,winter,0,0
2020-02-17,2020,2,17,Monday,0,0,0,winter,0,1
2020-02-18,2020,2,18,Tuesday,0,0,0,winter,0,1
2020-02-19,2020,2,19,Wednesday,0,0,0,winter,0,1
2020-02-20,2020,2,20,Thursday,0,0,0,winter,0,1
2020-02-21,2020,2,21,Friday,0,0,0,winter,0,1
2020-02-22,2020,2,22,Saturday,1,0,0,winter,0,0
2020-02-23,2020,2,23,Sunday,1,0,0,winter,0,0
2020-02-24,2020,2,24,Monday,0,0,0,winter,0,1
2020-02-25,2020,2,25,Tuesday,0,0,0,winter,0,1
2020-02-26,2020,2,26,Wednesday,0,0,0,winter,0,1
2020-02-27,2020,2,27,Thursday,0,0,0,winter,0,1
2020-02-28,2020,2,28,Friday,0,0,0,winter,0,1
2020-02-29,2020,2,29,Saturday,1,0,0,winter,0,0
2020-03-01,2020,3,1,Sunday,1,0,0,spring,0,0
2020-03-02,2020,3,2,Monday,0,0,1,spring,0,1
2020-03-03,2020,3,3,Tuesday,0,0,1,spring,0,1
2020-03-04,2020,3,4,Wednesday,0,0,1,spring,0,1
2020-03-05,2020,3,5,Thursday,0,0,1,spring,0,1
2020-03-06,2020,3,6,Friday,0,0,1,spring,0,1
2020-03-07,2020,3,7,Saturday,1,0,1,spring,0,0
2020-03-08,2020,3,8,Sunday,1,0,1,spring,0,0
2020-03-09,2020,3,9,Monday,0,0,0,spring,0,1
2020-03-10,2020,3,10,Tuesday,0,0,0,spring,0,1
2020-03-11,2020,3,11,Wednesday,0,0,0,spring,3,1
2020-03-12,2020,3,12,Thursday,0,0,0,spring,3,1
2020-03-13,2020,3,13,Friday,0,0,0,spring,3,1
2020-03-14,2020,3,14,Saturday,1,0,0,spring,3,0
2020-03-15,2020,3,15,Sunday,1,0,0,spring,3,0
2020-03-16,2020,3,16,Monday,0,0,0,spring,3,1
2020-03-17,2020,3,17,Tuesday,0,0,0,spring,3,1
2020-03-18,2020,3,18,Wednesday,0,0,0,spring,3,1
2020-03-19,2020,3,19,Thursday,0,0,0,spring,3,1
2020-03-20,2020,3,20,Friday,0,0,0,spring,3,1
2020-03-21,2020,3,21,Saturday,1,0,0,spring,3,0
2020-03-22,2020,3,22,Sunday,1,0,0,spring,3,0
2020-03-23,2020,3,23,Monday,0,0,0,spring,3,1
2020-03-24,2020,3,24,Tuesday,0,0,0,spring,3,1
2020-03-25,2020,3,25,Wednesday,0,0,0,spring,3,1
2020-03-26,2020,3,26,Thursday,0,0,0,spring,3,1
2020-03-27,2020,3,27,Friday,0,0,0,spring,3,1
2020-03-28,2020,3,28,Saturday,1,0,0,spring,3,0
2020-03-29,2020,3,29,Sunday,1,0,0,spring,3,0
2020-03-30,2020,3,30,Monday,0,0,0,spring,3,1
2020-03-31,2020,3,31,Tuesday,0,0,0,spring,3,1
2020-04-01,2020,4,1,Wednesday,0,0,0,spring,3,1
2020-04-02,2020,4,2,Thursday,0,0,0,spring,3,1
2020-04-03,2020,4,3,Friday,0,0,0,spring,3,1
2020-04-04,2020,4,4,Saturday,1,0,0,spring,3,0
2020-04-05,2020,4,5,Sunday,1,0,0,spring,3,0
2020-04-06,2020,4,6,Monday,0,0,0,spring,3,1
2020-04-07,2020,4,7,Tuesday,0,0,0,spring,3,1
2020-04-08,2020,4,8,Wednesday,0,0,0,spring,3,1
2020-04-09,2020,4,9,Thursday,0,0,1,spring,3,1
2020-04-10,2020,4,10,Friday,0,1,0,spring,3,0
2020-04-11,2020,4,11,Saturday,1,0,0,spring,3,0
2020-04-12,2020,4,12,Sunday,1,0,0,spring,3,0
2020-04-13,2020,4,13,Monday,0,1,0,spring,3,0
2020-04-14,2020,4,14,Tuesday,0,0,0,spring,3,1
2020-04-15,2020,4,15,Wednesday,0,0,0,spring,3,1
2020-04-16,2020,4,16,Thursday,0,0,0,spring,3,1
2020-04-17,2020,4,17,Friday,0,0,0,spring,3,1
2020-04-18,2020,4,18,Saturday,1,0,0,spring,3,0
2020-04-19,2020,4,19,Sunday,1,0,0,spring,3,0
2020-04-20,2020,4,20,Monday,0,0,0,spring,3,1
2020-04-21,2020,4,21,Tuesday,0,0,0,spring,3,1
2020-04-22,2020,4,22,Wednesday,0,0,0,spring,3,1
2020-04-23,2020,4,23,Thursday,0,0,0,spring,3,1
2020-04-24,2020,4,24,Friday,0,0,0,spring,3,1
2020-04-25,2020,4,25,Saturday,1,0,0,spring,3,0
2020-04-26,2020,4,26,Sunday,1,0,0,spring,3,0
2020-04-27,2020,4,27,Monday,0,0,0,spring,3,1
2020-04-28,2020,4,28,Tuesday,0,0,0,spring,3,1
2020-04-29,2020,4,29,Wednesday,0,0,0,spring,3,1
2020-04-30,2020,4,30,Thursday,0,0,0,spring,3,1
2020-05-01,2020,5,1,Friday,0,1,0,spring,3,0
2020-05-02,2020,5,2,Saturday,1,0,0,spring,3,0
2020-05-03,2020,5,3,Sunday,1,0,0,spring,3,0
2020-05-04,2020,5,4,Monday,0,0,0,spring,3,1
2020-05-05,2020,5,5,Tuesday,0,0,0,spring,3,1
2020-05-06,2020,5,6,Wednesday,0,0,0,spring,3,1
2020-05-07,2020,5,7,Thursday,0,0,0,spring,3,1
2020-05-08,2020,5,8,Friday,0,1,0,spring,3,0
2020-05-09,2020,5,9,Saturday,1,0,0,spring,3,0
2020-05-10,2020,5,10,Sunday,1,0,0,spring,3,0
2020-05-11,2020,5,11,Monday,0,0,0,spring,0,1
2020-05-12,2020,5,12,Tuesday,0,0,0,spring,0,1
2020-05-13,2020,5,13,Wednesday,0,0,0,spring,0,1
2020-05-14,2020,5,14,Thursday,0,0,0,spring,0,1
2020-05-15,2020,5,15,Friday,0,0,0,spring,0,1
2020-05-16,2020,5,16,Saturday,1,0,0,spring,0,0
2020-05-17,2020,5,17,Sunday,1,0,0,spring,0,0
2020-05-18,2020,5,18,Monday,0,0,0,spring,0,1
2020-05-19,2020,5,19,Tuesday,0,0,0,spring,0,1
2020-05-20,2020,5,20,Wednesday,0,0,0,spring,0,1
2020-05-21,2020,5,21,Thursday,0,0,0,spring,0,1
2020-05-22,2020,5,22,Friday,0,0,0,spring,0,1
2020-05-23,2020,5,23,Saturday,1,0,0,spring,0,0
2020-05-24,2020,5,24,Sunday,1,0,0,spring,0,0
2020-05-25,2020,5,25,Monday,0,0,0,spring,0,1
2020-05-26,2020,5,26,Tuesday,0,0,0,spring,0,1
2020-05-27,2020,5,27,Wednesday,0,0,0,spring,0,1
2020-05-28,2020,5,28,Thursday,0,0,0,spring,0,1
2020-05-29,2020,5,29,Friday,0,0,0,spring,0,1
2020-05-30,2020,5,30,Saturday,1,0,0,spring,0,0
2020-05-31,2020,5,31,Sunday,1,0,0,spring,0,0
2020-06-01,2020,6,1,Monday,0,0,0,summer,0,1
2020-06-02,2020,6,2,Tuesday,0,0,0,summer,0,1
2020-06-03,2020,6,3,Wednesday,0,0,0,summer,0,1
2020-06-04,2020,6,4,Thursday,0,0,0,summer,0,1
2020-06-05,2020,6,5,Friday,0,0,0,summer,0,1
2020-06-06,2020,6,6,Saturday,1,0,0,summer,0,0
2020-06-07,2020,6,7,Sunday,1,0,0,summer,0,0
2020-06-08,2020,6,8,Monday,0,0,0,summer,0,1
2020-06-09,2020,6,9,Tuesday,0,0,0,summer,0,1
2020-06-10,2020,6,10,Wednesday,0,0,0,summer,0,1
2020-06-11,2020,6,11,Thursday,0,0,0,summer,0,1
2020-06-12,2020,6,12,Friday,0,0,0,summer,0,1
2020-06-13,2020,6,13,Saturday,1,0,0,summer,0,0
2020-06-14,2020,6,14,Sunday,1,0,0,summer,0,0
2020-06-15,2020,6,15,Monday,0,0,0,summer,0,1
2020-06-16,2020,6,16,Tuesday,0,0,0,summer,0,1
2020-06-17,2020,6,17,Wednesday,0,0,0,summer,0,1
2020-06-18,2020,6,18,Thursday,0,0,0,summer,0,1
2020-06-19,2020,6,19,Friday,0,0,0,summer,0,1
2020-06-20,2020,6,20,Saturday,1,0,0,summer,0,0
2020-06-21,2020,6,21,Sunday,1,0,0,summer,0,0
2020-06-22,2020,6,22,Monday,0,0,0,summer,0,1
2020-06-23,2020,6,23,Tuesday,0,0,0,summer,0,1
2020-06-24,2020,6,24,Wednesday,0,0,0,summer,0,1
2020-06-25,2020,6,25,Thursday,0,0,0,summer,0,1
2020-06-26,2020,6,26,Friday,0,0,0,summer,0,1
2020-06-27,2020,6,27,Saturday,1,0,0,summer,0,0
2020-06-28,2020,6,28,Sunday,1,0,0,summer,0,0
2020-06-29,2020,6,29,Monday,0,0,0,summer,0,1
2020-06-30,2020,6,30,Tuesday,0,0,0,summer,0,1
2020-07-01,2020,7,1,Wednesday,0,0,1,summer,0,1
2020-07-02,2020,7,2,Thursday,0,0,1,summer,0,1
2020-07-03,2020,7,3,Friday,0,0,1,summer,0,1
2020-07-04,2020,7,4,Saturday,1,0,1,summer,0,0
2020-07-05,2020,7,5,Sunday,1,1,1,summer,0,0
2020-07-06,2020,7,6,Monday,0,1,1,summer,0,0
2020-07-07,2020,7,7,Tuesday,0,0,1,summer,0,1
2020-07-08,2020,7,8,Wednesday,0,0,1,summer,0,1
2020-07-09,2020,7,9,Thursday,0,0,1,summer,0,1
2020-07-10,2020,7,10,Friday,0,0,1,summer,0,1
2020-07-11,2020,7,11,Saturday,1,0,1,summer,0,0
2020-07-12,2020,7,12,Sunday,1,0,1,summer,0,0
2020-07-13,2020,7,13,Monday,0,0,1,summer,0,1
2020-07-14,2020,7,14,Tuesday,0,0,1,summer,0,1
2020-07-15,2020,7,15,Wednesday,0,0,1,summer,0,1
2020-07-16,2020,7,16,Thursday,0,0,1,summer,0,1
2020-07-17,2020,7,17,Friday,0,0,1,summer,0,1
2020-07-18,2020,7,18,Saturday,1,0,1,summer,0,0
2020-07-19,2020,7,19,Sunday,1,0,1,summer,0,0
2020-07-20,2020,7,20,Monday,0,0,1,summer,0,1
2020-07-21,2020,7,21,Tuesday,0,0,1,summer,0,1
2020-07-22,2020,7,22,Wednesday,0,0,1,summer,0,1
2020-07-23,2020,7,23,Thursday,0,0,1,summer,0,1
2020-07-24,2020,7,24,Friday,0,0,1,summer,0,1
2020-07-25,2020,7,25,Saturday,1,0,1,summer,0,0
2020-07-26,2020,7,26,Sunday,1,0,1,summer,0,0
2020-07-27,2020,7,27,Monday,0,0,1,summer,0,1
2020-07-28,2020,7,28,Tuesday,0,0,1,summer,0,1
2020-07-29,2020,7,29,Wednesday,0,0,1,summer,0,1
2020-07-30,2020,7,30,Thursday,0,0,1,summer,0,1
2020-07-31,2020,7,31,Friday,0,0,1,summer,0,1
2020-08-01,2020,8,1,Saturday,1,0,1,summer,0,0
2020-08-02,2020,8,2,Sunday,1,0,1,summer,0,0
2020-08-03,2020,8,3,Monday,0,0,1,summer,0,1
2020-08-04,2020,8,4,Tuesday,0,0,1,summer,0,1
2020-08-05,2020,8,5,Wednesday,0,0,1,summer,0,1
2020-08-06,2020,8,6,Thursday,0,0,1,summer,0,1
2020-08-07,2020,8,7,Friday,0,0,1,summer,0,1
2020-08-08,2020,8,8,Saturday,1,0,1,summer,0,0
2020-08-09,2020,8,9,Sunday,1,0,1,summer,0,0
2020-08-10,2020,8,10,Monday,0,0,1,summer,0,1
2020-08-11,2020,8,11,Tuesday,0,0,1,summer,0,1
2020-08-12,2020,8,12,Wednesday,0,0,1,summer,0,1
2020-08-13,2020,8,13,Thursday,0,0,1,summer,0,1
2020-08-14,2020,8,14,Friday,0,0,1,summer,0,1
2020-08-15,2020,8,15,Saturday,1,0,1,summer,0,0
2020-08-16,2020,8,16,Sunday,1,0,1,summer,0,0
2020-08-17,2020,8,17,Monday,0,0,1,summer,0,1
2020-08-18,2020,8,18,Tuesday,0,0,1,summer,0,1
2020-08-19,2020,8,19,Wednesday,0,0,1,summer,0,1
2020-08-20,2020,8,20,Thursday,0,0,1,summer,0,1
2020-08-21,2020,8,21,Friday,0,0,1,summer,0,1
2020-08-22,2020,8,22,Saturday,1,0,1,summer,0,0
2020-08-23,2020,8,23,Sunday,1,0,1,summer,0,0
2020-08-24,2020,8,24,Monday,0,0,1,summer,0,1
2020-08-25,2020,8,25,Tuesday,0,0,1,summer,0,1
2020-08-26,2020,8,26,Wednesday,0,0,1,summer,0,1
2020-08-27,2020,8,27,Thursday,0,0,1,summer,0,1
2020-08-28,2020,8,28,Friday,0,0,1,summer,0,1
2020-08-29,2020,8,29,Saturday,1,0,1,summer,0,0
2020-08-30,2020,8,30,Sunday,1,0,1,summer,0,0
2020-08-31,2020,8,31,Monday,0,0,1,summer,0,1
2020-09-01,2020,9,1,Tuesday,0,0,0,autumn,0,1
2020-09-02,2020,9,2,Wednesday,0,0,0,autumn,0,1
2020-09-03,2020,9,3,Thursday,0,0,0,autumn,0,1
2020-09-04,2020,9,4,Friday,0,0,0,autumn,0,1
2020-09-05,2020,9,5,Saturday,1,0,0,autumn,0,0
2020-09-06,2020,9,6,Sunday,1,0,0,autumn,0,0
2020-09-07,2020,9,7,Monday,0,0,0,autumn,0,1
2020-09-08,2020,9,8,Tuesday,0,0,0,autumn,0,1
2020-09-09,2020,9,9,Wednesday,0,0,0,autumn,0,1
2020-09-10,2020,9,10,Thursday,0,0,0,autumn,0,1
2020-09-11,2020,9,11,Friday,0,0,0,autumn,0,1
2020-09-12,2020,9,12,Saturday,1,0,0,autumn,0,0
2020-09-13,2020,9,13,Sunday,1,0,0,autumn,0,0
2020-09-14,2020,9,14,Monday,0,0,0,autumn,0,1
2020-09-15,2020,9,15,Tuesday,0,0,0,autumn,0,1
2020-09-16,2020,9,16,Wednesday,0,0,0,autumn,0,1
2020-09-17,2020,9,17,Thursday,0,0,0,autumn,0,1
2020-09-18,2020,9,18,Friday,0,0,0,autumn,0,1
2020-09-19,2020,9,19,Saturday,1,0,0,autumn,0,0
2020-09-20,2020,9,20,Sunday,1,0,0,autumn,0,0
2020-09-21,2020,9,21,Monday,0,0,0,autumn,0,1
2020-09-22,2020,9,22,Tuesday,0,0,0,autumn,0,1
2020-09-23,2020,9,23,Wednesday,0,0,0,autumn,0,1
2020-09-24,2020,9,24,Thursday,0,0,0,autumn,0,1
2020-09-25,2020,9,25,Friday,0,0,0,autumn,0,1
2020-09-26,2020,9,26,Saturday,1,0,0,autumn,0,0
2020-09-27,2020,9,27,Sunday,1,0,0,autumn,0,0
2020-09-28,2020,9,28,Monday,0,1,0,autumn,0,0
2020-09-29,2020,9,29,Tuesday,0,0,0,autumn,0,1
2020-09-30,2020,9,30,Wednesday,0,0,0,autumn,0,1
2020-10-01,2020,10,1,Thursday,0,0,0,autumn,0,1
2020-10-02,2020,10,2,Friday,0,0,0,autumn,0,1
2020-10-03,2020,10,3,Saturday,1,0,0,autumn,0,0
2020-10-04,2020,10,4,Sunday,1,0,0,autumn,0,0
2020-10-05,2020,10,5,Monday,0,0,0,autumn,2,1
2020-10-06,2020,10,6,Tuesday,0,0,0,autumn,2,1
2020-10-07,2020,10,7,Wednesday,0,0,0,autumn,2,1
2020-10-08,2020,10,8,Thursday,0,0,0,autumn,2,1
2020-10-09,2020,10,9,Friday,0,0,0,autumn,2,1
2020-10-10,2020,10,10,Saturday,1,0,0,autumn,2,0
2020-10-11,2020,10,11,Sunday,1,0,0,autumn,2,0
2020-10-12,2020,10,12,Monday,0,0,0,autumn,2,1
2020-10-13,2020,10,13,Tuesday,0,0,0,autumn,2,1
2020-10-14,2020,10,14,Wednesday,0,0,0,autumn,2,1
2020-10-15,2020,10,15,Thursday,0,0,0,autumn,2,1
2020-10-16,2020,10,16,Friday,0,0,0,autumn,2,1
2020-10-17,2020,10,17,Saturday,1,0,0,autumn,2,0
2020-10-18,2020,10,18,Sunday,1,0,0,autumn,2,0
2020-10-19,2020,10,19,Monday,0,0,0,autumn,2,1
2020-10-20,2020,10,20,Tuesday,0,0,0,autumn,2,1
2020-10-21,2020,10,21,Wednesday,0,0,0,autumn,2,1
2020-10-22,2020,10,22,Thursday,0,0,0,autumn,2,1
2020-10-23,2020,10,23,Friday,0,0,0,autumn,2,1
2020-10-24,2020,10,24,Saturday,1,0,0,autumn,2,0
2020-10-25,2020,10,25,Sunday,1,0,0,autumn,2,0
2020-10-26,2020,10,26,Monday,0,0,0,autumn,2,1
2020-10-27,2020,10,27,Tuesday,0,0,0,autumn,2,1
2020-10-28,2020,10,28,Wednesday,0,1,0,autumn,2,0
2020-10-29,2020,10,29,Thursday,0,0,1,autumn,2,1
2020-10-30,2020,10,30,Friday,0,0,1,autumn,2,1
2020-10-31,2020,10,31,Saturday,1,0,0,autumn,2,0
2020-11-01,2020,11,1,Sunday,1,0,0,autumn,2,0
2020-11-02,2020,11,2,Monday,0,0,0,autumn,2,1
2020-11-03,2020,11,3,Tuesday,0,0,0,autumn,2,1
2020-11-04,2020,11,4,Wednesday,0,0,0,autumn,2,1
2020-11-05,2020,11,5,Thursday,0,0,0,autumn,2,1
2020-11-06,2020,11,6,Friday,0,0,0,autumn,2,1
2020-11-07,2020,11,7,Saturday,1,0,0,autumn,2,0
2020-11-08,2020,11,8,Sunday,1,0,0,autumn,2,0
2020-11-09,2020,11,9,Monday,0,0,0,autumn,2,1
2020-11-10,2020,11,10,Tuesday,0,0,0,autumn,2,1
2020-11-11,2020,11,11,Wednesday,0,0,0,autumn,2,1
2020-11-12,2020,11,12,Thursday,0,0,0,autumn,2,1
2020-11-13,2020,11,13,Friday,0,0,0,autumn,2,1
2020-11-14,2020,11,14,Saturday,1,0,0,autumn,2,0
2020-11-15,2020,11,15,Sunday,1,0,0,autumn,2,0
2020-11-16,2020,11,16,Monday,0,0,0,autumn,2,1
2020-11-17,2020,11,17,Tuesday,0,1,0,autumn,2,0
2020-11-18,2020,11,18,Wednesday,0,0,0,autumn,2,1
2020-11-19,2020,11,19,Thursday,0,0,0,autumn,2,1
2020-11-20,2020,11,20,Friday,0,0,0,autumn,2,1
2020-11-21,2020,11,21,Saturday,1,0,0,autumn,2,0
2020-11-22,2020,11,22,Sunday,1,0,0,autumn,2,0
2020-11-23,2020,11,23,Monday,0,0,0,autumn,2,1
2020-11-24,2020,11,24,Tuesday,0,0,0,autumn,2,1
2020-11-25,2020,11,25,Wednesday,0,0,0,autumn,2,1
2020-11-26,2020,11,26,Thursday,0,0,0,autumn,2,1
2020-11-27,2020,11,27,Friday,0,0,0,autumn,2,1
2020-11-28,2020,11,28,Saturday,1,0,0,autumn,2,0
2020-11-29,2020,11,29,Sunday,1,0,0,autumn,2,0
2020-11-30,2020,11,30,Monday,0,0,0,autumn,2,1
2020-12-01,2020,12,1,Tuesday,0,0,0,winter,2,1
2020-12-02,2020,12,2,Wednesday,0,0,0,winter,2,1
2020-12-03,2020,12,3,Thursday,0,0,0,winter,2,1
2020-12-04,2020,12,4,Friday,0,0,0,winter,0,1
2020-12-05,2020,12,5,Saturday,1,0,0,winter,0,0
2020-12-06,2020,12,6,Sunday,1,0,0,winter,0,0
2020-12-07,2020,12,7,Monday,0,0,0,winter,0,1
2020-12-08,2020,12,8,Tuesday,0,0,0,winter,0,1
2020-12-09,2020,12,9,Wednesday,0,0,0,winter,0,1
2020-12-10,2020,12,10,Thursday,0,0,0,winter,0,1
2020-12-11,2020,12,11,Friday,0,0,0,winter,0,1
2020-12-12,2020,12,12,Saturday,1,0,0,winter,0,0
2020-12-13,2020,12,13,Sunday,1,0,0,winter,0,0
2020-12-14,2020,12,14,Monday,0,0,0,winter,0,1
2020-12-15,2020,12,15,Tuesday,0,0,0,winter,0,1
2020-12-16,2020,12,16,Wednesday,0,0,0,winter,0,1
2020-12-17,2020,12,17,Thursday,0,0,0,winter,0,1
2020-12-18,2020,12,18,Friday,0,0,0,winter,0,1
2020-12-19,2020,12,19,Saturday,1,0,0,winter,0,0
2020-12-20,2020,12,20,Sunday,1,0,0,winter,0,0
2020-12-21,2020,12,21,Monday,0,0,0,winter,0,1
2020-12-22,2020,12,22,Tuesday,0,0,0,winter,0,1
2020-12-23,2020,12,23,Wednesday,0,0,1,winter,0,1
2020-12-24,2020,12,24,Thursday,0,1,1,winter,0,0
2020-12-25,2020,12,25,Friday,0,1,1,winter,0,0
2020-12-26,2020,12,26,Saturday,1,1,1,winter,0,0
2020-12-27,2020,12,27,Sunday,1,0,1,winter,0,0
2020-12-28,2020,12,28,Monday,0,0,1,winter,0,1
2020-12-29,2020,12,29,Tuesday,0,0,1,winter,0,1
2020-12-30,2020,12,30,Wednesday,0,0,1,winter,0,1
2020-12-31,2020,12,31,Thursday,0,0,1,winter,0,1
2021-01-01,2021,1,1,Friday,0,1,1,winter,0,0
2021-01-02,2021,1,2,Saturday,1,0,1,winter,0,0
2021-01-03,2021,1,3,Sunday,1,0,0,winter,0,0
2021-01-04,2021,1,4,Monday,0,0,0,winter,0,1
2021-01-05,2021,1,5,Tuesday,0,0,0,winter,0,1
2021-01-06,2021,1,6,Wednesday,0,0,0,winter,0,1
2021-01-07,2021,1,7,Thursday,0,0,0,winter,0,1
2021-01-08,2021,1,8,Friday,0,0,0,winter,0,1
2021-01-09,2021,1,9,Saturday,1,0,0,winter,0,0
2021-01-10,2021,1,10,Sunday,1,0,0,winter,0,0
2021-01-11,2021,1,11,Monday,0,0,0,winter,0,1
2021-01-12,2021,1,12,Tuesday,0,0,0,winter,0,1
2021-01-13,2021,1,13,Wednesday,0,0,0,winter,0,1
2021-01-14,2021,1,14,Thursday,0,0,0,winter,0,1
2021-01-15,2021,1,15,Friday,0,0,0,winter,0,1
2021-01-16,2021,1,16,Saturday,1,0,0,winter,0,0
2021-01-17,2021,1,17,Sunday,1,0,0,winter,0,0
2021-01-18,2021,1,18,Monday,0,0,0,winter,0,1
2021-01-19,2021,1,19,Tuesday,0,0,0,winter,0,1
2021-01-20,2021,1,20,Wednesday,0,0,0,winter,0,1
2021-01-21,2021,1,21,Thursday,0,0,0,winter,0,1
2021-01-22,2021,1,22,Friday,0,0,0,winter,0,1
2021-01-23,2021,1,23,Saturday,1,0,0,winter,0,0
2021-01-24,2021,1,24,Sunday,1,0,0,winter,0,0
2021-01-25,2021,1,25,Monday,0,0,0,winter,0,1
2021-01-26,2021,1,26,Tuesday,0,0,0,winter,0,1
2021-01-27,2021,1,27,Wednesday,0,0,0,winter,0,1
2021-01-28,2021,1,28,Thursday,0,0,0,winter,0,1
2021-01-29,2021,1,29,Friday,0,0,0,winter,0,1
2021-01-30,2021,1,30,Saturday,1,0,0,winter,0,0
2021-01-31,2021,1,31,Sunday,1,0,0,winter,0,0
2021-02-01,2021,2,1,Monday,0,0,0,winter,0,1
2021-02-02,2021,2,2,Tuesday,0,0,0,winter,0,1
2021-02-03,2021,2,3,Wednesday,0,0,0,winter,0,1
2021-02-04,2021,2,4,Thursday,0,0,0,winter,0,1
2021-02-05,2021,2,5,Friday,0,0,0,winter,0,1
2021-02-06,2021,2,6,Saturday,1,0,0,winter,0,0
2021-02-07,2021,2,7,Sunday,1,0,0,winter,0,0
2021-02-08,2021,2,8,Monday,0,0,0,winter,0,1
2021-02-09,2021,2,9,Tuesday,0,0,0,winter,0,1
2021-02-10,2021,2,10,Wednesday,0,0,0,winter,0,1
2021-02-11,2021,2,11,Thursday,0,0,0,winter,0,1
2021-02-12,2021,2,12,Friday,0,0,0,winter,0,1
2021-02-13,2021,2,13,Saturday,1,0,0,winter,0,0
2021-02-14,2021,2,14,Sunday,1,0,0,winter,0,0
2021-02-15,2021,2,15,Monday,0,0,0,winter,0,1
2021-02-16,2021,2,16,Tuesday,0,0,0,winter,0,1
2021-02-17,2021,2,17,Wednesday,0,0,0,winter,0,1
2021-02-18,2021,2,18,Thursday,0,0,0,winter,0,1
2021-02-19,2021,2,19,Friday,0,0,0,winter,0,1
2021-02-20,2021,2,20,Saturday,1,0,0,winter,0,0
2021-02-21,2021,2,21,Sunday,1,0,0,winter,0,0
2021-02-22,2021,2,22,Monday,0,0,1,winter,0,1
2021-02-23,2021,2,23,Tuesday,0,0,1,winter,0,1
2021-02-24,2021,2,24,Wednesday,0,0,1,winter,0,1
2021-02-25,2021,2,25,Thursday,0,0,1,winter,0,1
2021-02-26,2021,2,26,Friday,0,0,1,winter,0,1
2021-02-27,2021,2,27,Saturday,1,0,1,winter,3,0
2021-02-28,2021,2,28,Sunday,1,0,1,winter,3,0
2021-03-01,2021,3,1,Monday,0,0,1,spring,3,1
2021-03-02,2021,3,2,Tuesday,0,0,1,spring,3,1
2021-03-03,2021,3,3,Wednesday,0,0,1,spring,3,1
2021-03-04,2021,3,4,Thursday,0,0,1,spring,3,1
2021-03-05,2021,3,5,Friday,0,0,1,spring,3,1
2021-03-06,2021,3,6,Saturday,1,0,1,spring,3,0
2021-03-07,2021,3,7,Sunday,1,0,1,spring,3,0
2021-03-08,2021,3,8,Monday,0,0,0,spring,3,1
2021-03-09,2021,3,9,Tuesday,0,0,0,spring,3,1
2021-03-10,2021,3,10,Wednesday,0,0,0,spring,3,1
2021-03-11,2021,3,11,Thursday,0,0,0,spring,3,1
2021-03-12,2021,3,12,Friday,0,0,0,spring,3,1
2021-03-13,2021,3,13,Saturday,1,0,0,spring,3,0
2021-03-14,2021,3,14,Sunday,1,0,0,spring,3,0
2021-03-15,2021,3,15,Monday,0,0,0,spring,3,1
2021-03-16,2021,3,16,Tuesday,0,0,0,spring,3,1
2021-03-17,2021,3,17,Wednesday,0,0,0,spring,3,1
2021-03-18,2021,3,18,Thursday,0,0,0,spring,3,1
2021-03-19,2021,3,19,Friday,0,0,0,spring,3,1
2021-03-20,2021,3,20,Saturday,1,0,0,spring,3,0
2021-03-21,2021,3,21,Sunday,1,0,0,spring,3,0
2021-03-22,2021,3,22,Monday,0,0,0,spring,3,1
2021-03-23,2021,3,23,Tuesday,0,0,0,spring,3,1
2021-03-24,2021,3,24,Wednesday,0,0,0,spring,3,1
2021-03-25,2021,3,25,Thursday,0,0,0,spring,3,1
2021-03-26,2021,3,26,Friday,0,0,0,spring,3,1
2021-03-27,2021,3,27,Saturday,1,0,0,spring,3,0
2021-03-28,2021,3,28,Sunday,1,0,0,spring,3,0
2021-03-29,2021,3,29,Monday,0,0,0,spring,3,1
2021-03-30,2021,3,30,Tuesday,0,0,0,spring,3,1
2021-03-31,2021,3,31,Wednesday,0,0,0,spring,3,1
2021-04-01,2021,4,1,Thursday,0,0,1,spring,3,1
2021-04-02,2021,4,2,Friday,0,1,0,spring,3,0
2021-04-03,2021,4,3,Saturday,1,0,0,spring,3,0
2021-04-04,2021,4,4,Sunday,1,0,0,spring,3,0
2021-04-05,2021,4,5,Monday,0,1,0,spring,3,0
2021-04-06,2021,4,6,Tuesday,0,0,0,spring,3,1
2021-04-07,2021,4,7,Wednesday,0,0,0,spring,3,1
2021-04-08,2021,4,8,Thursday,0,0,0,spring,3,1
2021-04-09,2021,4,9,Friday,0,0,0,spring,3,1
2021-04-10,2021,4,10,Saturday,1,0,0,spring,3,0
2021-04-11,2021,4,11,Sunday,1,0,0,spring,3,0
2021-04-12,2021,4,12,Monday,0,0,0,spring,0,1
2021-04-13,2021,4,13,Tuesday,0,0,0,spring,0,1
2021-04-14,2021,4,14,Wednesday,0,0,0,spring,0,1
2021-04-15,2021,4,15,Thursday,0,0,0,spring,0,1
2021-04-16,2021,4,16,Friday,0,0,0,spring,0,1
2021-04-17,2021,4,17,Saturday,1,0,0,spring,0,0
2021-04-18,2021,4,18,Sunday,1,0,0,spring,0,0
2021-04-19,2021,4,19,Monday,0,0,0,spring,0,1
2021-04-20,2021,4,20,Tuesday,0,0,0,spring,0,1
2021-04-21,2021,4,21,Wednesday,0,0,0,spring,0,1
2021-04-22,2021,4,22,Thursday,0,0,0,spring,0,1
2021-04-23,2021,4,23,Friday,0,0,0,spring,0,1
2021-04-24,2021,4,24,Saturday,1,0,0,spring,0,0
2021-04-25,2021,4,25,Sunday,1,0,0,spring,0,0
2021-04-26,2021,4,26,Monday,0,0,0,spring,0,1
2021-04-27,2021,4,27,Tuesday,0,0,0,spring,0,1
2021-04-28,2021,4,28,Wednesday,0,0,0,spring,0,1
2021-04-29,2021,4,29,Thursday,0,0,0,spring,0,1
2021-04-30,2021,4,30,Friday,0,0,0,spring,0,1
2021-05-01,2021,5,1,Saturday,1,1,0,spring,0,0
2021-05-02,2021,5,2,Sunday,1,0,0,spring,0,0
2021-05-03,2021,5,3,Monday,0,0,0,spring,0,1
2021-05-04,2021,5,4,Tuesday,0,0,0,spring,0,1
2021-05-05,2021,5,5,Wednesday,0,0,0,spring,0,1
2021-05-06,2021,5,6,Thursday,0,0,0,spring,0,1
2021-05-07,2021,5,7,Friday,0,0,0,spring,0,1
2021-05-08,2021,5,8,Saturday,1,1,0,spring,0,0
2021-05-09,2021,5,9,Sunday,1,0,0,spring,0,0
2021-05-10,2021,5,10,Monday,0,0,0,spring,0,1
2021-05-11,2021,5,11,Tuesday,0,0,0,spring,0,1
2021-05-12,2021,5,12,Wednesday,0,0,0,spring,0,1
2021-05-13,2021,5,13,Thursday,0,0,0,spring,0,1
2021-05-14,2021,5,14,Friday,0,0,0,spring,0,1
2021-05-15,2021,5,15,Saturday,1,0,0,spring,0,0
2021-05-16,2021,5,16,Sunday,1,0,0,spring,0,0
2021-05-17,2021,5,17,Monday,0,0,0,spring,0,1
2021-05-18,2021,5,18,Tuesday,0,0,0,spring,0,1
2021-05-19,2021,5,19,Wednesday,0,0,0,spring,0,1
2021-05-20,2021,5,20,Thursday,0,0,0,spring,0,1
2021-05-21,2021,5,21,Friday,0,0,0,spring,0,1
2021-05-22,2021,5,22,Saturday,1,0,0,spring,0,0
2021-05-23,2021,5,23,Sunday,1,0,0,spring,0,0
2021-05-24,2021,5,24,Monday,0,0,0,spring,0,1
2021-05-25,2021,5,25,Tuesday,0,0,0,spring,0,1
2021-05-26,2021,5,26,Wednesday,0,0,0,spring,0,1
2021-05-27,2021,5,27,Thursday,0,0,0,spring,0,1
2021-05-28,2021,5,28,Friday,0,0,0,spring,0,1
2021-05-29,2021,5,29,Saturday,1,0,0,spring,0,0
2021-05-30,2021,5,30,Sunday,1,0,0,spring,0,0
2021-05-31,2021,5,31,Monday,0,0,0,spring,0,1
2021-06-01,2021,6,1,Tuesday,0,0,0,summer,0,1
2021-06-02,2021,6,2,Wednesday,0,0,0,summer,0,1
2021-06-03,2021,6,3,Thursday,0,0,0,summer,0,1
2021-06-04,2021,6,4,Friday,0,0,0,summer,0,1
2021-06-05,2021,6,5,Saturday,1,0,0,summer,0,0
2021-06-06,2021,6,6,Sunday,1,0,0,summer,0,0
2021-06-07,2021,6,7,Monday,0,0,0,summer,0,1
2021-06-08,2021,6,8,Tuesday,0,0,0,summer,0,1
2021-06-09,2021,6,9,Wednesday,0,0,0,summer,0,1
2021-06-10,2021,6,10,Thursday,0,0,0,summer,0,1
2021-06-11,2021,6,11,Friday,0,0,0,summer,0,1
2021-06-12,2021,6,12,Saturday,1,0,0,summer,0,0
2021-06-13,2021,6,13,Sunday,1,0,0,summer,0,0
2021-06-14,2021,6,14,Monday,0,0,0,summer,0,1
2021-06-15,2021,6,15,Tuesday,0,0,0,summer,0,1
2021-06-16,2021,6,16,Wednesday,0,0,0,summer,0,1
2021-06-17,2021,6,17,Thursday,0,0,0,summer,0,1
2021-06-18,2021,6,18,Friday,0,0,0,summer,0,1
2021-06-19,2021,6,19,Saturday,1,0,0,summer,0,0
2021-06-20,2021,6,20,Sunday,1,0,0,summer,0,0
2021-06-21,2021,6,21,Monday,0,0,0,summer,0,1
2021-06-22,2021,6,22,Tuesday,0,0,0,summer,0,1
2021-06-23,2021,6,23,Wednesday,0,0,0,summer,0,1
2021-06-24,2021,6,24,Thursday,0,0,0,summer,0,1
2021-06-25,2021,6,25,Friday,0,0,0,summer,0,1
2021-06-26,2021,6,26,Saturday,1,0,0,summer,0,0
2021-06-27,2021,6,27,Sunday,1,0,0,summer,0,0
2021-06-28,2021,6,28,Monday,0,0,0,summer,0,1
2021-06-29,2021,6,29,Tuesday,0,0,0,summer,0,1
2021-06-30,2021,6,30,Wednesday,0,0,0,summer,0,1
2021-07-01,2021,7,1,Thursday,0,0,1,summer,0,1
2021-07-02,2021,7,2,Friday,0,0,1,summer,0,1
2021-07-03,2021,7,3,Saturday,1,0,1,summer,0,0
2021-07-04,2021,7,4,Sunday,1,0,1,summer,0,0
2021-07-05,2021,7,5,Monday,0,1,1,summer,0,0
2021-07-06,2021,7,6,Tuesday,0,1,1,summer,0,0
2021-07-07,2021,7,7,Wednesday,0,0,1,summer,0,1
2021-07-08,2021,7,8,Thursday,0,0,1,summer,0,1
2021-07-09,2021,7,9,Friday,0,0,1,summer,0,1
2021-07-10,2021,7,10,Saturday,1,0,1,summer,0,0
2021-07-11,2021,7,11,Sunday,1,0,1,summer,0,0
2021-07-12,2021,7,12,Monday,0,0,1,summer,0,1
2021-07-13,2021,7,13,Tuesday,0,0,1,summer,0,1
2021-07-14,2021,7,14,Wednesday,0,0,1,summer,0,1
2021-07-15,2021,7,15,Thursday,0,0,1,summer,0,1
2021-07-16,2021,7,16,Friday,0,0,1,summer,0,1
2021-07-17,2021,7,17,Saturday,1,0,1,summer,0,0
2021-07-18,2021,7,18,Sunday,1,0,1,summer,0,0
2021-07-19,2021,7,19,Monday,0,0,1,summer,0,1
2021-07-20,2021,7,20,Tuesday,0,0,1,summer,0,1
2021-07-21,2021,7,21,Wednesday,0,0,1,summer,0,1
2021-07-22,2021,7,22,Thursday,0,0,1,summer,0,1
2021-07-23,2021,7,23,Friday,0,0,1,summer,0,1
2021-07-24,2021,7,24,Saturday,1,0,1,summer,0,0
2021-07-25,2021,7,25,Sunday,1,0,1,summer,0,0
2021-07-26,2021,7,26,Monday,0,0,1,summer,0,1
2021-07-27,2021,7,27,Tuesday,0,0,1,summer,0,1
2021-07-28,2021,7,28,Wednesday,0,0,1,summer,0,1
2021-07-29,2021,7,29,Thursday,0,0,1,summer,0,1
2021-07-30,2021,7,30,Friday,0,0,1,summer,0,1
2021-07-31,2021,7,31,Saturday,1,0,1,summer,0,0
2021-08-01,2021,8,1,Sunday,1,0,1,summer,0,0
2021-08-02,2021,8,2,Monday,0,0,1,summer,0,1
2021-08-03,2021,8,3,Tuesday,0,0,1,summer,0,1
2021-08-04,2021,8,4,Wednesday,0,0,1,summer,0,1
2021-08-05,2021,8,5,Thursday,0,0,1,summer,0,1
2021-08-06,2021,8,6,Friday,0,0,1,summer,0,1
2021-08-07,2021,8,7,Saturday,1,0,1,summer,0,0
2021-08-08,2021,8,8,Sunday,1,0,1,summer,0,0
2021-08-09,2021,8,9,Monday,0,0,1,summer,0,1
2021-08-10,2021,8,10,Tuesday,0,0,1,summer,0,1
2021-08-11,2021,8,11,Wednesday,0,0,1,summer,0,1
2021-08-12,2021,8,12,Thursday,0,0,1,summer,0,1
2021-08-13,2021,8,13,Friday,0,0,1,summer,0,1
2021-08-14,2021,8,14,Saturday,1,0,1,summer,0,0
2021-08-15,2021,8,15,Sunday,1,0,1,summer,0,0
2021-08-16,2021,8,16,Monday,0,0,1,summer,0,1
2021-08-17,2021,8,17,Tuesday,0,0,1,summer,0,1
2021-08-18,2021,8,18,Wednesday,0,0,1,summer,0,1
2021-08-19,2021,8,19,Thursday,0,0,1,summer,0,1
2021-08-20,2021,8,20,Friday,0,0,1,summer,0,1
2021-08-21,2021,8,21,Saturday,1,0,1,summer,0,0
2021-08-22,2021,8,22,Sunday,1,0,1,summer,0,0
2021-08-23,2021,8,23,Monday,0,0,1,summer,0,1
2021-08-24,2021,8,24,Tuesday,0,0,1,summer,0,1
2021-08-25,2021,8,25,Wednesday,0,0,1,summer,0,1
2021-08-26,2021,8,26,Thursday,0,0,1,summer,0,1
2021-08-27,2021,8,27,Friday,0,0,1,summer,0,1
2021-08-28,2021,8,28,Saturday,1,0,1,summer,0,0
2021-08-29,2021,8,29,Sunday,1,0,1,summer,0,0
2021-08-30,2021,8,30,Monday,0,0,1,summer,0,1
2021-08-31,2021,8,31,Tuesday,0,0,1,summer,0,1
2021-09-01,2021,9,1,Wednesday,0,0,0,autumn,0,1
2021-09-02,2021,9,2,Thursday,0,0,0,autumn,0,1
2021-09-03,2021,9,3,Friday,0,0,0,autumn,0,1
2021-09-04,2021,9,4,Saturday,1,0,0,autumn,0,0
2021-09-05,2021,9,5,Sunday,1,0,0,autumn,0,0
2021-09-06,2021,9,6,Monday,0,0,0,autumn,0,1
2021-09-07,2021,9,7,Tuesday,0,0,0,autumn,0,1
2021-09-08,2021,9,8,Wednesday,0,0,0,autumn,0,1
2021-09-09,2021,9,9,Thursday,0,0,0,autumn,0,1
2021-09-10,2021,9,10,Friday,0,0,0,autumn,0,1
2021-09-11,2021,9,11,Saturday,1,0,0,autumn,0,0
2021-09-12,2021,9,12,Sunday,1,0,0,autumn,0,0
2021-09-13,2021,9,13,Monday,0,0,0,autumn,0,1
2021-09-14,2021,9,14,Tuesday,0,0,0,autumn,0,1
2021-09-15,2021,9,15,Wednesday,0,0,0,autumn,0,1
2021-09-16,2021,9,16,Thursday,0,0,0,autumn,0,1
2021-09-17,2021,9,17,Friday,0,0,0,autumn,0,1
2021-09-18,2021,9,18,Saturday,1,0,0,autumn,0,0
2021-09-19,2021,9,19,Sunday,1,0,0,autumn,0,0
2021-09-20,2021,9,20,Monday,0,0,0,autumn,0,1
2021-09-21,2021,9,21,Tuesday,0,0,0,autumn,0,1
2021-09-22,2021,9,22,Wednesday,0,0,0,autumn,0,1
2021-09-23,2021,9,23,Thursday,0,0,0,autumn,0,1
2021-09-24,2021,9,24,Friday,0,0,0,autumn,0,1
2021-09-25,2021,9,25,Saturday,1,0,0,autumn,0,0
2021-09-26,2021,9,26,Sunday,1,0,0,autumn,0,0
2021-09-27,2021,9,27,Monday,0,0,0,autumn,0,1
2021-09-28,2021,9,28,Tuesday,0,1,0,autumn,0,0
2021-09-29,2021,9,29,Wednesday,0,0,0,autumn,0,1
2021-09-30,2021,9,30,Thursday,0,0,0,autumn,0,1
2021-10-01,2021,10,1,Friday,0,0,0,autumn,0,1
2021-10-02,2021,10,2,Saturday,1,0,0,autumn,0,0
2021-10-03,2021,10,3,Sunday,1,0,0,autumn,0,0
2021-10-04,2021,10,4,Monday,0,0,0,autumn,0,1
2021-10-05,2021,10,5,Tuesday,0,0,0,autumn,0,1
2021-10-06,2021,10,6,Wednesday,0,0,0,autumn,0,1
2021-10-07,2021,10,7,Thursday,0,0,0,autumn,0,1
2021-10-08,2021,10,8,Friday,0,0,0,autumn,0,1
2021-10-09,2021,10,9,Saturday,1,0,0,autumn,0,0
2021-10-10,2021,10,10,Sunday,1,0,0,autumn,0,0
2021-10-11,2021,10,11,Monday,0,0,0,autumn,0,1
2021-10-12,2021,10,12,Tuesday,0,0,0,autumn,0,1
2021-10-13,2021,10,13,Wednesday,0,0,0,autumn,0,1
2021-10-14,2021,10,14,Thursday,0,0,0,autumn,0,1
2021-10-15,2021,10,15,Friday,0,0,0,autumn,0,1
2021-10-16,2021,10,16,Saturday,1,0,0,autumn,0,0
2021-10-17,2021,10,17,Sunday,1,0,0,autumn,0,0
2021-10-18,2021,10,18,Monday,0,0,0,autumn,0,1
2021-10-19,2021,10,19,Tuesday,0,0,0,autumn,0,1
2021-10-20,2021,10,20,Wednesday,0,0,0,autumn,0,1
2021-10-21,2021,10,21,Thursday,0,0,0,autumn,0,1
2021-10-22,2021,10,22,Friday,0,0,0,autumn,0,1
2021-10-23,2021,10,23,Saturday,1,0,0,autumn,0,0
2021-10-24,2021,10,24,Sunday,1,0,0,autumn,0,0
2021-10-25,2021,10,25,Monday,0,0,0,autumn,0,1
2021-10-26,2021,10,26,Tuesday,0,0,0,autumn,0,1
2021-10-27,2021,10,27,Wednesday,0,0,1,autumn,0,1
2021-10-28,2021,10,28,Thursday,0,1,1,autumn,0,0
2021-10-29,2021,10,29,Friday,0,0,1,autumn,0,1
2021-10-30,2021,10,30,Saturday,1,0,0,autumn,0,0
2021-10-31,2021,10,31,Sunday,1,0,0,autumn,0,0
2021-11-01,2021,11,1,Monday,0,0,0,autumn,0,1
2021-11-02,2021,11,2,Tuesday,0,0,0,autumn,0,1
2021-11-03,2021,11,3,Wednesday,0,0,0,autumn,0,1
2021-11-04,2021,11,4,Thursday,0,0,0,autumn,0,1
2021-11-05,2021,11,5,Friday,0,0,0,autumn,0,1
2021-11-06,2021,11,6,Saturday,1,0,0,autumn,0,0
2021-11-07,2021,11,7,Sunday,1,0,0,autumn,0,0
2021-11-08,2021,11,8,Monday,0,0,0,autumn,0,1
2021-11-09,2021,11,9,Tuesday,0,0,0,autumn,0,1
2021-11-10,2021,11,10,Wednesday,0,0,0,autumn,0,1
2021-11-11,2021,11,11,Thursday,0,0,0,autumn,0,1
2021-11-12,2021,11,12,Friday,0,0,0,autumn,0,1
2021-11-13,2021,11,13,Saturday,1,0,0,autumn,0,0
2021-11-14,2021,11,14,Sunday,1,0,0,autumn,0,0
2021-11-15,2021,11,15,Monday,0,0,0,autumn,0,1
2021-11-16,2021,11,16,Tuesday,0,0,0,autumn,0,1
2021-11-17,2021,11,17,Wednesday,0,1,0,autumn,0,0
2021-11-18,2021,11,18,Thursday,0,0,0,autumn,0,1
2021-11-19,2021,11,19,Friday,0,0,0,autumn,0,1
2021-11-20,2021,11,20,Saturday,1,0,0,autumn,1,0
2021-11-21,2021,11,21,Sunday,1,0,0,autumn,1,0
2021-11-22,2021,11,22,Monday,0,0,0,autumn,1,1
2021-11-23,2021,11,23,Tuesday,0,0,0,autumn,1,1
2021-11-24,2021,11,24,Wednesday,0,0,0,autumn,1,1
2021-11-25,2021,11,25,Thursday,0,0,0,autumn,1,1
2021-11-26,2021,11,26,Friday,0,0,0,autumn,1,1
2021-11-27,2021,11,27,Saturday,1,0,0,autumn,1,0
2021-11-28,2021,11,28,Sunday,1,0,0,autumn,1,0
2021-11-29,2021,11,29,Monday,0,0,0,autumn,1,1
2021-11-30,2021,11,30,Tuesday,0,0,0,autumn,1,1
2021-12-01,2021,12,1,Wednesday,0,0,0,winter,1,1
2021-12-02,2021,12,2,Thursday,0,0,0,winter,1,1
2021-12-03,2021,12,3,Friday,0,0,0,winter,1,1
2021-12-04,2021,12,4,Saturday,1,0,0,winter,1,0
2021-12-05,2021,12,5,Sunday,1,0,0,winter,1,0
2021-12-06,2021,12,6,Monday,0,0,0,winter,1,1
2021-12-07,2021,12,7,Tuesday,0,0,0,winter,1,1
2021-12-08,2021,12,8,Wednesday,0,0,0,winter,1,1
2021-12-09,2021,12,9,Thursday,0,0,0,winter,1,1
2021-12-10,2021,12,10,Friday,0,0,0,winter,1,1
2021-12-11,2021,12,11,Saturday,1,0,0,winter,1,0
2021-12-12,2021,12,12,Sunday,1,0,0,winter,1,0
2021-12-13,2021,12,13,Monday,0,0,0,winter,1,1
2021-12-14,2021,12,14,Tuesday,0,0,0,winter,1,1
2021-12-15,2021,12,15,Wednesday,0,0,0,winter,1,1
2021-12-16,2021,12,16,Thursday,0,0,0,winter,1,1
2021-12-17,2021,12,17,Friday,0,0,0,winter,1,1
2021-12-18,2021,12,18,Saturday,1,0,0,winter,1,0
2021-12-19,2021,12,19,Sunday,1,0,0,winter,1,0
2021-12-20,2021,12,20,Monday,0,0,0,winter,1,1
2021-12-21,2021,12,21,Tuesday,0,0,0,winter,1,1
2021-12-22,2021,12,22,Wednesday,0,0,0,winter,1,1
2021-12-23,2021,12,23,Thursday,0,0,1,winter,1,1
2021-12-24,2021,12,24,Friday,0,1,1,winter,1,0
2021-12-25,2021,12,25,Saturday,1,1,1,winter,1,0
2021-12-26,2021,12,26,Sunday,1,1,1,winter,1,0
2021-12-27,2021,12,27,Monday,0,0,1,winter,1,1
2021-12-28,2021,12,28,Tuesday,0,0,1,winter,1,1
2021-12-29,2021,12,29,Wednesday,0,0,1,winter,1,1
2021-12-30,2021,12,30,Thursday,0,0,1,winter,1,1
2021-12-31,2021,12,31,Friday,0,0,1,winter,1,1
2022-01-01,2022,1,1,Saturday,1,1,1,winter,0,0
2022-01-02,2022,1,2,Sunday,1,0,1,winter,0,0
2022-01-03,2022,1,3,Monday,0,0,0,winter,0,1
2022-01-04,2022,1,4,Tuesday,0,0,0,winter,0,1
2022-01-05,2022,1,5,Wednesday,0,0,0,winter,0,1
2022-01-06,2022,1,6,Thursday,0,0,0,winter,0,1
2022-01-07,2022,1,7,Friday,0,0,0,winter,0,1
2022-01-08,2022,1,8,Saturday,1,0,0,winter,0,0
2022-01-09,2022,1,9,Sunday,1,0,0,winter,0,0
2022-01-10,2022,1,10,Monday,0,0,0,winter,0,1
2022-01-11,2022,1,11,Tuesday,0,0,0,winter,0,1
2022-01-12,2022,1,12,Wednesday,0,0,0,winter,0,1
2022-01-13,2022,1,13,Thursday,0,0,0,winter,0,1
2022-01-14,2022,1,14,Friday,0,0,0,winter,0,1
2022-01-15,2022,1,15,Saturday,1,0,0,winter,0,0
2022-01-16,2022,1,16,Sunday,1,0,0,winter,0,0
2022-01-17,2022,1,17,Monday,0,0,0,winter,0,1
2022-01-18,2022,1,18,Tuesday,0,0,0,winter,0,1
2022-01-19,2022,1,19,Wednesday,0,0,0,winter,0,1
2022-01-20,2022,1,20,Thursday,0,0,0,winter,0,1
2022-01-21,2022,1,21,Friday,0,0,0,winter,0,1
2022-01-22,2022,1,22,Saturday,1,0,0,winter,0,0
2022-01-23,2022,1,23,Sunday,1,0,0,winter,0,0
2022-01-24,2022,1,24,Monday,0,0,0,winter,0,1
2022-01-25,2022,1,25,Tuesday,0,0,0,winter,0,1
2022-01-26,2022,1,26,Wednesday,0,0,0,winter,0,1
2022-01-27,2022,1,27,Thursday,0,0,0,winter,0,1
2022-01-28,2022,1,28,Friday,0,0,0,winter,0,1
2022-01-29,2022,1,29,Saturday,1,0,0,winter,0,0
2022-01-30,2022,1,30,Sunday,1,0,0,winter,0,0
2022-01-31,2022,1,31,Monday,0,0,0,winter,0,1
2022-02-01,2022,2,1,Tuesday,0,0,0,winter,0,1
2022-02-02,2022,2,2,Wednesday,0,0,0,winter,0,1
2022-02-03,2022,2,3,Thursday,0,0,0,winter,0,1
2022-02-04,2022,2,4,Friday,0,0,0,winter,0,1
2022-02-05,2022,2,5,Saturday,1,0,0,winter,0,0
2022-02-06,2022,2,6,Sunday,1,0,0,winter,0,0
2022-02-07,2022,2,7,Monday,0,0,0,winter,0,1
2022-02-08,2022,2,8,Tuesday,0,0,0,winter,0,1
2022-02-09,2022,2,9,Wednesday,0,0,0,winter,0,1
2022-02-10,2022,2,10,Thursday,0,0,0,winter,0,1
2022-02-11,2022,2,11,Friday,0,0,0,winter,0,1
2022-02-12,2022,2,12,Saturday,1,0,0,winter,0,0
2022-02-13,2022,2,13,Sunday,1,0,0,winter,0,0
2022-02-14,2022,2,14,Monday,0,0,0,winter,0,1
2022-02-15,2022,2,15,Tuesday,0,0,0,winter,0,1
2022-02-16,2022,2,16,Wednesday,0,0,0,winter,0,1
2022-02-17,2022,2,17,Thursday,0,0,0,winter,0,1
2022-02-18,2022,2,18,Friday,0,0,0,winter,0,1
2022-02-19,2022,2,19,Saturday,1,0,0,winter,0,0
2022-02-20,2022,2,20,Sunday,1,0,0,winter,0,0
2022-02-21,2022,2,21,Monday,0,0,0,winter,0,1
2022-02-22,2022,2,22,Tuesday,0,0,0,winter,0,1
2022-02-23,2022,2,23,Wednesday,0,0,0,winter,0,1
2022-02-24,2022,2,24,Thursday,0,0,0,winter,0,1
2022-02-25,2022,2,25,Friday,0,0,0,winter,0,1
2022-02-26,2022,2,26,Saturday,1,0,0,winter,0,0
2022-02-27,2022,2,27,Sunday,1,0,0,winter,0,0
2022-02-28,2022,2,28,Monday,0,0,0,winter,0,1
2022-03-01,2022,3,1,Tuesday,0,0,0,spring,0,1
2022-03-02,2022,3,2,Wednesday,0,0,0,spring,0,1
2022-03-03,2022,3,3,Thursday,0,0,0,spring,0,1
2022-03-04,2022,3,4,Friday,0,0,0,spring,0,1
2022-03-05,2022,3,5,Saturday,1,0,0,spring,0,0
2022-03-06,2022,3,6,Sunday,1,0,0,spring,0,0
2022-03-07,2022,3,7,Monday,0,0,1,spring,0,1
2022-03-08,2022,3,8,Tuesday,0,0,1,spring,0,1
2022-03-09,2022,3,9,Wednesday,0,0,1,spring,0,1
2022-03-10,2022,3,10,Thursday,0,0,1,spring,0,1
2022-03-11,2022,3,11,Friday,0,0,1,spring,0,1
2022-03-12,2022,3,12,Saturday,1,0,1,spring,0,0
2022-03-13,2022,3,13,Sunday,1,0,1,spring,0,0
2022-03-14,2022,3,14,Monday,0,0,1,spring,0,1
2022-03-15,2022,3,15,Tuesday,0,0,1,spring,0,1
2022-03-16,2022,3,16,Wednesday,0,0,1,spring,0,1
2022-03-17,2022,3,17,Thursday,0,0,1,spring,0,1
2022-03-18,2022,3,18,Friday,0,0,1,spring,0,1
2022-03-19,2022,3,19,Saturday,1,0,1,spring,0,0
2022-03-20,2022,3,20,Sunday,1,0,1,spring,0,0
2022-03-21,2022,3,21,Monday,0,0,0,spring,0,1
2022-03-22,2022,3,22,Tuesday,0,0,0,spring,0,1
2022-03-23,2022,3,23,Wednesday,0,0,0,spring,0,1
2022-03-24,2022,3,24,Thursday,0,0,0,spring,0,1
2022-03-25,2022,3,25,Friday,0,0,0,spring,0,1
2022-03-26,2022,3,26,Saturday,1,0,0,spring,0,0
2022-03-27,2022,3,27,Sunday,1,0,0,spring,0,0
2022-03-28,2022,3,28,Monday,0,0,0,spring,0,1
2022-03-29,2022,3,29,Tuesday,0,0,0,spring,0,1
2022-03-30,2022,3,30,Wednesday,0,0,0,spring,0,1
2022-03-31,2022,3,31,Thursday,0,0,0,spring,0,1
2022-04-01,2022,4,1,Friday,0,0,0,spring,0,1
2022-04-02,2022,4,2,Saturday,1,0,0,spring,0,0
2022-04-03,2022,4,3,Sunday,1,0,0,spring,0,0
2022-04-04,2022,4,4,Monday,0,0,0,spring,0,1
2022-04-05,2022,4,5,Tuesday,0,0,0,spring,0,1
2022-04-06,2022,4,6,Wednesday,0,0,0,spring,0,1
2022-04-07,2022,4,7,Thursday,0,0,0,spring,0,1
2022-04-08,2022,4,8,Friday,0,0,0,spring,0,1
2022-04-09,2022,4,9,Saturday,1,0,0,spring,0,0
2022-04-10,2022,4,10,Sunday,1,0,0,spring,0,0
2022-04-11,2022,4,11,Monday,0,0,0,spring,0,1
2022-04-12,2022,4,12,Tuesday,0,0,0,spring,0,1
2022-04-13,2022,4,13,Wednesday,0,0,0,spring,0,1
2022-04-14,2022,4,14,Thursday,0,0,1,spring,0,1
2022-04-15,2022,4,15,Friday,0,1,0,spring,0,0
2022-04-16,2022,4,16,Saturday,1,0,0,spring,0,0
2022-04-17,2022,4,17,Sunday,1,0,0,spring,0,0
2022-04-18,2022,4,18,Monday,0,1,0,spring,0,0
2022-04-19,2022,4,19,Tuesday,0,0,0,spring,0,1
2022-04-20,2022,4,20,Wednesday,0,0,0,spring,0,1
2022-04-21,2022,4,21,Thursday,0,0,0,spring,0,1
2022-04-22,2022,4,22,Friday,0,0,0,spring,0,1
2022-04-23,2022,4,23,Saturday,1,0,0,spring,0,0
2022-04-24,2022,4,24,Sunday,1,0,0,spring,0,0
2022-04-25,2022,4,25,Monday,0,0,0,spring,0,1
2022-04-26,2022,4,26,Tuesday,0,0,0,spring,0,1
2022-04-27,2022,4,27,Wednesday,0,0,0,spring,0,1
2022-04-28,2022,4,28,Thursday,0,0,0,spring,0,1
2022-04-29,2022,4,29,Friday,0,0,0,spring,0,1
2022-04-30,2022,4,30,Saturday,1,0,0,spring,0,0
2022-05-01,2022,5,1,Sunday,1,1,0,spring,0,0
2022-05-02,2022,5,2,Monday,0,0,0,spring,0,1
2022-05-03,2022,5,3,Tuesday,0,0,0,spring,0,1
2022-05-04,2022,5,4,Wednesday,0,0,0,spring,0,1
2022-05-05,2022,5,5,Thursday,0,0,0,spring,0,1
2022-05-06,2022,5,6,Friday,0,0,0,spring,0,1
2022-05-07,2022,5,7,Saturday,1,0,0,spring,0,0
2022-05-08,2022,5,8,Sunday,1,1,0,spring,0,0
2022-05-09,2022,5,9,Monday,0,0,0,spring,0,1
2022-05-10,2022,5,10,Tuesday,0,0,0,spring,0,1
2022-05-11,2022,5,11,Wednesday,0,0,0,spring,0,1
2022-05-12,2022,5,12,Thursday,0,0,0,spring,0,1
2022-05-13,2022,5,13,Friday,0,0,0,spring,0,1
2022-05-14,2022,5,14,Saturday,1,0,0,spring,0,0
2022-05-15,2022,5,15,Sunday,1,0,0,spring,0,0
2022-05-16,2022,5,16,Monday,0,0,0,spring,0,1
2022-05-17,2022,5,17,Tuesday,0,0,0,spring,0,1
2022-05-18,2022,5,18,Wednesday,0,0,0,spring,0,1
2022-05-19,2022,5,19,Thursday,0,0,0,spring,0,1
2022-05-20,2022,5,20,Friday,0,0,0,spring,0,1
2022-05-21,2022,5,21,Saturday,1,0,0,spring,0,0
2022-05-22,2022,5,22,Sunday,1,0,0,spring,0,0
2022-05-23,2022,5,23,Monday,0,0,0,spring,0,1
2022-05-24,2022,5,24,Tuesday,0,0,0,spring,0,1
2022-05-25,2022,5,25,Wednesday,0,0,0,spring,0,1
2022-05-26,2022,5,26,Thursday,0,0,0,spring,0,1
2022-05-27,2022,5,27,Friday,0,0,0,spring,0,1
2022-05-28,2022,5,28,Saturday,1,0,0,spring,0,0
2022-05-29,2022,5,29,Sunday,1,0,0,spring,0,0
2022-05-30,2022,5,30,Monday,0,0,0,spring,0,1
2022-05-31,2022,5,31,Tuesday,0,0,0,spring,0,1
2022-06-01,2022,6,1,Wednesday,0,0,0,summer,0,1
2022-06-02,2022,6,2,Thursday,0,0,0,summer,0,1
2022-06-03,2022,6,3,Friday,0,0,0,summer,0,1
2022-06-04,2022,6,4,Saturday,1,0,0,summer,0,0
2022-06-05,2022,6,5,Sunday,1,0,0,summer,0,0
2022-06-06,2022,6,6,Monday,0,0,0,summer,0,1
2022-06-07,2022,6,7,Tuesday,0,0,0,summer,0,1
2022-06-08,2022,6,8,Wednesday,0,0,0,summer,0,1
2022-06-09,2022,6,9,Thursday,0,0,0,summer,0,1
2022-06-10,2022,6,10,Friday,0,0,0,summer,0,1
2022-06-11,2022,6,11,Saturday,1,0,0,summer,0,0
2022-06-12,2022,6,12,Sunday,1,0,0,summer,0,0
2022-06-13,2022,6,13,Monday,0,0,0,summer,0,1
2022-06-14,2022,6,14,Tuesday,0,0,0,summer,0,1
2022-06-15,2022,6,15,Wednesday,0,0,0,summer,0,1
2022-06-16,2022,6,16,Thursday,0,0,0,summer,0,1
2022-06-17,2022,6,17,Friday,0,0,0,summer,0,1
2022-06-18,2022,6,18,Saturday,1,0,0,summer,0,0
2022-06-19,2022,6,19,Sunday,1,0,0,summer,0,0
2022-06-20,2022,6,20,Monday,0,0,0,summer,0,1
2022-06-21,2022,6,21,Tuesday,0,0,0,summer,0,1
2022-06-22,2022,6,22,Wednesday,0,0,0,summer,0,1
2022-06-23,2022,6,23,Thursday,0,0,0,summer,0,1
2022-06-24,2022,6,24,Friday,0,0,0,summer,0,1
2022-06-25,2022,6,25,Saturday,1,0,0,summer,0,0
2022-06-26,2022,6,26,Sunday,1,0,0,summer,0,0
2022-06-27,2022,6,27,Monday,0,0,0,summer,0,1
2022-06-28,2022,6,28,Tuesday,0,0,0,summer,0,1
2022-06-29,2022,6,29,Wednesday,0,0,0,summer,0,1
2022-06-30,2022,6,30,Thursday,0,0,0,summer,0,1
2022-07-01,2022,7,1,Friday,0,0,1,summer,0,1
2022-07-02,2022,7,2,Saturday,1,0,1,summer,0,0
2022-07-03,2022,7,3,Sunday,1,0,1,summer,0,0
2022-07-04,2022,7,4,Monday,0,0,1,summer,0,1
2022-07-05,2022,7,5,Tuesday,0,1,1,summer,0,0
2022-07-06,2022,7,6,Wednesday,0,1,1,summer,0,0
2022-07-07,2022,7,7,Thursday,0,0,1,summer,0,1
2022-07-08,2022,7,8,Friday,0,0,1,summer,0,1
2022-07-09,2022,7,9,Saturday,1,0,1,summer,0,0
2022-07-10,2022,7,10,Sunday,1,0,1,summer,0,0
2022-07-11,2022,7,11,Monday,0,0,1,summer,0,1
2022-07-12,2022,7,12,Tuesday,0,0,1,summer,0,1
2022-07-13,2022,7,13,Wednesday,0,0,1,summer,0,1
2022-07-14,2022,7,14,Thursday,0,0,1,summer,0,1
2022-07-15,2022,7,15,Friday,0,0,1,summer,0,1
2022-07-16,2022,7,16,Saturday,1,0,1,summer,0,0
2022-07-17,2022,7,17,Sunday,1,0,1,summer,0,0
2022-07-18,2022,7,18,Monday,0,0,1,summer,0,1
2022-07-19,2022,7,19,Tuesday,0,0,1,summer,0,1
2022-07-20,2022,7,20,Wednesday,0,0,1,summer,0,1
2022-07-21,2022,7,21,Thursday,0,0,1,summer,0,1
2022-07-22,2022,7,22,Friday,0,0,1,summer,0,1
2022-07-23,2022,7,23,Saturday,1,0,1,summer,0,0
2022-07-24,2022,7,24,Sunday,1,0,1,summer,0,0
2022-07-25,2022,7,25,Monday,0,0,1,summer,0,1
2022-07-26,2022,7,26,Tuesday,0,0,1,summer,0,1
2022-07-27,2022,7,27,Wednesday,0,0,1,summer,0,1
2022-07-28,2022,7,28,Thursday,0,0,1,summer,0,1
2022-07-29,2022,7,29,Friday,0,0,1,summer,0,1
2022-07-30,2022,7,30,Saturday,1,0,1,summer,0,0
2022-07-31,2022,7,31,Sunday,1,0,1,summer,0,0
2022-08-01,2022,8,1,Monday,0,0,1,summer,0,1
2022-08-02,2022,8,2,Tuesday,0,0,1,summer,0,1
2022-08-03,2022,8,3,Wednesday,0,0,1,summer,0,1
2022-08-04,2022,8,4,Thursday,0,0,1,summer,0,1
2022-08-05,2022,8,5,Friday,0,0,1,summer,0,1
2022-08-06,2022,8,6,Saturday,1,0,1,summer,0,0
2022-08-07,2022,8,7,Sunday,1,0,1,summer,0,0
2022-08-08,2022,8,8,Monday,0,0,1,summer,0,1
2022-08-09,2022,8,9,Tuesday,0,0,1,summer,0,1
2022-08-10,2022,8,10,Wednesday,0,0,1,summer,0,1
2022-08-11,2022,8,11,Thursday,0,0,1,summer,0,1
2022-08-12,2022,8,12,Friday,0,0,1,summer,0,1
2022-08-13,2022,8,13,Saturday,1,0,1,summer,0,0
2022-08-14,2022,8,14,Sunday,1,0,1,summer,0,0
2022-08-15,2022,8,15,Monday,0,0,1,summer,0,1
2022-08-16,2022,8,16,Tuesday,0,0,1,summer,0,1
2022-08-17,2022,8,17,Wednesday,0,0,1,summer,0,1
2022-08-18,2022,8,18,Thursday,0,0,1,summer,0,1
2022-08-19,2022,8,19,Friday,0,0,1,summer,0,1
2022-08-20,2022,8,20,Saturday,1,0,1,summer,0,0
2022-08-21,2022,8,21,Sunday,1,0,1,summer,0,0
2022-08-22,2022,8,22,Monday,0,0,1,summer,0,1
2022-08-23,2022,8,23,Tuesday,0,0,1,summer,0,1
2022-08-24,2022,8,24,Wednesday,0,0,1,summer,0,1
2022-08-25,2022,8,25,Thursday,0,0,1,summer,0,1
2022-08-26,2022,8,26,Friday,0,0,1,summer,0,1
2022-08-27,2022,8,27,Saturday,1,0,1,summer,0,0
2022-08-28,2022,8,28,Sunday,1,0,1,summer,0,0
2022-08-29,2022,8,29,Monday,0,0,1,summer,0,1
2022-08-30,2022,8,30,Tuesday,0,0,1,summer,0,1
2022-08-31,2022,8,31,Wednesday,0,0,1,summer,0,1
2022-09-01,2022,9,1,Thursday,0,0,0,autumn,0,1
2022-09-02,2022,9,2,Friday,0,0,0,autumn,0,1
2022-09-03,2022,9,3,Saturday,1,0,0,autumn,0,0
2022-09-04,2022,9,4,Sunday,1,0,0,autumn,0,0
2022-09-05,2022,9,5,Monday,0,0,0,autumn,0,1
2022-09-06,2022,9,6,Tuesday,0,0,0,autumn,0,1
2022-09-07,2022,9,7,Wednesday,0,0,0,autumn,0,1
2022-09-08,2022,9,8,Thursday,0,0,0,autumn,0,1
2022-09-09,2022,9,9,Friday,0,0,0,autumn,0,1
2022-09-10,2022,9,10,Saturday,1,0,0,autumn,0,0
2022-09-11,2022,9,11,Sunday,1,0,0,autumn,0,0
2022-09-12,2022,9,12,Monday,0,0,0,autumn,0,1
2022-09-13,2022,9,13,Tuesday,0,0,0,autumn,0,1
2022-09-14,2022,9,14,Wednesday,0,0,0,autumn,0,1
2022-09-15,2022,9,15,Thursday,0,0,0,autumn,0,1
2022-09-16,2022,9,16,Friday,0,0,0,autumn,0,1
2022-09-17,2022,9,17,Saturday,1,0,0,autumn,0,0
2022-09-18,2022,9,18,Sunday,1,0,0,autumn,0,0
2022-09-19,2022,9,19,Monday,0,0,0,autumn,0,1
2022-09-20,2022,9,20,Tuesday,0,0,0,autumn,0,1
2022-09-21,2022,9,21,Wednesday,0,0,0,autumn,0,1
2022-09-22,2022,9,22,Thursday,0,0,0,autumn,0,1
2022-09-23,2022,9,23,Friday,0,0,0,autumn,0,1
2022-09-24,2022,9,24,Saturday,1,0,0,autumn,0,0
2022-09-25,2022,9,25,Sunday,1,0,0,autumn,0,0
2022-09-26,2022,9,26,Monday,0,0,0,autumn,0,1
2022-09-27,2022,9,27,Tuesday,0,0,0,autumn,0,1
2022-09-28,2022,9,28,Wednesday,0,1,0,autumn,0,0
2022-09-29,2022,9,29,Thursday,0,0,0,autumn,0,1
2022-09-30,2022,9,30,Friday,0,0,0,autumn,0,1
2022-10-01,2022,10,1,Saturday,1,0,0,autumn,0,0
2022-10-02,2022,10,2,Sunday,1,0,0,autumn,0,0
2022-10-03,2022,10,3,Monday,0,0,0,autumn,0,1
2022-10-04,2022,10,4,Tuesday,0,0,0,autumn,0,1
2022-10-05,2022,10,5,Wednesday,0,0,0,autumn,0,1
2022-10-06,2022,10,6,Thursday,0,0,0,autumn,0,1
2022-10-07,2022,10,7,Friday,0,0,0,autumn,0,1
2022-10-08,2022,10,8,Saturday,1,0,0,autumn,0,0
2022-10-09,2022,10,9,Sunday,1,0,0,autumn,0,0
2022-10-10,2022,10,10,Monday,0,0,0,autumn,0,1
2022-10-11,2022,10,11,Tuesday,0,0,0,autumn,0,1
2022-10-12,2022,10,12,Wednesday,0,0,0,autumn,0,1
2022-10-13,2022,10,13,Thursday,0,0,0,autumn,0,1
2022-10-14,2022,10,14,Friday,0,0,0,autumn,0,1
2022-10-15,2022,10,15,Saturday,1,0,0,autumn,0,0
2022-10-16,2022,10,16,Sunday,1,0,0,autumn,0,0
2022-10-17,2022,10,17,Monday,0,0,0,autumn,0,1
2022-10-18,2022,10,18,Tuesday,0,0,0,autumn,0,1
2022-10-19,2022,10,19,Wednesday,0,0,0,autumn,0,1
2022-10-20,2022,10,20,Thursday,0,0,0,autumn,0,1
2022-10-21,2022,10,21,Friday,0,0,0,autumn,0,1
2022-10-22,2022,10,22,Saturday,1,0,0,autumn,0,0
2022-10-23,2022,10,23,Sunday,1,0,0,autumn,0,0
2022-10-24,2022,10,24,Monday,0,0,0,autumn,0,1
2022-10-25,2022,10,25,Tuesday,0,0,0,autumn,0,1
2022-10-26,2022,10,26,Wednesday,0,0,1,autumn,0,1
2022-10-27,2022,10,27,Thursday,0,0,1,autumn,0,1
2022-10-28,2022,10,28,Friday,0,1,0,autumn,0,0
2022-10-29,2022,10,29,Saturday,1,0,0,autumn,0,0
2022-10-30,2022,10,30,Sunday,1,0,0,autumn,0,0
2022-10-31,2022,10,31,Monday,0,0,0,autumn,0,1
2022-11-01,2022,11,1,Tuesday,0,0,0,autumn,0,1
2022-11-02,2022,11,2,Wednesday,0,0,0,autumn,0,1
2022-11-03,2022,11,3,Thursday,0,0,0,autumn,0,1
2022-11-04,2022,11,4,Friday,0,0,0,autumn,0,1
2022-11-05,2022,11,5,Saturday,1,0,0,autumn,0,0
2022-11-06,2022,11,6,Sunday,1,0,0,autumn,0,0
2022-11-07,2022,11,7,Monday,0,0,0,autumn,0,1
2022-11-08,2022,11,8,Tuesday,0,0,0,autumn,0,1
2022-11-09,2022,11,9,Wednesday,0,0,0,autumn,0,1
2022-11-10,2022,11,10,Thursday,0,0,0,autumn,0,1
2022-11-11,2022,11,11,Friday,0,0,0,autumn,0,1
2022-11-12,2022,11,12,Saturday,1,0,0,autumn,0,0
2022-11-13,2022,11,13,Sunday,1,0,0,autumn,0,0
2022-11-14,2022,11,14,Monday,0,0,0,autumn,0,1
2022-11-15,2022,11,15,Tuesday,0,0,0,autumn,0,1
2022-11-16,2022,11,16,Wednesday,0,0,0,autumn,0,1
2022-11-17,2022,11,17,Thursday,0,1,0,autumn,0,0
2022-11-18,2022,11,18,Friday,0,0,0,autumn,0,1
2022-11-19,2022,11,19,Saturday,1,0,0,autumn,0,0
2022-11-20,2022,11,20,Sunday,1,0,0,autumn,0,0
2022-11-21,2022,11,21,Monday,0,0,0,autumn,0,1
2022-11-22,2022,11,22,Tuesday,0,0,0,autumn,0,1
2022-11-23,2022,11,23,Wednesday,0,0,0,autumn,0,1
2022-11-24,2022,11,24,Thursday,0,0,0,autumn,0,1
2022-11-25,2022,11,25,Friday,0,0,0,autumn,0,1
2022-11-26,2022,11,26,Saturday,1,0,0,autumn,0,0
2022-11-27,2022,11,27,Sunday,1,0,0,autumn,0,0
2022-11-28,2022,11,28,Monday,0,0,0,autumn,0,1
2022-11-29,2022,11,29,Tuesday,0,0,0,autumn,0,1
2022-11-30,2022,11,30,Wednesday,0,0,0,autumn,0,1
2022-12-01,2022,12,1,Thursday,0,0,0,winter,0,1
2022-12-02,2022,12,2,Friday,0,0,0,winter,0,1
2022-12-03,2022,12,3,Saturday,1,0,0,winter,0,0
2022-12-04,2022,12,4,Sunday,1,0,0,winter,0,0
2022-12-05,2022,12,5,Monday,0,0,0,winter,0,1
2022-12-06,2022,12,6,Tuesday,0,0,0,winter,0,1
2022-12-07,2022,12,7,Wednesday,0,0,0,winter,0,1
2022-12-08,2022,12,8,Thursday,0,0,0,winter,0,1
2022-12-09,2022,12,9,Friday,0,0,0,winter,0,1
2022-12-10,2022,12,10,Saturday,1,0,0,winter,0,0
2022-12-11,2022,12,11,Sunday,1,0,0,winter,0,0
2022-12-12,2022,12,12,Monday,0,0,0,winter,0,1
2022-12-13,2022,12,13,Tuesday,0,0,0,winter,0,1
2022-12-14,2022,12,14,Wednesday,0,0,0,winter,0,1
2022-12-15,2022,12,15,Thursday,0,0,0,winter,0,1
2022-12-16,2022,12,16,Friday,0,0,0,winter,0,1
2022-12-17,2022,12,17,Saturday,1,0,0,winter,0,0
2022-12-18,2022,12,18,Sunday,1,0,0,winter,0,0
2022-12-19,2022,12,19,Monday,0,0,0,winter,0,1
2022-12-20,2022,12,20,Tuesday,0,0,0,winter,0,1
2022-12-21,2022,12,21,Wednesday,0,0,0,winter,0,1
2022-12-22,2022,12,22,Thursday,0,0,0,winter,0,1
2022-12-23,2022,12,23,Friday,0,0,1,winter,0,1
2022-12-24,2022,12,24,Saturday,1,1,1,winter,0,0
2022-12-25,2022,12,25,Sunday,1,1,1,winter,0,0
2022-12-26,2022,12,26,Monday,0,1,1,winter,0,0
2022-12-27,2022,12,27,Tuesday,0,0,1,winter,0,1
2022-12-28,2022,12,28,Wednesday,0,0,1,winter,0,1
2022-12-29,2022,12,29,Thursday,0,0,1,winter,0,1
2022-12-30,2022,12,30,Friday,0,0,1,winter,0,1
2022-12-31,2022,12,31,Saturday,1,0,1,winter,0,0
2023-01-01,2023,1,1,Sunday,1,1,1,winter,0,0
2023-01-02,2023,1,2,Monday,0,0,1,winter,0,1
2023-01-03,2023,1,3,Tuesday,0,0,0,winter,0,1
2023-01-04,2023,1,4,Wednesday,0,0,0,winter,0,1
2023-01-05,2023,1,5,Thursday,0,0,0,winter,0,1
2023-01-06,2023,1,6,Friday,0,0,0,winter,0,1
2023-01-07,2023,1,7,Saturday,1,0,0,winter,0,0
2023-01-08,2023,1,8,Sunday,1,0,0,winter,0,0
2023-01-09,2023,1,9,Monday,0,0,0,winter,0,1
2023-01-10,2023,1,10,Tuesday,0,0,0,winter,0,1
2023-01-11,2023,1,11,Wednesday,0,0,0,winter,0,1
2023-01-12,2023,1,12,Thursday,0,0,0,winter,0,1
2023-01-13,2023,1,13,Friday,0,0,0,winter,0,1
2023-01-14,2023,1,14,Saturday,1,0,0,winter,0,0
2023-01-15,2023,1,15,Sunday,1,0,0,winter,0,0
2023-01-16,2023,1,16,Monday,0,0,0,winter,0,1
2023-01-17,2023,1,17,Tuesday,0,0,0,winter,0,1
2023-01-18,2023,1,18,Wednesday,0,0,0,winter,0,1
2023-01-19,2023,1,19,Thursday,0,0,0,winter,0,1
2023-01-20,2023,1,20,Friday,0,0,0,winter,0,1
2023-01-21,2023,1,21,Saturday,1,0,0,winter,0,0
2023-01-22,2023,1,22,Sunday,1,0,0,winter,0,0
2023-01-23,2023,1,23,Monday,0,0,0,winter,0,1
2023-01-24,2023,1,24,Tuesday,0,0,0,winter,0,1
2023-01-25,2023,1,25,Wednesday,0,0,0,winter,0,1
2023-01-26,2023,1,26,Thursday,0,0,0,winter,0,1
2023-01-27,2023,1,27,Friday,0,0,0,winter,0,1
2023-01-28,2023,1,28,Saturday,1,0,0,winter,0,0
2023-01-29,2023,1,29,Sunday,1,0,0,winter,0,0
2023-01-30,2023,1,30,Monday,0,0,0,winter,0,1
2023-01-31,2023,1,31,Tuesday,0,0,0,winter,0,1
2023-02-01,2023,2,1,Wednesday,0,0,0,winter,0,1
2023-02-02,2023,2,2,Thursday,0,0,0,winter,0,1
2023-02-03,2023,2,3,Friday,0,0,0,winter,0,1
2023-02-04,2023,2,4,Saturday,1,0,0,winter,0,0
2023-02-05,2023,2,5,Sunday,1,0,0,winter,0,0
2023-02-06,2023,2,6,Monday,0,0,1,winter,0,1
2023-02-07,2023,2,7,Tuesday,0,0,1,winter,0,1
2023-02-08,2023,2,8,Wednesday,0,0,1,winter,0,1
2023-02-09,2023,2,9,Thursday,0,0,1,winter,0,1
2023-02-10,2023,2,10,Friday,0,0,1,winter,0,1
2023-02-11,2023,2,11,Saturday,1,0,1,winter,0,0
2023-02-12,2023,2,12,Sunday,1,0,1,winter,0,0
2023-02-13,2023,2,13,Monday,0,0,1,winter,0,1
2023-02-14,2023,2,14,Tuesday,0,0,1,winter,0,1
2023-02-15,2023,2,15,Wednesday,0,0,1,winter,0,1
2023-02-16,2023,2,16,Thursday,0,0,1,winter,0,1
2023-02-17,2023,2,17,Friday,0,0,1,winter,0,1
2023-02-18,2023,2,18,Saturday,1,0,1,winter,0,0
2023-02-19,2023,2,19,Sunday,1,0,1,winter,0,0
2023-02-20,2023,2,20,Monday,0,0,0,winter,0,1
2023-02-21,2023,2,21,Tuesday,0,0,0,winter,0,1
2023-02-22,2023,2,22,Wednesday,0,0,0,winter,0,1
2023-02-23,2023,2,23,Thursday,0,0,0,winter,0,1
2023-02-24,2023,2,24,Friday,0,0,0,winter,0,1
2023-02-25,2023,2,25,Saturday,1,0,0,winter,0,0
2023-02-26,2023,2,26,Sunday,1,0,0,winter,0,0
2023-02-27,2023,2,27,Monday,0,0,0,winter,0,1
2023-02-28,2023,2,28,Tuesday,0,0,0,winter,0,1
2023-03-01,2023,3,1,Wednesday,0,0,0,spring,0,1
2023-03-02,2023,3,2,Thursday,0,0,0,spring,0,1
2023-03-03,2023,3,3,Friday,0,0,0,spring,0,1
2023-03-04,2023,3,4,Saturday,1,0,0,spring,0,0
2023-03-05,2023,3,5,Sunday,1,0,0,spring,0,0
2023-03-06,2023,3,6,Monday,0,0,0,spring,0,1
2023-03-07,2023,3,7,Tuesday,0,0,0,spring,0,1
2023-03-08,2023,3,8,Wednesday,0,0,0,spring,0,1
2023-03-09,2023,3,9,Thursday,0,0,0,spring,0,1
2023-03-10,2023,3,10,Friday,0,0,0,spring,0,1
2023-03-11,2023,3,11,Saturday,1,0,0,spring,0,0
2023-03-12,2023,3,12,Sunday,1,0,0,spring,0,0
2023-03-13,2023,3,13,Monday,0,0,0,spring,0,1
2023-03-14,2023,3,14,Tuesday,0,0,0,spring,0,1
2023-03-15,2023,3,15,Wednesday,0,0,0,spring,0,1
2023-03-16,2023,3,16,Thursday,0,0,0,spring,0,1
2023-03-17,2023,3,17,Friday,0,0,0,spring,0,1
2023-03-18,2023,3,18,Saturday,1,0,0,spring,0,0
2023-03-19,2023,3,19,Sunday,1,0,0,spring,0,0
2023-03-20,2023,3,20,Monday,0,0,0,spring,0,1
2023-03-21,2023,3,21,Tuesday,0,0,0,spring,0,1
2023-03-22,2023,3,22,Wednesday,0,0,0,spring,0,1
2023-03-23,2023,3,23,Thursday,0,0,0,spring,0,1
2023-03-24,2023,3,24,Friday,0,0,0,spring,0,1
2023-03-25,2023,3,25,Saturday,1,0,0,spring,0,0
2023-03-26,2023,3,26,Sunday,1,0,0,spring,0,0
2023-03-27,2023,3,27,Monday,0,0,0,spring,0,1
2023-03-28,2023,3,28,Tuesday,0,0,0,spring,0,1
2023-03-29,2023,3,29,Wednesday,0,0,0,spring,0,1
2023-03-30,2023,3,30,Thursday,0,0,0,spring,0,1
2023-03-31,2023,3,31,Friday,0,0,0,spring,0,1
2023-04-01,2023,4,1,Saturday,1,0,0,spring,0,0
2023-04-02,2023,4,2,Sunday,1,0,0,spring,0,0
2023-04-03,2023,4,3,Monday,0,0,0,spring,0,1
2023-04-04,2023,4,4,Tuesday,0,0,0,spring,0,1
2023-04-05,2023,4,5,Wednesday,0,0,0,spring,0,1
2023-04-06,2023,4,6,Thursday,0,0,1,spring,0,1
2023-04-07,2023,4,7,Friday,0,1,0,spring,0,0
2023-04-08,2023,4,8,Saturday,1,0,0,spring,0,0
2023-04-09,2023,4,9,Sunday,1,0,0,spring,0,0
2023-04-10,2023,4,10,Monday,0,1,0,spring,0,0
2023-04-11,2023,4,11,Tuesday,0,0,0,spring,0,1
2023-04-12,2023,4,12,Wednesday,0,0,0,spring,0,1
2023-04-13,2023,4,13,Thursday,0,0,0,spring,0,1
2023-04-14,2023,4,14,Friday,0,0,0,spring,0,1
2023-04-15,2023,4,15,Saturday,1,0,0,spring,0,0
2023-04-16,2023,4,16,Sunday,1,0,0,spring,0,0
2023-04-17,2023,4,17,Monday,0,0,0,spring,0,1
2023-04-18,2023,4,18,Tuesday,0,0,0,spring,0,1
2023-04-19,2023,4,19,Wednesday,0,0,0,spring,0,1
2023-04-20,2023,4,20,Thursday,0,0,0,spring,0,1
2023-04-21,2023,4,21,Friday,0,0,0,spring,0,1
2023-04-22,2023,4,22,Saturday,1,0,0,spring,0,0
2023-04-23,2023,4,23,Sunday,1,0,0,spring,0,0
2023-04-24,2023,4,24,Monday,0,0,0,spring,0,1
2023-04-25,2023,4,25,Tuesday,0,0,0,spring,0,1
2023-04-26,2023,4,26,Wednesday,0,0,0,spring,0,1
2023-04-27,2023,4,27,Thursday,0,0,0,spring,0,1
2023-04-28,2023,4,28,Friday,0,0,0,spring,0,1
2023-04-29,2023,4,29,Saturday,1,0,0,spring,0,0
2023-04-30,2023,4,30,Sunday,1,0,0,spring,0,0
2023-05-01,2023,5,1,Monday,0,1,0,spring,0,0
2023-05-02,2023,5,2,Tuesday,0,0,0,spring,0,1
2023-05-03,2023,5,3,Wednesday,0,0,0,spring,0,1
2023-05-04,2023,5,4,Thursday,0,0,0,spring,0,1
2023-05-05,2023,5,5,Friday,0,0,0,spring,0,1
2023-05-06,2023,5,6,Saturday,1,0,0,spring,0,0
2023-05-07,2023,5,7,Sunday,1,0,0,spring,0,0
2023-05-08,2023,5,8,Monday,0,1,0,spring,0,0
2023-05-09,2023,5,9,Tuesday,0,0,0,spring,0,1
2023-05-10,2023,5,10,Wednesday,0,0,0,spring,0,1
2023-05-11,2023,5,11,Thursday,0,0,0,spring,0,1
2023-05-12,2023,5,12,Friday,0,0,0,spring,0,1
2023-05-13,2023,5,13,Saturday,1,0,0,spring,0,0
2023-05-14,2023,5,14,Sunday,1,0,0,spring,0,0
2023-05-15,2023,5,15,Monday,0,0,0,spring,0,1
2023-05-16,2023,5,16,Tuesday,0,0,0,spring,0,1
2023-05-17,2023,5,17,Wednesday,0,0,0,spring,0,1
2023-05-18,2023,5,18,Thursday,0,0,0,spring,0,1
2023-05-19,2023,5,19,Friday,0,0,0,spring,0,1
2023-05-20,2023,5,20,Saturday,1,0,0,spring,0,0
2023-05-21,2023,5,21,Sunday,1,0,0,spring,0,0
2023-05-22,2023,5,22,Monday,0,0,0,spring,0,1
2023-05-23,2023,5,23,Tuesday,0,0,0,spring,0,1
2023-05-24,2023,5,24,Wednesday,0,0,0,spring,0,1
2023-05-25,2023,5,25,Thursday,0,0,0,spring,0,1
2023-05-26,2023,5,26,Friday,0,0,0,spring,0,1
2023-05-27,2023,5,27,Saturday,1,0,0,spring,0,0
2023-05-28,2023,5,28,Sunday,1,0,0,spring,0,0
2023-05-29,2023,5,29,Monday,0,0,0,spring,0,1
2023-05-30,2023,5,30,Tuesday,0,0,0,spring,0,1
2023-05-31,2023,5,31,Wednesday,0,0,0,spring,0,1
2023-06-01,2023,6,1,Thursday,0,0,0,summer,0,1
2023-06-02,2023,6,2,Friday,0,0,0,summer,0,1
2023-06-03,2023,6,3,Saturday,1,0,0,summer,0,0
2023-06-04,2023,6,4,Sunday,1,0,0,summer,0,0
2023-06-05,2023,6,5,Monday,0,0,0,summer,0,1
2023-06-06,2023,6,6,Tuesday,0,0,0,summer,0,1
2023-06-07,2023,6,7,Wednesday,0,0,0,summer,0,1
2023-06-08,2023,6,8,Thursday,0,0,0,summer,0,1
2023-06-09,2023,6,9,Friday,0,0,0,summer,0,1
2023-06-10,2023,6,10,Saturday,1,0,0,summer,0,0
2023-06-11,2023,6,11,Sunday,1,0,0,summer,0,0
2023-06-12,2023,6,12,Monday,0,0,0,summer,0,1
2023-06-13,2023,6,13,Tuesday,0,0,0,summer,0,1
2023-06-14,2023,6,14,Wednesday,0,0,0,summer,0,1
2023-06-15,2023,6,15,Thursday,0,0,0,summer,0,1
2023-06-16,2023,6,16,Friday,0,0,0,summer,0,1
2023-06-17,2023,6,17,Saturday,1,0,0,summer,0,0
2023-06-18,2023,6,18,Sunday,1,0,0,summer,0,0
2023-06-19,2023,6,19,Monday,0,0,0,summer,0,1
2023-06-20,2023,6,20,Tuesday,0,0,0,summer,0,1
2023-06-21,2023,6,21,Wednesday,0,0,0,summer,0,1
2023-06-22,2023,6,22,Thursday,0,0,0,summer,0,1
2023-06-23,2023,6,23,Friday,0,0,0,summer,0,1
2023-06-24,2023,6,24,Saturday,1,0,0,summer,0,0
2023-06-25,2023,6,25,Sunday,1,0,0,summer,0,0
2023-06-26,2023,6,26,Monday,0,0,0,summer,0,1
2023-06-27,2023,6,27,Tuesday,0,0,0,summer,0,1
2023-06-28,2023,6,28,Wednesday,0,0,0,summer,0,1
2023-06-29,2023,6,29,Thursday,0,0,0,summer,0,1
2023-06-30,2023,6,30,Friday,0,0,0,summer,0,1
2023-07-01,2023,7,1,Saturday,1,0,1,summer,0,0
2023-07-02,2023,7,2,Sunday,1,0,1,summer,0,0
2023-07-03,2023,7,3,Monday,0,0,1,summer,0,1
2023-07-04,2023,7,4,Tuesday,0,0,1,summer,0,1
2023-07-05,2023,7,5,Wednesday,0,1,1,summer,0,0
2023-07-06,2023,7,6,Thursday,0,1,1,summer,0,0
2023-07-07,2023,7,7,Friday,0,0,1,summer,0,1
2023-07-08,2023,7,8,Saturday,1,0,1,summer,0,0
2023-07-09,2023,7,9,Sunday,1,0,1,summer,0,0
2023-07-10,2023,7,10,Monday,0,0,1,summer,0,1
2023-07-11,2023,7,11,Tuesday,0,0,1,summer,0,1
2023-07-12,2023,7,12,Wednesday,0,0,1,summer,0,1
2023-07-13,2023,7,13,Thursday,0,0,1,summer,0,1
2023-07-14,2023,7,14,Friday,0,0,1,summer,0,1
2023-07-15,2023,7,15,Saturday,1,0,1,summer,0,0
2023-07-16,2023,7,16,Sunday,1,0,1,summer,0,0
2023-07-17,2023,7,17,Monday,0,0,1,summer,0,1
2023-07-18,2023,7,18,Tuesday,0,0,1,summer,0,1
2023-07-19,2023,7,19,Wednesday,0,0,1,summer,0,1
2023-07-20,2023,7,20,Thursday,0,0,1,summer,0,1
2023-07-21,2023,7,21,Friday,0,0,1,summer,0,1
2023-07-22,2023,7,22,Saturday,1,0,1,summer,0,0
2023-07-23,2023,7,23,Sunday,1,0,1,summer,0,0
2023-07-24,2023,7,24,Monday,0,0,1,summer,0,1
2023-07-25,2023,7,25,Tuesday,0,0,1,summer,0,1
2023-07-26,2023,7,26,Wednesday,0,0,1,summer,0,1
2023-07-27,2023,7,27,Thursday,0,0,1,summer,0,1
2023-07-28,2023,7,28,Friday,0,0,1,summer,0,1
2023-07-29,2023,7,29,Saturday,1,0,1,summer,0,0
2023-07-30,2023,7,30,Sunday,1,0,1,summer,0,0
2023-07-31,2023,7,31,Monday,0,0,1,summer,0,1
2023-08-01,2023,8,1,Tuesday,0,0,1,summer,0,1
2023-08-02,2023,8,2,Wednesday,0,0,1,summer,0,1
2023-08-03,2023,8,3,Thursday,0,0,1,summer,0,1
2023-08-04,2023,8,4,Friday,0,0,1,summer,0,1
2023-08-05,2023,8,5,Saturday,1,0,1,summer,0,0
2023-08-06,2023,8,6,Sunday,1,0,1,summer,0,0
2023-08-07,2023,8,7,Monday,0,0,1,summer,0,1
2023-08-08,2023,8,8,Tuesday,0,0,1,summer,0,1
2023-08-09,2023,8,9,Wednesday,0,0,1,summer,0,1
2023-08-10,2023,8,10,Thursday,0,0,1,summer,0,1
2023-08-11,2023,8,11,Friday,0,0,1,summer,0,1
2023-08-12,2023,8,12,Saturday,1,0,1,summer,0,0
2023-08-13,2023,8,13,Sunday,1,0,1,summer,0,0
2023-08-14,2023,8,14,Monday,0,0,1,summer,0,1
2023-08-15,2023,8,15,Tuesday,0,0,1,summer,0,1
2023-08-16,2023,8,16,Wednesday,0,0,1,summer,0,1
2023-08-17,2023,8,17,Thursday,0,0,1,summer,0,1
2023-08-18,2023,8,18,Friday,0,0,1,summer,0,1
2023-08-19,2023,8,19,Saturday,1,0,1,summer,0,0
2023-08-20,2023,8,20,Sunday,1,0,1,summer,0,0
2023-08-21,2023,8,21,Monday,0,0,1,summer,0,1
2023-08-22,2023,8,22,Tuesday,0,0,1,summer,0,1
2023-08-23,2023,8,23,Wednesday,0,0,1,summer,0,1
2023-08-24,2023,8,24,Thursday,0,0,1,summer,0,1
2023-08-25,2023,8,25,Friday,0,0,1,summer,0,1
2023-08-26,2023,8,26,Saturday,1,0,1,summer,0,0
2023-08-27,2023,8,27,Sunday,1,0,1,summer,0,0
2023-08-28,2023,8,28,Monday,0,0,1,summer,0,1
2023-08-29,2023,8,29,Tuesday,0,0,1,summer,0,1
2023-08-30,2023,8,30,Wednesday,0,0,1,summer,0,1
2023-08-31,2023,8,31,Thursday,0,0,1,summer,0,1
2023-09-01,2023,9,1,Friday,0,0,0,autumn,0,1
2023-09-02,2023,9,2,Saturday,1,0,0,autumn,0,0
2023-09-03,2023,9,3,Sunday,1,0,0,autumn,0,0
2023-09-04,2023,9,4,Monday,0,0,0,autumn,0,1
2023-09-05,2023,9,5,Tuesday,0,0,0,autumn,0,1
2023-09-06,2023,9,6,Wednesday,0,0,0,autumn,0,1
2023-09-07,2023,9,7,Thursday,0,0,0,autumn,0,1
2023-09-08,2023,9,8,Friday,0,0,0,autumn,0,1
2023-09-09,2023,9,9,Saturday,1,0,0,autumn,0,0
2023-09-10,2023,9,10,Sunday,1,0,0,autumn,0,0
2023-09-11,2023,9,11,Monday,0,0,0,autumn,0,1
2023-09-12,2023,9,12,Tuesday,0,0,0,autumn,0,1
2023-09-13,2023,9,13,Wednesday,0,0,0,autumn,0,1
2023-09-14,2023,9,14,Thursday,0,0,0,autumn,0,1
2023-09-15,2023,9,15,Friday,0,0,0,autumn,0,1
2023-09-16,2023,9,16,Saturday,1,0,0,autumn,0,0
2023-09-17,2023,9,17,Sunday,1,0,0,autumn,0,0
2023-09-18,2023,9,18,Monday,0,0,0,autumn,0,1
2023-09-19,2023,9,19,Tuesday,0,0,0,autumn,0,1
2023-09-20,2023,9,20,Wednesday,0,0,0,autumn,0,1
2023-09-21,2023,9,21,Thursday,0,0,0,autumn,0,1
2023-09-22,2023,9,22,Friday,0,0,0,autumn,0,1
2023-09-23,2023,9,23,Saturday,1,0,0,autumn,0,0
2023-09-24,2023,9,24,Sunday,1,0,0,autumn,0,0
2023-09-25,2023,9,25,Monday,0,0,0,autumn,0,1
2023-09-26,2023,9,26,Tuesday,0,0,0,autumn,0,1
2023-09-27,2023,9,27,Wednesday,0,0,0,autumn,0,1
2023-09-28,2023,9,28,Thursday,0,1,0,autumn,0,0
2023-09-29,2023,9,29,Friday,0,0,0,autumn,0,1
2023-09-30,2023,9,30,Saturday,1,0,0,autumn,0,0
2023-10-01,2023,10,1,Sunday,1,0,0,autumn,0,0
2023-10-02,2023,10,2,Monday,0,0,0,autumn,0,1
2023-10-03,2023,10,3,Tuesday,0,0,0,autumn,0,1
2023-10-04,2023,10,4,Wednesday,0,0,0,autumn,0,1
2023-10-05,2023,10,5,Thursday,0,0,0,autumn,0,1
2023-10-06,2023,10,6,Friday,0,0,0,autumn,0,1
2023-10-07,2023,10,7,Saturday,1,0,0,autumn,0,0
2023-10-08,2023,10,8,Sunday,1,0,0,autumn,0,0
2023-10-09,2023,10,9,Monday,0,0,0,autumn,0,1
2023-10-10,2023,10,10,Tuesday,0,0,0,autumn,0,1
2023-10-11,2023,10,11,Wednesday,0,0,0,autumn,0,1
2023-10-12,2023,10,12,Thursday,0,0,0,autumn,0,1
2023-10-13,2023,10,13,Friday,0,0,0,autumn,0,1
2023-10-14,2023,10,14,Saturday,1,0,0,autumn,0,0
2023-10-15,2023,10,15,Sunday,1,0,0,autumn,0,0
2023-10-16,2023,10,16,Monday,0,0,0,autumn,0,1
2023-10-17,2023,10,17,Tuesday,0,0,0,autumn,0,1
2023-10-18,2023,10,18,Wednesday,0,0,0,autumn,0,1
2023-10-19,2023,10,19,Thursday,0,0,0,autumn,0,1
2023-10-20,2023,10,20,Friday,0,0,0,autumn,0,1
2023-10-21,2023,10,21,Saturday,1,0,0,autumn,0,0
2023-10-22,2023,10,22,Sunday,1,0,0,autumn,0,0
2023-10-23,2023,10,23,Monday,0,0,0,autumn,0,1
2023-10-24,2023,10,24,Tuesday,0,0,0,autumn,0,1
2023-10-25,2023,10,25,Wednesday,0,0,0,autumn,0,1
2023-10-26,2023,10,26,Thursday,0,0,1,autumn,0,1
2023-10-27,2023,10,27,Friday,0,0,1,autumn,0,1
2023-10-28,2023,10,28,Saturday,1,1,0,autumn,0,0
2023-10-29,2023,10,29,Sunday,1,0,0,autumn,0,0
2023-10-30,2023,10,30,Monday,0,0,0,autumn,0,1
2023-10-31,2023,10,31,Tuesday,0,0,0,autumn,0,1
2023-11-01,2023,11,1,Wednesday,0,0,0,autumn,0,1
2023-11-02,2023,11,2,Thursday,0,0,0,autumn,0,1
2023-11-03,2023,11,3,Friday,0,0,0,autumn,0,1
2023-11-04,2023,11,4,Saturday,1,0,0,autumn,0,0
2023-11-05,2023,11,5,Sunday,1,0,0,autumn,0,0
2023-11-06,2023,11,6,Monday,0,0,0,autumn,0,1
2023-11-07,2023,11,7,Tuesday,0,0,0,autumn,0,1
2023-11-08,2023,11,8,Wednesday,0,0,0,autumn,0,1
2023-11-09,2023,11,9,Thursday,0,0,0,autumn,0,1
2023-11-10,2023,11,10,Friday,0,0,0,autumn,0,1
2023-11-11,2023,11,11,Saturday,1,0,0,autumn,0,0
2023-11-12,2023,11,12,Sunday,1,0,0,autumn,0,0
2023-11-13,2023,11,13,Monday,0,0,0,autumn,0,1
2023-11-14,2023,11,14,Tuesday,0,0,0,autumn,0,1
2023-11-15,2023,11,15,Wednesday,0,0,0,autumn,0,1
2023-11-16,2023,11,16,Thursday,0,0,0,autumn,0,1
2023-11-17,2023,11,17,Friday,0,1,0,autumn,0,0
2023-11-18,2023,11,18,Saturday,1,0,0,autumn,0,0
2023-11-19,2023,11,19,Sunday,1,0,0,autumn,0,0
2023-11-20,2023,11,20,Monday,0,0,0,autumn,0,1
2023-11-21,2023,11,21,Tuesday,0,0,0,autumn,0,1
2023-11-22,2023,11,22,Wednesday,0,0,0,autumn,0,1
2023-11-23,2023,11,23,Thursday,0,0,0,autumn,0,1
2023-11-24,2023,11,24,Friday,0,0,0,autumn,0,1
2023-11-25,2023,11,25,Saturday,1,0,0,autumn,0,0
2023-11-26,2023,11,26,Sunday,1,0,0,autumn,0,0
2023-11-27,2023,11,27,Monday,0,0,0,autumn,0,1
2023-11-28,2023,11,28,Tuesday,0,0,0,autumn,0,1
2023-11-29,2023,11,29,Wednesday,0,0,0,autumn,0,1
2023-11-30,2023,11,30,Thursday,0,0,0,autumn,0,1
2023-12-01,2023,12,1,Friday,0,0,0,winter,0,1
2023-12-02,2023,12,2,Saturday,1,0,0,winter,0,0
2023-12-03,2023,12,3,Sunday,1,0,0,winter,0,0
2023-12-04,2023,12,4,Monday,0,0,0,winter,0,1
2023-12-05,2023,12,5,Tuesday,0,0,0,winter,0,1
2023-12-06,2023,12,6,Wednesday,0,0,0,winter,0,1
2023-12-07,2023,12,7,Thursday,0,0,0,winter,0,1
2023-12-08,2023,12,8,Friday,0,0,0,winter,0,1
2023-12-09,2023,12,9,Saturday,1,0,0,winter,0,0
2023-12-10,2023,12,10,Sunday,1,0,0,winter,0,0
2023-12-11,2023,12,11,Monday,0,0,0,winter,0,1
2023-12-12,2023,12,12,Tuesday,0,0,0,winter,0,1
2023-12-13,2023,12,13,Wednesday,0,0,0,winter,0,1
2023-12-14,2023,12,14,Thursday,0,0,0,winter,0,1
2023-12-15,2023,12,15,Friday,0,0,0,winter,0,1
2023-12-16,2023,12,16,Saturday,1,0,0,winter,0,0
2023-12-17,2023,12,17,Sunday,1,0,0,winter,0,0
2023-12-18,2023,12,18,Monday,0,0,0,winter,0,1
2023-12-19,2023,12,19,Tuesday,0,0,0,winter,0,1
2023-12-20,2023,12,20,Wednesday,0,0,0,winter,0,1
2023-12-21,2023,12,21,Thursday,0,0,0,winter,0,1
2023-12-22,2023,12,22,Friday,0,0,0,winter,0,1
2023-12-23,2023,12,23,Saturday,1,0,1,winter,0,0
2023-12-24,2023,12,24,Sunday,1,1,1,winter,0,0
2023-12-25,2023,12,25,Monday,0,1,1,winter,0,0
2023-12-26,2023,12,26,Tuesday,0,1,1,winter,0,0
2023-12-27,2023,12,27,Wednesday,0,0,1,winter,0,1
2023-12-28,2023,12,28,Thursday,0,0,1,winter,0,1
2023-12-29,2023,12,29,Friday,0,0,1,winter,0,1
2023-12-30,2023,12,30,Saturday,1,0,1,winter,0,0
2023-12-31,2023,12,31,Sunday,1,0,1,winter,0,0
2024-01-01,2024,1,1,Monday,0,1,1,winter,0,0
2024-01-02,2024,1,2,Tuesday,0,0,1,winter,0,1
2024-01-03,2024,1,3,Wednesday,0,0,0,winter,0,1
2024-01-04,2024,1,4,Thursday,0,0,0,winter,0,1
2024-01-05,2024,1,5,Friday,0,0,0,winter,0,1
2024-01-06,2024,1,6,Saturday,1,0,0,winter,0,0
2024-01-07,2024,1,7,Sunday,1,0,0,winter,0,0
2024-01-08,2024,1,8,Monday,0,0,0,winter,0,1
2024-01-09,2024,1,9,Tuesday,0,0,0,winter,0,1
2024-01-10,2024,1,10,Wednesday,0,0,0,winter,0,1
2024-01-11,2024,1,11,Thursday,0,0,0,winter,0,1
2024-01-12,2024,1,12,Friday,0,0,0,winter,0,1
2024-01-13,2024,1,13,Saturday,1,0,0,winter,0,0
2024-01-14,2024,1,14,Sunday,1,0,0,winter,0,0
2024-01-15,2024,1,15,Monday,0,0,0,winter,0,1
2024-01-16,2024,1,16,Tuesday,0,0,0,winter,0,1
2024-01-17,2024,1,17,Wednesday,0,0,0,winter,0,1
2024-01-18,2024,1,18,Thursday,0,0,0,winter,0,1
2024-01-19,2024,1,19,Friday,0,0,0,winter,0,1
2024-01-20,2024,1,20,Saturday,1,0,0,winter,0,0
2024-01-21,2024,1,21,Sunday,1,0,0,winter,0,0
2024-01-22,2024,1,22,Monday,0,0,0,winter,0,1
2024-01-23,2024,1,23,Tuesday,0,0,0,winter,0,1
2024-01-24,2024,1,24,Wednesday,0,0,0,winter,0,1
2024-01-25,2024,1,25,Thursday,0,0,0,winter,0,1
2024-01-26,2024,1,26,Friday,0,0,0,winter,0,1
2024-01-27,2024,1,27,Saturday,1,0,0,winter,0,0
2024-01-28,2024,1,28,Sunday,1,0,0,winter,0,0
2024-01-29,2024,1,29,Monday,0,0,0,winter,0,1
2024-01-30,2024,1,30,Tuesday,0,0,0,winter,0,1
2024-01-31,2024,1,31,Wednesday,0,0,0,winter,0,1
2024-02-01,2024,2,1,Thursday,0,0,0,winter,0,1
2024-02-02,2024,2,2,Friday,0,0,0,winter,0,1
2024-02-03,2024,2,3,Saturday,1,0,0,winter,0,0
2024-02-04,2024,2,4,Sunday,1,0,0,winter,0,0
2024-02-05,2024,2,5,Monday,0,0,1,winter,0,1
2024-02-06,2024,2,6,Tuesday,0,0,1,winter,0,1
2024-02-07,2024,2,7,Wednesday,0,0,1,winter,0,1
2024-02-08,2024,2,8,Thursday,0,0,1,winter,0,1
2024-02-09,2024,2,9,Friday,0,0,1,winter,0,1
2024-02-10,2024,2,10,Saturday,1,0,1,winter,0,0
2024-02-11,2024,2,11,Sunday,1,0,1,winter,0,0
2024-02-12,2024,2,12,Monday,0,0,1,winter,0,1
2024-02-13,2024,2,13,Tuesday,0,0,1,winter,0,1
2024-02-14,2024,2,14,Wednesday,0,0,1,winter,0,1
2024-02-15,2024,2,15,Thursday,0,0,1,winter,0,1
2024-02-16,2024,2,16,Friday,0,0,1,winter,0,1
2024-02-17,2024,2,17,Saturday,1,0,1,winter,0,0
2024-02-18,2024,2,18,Sunday,1,0,1,winter,0,0
2024-02-19,2024,2,19,Monday,0,0,0,winter,0,1
2024-02-20,2024,2,20,Tuesday,0,0,0,winter,0,1
2024-02-21,2024,2,21,Wednesday,0,0,0,winter,0,1
2024-02-22,2024,2,22,Thursday,0,0,0,winter,0,1
2024-02-23,2024,2,23,Friday,0,0,0,winter,0,1
2024-02-24,2024,2,24,Saturday,1,0,0,winter,0,0
2024-02-25,2024,2,25,Sunday,1,0,0,winter,0,0
2024-02-26,2024,2,26,Monday,0,0,0,winter,0,1
2024-02-27,2024,2,27,Tuesday,0,0,0,winter,0,1
2024-02-28,2024,2,28,Wednesday,0,0,0,winter,0,1
2024-02-29,2024,2,29,Thursday,0,0,0,winter,0,1
2024-03-01,2024,3,1,Friday,0,0,0,spring,0,1
2024-03-02,2024,3,2,Saturday,1,0,0,spring,0,0
2024-03-03,2024,3,3,Sunday,1,0,0,spring,0,0
2024-03-04,2024,3,4,Monday,0,0,0,spring,0,1
2024-03-05,2024,3,5,Tuesday,0,0,0,spring,0,1
2024-03-06,2024,3,6,Wednesday,0,0,0,spring,0,1
2024-03-07,2024,3,7,Thursday,0,0,0,spring,0,1
2024-03-08,2024,3,8,Friday,0,0,0,spring,0,1
2024-03-09,2024,3,9,Saturday,1,0,0,spring,0,0
2024-03-10,2024,3,10,Sunday,1,0,0,spring,0,0
2024-03-11,2024,3,11,Monday,0,0,0,spring,0,1
2024-03-12,2024,3,12,Tuesday,0,0,0,spring,0,1
2024-03-13,2024,3,13,Wednesday,0,0,0,spring,0,1
2024-03-14,2024,3,14,Thursday,0,0,0,spring,0,1
2024-03-15,2024,3,15,Friday,0,0,0,spring,0,1
2024-03-16,2024,3,16,Saturday,1,0,0,spring,0,0
2024-03-17,2024,3,17,Sunday,1,0,0,spring,0,0
2024-03-18,2024,3,18,Monday,0,0,0,spring,0,1
2024-03-19,2024,3,19,Tuesday,0,0,0,spring,0,1
2024-03-20,2024,3,20,Wednesday,0,0,0,spring,0,1
2024-03-21,2024,3,21,Thursday,0,0,0,spring,0,1
2024-03-22,2024,3,22,Friday,0,0,0,spring,0,1
2024-03-23,2024,3,23,Saturday,1,0,0,spring,0,0
2024-03-24,2024,3,24,Sunday,1,0,0,spring,0,0
2024-03-25,2024,3,25,Monday,0,0,0,spring,0,1
2024-03-26,2024,3,26,Tuesday,0,0,0,spring,0,1
2024-03-27,2024,3,27,Wednesday,0,0,0,spring,0,1
2024-03-28,2024,3,28,Thursday,0,0,1,spring,0,1
2024-03-29,2024,3,29,Friday,0,1,0,spring,0,0
2024-03-30,2024,3,30,Saturday,1,0,0,spring,0,0
2024-03-31,2024,3,31,Sunday,1,0,0,spring,0,0
2024-04-01,2024,4,1,Monday,0,1,0,spring,0,0
2024-04-02,2024,4,2,Tuesday,0,0,0,spring,0,1
2024-04-03,2024,4,3,Wednesday,0,0,0,spring,0,1
2024-04-04,2024,4,4,Thursday,0,0,0,spring,0,1
2024-04-05,2024,4,5,Friday,0,0,0,spring,0,1
2024-04-06,2024,4,6,Saturday,1,0,0,spring,0,0
2024-04-07,2024,4,7,Sunday,1,0,0,spring,0,0
2024-04-08,2024,4,8,Monday,0,0,0,spring,0,1
2024-04-09,2024,4,9,Tuesday,0,0,0,spring,0,1
2024-04-10,2024,4,10,Wednesday,0,0,0,spring,0,1
2024-04-11,2024,4,11,Thursday,0,0,0,spring,0,1
2024-04-12,2024,4,12,Friday,0,0,0,spring,0,1
2024-04-13,2024,4,13,Saturday,1,0,0,spring,0,0
2024-04-14,2024,4,14,Sunday,1,0,0,spring,0,0
2024-04-15,2024,4,15,Monday,0,0,0,spring,0,1
2024-04-16,2024,4,16,Tuesday,0,0,0,spring,0,1
2024-04-17,2024,4,17,Wednesday,0,0,0,spring,0,1
2024-04-18,2024,4,18,Thursday,0,0,0,spring,0,1
2024-04-19,2024,4,19,Friday,0,0,0,spring,0,1
2024-04-20,2024,4,20,Saturday,1,0,0,spring,0,0
2024-04-21,2024,4,21,Sunday,1,0,0,spring,0,0
2024-04-22,2024,4,22,Monday,0,0,0,spring,0,1
2024-04-23,2024,4,23,Tuesday,0,0,0,spring,0,1
2024-04-24,2024,4,24,Wednesday,0,0,0,spring,0,1
2024-04-25,2024,4,25,Thursday,0,0,0,spring,0,1
2024-04-26,2024,4,26,Friday,0,0,0,spring,0,1
2024-04-27,2024,4,27,Saturday,1,0,0,spring,0,0
2024-04-28,2024,4,28,Sunday,1,0,0,spring,0,0
2024-04-29,2024,4,29,Monday,0,0,0,spring,0,1
2024-04-30,2024,4,30,Tuesday,0,0,0,spring,0,1
2024-05-01,2024,5,1,Wednesday,0,1,0,spring,0,0
2024-05-02,2024,5,2,Thursday,0,0,0,spring,0,1
2024-05-03,2024,5,3,Friday,0,0,0,spring,0,1
2024-05-04,2024,5,4,Saturday,1,0,0,spring,0,0
2024-05-05,2024,5,5,Sunday,1,0,0,spring,0,0
2024-05-06,2024,5,6,Monday,0,0,0,spring,0,1
2024-05-07,2024,5,7,Tuesday,0,0,0,spring,0,1
2024-05-08,2024,5,8,Wednesday,0,1,0,spring,0,0
2024-05-09,2024,5,9,Thursday,0,0,0,spring,0,1
2024-05-10,2024,5,10,Friday,0,0,0,spring,0,1
2024-05-11,2024,5,11,Saturday,1,0,0,spring,0,0
2024-05-12,2024,5,12,Sunday,1,0,0,spring,0,0
2024-05-13,2024,5,13,Monday,0,0,0,spring,0,1
2024-05-14,2024,5,14,Tuesday,0,0,0,spring,0,1
2024-05-15,2024,5,15,Wednesday,0,0,0,spring,0,1
2024-05-16,2024,5,16,Thursday,0,0,0,spring,0,1
2024-05-17,2024,5,17,Friday,0,0,0,spring,0,1
2024-05-18,2024,5,18,Saturday,1,0,0,spring,0,0
2024-05-19,2024,5,19,Sunday,1,0,0,spring,0,0
2024-05-20,2024,5,20,Monday,0,0,0,spring,0,1
2024-05-21,2024,5,21,Tuesday,0,0,0,spring,0,1
2024-05-22,2024,5,22,Wednesday,0,0,0,spring,0,1
2024-05-23,2024,5,23,Thursday,0,0,0,spring,0,1
2024-05-24,2024,5,24,Friday,0,0,0,spring,0,1
2024-05-25,2024,5,25,Saturday,1,0,0,spring,0,0
2024-05-26,2024,5,26,Sunday,1,0,0,spring,0,0
2024-05-27,2024,5,27,Monday,0,0,0,spring,0,1
2024-05-28,2024,5,28,Tuesday,0,0,0,spring,0,1
2024-05-29,2024,5,29,Wednesday,0,0,0,spring,0,1
2024-05-30,2024,5,30,Thursday,0,0,0,spring,0,1
2024-05-31,2024,5,31,Friday,0,0,0,spring,0,1
2024-06-01,2024,6,1,Saturday,1,0,0,summer,0,0
2024-06-02,2024,6,2,Sunday,1,0,0,summer,0,0
2024-06-03,2024,6,3,Monday,0,0,0,summer,0,1
2024-06-04,2024,6,4,Tuesday,0,0,0,summer,0,1
2024-06-05,2024,6,5,Wednesday,0,0,0,summer,0,1
2024-06-06,2024,6,6,Thursday,0,0,0,summer,0,1
2024-06-07,2024,6,7,Friday,0,0,0,summer,0,1
2024-06-08,2024,6,8,Saturday,1,0,0,summer,0,0
2024-06-09,2024,6,9,Sunday,1,0,0,summer,0,0
2024-06-10,2024,6,10,Monday,0,0,0,summer,0,1
2024-06-11,2024,6,11,Tuesday,0,0,0,summer,0,1
2024-06-12,2024,6,12,Wednesday,0,0,0,summer,0,1
2024-06-13,2024,6,13,Thursday,0,0,0,summer,0,1
2024-06-14,2024,6,14,Friday,0,0,0,summer,0,1
2024-06-15,2024,6,15,Saturday,1,0,0,summer,0,0
2024-06-16,2024,6,16,Sunday,1,0,0,summer,0,0
2024-06-17,2024,6,17,Monday,0,0,0,summer,0,1
2024-06-18,2024,6,18,Tuesday,0,0,0,summer,0,1
2024-06-19,2024,6,19,Wednesday,0,0,0,summer,0,1
2024-06-20,2024,6,20,Thursday,0,0,0,summer,0,1
2024-06-21,2024,6,21,Friday,0,0,0,summer,0,1
2024-06-22,2024,6,22,Saturday,1,0,0,summer,0,0
2024-06-23,2024,6,23,Sunday,1,0,0,summer,0,0
2024-06-24,2024,6,24,Monday,0,0,0,summer,0,1
2024-06-25,2024,6,25,Tuesday,0,0,0,summer,0,1
2024-06-26,2024,6,26,Wednesday,0,0,0,summer,0,1
2024-06-27,2024,6,27,Thursday,0,0,0,summer,0,1
2024-06-28,2024,6,28,Friday,0,0,0,summer,0,1
2024-06-29,2024,6,29,Saturday,1,0,0,summer,0,0
2024-06-30,2024,6,30,Sunday,1,0,0,summer,0,0
2024-07-01,2024,7,1,Monday,0,0,1,summer,0,1
2024-07-02,2024,7,2,Tuesday,0,0,1,summer,0,1
2024-07-03,2024,7,3,Wednesday,0,0,1,summer,0,1
2024-07-04,2024,7,4,Thursday,0,0,1,summer,0,1
2024-07-05,2024,7,5,Friday,0,1,1,summer,0,0
2024-07-06,2024,7,6,Saturday,1,1,1,summer,0,0
2024-07-07,2024,7,7,Sunday,1,0,1,summer,0,0
2024-07-08,2024,7,8,Monday,0,0,1,summer,0,1
2024-07-09,2024,7,9,Tuesday,0,0,1,summer,0,1
2024-07-10,2024,7,10,Wednesday,0,0,1,summer,0,1
2024-07-11,2024,7,11,Thursday,0,0,1,summer,0,1
2024-07-12,2024,7,12,Friday,0,0,1,summer,0,1
2024-07-13,2024,7,13,Saturday,1,0,1,summer,0,0
2024-07-14,2024,7,14,Sunday,1,0,1,summer,0,0
2024-07-15,2024,7,15,Monday,0,0,1,summer,0,1
2024-07-16,2024,7,16,Tuesday,0,0,1,summer,0,1
2024-07-17,2024,7,17,Wednesday,0,0,1,summer,0,1
2024-07-18,2024,7,18,Thursday,0,0,1,summer,0,1
2024-07-19,2024,7,19,Friday,0,0,1,summer,0,1
2024-07-20,2024,7,20,Saturday,1,0,1,summer,0,0
2024-07-21,2024,7,21,Sunday,1,0,1,summer,0,0
2024-07-22,2024,7,22,Monday,0,0,1,summer,0,1
2024-07-23,2024,7,23,Tuesday,0,0,1,summer,0,1
2024-07-24,2024,7,24,Wednesday,0,0,1,summer,0,1
2024-07-25,2024,7,25,Thursday,0,0,1,summer,0,1
2024-07-26,2024,7,26,Friday,0,0,1,summer,0,1
2024-07-27,2024,7,27,Saturday,1,0,1,summer,0,0
2024-07-28,2024,7,28,Sunday,1,0,1,summer,0,0
2024-07-29,2024,7,29,Monday,0,0,1,summer,0,1
2024-07-30,2024,7,30,Tuesday,0,0,1,summer,0,1
2024-07-31,2024,7,31,Wednesday,0,0,1,summer,0,1
2024-08-01,2024,8,1,Thursday,0,0,1,summer,0,1
2024-08-02,2024,8,2,Friday,0,0,1,summer,0,1
2024-08-03,2024,8,3,Saturday,1,0,1,summer,0,0
2024-08-04,2024,8,4,Sunday,1,0,1,summer,0,0
2024-08-05,2024,8,5,Monday,0,0,1,summer,0,1
2024-08-06,2024,8,6,Tuesday,0,0,1,summer,0,1
2024-08-07,2024,8,7,Wednesday,0,0,1,summer,0,1
2024-08-08,2024,8,8,Thursday,0,0,1,summer,0,1
2024-08-09,2024,8,9,Friday,0,0,1,summer,0,1
2024-08-10,2024,8,10,Saturday,1,0,1,summer,0,0
2024-08-11,2024,8,11,Sunday,1,0,1,summer,0,0
2024-08-12,2024,8,12,Monday,0,0,1,summer,0,1
2024-08-13,2024,8,13,Tuesday,0,0,1,summer,0,1
2024-08-14,2024,8,14,Wednesday,0,0,1,summer,0,1
2024-08-15,2024,8,15,Thursday,0,0,1,summer,0,1
2024-08-16,2024,8,16,Friday,0,0,1,summer,0,1
2024-08-17,2024,8,17,Saturday,1,0,1,summer,0,0
2024-08-18,2024,8,18,Sunday,1,0,1,summer,0,0
2024-08-19,2024,8,19,Monday,0,0,1,summer,0,1
2024-08-20,2024,8,20,Tuesday,0,0,1,summer,0,1
2024-08-21,2024,8,21,Wednesday,0,0,1,summer,0,1
2024-08-22,2024,8,22,Thursday,0,0,1,summer,0,1
2024-08-23,2024,8,23,Friday,0,0,1,summer,0,1
2024-08-24,2024,8,24,Saturday,1,0,1,summer,0,0
2024-08-25,2024,8,25,Sunday,1,0,1,summer,0,0
2024-08-26,2024,8,26,Monday,0,0,1,summer,0,1
2024-08-27,2024,8,27,Tuesday,0,0,1,summer,0,1
2024-08-28,2024,8,28,Wednesday,0,0,1,summer,0,1
2024-08-29,2024,8,29,Thursday,0,0,1,summer,0,1
2024-08-30,2024,8,30,Friday,0,0,1,summer,0,1
2024-08-31,2024,8,31,Saturday,1,0,1,summer,0,0
2024-09-01,2024,9,1,Sunday,1,0,0,autumn,0,0
2024-09-02,2024,9,2,Monday,0,0,0,autumn,0,1
2024-09-03,2024,9,3,Tuesday,0,0,0,autumn,0,1
2024-09-04,2024,9,4,Wednesday,0,0,0,autumn,0,1
2024-09-05,2024,9,5,Thursday,0,0,0,autumn,0,1
2024-09-06,2024,9,6,Friday,0,0,0,autumn,0,1
2024-09-07,2024,9,7,Saturday,1,0,0,autumn,0,0
2024-09-08,2024,9,8,Sunday,1,0,0,autumn,0,0
2024-09-09,2024,9,9,Monday,0,0,0,autumn,0,1
2024-09-10,2024,9,10,Tuesday,0,0,0,autumn,0,1
2024-09-11,2024,9,11,Wednesday,0,0,0,autumn,0,1
2024-09-12,2024,9,12,Thursday,0,0,0,autumn,0,1
2024-09-13,2024,9,13,Friday,0,0,0,autumn,0,1
2024-09-14,2024,9,14,Saturday,1,0,0,autumn,0,0
2024-09-15,2024,9,15,Sunday,1,0,0,autumn,0,0
2024-09-16,2024,9,16,Monday,0,0,0,autumn,0,1
2024-09-17,2024,9,17,Tuesday,0,0,0,autumn,0,1
2024-09-18,2024,9,18,Wednesday,0,0,0,autumn,0,1
2024-09-19,2024,9,19,Thursday,0,0,0,autumn,0,1
2024-09-20,2024,9,20,Friday,0,0,0,autumn,0,1
2024-09-21,2024,9,21,Saturday,1,0,0,autumn,0,0
2024-09-22,2024,9,22,Sunday,1,0,0,autumn,0,0
2024-09-23,2024,9,23,Monday,0,0,0,autumn,0,1
2024-09-24,2024,9,24,Tuesday,0,0,0,autumn,0,1
2024-09-25,2024,9,25,Wednesday,0,0,0,autumn,0,1
2024-09-26,2024,9,26,Thursday,0,0,0,autumn,0,1
2024-09-27,2024,9,27,Friday,0,0,0,autumn,0,1
2024-09-28,2024,9,28,Saturday,1,1,0,autumn,0,0
2024-09-29,2024,9,29,Sunday,1,0,0,autumn,0,0
2024-09-30,2024,9,30,Monday,0,0,0,autumn,0,1
2024-10-01,2024,10,1,Tuesday,0,0,0,autumn,0,1
2024-10-02,2024,10,2,Wednesday,0,0,0,autumn,0,1
2024-10-03,2024,10,3,Thursday,0,0,0,autumn,0,1
2024-10-04,2024,10,4,Friday,0,0,0,autumn,0,1
2024-10-05,2024,10,5,Saturday,1,0,0,autumn,0,0
2024-10-06,2024,10,6,Sunday,1,0,0,autumn,0,0
2024-10-07,2024,10,7,Monday,0,0,0,autumn,0,1
2024-10-08,2024,10,8,Tuesday,0,0,0,autumn,0,1
2024-10-09,2024,10,9,Wednesday,0,0,0,autumn,0,1
2024-10-10,2024,10,10,Thursday,0,0,0,autumn,0,1
2024-10-11,2024,10,11,Friday,0,0,0,autumn,0,1
2024-10-12,2024,10,12,Saturday,1,0,0,autumn,0,0
2024-10-13,2024,10,13,Sunday,1,0,0,autumn,0,0
2024-10-14,2024,10,14,Monday,0,0,0,autumn,0,1
2024-10-15,2024,10,15,Tuesday,0,0,0,autumn,0,1
2024-10-16,2024,10,16,Wednesday,0,0,0,autumn,0,1
2024-10-17,2024,10,17,Thursday,0,0,0,autumn,0,1
2024-10-18,2024,10,18,Friday,0,0,0,autumn,0,1
2024-10-19,2024,10,19,Saturday,1,0,0,autumn,0,0
2024-10-20,2024,10,20,Sunday,1,0,0,autumn,0,0
2024-10-21,2024,10,21,Monday,0,0,0,autumn,0,1
2024-10-22,2024,10,22,Tuesday,0,0,0,autumn,0,1
2024-10-23,2024,10,23,Wednesday,0,0,0,autumn,0,1
2024-10-24,2024,10,24,Thursday,0,0,0,autumn,0,1
2024-10-25,2024,10,25,Friday,0,0,0,autumn,0,1
2024-10-26,2024,10,26,Saturday,1,0,0,autumn,0,0
2024-10-27,2024,10,27,Sunday,1,0,0,autumn,0,0
2024-10-28,2024,10,28,Monday,0,1,0,autumn,0,0
2024-10-29,2024,10,29,Tuesday,0,0,1,autumn,0,1
2024-10-30,2024,10,30,Wednesday,0,0,1,autumn,0,1
2024-10-31,2024,10,31,Thursday,0,0,0,autumn,0,1
2024-11-01,2024,11,1,Friday,0,0,0,autumn,0,1
2024-11-02,2024,11,2,Saturday,1,0,0,autumn,0,0
2024-11-03,2024,11,3,Sunday,1,0,0,autumn,0,0
2024-11-04,2024,11,4,Monday,0,0,0,autumn,0,1
2024-11-05,2024,11,5,Tuesday,0,0,0,autumn,0,1
2024-11-06,2024,11,6,Wednesday,0,0,0,autumn,0,1
2024-11-07,2024,11,7,Thursday,0,0,0,autumn,0,1
2024-11-08,2024,11,8,Friday,0,0,0,autumn,0,1
2024-11-09,2024,11,9,Saturday,1,0,0,autumn,0,0
2024-11-10,2024,11,10,Sunday,1,0,0,autumn,0,0
2024-11-11,2024,11,11,Monday,0,0,0,autumn,0,1
2024-11-12,2024,11,12,Tuesday,0,0,0,autumn,0,1
2024-11-13,2024,11,13,Wednesday,0,0,0,autumn,0,1
2024-11-14,2024,11,14,Thursday,0,0,0,autumn,0,1
2024-11-15,2024,11,15,Friday,0,0,0,autumn,0,1
2024-11-16,2024,11,16,Saturday,1,0,0,autumn,0,0
2024-11-17,2024,11,17,Sunday,1,1,0,autumn,0,0
2024-11-18,2024,11,18,Monday,0,0,0,autumn,0,1
2024-11-19,2024,11,19,Tuesday,0,0,0,autumn,0,1
2024-11-20,2024,11,20,Wednesday,0,0,0,autumn,0,1
2024-11-21,2024,11,21,Thursday,0,0,0,autumn,0,1
2024-11-22,2024,11,22,Friday,0,0,0,autumn,0,1
2024-11-23,2024,11,23,Saturday,1,0,0,autumn,0,0
2024-11-24,2024,11,24,Sunday,1,0,0,autumn,0,0
2024-11-25,2024,11,25,Monday,0,0,0,autumn,0,1
2024-11-26,2024,11,26,Tuesday,0,0,0,autumn,0,1
2024-11-27,2024,11,27,Wednesday,0,0,0,autumn,0,1
2024-11-28,2024,11,28,Thursday,0,0,0,autumn,0,1
2024-11-29,2024,11,29,Friday,0,0,0,autumn,0,1
2024-11-30,2024,11,30,Saturday,1,0,0,autumn,0,0
2024-12-01,2024,12,1,Sunday,1,0,0,winter,0,0
2024-12-02,2024,12,2,Monday,0,0,0,winter,0,1
2024-12-03,2024,12,3,Tuesday,0,0,0,winter,0,1
2024-12-04,2024,12,4,Wednesday,0,0,0,winter,0,1
2024-12-05,2024,12,5,Thursday,0,0,0,winter,0,1
2024-12-06,2024,12,6,Friday,0,0,0,winter,0,1
2024-12-07,2024,12,7,Saturday,1,0,0,winter,0,0
2024-12-08,2024,12,8,Sunday,1,0,0,winter,0,0
2024-12-09,2024,12,9,Monday,0,0,0,winter,0,1
2024-12-10,2024,12,10,Tuesday,0,0,0,winter,0,1
2024-12-11,2024,12,11,Wednesday,0,0,0,winter,0,1
2024-12-12,2024,12,12,Thursday,0,0,0,winter,0,1
2024-12-13,2024,12,13,Friday,0,0,0,winter,0,1
2024-12-14,2024,12,14,Saturday,1,0,0,winter,0,0
2024-12-15,2024,12,15,Sunday,1,0,0,winter,0,0
2024-12-16,2024,12,16,Monday,0,0,0,winter,0,1
2024-12-17,2024,12,17,Tuesday,0,0,0,winter,0,1
2024-12-18,2024,12,18,Wednesday,0,0,0,winter,0,1
2024-12-19,2024,12,19,Thursday,0,0,0,winter,0,1
2024-12-20,2024,12,20,Friday,0,0,0,winter,0,1
2024-12-21,2024,12,21,Saturday,1,0,0,winter,0,0
2024-12-22,2024,12,22,Sunday,1,0,0,winter,0,0
2024-12-23,2024,12,23,Monday,0,0,1,winter,0,1
2024-12-24,2024,12,24,Tuesday,0,1,1,winter,0,0
2024-12-25,2024,12,25,Wednesday,0,1,1,winter,0,0
2024-12-26,2024,12,26,Thursday,0,1,1,winter,0,0
2024-12-27,2024,12,27,Friday,0,0,1,winter,0,1
2024-12-28,2024,12,28,Saturday,1,0,1,winter,0,0
2024-12-29,2024,12,29,Sunday,1,0,1,winter,0,0
2024-12-30,2024,12,30,Monday,0,0,1,winter,0,1
2024-12-31,2024,12,31,Tuesday,0,0,1,winter,0,1
2025-01-01,2025,1,1,Wednesday,0,1,1,winter,0,0
2025-01-02,2025,1,2,Thursday,0,0,1,winter,0,1
2025-01-03,2025,1,3,Friday,0,0,0,winter,0,1
2025-01-04,2025,1,4,Saturday,1,0,0,winter,0,0
2025-01-05,2025,1,5,Sunday,1,0,0,winter,0,0
2025-01-06,2025,1,6,Monday,0,0,0,winter,0,1
2025-01-07,2025,1,7,Tuesday,0,0,0,winter,0,1
2025-01-08,2025,1,8,Wednesday,0,0,0,winter,0,1
2025-01-09,2025,1,9,Thursday,0,0,0,winter,0,1
2025-01-10,2025,1,10,Friday,0,0,0,winter,0,1
2025-01-11,2025,1,11,Saturday,1,0,0,winter,0,0
2025-01-12,2025,1,12,Sunday,1,0,0,winter,0,0
2025-01-13,2025,1,13,Monday,0,0,0,winter,0,1
2025-01-14,2025,1,14,Tuesday,0,0,0,winter,0,1
2025-01-15,2025,1,15,Wednesday,0,0,0,winter,0,1
2025-01-16,2025,1,16,Thursday,0,0,0,winter,0,1
2025-01-17,2025,1,17,Friday,0,0,0,winter,0,1
2025-01-18,2025,1,18,Saturday,1,0,0,winter,0,0
2025-01-19,2025,1,19,Sunday,1,0,0,winter,0,0
2025-01-20,2025,1,20,Monday,0,0,0,winter,0,1
2025-01-21,2025,1,21,Tuesday,0,0,0,winter,0,1
2025-01-22,2025,1,22,Wednesday,0,0,0,winter,0,1
2025-01-23,2025,1,23,Thursday,0,0,0,winter,0,1
2025-01-24,2025,1,24,Friday,0,0,0,winter,0,1
2025-01-25,2025,1,25,Saturday,1,0,0,winter,0,0
2025-01-26,2025,1,26,Sunday,1,0,0,winter,0,0
2025-01-27,2025,1,27,Monday,0,0,0,winter,0,1
2025-01-28,2025,1,28,Tuesday,0,0,0,winter,0,1
2025-01-29,2025,1,29,Wednesday,0,0,0,winter,0,1
2025-01-30,2025,1,30,Thursday,0,0,0,winter,0,1
2025-01-31,2025,1,31,Friday,0,0,0,winter,0,1
2025-02-01,2025,2,1,Saturday,1,0,0,winter,0,0
2025-02-02,2025,2,2,Sunday,1,0,0,winter,0,0
2025-02-03,2025,2,3,Monday,0,0,0,winter,0,1
2025-02-04,2025,2,4,Tuesday,0,0,0,winter,0,1
2025-02-05,2025,2,5,Wednesday,0,0,0,winter,0,1
2025-02-06,2025,2,6,Thursday,0,0,0,winter,0,1
2025-02-07,2025,2,7,Friday,0,0,0,winter,0,1
2025-02-08,2025,2,8,Saturday,1,0,0,winter,0,0
2025-02-09,2025,2,9,Sunday,1,0,0,winter,0,0
2025-02-10,2025,2,10,Monday,0,0,1,winter,0,1
2025-02-11,2025,2,11,Tuesday,0,0,1,winter,0,1
2025-02-12,2025,2,12,Wednesday,0,0,1,winter,0,1
2025-02-13,2025,2,13,Thursday,0,0,1,winter,0,1
2025-02-14,2025,2,14,Friday,0,0,1,winter,0,1
2025-02-15,2025,2,15,Saturday,1,0,1,winter,0,0
2025-02-16,2025,2,16,Sunday,1,0,1,winter,0,0
2025-02-17,2025,2,17,Monday,0,0,1,winter,0,1
2025-02-18,2025,2,18,Tuesday,0,0,1,winter,0,1
2025-02-19,2025,2,19,Wednesday,0,0,1,winter,0,1
2025-02-20,2025,2,20,Thursday,0,0,1,winter,0,1
2025-02-21,2025,2,21,Friday,0,0,1,winter,0,1
2025-02-22,2025,2,22,Saturday,1,0,1,winter,0,0
2025-02-23,2025,2,23,Sunday,1,0,1,winter,0,0
2025-02-24,2025,2,24,Monday,0,0,0,winter,0,1
2025-02-25,2025,2,25,Tuesday,0,0,0,winter,0,1
2025-02-26,2025,2,26,Wednesday,0,0,0,winter,0,1
2025-02-27,2025,2,27,Thursday,0,0,0,winter,0,1
2025-02-28,2025,2,28,Friday,0,0,0,winter,0,1
2025-03-01,2025,3,1,Saturday,1,0,0,spring,0,0
2025-03-02,2025,3,2,Sunday,1,0,0,spring,0,0
2025-03-03,2025,3,3,Monday,0,0,0,spring,0,1
2025-03-04,2025,3,4,Tuesday,0,0,0,spring,0,1
2025-03-05,2025,3,5,Wednesday,0,0,0,spring,0,1
2025-03-06,2025,3,6,Thursday,0,0,0,spring,0,1
2025-03-07,2025,3,7,Friday,0,0,0,spring,0,1
2025-03-08,2025,3,8,Saturday,1,0,0,spring,0,0
2025-03-09,2025,3,9,Sunday,1,0,0,spring,0,0
2025-03-10,2025,3,10,Monday,0,0,0,spring,0,1
2025-03-11,2025,3,11,Tuesday,0,0,0,spring,0,1
2025-03-12,2025,3,12,Wednesday,0,0,0,spring,0,1
2025-03-13,2025,3,13,Thursday,0,0,0,spring,0,1
2025-03-14,2025,3,14,Friday,0,0,0,spring,0,1
2025-03-15,2025,3,15,Saturday,1,0,0,spring,0,0
2025-03-16,2025,3,16,Sunday,1,0,0,spring,0,0
2025-03-17,2025,3,17,Monday,0,0,0,spring,0,1
2025-03-18,2025,3,18,Tuesday,0,0,0,spring,0,1
2025-03-19,2025,3,19,Wednesday,0,0,0,spring,0,1
2025-03-20,2025,3,20,Thursday,0,0,0,spring,0,1
2025-03-21,2025,3,21,Friday,0,0,0,spring,0,1
2025-03-22,2025,3,22,Saturday,1,0,0,spring,0,0
2025-03-23,2025,3,23,Sunday,1,0,0,spring,0,0
2025-03-24,2025,3,24,Monday,0,0,0,spring,0,1
2025-03-25,2025,3,25,Tuesday,0,0,0,spring,0,1
2025-03-26,2025,3,26,Wednesday,0,0,0,spring,0,1
2025-03-27,2025,3,27,Thursday,0,0,0,spring,0,1
2025-03-28,2025,3,28,Friday,0,0,0,spring,0,1
2025-03-29,2025,3,29,Saturday,1,0,0,spring,0,0
2025-03-30,2025,3,30,Sunday,1,0,0,spring,0,0
2025-03-31,2025,3,31,Monday,0,0,0,spring,0,1
2025-04-01,2025,4,1,Tuesday,0,0,0,spring,0,1
2025-04-02,2025,4,2,Wednesday,0,0,0,spring,0,1
2025-04-03,2025,4,3,Thursday,0,0,0,spring,0,1
2025-04-04,2025,4,4,Friday,0,0,0,spring,0,1
2025-04-05,2025,4,5,Saturday,1,0,0,spring,0,0
2025-04-06,2025,4,6,Sunday,1,0,0,spring,0,0
2025-04-07,2025,4,7,Monday,0,0,0,spring,0,1
2025-04-08,2025,4,8,Tuesday,0,0,0,spring,0,1
2025-04-09,2025,4,9,Wednesday,0,0,0,spring,0,1
2025-04-10,2025,4,10,Thursday,0,0,0,spring,0,1
2025-04-11,2025,4,11,Friday,0,0,0,spring,0,1
2025-04-12,2025,4,12,Saturday,1,0,0,spring,0,0
2025-04-13,2025,4,13,Sunday,1,0,0,spring,0,0
2025-04-14,2025,4,14,Monday,0,0,0,spring,0,1
2025-04-15,2025,4,15,Tuesday,0,0,0,spring,0,1
2025-04-16,2025,4,16,Wednesday,0,0,0,spring,0,1
2025-04-17,2025,4,17,Thursday,0,0,1,spring,0,1
2025-04-18,2025,4,18,Friday,0,1,0,spring,0,0
2025-04-19,2025,4,19,Saturday,1,0,0,spring,0,0
2025-04-20,2025,4,20,Sunday,1,0,0,spring,0,0
2025-04-21,2025,4,21,Monday,0,1,0,spring,0,0
2025-04-22,2025,4,22,Tuesday,0,0,0,spring,0,1
2025-04-23,2025,4,23,Wednesday,0,0,0,spring,0,1
2025-04-24,2025,4,24,Thursday,0,0,0,spring,0,1
2025-04-25,2025,4,25,Friday,0,0,0,spring,0,1
2025-04-26,2025,4,26,Saturday,1,0,0,spring,0,0
2025-04-27,2025,4,27,Sunday,1,0,0,spring,0,0
2025-04-28,2025,4,28,Monday,0,0,0,spring,0,1
2025-04-29,2025,4,29,Tuesday,0,0,0,spring,0,1
2025-04-30,2025,4,30,Wednesday,0,0,0,spring,0,1
2025-05-01,2025,5,1,Thursday,0,1,0,spring,0,0
2025-05-02,2025,5,2,Friday,0,0,0,spring,0,1
2025-05-03,2025,5,3,Saturday,1,0,0,spring,0,0
2025-05-04,2025,5,4,Sunday,1,0,0,spring,0,0
2025-05-05,2025,5,5,Monday,0,0,0,spring,0,1
2025-05-06,2025,5,6,Tuesday,0,0,0,spring,0,1
2025-05-07,2025,5,7,Wednesday,0,0,0,spring,0,1
2025-05-08,2025,5,8,Thursday,0,1,0,spring,0,0
2025-05-09,2025,5,9,Friday,0,0,0,spring,0,1
2025-05-10,2025,5,10,Saturday,1,0,0,spring,0,0
2025-05-11,2025,5,11,Sunday,1,0,0,spring,0,0
2025-05-12,2025,5,12,Monday,0,0,0,spring,0,1
2025-05-13,2025,5,13,Tuesday,0,0,0,spring,0,1
2025-05-14,2025,5,14,Wednesday,0,0,0,spring,0,1
2025-05-15,2025,5,15,Thursday,0,0,0,spring,0,1
2025-05-16,2025,5,16,Friday,0,0,0,spring,0,1
2025-05-17,2025,5,17,Saturday,1,0,0,spring,0,0
2025-05-18,2025,5,18,Sunday,1,0,0,spring,0,0
2025-05-19,2025,5,19,Monday,0,0,0,spring,0,1
2025-05-20,2025,5,20,Tuesday,0,0,0,spring,0,1
2025-05-21,2025,5,21,Wednesday,0,0,0,spring,0,1
2025-05-22,2025,5,22,Thursday,0,0,0,spring,0,1
2025-05-23,2025,5,23,Friday,0,0,0,spring,0,1
2025-05-24,2025,5,24,Saturday,1,0,0,spring,0,0
2025-05-25,2025,5,25,Sunday,1,0,0,spring,0,0
2025-05-26,2025,5,26,Monday,0,0,0,spring,0,1
2025-05-27,2025,5,27,Tuesday,0,0,0,spring,0,1
2025-05-28,2025,5,28,Wednesday,0,0,0,spring,0,1
2025-05-29,2025,5,29,Thursday,0,0,0,spring,0,1
2025-05-30,2025,5,30,Friday,0,0,0,spring,0,1
2025-05-31,2025,5,31,Saturday,1,0,0,spring,0,0
2025-06-01,2025,6,1,Sunday,1,0,0,summer,0,0
2025-06-02,2025,6,2,Monday,0,0,0,summer,0,1
2025-06-03,2025,6,3,Tuesday,0,0,0,summer,0,1
2025-06-04,2025,6,4,Wednesday,0,0,0,summer,0,1
2025-06-05,2025,6,5,Thursday,0,0,0,summer,0,1
2025-06-06,2025,6,6,Friday,0,0,0,summer,0,1
2025-06-07,2025,6,7,Saturday,1,0,0,summer,0,0
2025-06-08,2025,6,8,Sunday,1,0,0,summer,0,0
2025-06-09,2025,6,9,Monday,0,0,0,summer,0,1
2025-06-10,2025,6,10,Tuesday,0,0,0,summer,0,1
2025-06-11,2025,6,11,Wednesday,0,0,0,summer,0,1
2025-06-12,2025,6,12,Thursday,0,0,0,summer,0,1
2025-06-13,2025,6,13,Friday,0,0,0,summer,0,1
2025-06-14,2025,6,14,Saturday,1,0,0,summer,0,0
2025-06-15,2025,6,15,Sunday,1,0,0,summer,0,0
2025-06-16,2025,6,16,Monday,0,0,0,summer,0,1
2025-06-17,2025,6,17,Tuesday,0,0,0,summer,0,1
2025-06-18,2025,6,18,Wednesday,0,0,0,summer,0,1
2025-06-19,2025,6,19,Thursday,0,0,0,summer,0,1
2025-06-20,2025,6,20,Friday,0,0,0,summer,0,1
2025-06-21,2025,6,21,Saturday,1,0,0,summer,0,0
2025-06-22,2025,6,22,Sunday,1,0,0,summer,0,0
2025-06-23,2025,6,23,Monday,0,0,0,summer,0,1
2025-06-24,2025,6,24,Tuesday,0,0,0,summer,0,1
2025-06-25,2025,6,25,Wednesday,0,0,0,summer,0,1
2025-06-26,2025,6,26,Thursday,0,0,0,summer,0,1
2025-06-27,2025,6,27,Friday,0,0,0,summer,0,1
2025-06-28,2025,6,28,Saturday,1,0,0,summer,0,0
2025-06-29,2025,6,29,Sunday,1,0,0,summer,0,0
2025-06-30,2025,6,30,Monday,0,0,0,summer,0,1
2025-07-01,2025,7,1,Tuesday,0,0,1,summer,0,1
2025-07-02,2025,7,2,Wednesday,0,0,1,summer,0,1
2025-07-03,2025,7,3,Thursday,0,0,1,summer,0,1
2025-07-04,2025,7,4,Friday,0,0,1,summer,0,1
2025-07-05,2025,7,5,Saturday,1,1,1,summer,0,0
2025-07-06,2025,7,6,Sunday,1,1,1,summer,0,0
2025-07-07,2025,7,7,Monday,0,0,1,summer,0,1
2025-07-08,2025,7,8,Tuesday,0,0,1,summer,0,1
2025-07-09,2025,7,9,Wednesday,0,0,1,summer,0,1
2025-07-10,2025,7,10,Thursday,0,0,1,summer,0,1
2025-07-11,2025,7,11,Friday,0,0,1,summer,0,1
2025-07-12,2025,7,12,Saturday,1,0,1,summer,0,0
2025-07-13,2025,7,13,Sunday,1,0,1,summer,0,0
2025-07-14,2025,7,14,Monday,0,0,1,summer,0,1
2025-07-15,2025,7,15,Tuesday,0,0,1,summer,0,1
2025-07-16,2025,7,16,Wednesday,0,0,1,summer,0,1
2025-07-17,2025,7,17,Thursday,0,0,1,summer,0,1
2025-07-18,2025,7,18,Friday,0,0,1,summer,0,1
2025-07-19,2025,7,19,Saturday,1,0,1,summer,0,0
2025-07-20,2025,7,20,Sunday,1,0,1,summer,0,0
2025-07-21,2025,7,21,Monday,0,0,1,summer,0,1
2025-07-22,2025,7,22,Tuesday,0,0,1,summer,0,1
2025-07-23,2025,7,23,Wednesday,0,0,1,summer,0,1
2025-07-24,2025,7,24,Thursday,0,0,1,summer,0,1
2025-07-25,2025,7,25,Friday,0,0,1,summer,0,1
2025-07-26,2025,7,26,Saturday,1,0,1,summer,0,0
2025-07-27,2025,7,27,Sunday,1,0,1,summer,0,0
2025-07-28,2025,7,28,Monday,0,0,1,summer,0,1
2025-07-29,2025,7,29,Tuesday,0,0,1,summer,0,1
2025-07-30,2025,7,30,Wednesday,0,0,1,summer,0,1
2025-07-31,2025,7,31,Thursday,0,0,1,summer,0,1
2025-08-01,2025,8,1,Friday,0,0,1,summer,0,1
2025-08-02,2025,8,2,Saturday,1,0,1,summer,0,0
2025-08-03,2025,8,3,Sunday,1,0,1,summer,0,0
2025-08-04,2025,8,4,Monday,0,0,1,summer,0,1
2025-08-05,2025,8,5,Tuesday,0,0,1,summer,0,1
2025-08-06,2025,8,6,Wednesday,0,0,1,summer,0,1
2025-08-07,2025,8,7,Thursday,0,0,1,summer,0,1
2025-08-08,2025,8,8,Friday,0,0,1,summer,0,1
2025-08-09,2025,8,9,Saturday,1,0,1,summer,0,0
2025-08-10,2025,8,10,Sunday,1,0,1,summer,0,0
2025-08-11,2025,8,11,Monday,0,0,1,summer,0,1
2025-08-12,2025,8,12,Tuesday,0,0,1,summer,0,1
2025-08-13,2025,8,13,Wednesday,0,0,1,summer,0,1
2025-08-14,2025,8,14,Thursday,0,0,1,summer,0,1
2025-08-15,2025,8,15,Friday,0,0,1,summer,0,1
2025-08-16,2025,8,16,Saturday,1,0,1,summer,0,0
2025-08-17,2025,8,17,Sunday,1,0,1,summer,0,0
2025-08-18,2025,8,18,Monday,0,0,1,summer,0,1
2025-08-19,2025,8,19,Tuesday,0,0,1,summer,0,1
2025-08-20,2025,8,20,Wednesday,0,0,1,summer,0,1
2025-08-21,2025,8,21,Thursday,0,0,1,summer,0,1
2025-08-22,2025,8,22,Friday,0,0,1,summer,0,1
2025-08-23,2025,8,23,Saturday,1,0,1,summer,0,0
2025-08-24,2025,8,24,Sunday,1,0,1,summer,0,0
2025-08-25,2025,8,25,Monday,0,0,1,summer,0,1
2025-08-26,2025,8,26,Tuesday,0,0,1,summer,0,1
2025-08-27,2025,8,27,Wednesday,0,0,1,summer,0,1
2025-08-28,2025,8,28,Thursday,0,0,1,summer,0,1
2025-08-29,2025,8,29,Friday,0,0,1,summer,0,1
2025-08-30,2025,8,30,Saturday,1,0,1,summer,0,0
2025-08-31,2025,8,31,Sunday,1,0,1,summer,0,0
2025-09-01,2025,9,1,Monday,0,0,0,autumn,0,1
2025-09-02,2025,9,2,Tuesday,0,0,0,autumn,0,1
2025-09-03,2025,9,3,Wednesday,0,0,0,autumn,0,1
2025-09-04,2025,9,4,Thursday,0,0,0,autumn,0,1
2025-09-05,2025,9,5,Friday,0,0,0,autumn,0,1
2025-09-06,2025,9,6,Saturday,1,0,0,autumn,0,0
2025-09-07,2025,9,7,Sunday,1,0,0,autumn,0,0
2025-09-08,2025,9,8,Monday,0,0,0,autumn,0,1
2025-09-09,2025,9,9,Tuesday,0,0,0,autumn,0,1
2025-09-10,2025,9,10,Wednesday,0,0,0,autumn,0,1
2025-09-11,2025,9,11,Thursday,0,0,0,autumn,0,1
2025-09-12,2025,9,12,Friday,0,0,0,autumn,0,1
2025-09-13,2025,9,13,Saturday,1,0,0,autumn,0,0
2025-09-14,2025,9,14,Sunday,1,0,0,autumn,0,0
2025-09-15,2025,9,15,Monday,0,0,0,autumn,0,1
2025-09-16,2025,9,16,Tuesday,0,0,0,autumn,0,1
2025-09-17,2025,9,17,Wednesday,0,0,0,autumn,0,1
2025-09-18,2025,9,18,Thursday,0,0,0,autumn,0,1
2025-09-19,2025,9,19,Friday,0,0,0,autumn,0,1
2025-09-20,2025,9,20,Saturday,1,0,0,autumn,0,0
2025-09-21,2025,9,21,Sunday,1,0,0,autumn,0,0
2025-09-22,2025,9,22,Monday,0,0,0,autumn,0,1
2025-09-23,2025,9,23,Tuesday,0,0,0,autumn,0,1
2025-09-24,2025,9,24,Wednesday,0,0,0,autumn,0,1
2025-09-25,2025,9,25,Thursday,0,0,0,autumn,0,1
2025-09-26,2025,9,26,Friday,0,0,0,autumn,0,1
2025-09-27,2025,9,27,Saturday,1,0,0,autumn,0,0
2025-09-28,2025,9,28,Sunday,1,1,0,autumn,0,0
2025-09-29,2025,9,29,Monday,0,0,0,autumn,0,1
2025-09-30,2025,9,30,Tuesday,0,0,0,autumn,0,1
2025-10-01,2025,10,1,Wednesday,0,0,0,autumn,0,1
2025-10-02,2025,10,2,Thursday,0,0,0,autumn,0,1
2025-10-03,2025,10,3,Friday,0,0,0,autumn,0,1
2025-10-04,2025,10,4,Saturday,1,0,0,autumn,0,0
2025-10-05,2025,10,5,Sunday,1,0,0,autumn,0,0
2025-10-06,2025,10,6,Monday,0,0,0,autumn,0,1
2025-10-07,2025,10,7,Tuesday,0,0,0,autumn,0,1
2025-10-08,2025,10,8,Wednesday,0,0,0,autumn,0,1
2025-10-09,2025,10,9,Thursday,0,0,0,autumn,0,1
2025-10-10,2025,10,10,Friday,0,0,0,autumn,0,1
2025-10-11,2025,10,11,Saturday,1,0,0,autumn,0,0
2025-10-12,2025,10,12,Sunday,1,0,0,autumn,0,0
2025-10-13,2025,10,13,Monday,0,0,0,autumn,0,1
2025-10-14,2025,10,14,Tuesday,0,0,0,autumn,0,1
2025-10-15,2025,10,15,Wednesday,0,0,0,autumn,0,1
2025-10-16,2025,10,16,Thursday,0,0,0,autumn,0,1
2025-10-17,2025,10,17,Friday,0,0,0,autumn,0,1
2025-10-18,2025,10,18,Saturday,1,0,0,autumn,0,0
2025-10-19,2025,10,19,Sunday,1,0,0,autumn,0,0
2025-10-20,2025,10,20,Monday,0,0,0,autumn,0,1
2025-10-21,2025,10,21,Tuesday,0,0,0,autumn,0,1
2025-10-22,2025,10,22,Wednesday,0,0,0,autumn,0,1
2025-10-23,2025,10,23,Thursday,0,0,0,autumn,0,1
2025-10-24,2025,10,24,Friday,0,0,0,autumn,0,1
2025-10-25,2025,10,25,Saturday,1,0,0,autumn,0,0
2025-10-26,2025,10,26,Sunday,1,0,0,autumn,0,0
2025-10-27,2025,10,27,Monday,0,0,1,autumn,0,1
2025-10-28,2025,10,28,Tuesday,0,1,1,autumn,0,0
2025-10-29,2025,10,29,Wednesday,0,0,1,autumn,0,1
2025-10-30,2025,10,30,Thursday,0,0,0,autumn,0,1
2025-10-31,2025,10,31,Friday,0,0,0,autumn,0,1
2025-11-01,2025,11,1,Saturday,1,0,0,autumn,0,0
2025-11-02,2025,11,2,Sunday,1,0,0,autumn,0,0
2025-11-03,2025,11,3,Monday,0,0,0,autumn,0,1
2025-11-04,2025,11,4,Tuesday,0,0,0,autumn,0,1
2025-11-05,2025,11,5,Wednesday,0,0,0,autumn,0,1
2025-11-06,2025,11,6,Thursday,0,0,0,autumn,0,1
2025-11-07,2025,11,7,Friday,0,0,0,autumn,0,1
2025-11-08,2025,11,8,Saturday,1,0,0,autumn,0,0
2025-11-09,2025,11,9,Sunday,1,0,0,autumn,0,0
2025-11-10,2025,11,10,Monday,0,0,0,autumn,0,1
2025-11-11,2025,11,11,Tuesday,0,0,0,autumn,0,1
2025-11-12,2025,11,12,Wednesday,0,0,0,autumn,0,1
2025-11-13,2025,11,13,Thursday,0,0,0,autumn,0,1
2025-11-14,2025,11,14,Friday,0,0,0,autumn,0,1
2025-11-15,2025,11,15,Saturday,1,0,0,autumn,0,0
2025-11-16,2025,11,16,Sunday,1,0,0,autumn,0,0
2025-11-17,2025,11,17,Monday,0,1,0,autumn,0,0
2025-11-18,2025,11,18,Tuesday,0,0,0,autumn,0,1
2025-11-19,2025,11,19,Wednesday,0,0,0,autumn,0,1
2025-11-20,2025,11,20,Thursday,0,0,0,autumn,0,1
2025-11-21,2025,11,21,Friday,0,0,0,autumn,0,1
2025-11-22,2025,11,22,Saturday,1,0,0,autumn,0,0
2025-11-23,2025,11,23,Sunday,1,0,0,autumn,0,0
2025-11-24,2025,11,24,Monday,0,0,0,autumn,0,1
2025-11-25,2025,11,25,Tuesday,0,0,0,autumn,0,1
2025-11-26,2025,11,26,Wednesday,0,0,0,autumn,0,1
2025-11-27,2025,11,27,Thursday,0,0,0,autumn,0,1
2025-11-28,2025,11,28,Friday,0,0,0,autumn,0,1
2025-11-29,2025,11,29,Saturday,1,0,0,autumn,0,0
2025-11-30,2025,11,30,Sunday,1,0,0,autumn,0,0
2025-12-01,2025,12,1,Monday,0,0,0,winter,0,1
2025-12-02,2025,12,2,Tuesday,0,0,0,winter,0,1
2025-12-03,2025,12,3,Wednesday,0,0,0,winter,0,1
2025-12-04,2025,12,4,Thursday,0,0,0,winter,0,1
2025-12-05,2025,12,5,Friday,0,0,0,winter,0,1
2025-12-06,2025,12,6,Saturday,1,0,0,winter,0,0
2025-12-07,2025,12,7,Sunday,1,0,0,winter,0,0
2025-12-08,2025,12,8,Monday,0,0,0,winter,0,1
2025-12-09,2025,12,9,Tuesday,0,0,0,winter,0,1
2025-12-10,2025,12,10,Wednesday,0,0,0,winter,0,1
2025-12-11,2025,12,11,Thursday,0,0,0,winter,0,1
2025-12-12,2025,12,12,Friday,0,0,0,winter,0,1
2025-12-13,2025,12,13,Saturday,1,0,0,winter,0,0
2025-12-14,2025,12,14,Sunday,1,0,0,winter,0,0
2025-12-15,2025,12,15,Monday,0,0,0,winter,0,1
2025-12-16,2025,12,16,Tuesday,0,0,0,winter,0,1
2025-12-17,2025,12,17,Wednesday,0,0,0,winter,0,1
2025-12-18,2025,12,18,Thursday,0,0,0,winter,0,1
2025-12-19,2025,12,19,Friday,0,0,0,winter,0,1
2025-12-20,2025,12,20,Saturday,1,0,0,winter,0,0
2025-12-21,2025,12,21,Sunday,1,0,0,winter,0,0
2025-12-22,2025,12,22,Monday,0,0,0,winter,0,1
2025-12-23,2025,12,23,Tuesday,0,0,1,winter,0,1
2025-12-24,2025,12,24,Wednesday,0,1,1,winter,0,0
2025-12-25,2025,12,25,Thursday,0,1,1,winter,0,0
2025-12-26,2025,12,26,Friday,0,1,1,winter,0,0
2025-12-27,2025,12,27,Saturday,1,0,1,winter,0,0
2025-12-28,2025,12,28,Sunday,1,0,1,winter,0,0
2025-12-29,2025,12,29,Monday,0,0,1,winter,0,1
2025-12-30,2025,12,30,Tuesday,0,0,1,winter,0,1
2025-12-31,2025,12,31,Wednesday,0,0,1,winter,0,1
