datum_zobrazeni;datum;kraj_kod;incidence14_100;incidence_65_14_100;simple_r;pozit_perc_test;podil_zachycen_hosp
2020-10-01;2020-09-30;CZ010;475.400798700000;201.492625700000;0.934830059245;0.147742952887;
2020-10-01;2020-09-30;CZ020;343.205314400000;189.101307500000;1.046835443037;0.169409354728;
2020-10-01;2020-09-30;CZ031;212.259789800000;105.208962900000;0.898236092265;0.156353330184;
2020-10-01;2020-09-30;CZ032;270.708800200000;155.382907800000;0.961445783132;0.166353971232;
2020-10-01;2020-09-30;CZ041;207.629444500000;185.904185300000;0.748554913294;0.121482176360;
2020-10-01;2020-09-30;CZ042;210.647683400000;121.507428500000;0.940397350993;0.173135541556;
2020-10-01;2020-09-30;CZ051;263.743118200000;73.773109100000;0.912310286677;0.163246831623;
2020-10-01;2020-09-30;CZ052;187.725920100000;99.859701200000;1.127882599580;0.122495446265;
2020-10-01;2020-09-30;CZ053;234.290129500000;140.294153100000;0.998389694041;0.142201834862;
2020-10-01;2020-09-30;CZ063;276.701280500000;143.737943000000;1.152838427947;0.206035379812;
2020-10-01;2020-09-30;CZ064;244.451936500000;143.449484600000;0.958076448828;0.185220500595;
2020-10-01;2020-09-30;CZ071;253.440799800000;129.601024700000;1.237500000000;0.223224351747;
2020-10-01;2020-09-30;CZ072;303.730786200000;165.671008300000;1.321336760925;0.193998867710;
2020-10-01;2020-09-30;CZ080;176.218987700000;94.599596900000;1.125608568646;0.095214562227;
2020-10-02;2020-10-01;CZ010;466.337698600000;206.233628700000;0.971473851030;0.151702633141;
2020-10-02;2020-10-01;CZ020;347.711761800000;203.706693100000;1.077960387694;0.169471313104;
2020-10-02;2020-10-01;CZ031;218.786079100000;106.701288600000;0.959610027855;0.161245026913;
2020-10-02;2020-10-01;CZ032;270.370414200000;139.762403900000;0.971496437054;0.172501054407;
2020-10-02;2020-10-01;CZ041;214.448145400000;202.355883100000;0.774774774774;0.126099706744;
2020-10-02;2020-10-01;CZ042;207.587722900000;140.531318800000;0.918172157279;0.180602006688;
2020-10-02;2020-10-01;CZ051;260.805105800000;80.379656200000;1.010869565217;0.168478260869;
2020-10-02;2020-10-01;CZ052;185.002623400000;99.859701200000;1.200845665961;0.124534093400;
2020-10-02;2020-10-01;CZ053;238.497789000000;146.797855600000;1.052969502407;0.154789995280;
2020-10-02;2020-10-01;CZ063;282.400383600000;157.922608400000;1.158192090395;0.214772132006;
2020-10-02;2020-10-01;CZ064;257.335440400000;164.119439200000;1.038183015141;0.190504952887;
2020-10-02;2020-10-01;CZ071;270.569464600000;147.684888600000;1.231833910034;0.238819320214;
2020-10-02;2020-10-01;CZ072;307.350733200000;179.544935200000;1.373599003735;0.199385394070;
2020-10-02;2020-10-01;CZ080;184.602383900000;106.527372100000;1.228903976721;0.101376220195;
2020-10-03;2020-10-02;CZ010;469.783174600000;214.135300300000;0.962021343377;0.148959953343;
2020-10-03;2020-10-02;CZ020;356.080878500000;220.618192100000;1.061889250814;0.169692237621;
2020-10-03;2020-10-02;CZ031;228.420125200000;117.147568600000;1.016643550624;0.164128974473;
2020-10-03;2020-10-02;CZ032;282.383117200000;152.916512500000;0.991725768321;0.166699781442;
2020-10-03;2020-10-02;CZ041;211.038794900000;204.001052900000;0.910000000000;0.139427987742;
2020-10-03;2020-10-02;CZ042;223.989111400000;158.941535200000;0.931451612903;0.193467336683;
2020-10-03;2020-10-02;CZ051;269.845144100000;92.491659200000;1.080935251798;0.185208012326;
2020-10-03;2020-10-02;CZ052;198.982213200000;118.016010500000;1.117328519855;0.129146672230;
2020-10-03;2020-10-02;CZ053;251.885796400000;152.372457700000;1.096062992125;0.161785216178;
2020-10-03;2020-10-02;CZ063;302.052463100000;184.400650600000;1.159618008185;0.217892847987;
2020-10-03;2020-10-02;CZ064;279.086810500000;180.242003800000;1.133597883597;0.206133493686;
2020-10-03;2020-10-02;CZ071;301.654819300000;157.480314900000;1.278422273781;0.253917050691;
2020-10-03;2020-10-02;CZ072;346.825392700000;208.925015500000;1.558080808080;0.223388848660;
2020-10-03;2020-10-02;CZ080;208.830398800000;124.213383700000;1.315363881401;0.114527106313;
2020-10-04;2020-10-03;CZ010;464.989468800000;208.209046600000;0.980725987793;0.147573472544;
2020-10-04;2020-10-03;CZ020;359.585893200000;231.380055100000;1.078861788617;0.171314226697;
2020-10-04;2020-10-03;CZ031;250.174422800000;134.309314300000;1.283453237410;0.197695035460;
2020-10-04;2020-10-03;CZ032;293.042276200000;157.027171400000;1.085365853658;0.172949863972;
2020-10-04;2020-10-03;CZ041;211.038794900000;215.517241300000;0.950166112956;0.154261057173;
2020-10-04;2020-10-03;CZ042;238.921718800000;185.329512100000;1.115894039735;0.209664039817;
2020-10-04;2020-10-03;CZ051;279.337184300000;114.513482800000;1.210619469026;0.194373401534;
2020-10-04;2020-10-03;CZ052;190.086110600000;118.016010500000;1.099616858237;0.120083682008;
2020-10-04;2020-10-03;CZ053;249.016937700000;165.379862600000;1.082934609250;0.163103531107;
2020-10-04;2020-10-03;CZ063;308.537649400000;196.694027300000;1.169606512890;0.223663725998;
2020-10-04;2020-10-03;CZ064;274.401900000000;195.124371100000;1.190669371196;0.210721550795;
2020-10-04;2020-10-03;CZ071;304.509596800000;159.740797900000;1.250593824228;0.244428969359;
2020-10-04;2020-10-03;CZ072;365.442262700000;221.982828900000;1.483108108108;0.232932437212;
2020-10-04;2020-10-03;CZ080;218.303636500000;140.665487500000;1.410762331838;0.118869492934;
2020-10-05;2020-10-04;CZ010;479.520389700000;219.666470400000;1.082828282828;0.159523809523;
2020-10-05;2020-10-04;CZ020;368.956442600000;236.376634400000;1.131964809384;0.182926003655;
2020-10-05;2020-10-04;CZ031;253.282179600000;138.786291400000;1.452076677316;0.189296126613;
2020-10-05;2020-10-04;CZ032;303.532242200000;161.959962100000;1.195460277427;0.185337243401;
2020-10-05;2020-10-04;CZ041;213.766275300000;213.872071500000;1.180505415162;0.176565874730;
2020-10-05;2020-10-04;CZ042;243.572858800000;187.170533800000;1.144495412844;0.213020277481;
2020-10-05;2020-10-04;CZ051;297.191260000000;128.827668200000;1.432075471698;0.209090909090;
2020-10-05;2020-10-04;CZ052;188.996791900000;118.016010500000;0.964356435643;0.112471131639;
2020-10-05;2020-10-04;CZ053;253.989626200000;170.954464700000;1.155000000000;0.167028199566;
2020-10-05;2020-10-04;CZ063;317.381085200000;204.259182200000;1.149934810951;0.229150428682;
2020-10-05;2020-10-04;CZ064;278.166560200000;202.565554700000;1.283085633404;0.213847605567;
2020-10-05;2020-10-04;CZ071;303.875201800000;162.001280900000;1.141928494041;0.249822232756;
2020-10-05;2020-10-04;CZ072;369.234588000000;224.431169000000;1.416579223504;0.235807860262;
2020-10-05;2020-10-04;CZ080;234.735093000000;164.109735500000;1.633107454017;0.126927996388;
2020-10-06;2020-10-05;CZ010;490.306227900000;234.679646400000;1.145096731154;0.165613391866;
2020-10-06;2020-10-05;CZ020;379.471486700000;256.747303700000;1.146715034260;0.186032825475;
2020-10-06;2020-10-05;CZ031;257.633039100000;149.978734300000;1.454682779456;0.183813704905;
2020-10-06;2020-10-05;CZ032;335.002140200000;178.402597900000;1.453634085213;0.205491585473;
2020-10-06;2020-10-05;CZ041;218.539366000000;225.388260000000;1.312741312741;0.183189655172;
2020-10-06;2020-10-05;CZ042;245.041639900000;189.625229300000;1.286384976525;0.217806041335;
2020-10-06;2020-10-05;CZ051;307.361303200000;144.242944700000;1.469500924214;0.201623129596;
2020-10-06;2020-10-05;CZ052;232.932645600000;160.930923400000;1.414498141263;0.160244261949;
2020-10-06;2020-10-05;CZ053;269.481463300000;187.678271100000;1.261290322580;0.179111314704;
2020-10-06;2020-10-05;CZ063;326.028000200000;231.682868700000;1.164141414141;0.241740954378;
2020-10-06;2020-10-05;CZ064;287.787358600000;218.688119300000;1.261904761904;0.215423486762;
2020-10-06;2020-10-05;CZ071;332.264377700000;192.141054100000;1.265656565656;0.260987294313;
2020-10-06;2020-10-05;CZ072;399.745569400000;245.650115800000;1.392023346303;0.253453772582;
2020-10-06;2020-10-05;CZ080;253.849236300000;188.787891200000;1.654844290657;0.132607791487;
2020-10-07;2020-10-06;CZ010;513.301035700000;252.063323900000;1.266884176182;0.180529080849;
2020-10-07;2020-10-06;CZ020;395.136756300000;273.274450500000;1.226348709929;0.195695570804;
2020-10-07;2020-10-06;CZ031;287.467504500000;173.109782900000;1.776487663280;0.203966005665;
2020-10-07;2020-10-06;CZ032;344.138562200000;181.691125000000;1.517114914425;0.201821434379;
2020-10-07;2020-10-06;CZ041;225.017131900000;245.130297400000;1.484496124031;0.192559074912;
2020-10-07;2020-10-06;CZ042;252.997537300000;193.920946500000;1.383101851851;0.222781506338;
2020-10-07;2020-10-06;CZ051;345.329464100000;168.466950700000;1.788530465949;0.227386648439;
2020-10-07;2020-10-06;CZ052;254.355913000000;182.388379900000;1.577464788732;0.177005136309;
2020-10-07;2020-10-06;CZ053;265.656318300000;187.678271100000;1.202743902439;0.163117634897;
2020-10-07;2020-10-06;CZ063;348.234850200000;257.215266400000;1.225609756097;0.237364194615;
2020-10-07;2020-10-06;CZ064;311.379229200000;236.464280200000;1.464172479391;0.238582351725;
2020-10-07;2020-10-06;CZ071;356.529986200000;204.196963400000;1.240636704119;0.263314785373;
2020-10-07;2020-10-06;CZ072;432.152713400000;263.604609400000;1.408884859474;0.256139772539;
2020-10-07;2020-10-06;CZ080;271.957372100000;210.586928800000;1.745067087608;0.148618673119;
2020-10-08;2020-10-07;CZ010;539.291909700000;273.002753700000;1.370962479608;0.191304347826;
2020-10-08;2020-10-07;CZ020;431.259866700000;293.260767600000;1.360429447852;0.215173752198;
2020-10-08;2020-10-07;CZ031;319.166623900000;192.510017200000;1.899045020463;0.218181818181;
2020-10-08;2020-10-07;CZ032;367.148810300000;195.667365400000;1.635280095351;0.215486100204;
2020-10-08;2020-10-07;CZ041;245.473234800000;264.872334800000;1.688644688644;0.212149102623;
2020-10-08;2020-10-07;CZ042;274.172464200000;212.944836800000;1.502164502164;0.247327156094;
2020-10-08;2020-10-07;CZ051;365.895551300000;194.893139100000;1.793677204658;0.236818980667;
2020-10-08;2020-10-07;CZ052;271.603458900000;191.466534600000;1.547657512116;0.192872961546;
2020-10-08;2020-10-07;CZ053;282.869470700000;196.040174200000;1.234195402298;0.179857621440;
2020-10-08;2020-10-07;CZ063;369.655616900000;268.562998800000;1.281176470588;0.244664120422;
2020-10-08;2020-10-07;CZ064;341.412851800000;271.603203000000;1.474329054842;0.246849662987;
2020-10-08;2020-10-07;CZ071;386.346550900000;231.322759200000;1.312159709618;0.258029978586;
2020-10-08;2020-10-07;CZ072;474.385427800000;292.984689700000;1.397082658022;0.265598521029;
2020-10-08;2020-10-07;CZ080;306.413130400000;247.604162300000;1.706967213114;0.161569793754;
2020-10-09;2020-10-08;CZ010;548.055403200000;291.571681900000;1.392728463806;0.194920693132;
2020-10-09;2020-10-08;CZ020;444.564616300000;301.716517100000;1.377920120572;0.222540010953;
2020-10-09;2020-10-08;CZ031;359.878238000000;215.641065800000;1.823991031390;0.249731389102;
2020-10-09;2020-10-08;CZ032;394.050497300000;207.177210500000;1.697752808988;0.222009991184;
2020-10-09;2020-10-08;CZ041;244.450429700000;266.517504600000;1.604895104895;0.217226691907;
2020-10-09;2020-10-08;CZ042;295.592188000000;220.308923400000;1.534124629080;0.258241758241;
2020-10-09;2020-10-08;CZ051;390.981657700000;215.813871500000;1.713450292397;0.239672801635;
2020-10-09;2020-10-08;CZ052;297.928660500000;198.894115700000;1.869337979094;0.204810078259;
2020-10-09;2020-10-08;CZ053;316.722003700000;216.480382000000;1.472754050073;0.196927924379;
2020-10-09;2020-10-08;CZ063;403.850235400000;326.247304900000;1.432714617169;0.266738660907;
2020-10-09;2020-10-08;CZ064;352.790491600000;280.697983000000;1.499148211243;0.248120300751;
2020-10-09;2020-10-08;CZ071;419.652288100000;257.695060800000;1.498575498575;0.271087442020;
2020-10-09;2020-10-08;CZ072;521.617116400000;322.364770000000;1.460136674259;0.279424585876;
2020-10-09;2020-10-08;CZ080;335.922684900000;279.274462200000;1.741894469167;0.170801645680;
2020-10-10;2020-10-09;CZ010;609.774366200000;341.747296600000;1.578358208955;0.222475455820;
2020-10-10;2020-10-09;CZ020;492.132672600000;338.229981000000;1.581051073279;0.247781451191;
2020-10-10;2020-10-09;CZ031;417.993290300000;249.964557200000;2.152915291529;0.291958824406;
2020-10-10;2020-10-09;CZ032;427.381518300000;230.196900500000;1.779535864978;0.238918000283;
2020-10-10;2020-10-09;CZ041;260.815312000000;286.259541900000;1.504587155963;0.222624434389;
2020-10-10;2020-10-09;CZ042;325.824598100000;228.286683800000;1.741482965931;0.280187006287;
2020-10-10;2020-10-09;CZ051;445.899890600000;263.160792300000;1.807641633728;0.261532596263;
2020-10-10;2020-10-09;CZ052;340.775195400000;224.478006100000;2.583162217659;0.241227229146;
2020-10-10;2020-10-09;CZ053;361.858714400000;245.282492900000;1.725829725829;0.227074235807;
2020-10-10;2020-10-09;CZ063;464.182119700000;361.236146300000;1.714285714285;0.308571428571;
2020-10-10;2020-10-09;CZ064;407.670871600000;321.624493000000;1.742415885273;0.280500799147;
2020-10-10;2020-10-09;CZ071;485.312169900000;304.411709300000;1.857685009487;0.313631267019;
2020-10-10;2020-10-09;CZ072;604.531139300000;380.308817200000;1.683703703703;0.316882754774;
2020-10-10;2020-10-09;CZ080;397.624480800000;318.759511300000;1.943687018375;0.196300287356;
2020-10-11;2020-10-10;CZ010;623.256664000000;353.204720400000;1.534517914360;0.233572758712;
2020-10-11;2020-10-10;CZ020;525.823732000000;363.981581800000;1.650966608084;0.262226440375;
2020-10-11;2020-10-10;CZ031;446.895428600000;269.364791500000;2.060228452751;0.281498297389;
2020-10-11;2020-10-10;CZ032;457.328679300000;251.572327000000;1.562931034482;0.248662734878;
2020-10-11;2020-10-10;CZ041;264.565597600000;291.195051300000;1.441176470588;0.215954164830;
2020-10-11;2020-10-10;CZ042;355.567414600000;246.696900300000;1.728102189781;0.296030009377;
2020-10-11;2020-10-10;CZ051;478.444028600000;312.709895500000;1.802515723270;0.272537086344;
2020-10-11;2020-10-10;CZ052;381.443093000000;260.790624700000;2.006570302233;0.262235960844;
2020-10-11;2020-10-10;CZ053;375.820493500000;255.502596800000;1.644501278772;0.237356958287;
2020-10-11;2020-10-10;CZ063;487.764615200000;384.877255300000;1.757049891540;0.317584787296;
2020-10-11;2020-10-10;CZ064;428.836627900000;332.786268500000;1.715961244263;0.289886285320;
2020-10-11;2020-10-10;CZ071;496.731279700000;302.904720600000;1.659217877094;0.318474264705;
2020-10-11;2020-10-10;CZ072;633.490714800000;401.527764100000;1.647798742138;0.319123020706;
2020-10-11;2020-10-10;CZ080;424.954352400000;336.445522900000;1.827496079456;0.201023517911;
2020-10-12;2020-10-11;CZ010;630.147616100000;367.427729300000;1.338398145763;0.225056296552;
2020-10-12;2020-10-11;CZ020;535.838059700000;370.899922300000;1.526617787695;0.263929457150;
2020-10-12;2020-10-11;CZ031;458.860292300000;281.303397200000;1.669934640522;0.295119838290;
2020-10-12;2020-10-11;CZ032;479.154576400000;267.192831000000;1.518130539887;0.247049567269;
2020-10-12;2020-10-11;CZ041;282.294220100000;306.001579300000;1.308093994778;0.220123022847;
2020-10-12;2020-10-11;CZ042;364.502499300000;260.197725700000;1.656903765690;0.297297297297;
2020-10-12;2020-10-11;CZ051;508.728157000000;345.742630900000;1.494989979959;0.277633048008;
2020-10-12;2020-10-11;CZ052;384.529496000000;268.218205800000;1.820312500000;0.268875700626;
2020-10-12;2020-10-11;CZ053;389.591015400000;267.580901400000;1.703422053231;0.243125904486;
2020-10-12;2020-10-11;CZ063;506.237570000000;388.659832800000;1.685572139303;0.319321394910;
2020-10-12;2020-10-11;CZ064;441.720131800000;344.361443000000;1.501515807708;0.294387365203;
2020-10-12;2020-10-11;CZ071;507.040198400000;314.207135500000;1.617358490566;0.318661710037;
2020-10-12;2020-10-11;CZ072;681.929052400000;451.310678000000;1.676962676962;0.326484590328;
2020-10-12;2020-10-11;CZ080;459.577778600000;364.825402000000;1.716417910447;0.208872254939;
2020-10-13;2020-10-12;CZ010;659.434162900000;397.849164900000;1.278200856734;0.225038756441;
2020-10-13;2020-10-12;CZ020;562.733682500000;388.580125900000;1.415445321307;0.271005342399;
2020-10-13;2020-10-12;CZ031;473.932912800000;286.526537200000;1.499281609195;0.302902757619;
2020-10-13;2020-10-12;CZ032;521.452826400000;307.477288600000;1.400874635568;0.247712334063;
2020-10-13;2020-10-12;CZ041;299.000037500000;320.808107300000;1.164859002169;0.222821576763;
2020-10-13;2020-10-12;CZ042;384.086246800000;285.972028700000;1.471181556195;0.294193920184;
2020-10-13;2020-10-12;CZ051;535.848271900000;371.067728100000;1.461966604823;0.286129266521;
2020-10-13;2020-10-12;CZ052;417.753715900000;304.530824400000;1.607515657620;0.252087084629;
2020-10-13;2020-10-12;CZ053;414.263200500000;286.162908400000;1.611175785797;0.249459264599;
2020-10-13;2020-10-12;CZ063;570.499870200000;441.615917000000;1.819100091827;0.330552311029;
2020-10-13;2020-10-12;CZ064;458.786591400000;365.031397600000;1.394143252869;0.288415882112;
2020-10-13;2020-10-12;CZ071;555.254217900000;345.853897400000;1.554633471645;0.323127784964;
2020-10-13;2020-10-12;CZ072;704.510626200000;479.058531600000;1.540603248259;0.322095561484;
2020-10-13;2020-10-12;CZ080;484.308797300000;376.753177300000;1.546218487394;0.211749232792;
2020-10-14;2020-10-13;CZ010;718.456666300000;441.703442300000;1.342662276575;0.231912905715;
2020-10-14;2020-10-13;CZ020;626.038539400000;442.389441000000;1.535411539513;0.285794268845;
2020-10-14;2020-10-13;CZ031;563.125533100000;371.589103000000;1.475107559926;0.327913649405;
2020-10-14;2020-10-13;CZ032;593.867430500000;346.117482600000;1.501654533421;0.265504329510;
2020-10-14;2020-10-13;CZ041;337.184762900000;350.421163400000;1.320261437908;0.251452282157;
2020-10-14;2020-10-13;CZ042;429.496061200000;316.655722800000;1.491940683430;0.309234264332;
2020-10-14;2020-10-13;CZ051;614.722606400000;417.313557700000;1.469283276450;0.293756397134;
2020-10-14;2020-10-13;CZ052;485.291474400000;337.542295900000;1.656104380242;0.272797052502;
2020-10-14;2020-10-13;CZ053;486.558440500000;340.050728800000;1.755000000000;0.291770573566;
2020-10-14;2020-10-13;CZ063;622.577881100000;490.789423900000;1.751417004048;0.347972972972;
2020-10-14;2020-10-13;CZ064;528.725612300000;405.131109500000;1.519318181818;0.305833015630;
2020-10-14;2020-10-13;CZ071;576.823647700000;363.184267000000;1.465145754119;0.299481865284;
2020-10-14;2020-10-13;CZ072;767.083994800000;506.806385200000;1.505980239209;0.336822516864;
2020-10-14;2020-10-13;CZ080;525.722774500000;405.133056300000;1.481751824817;0.214905780224;
2020-10-15;2020-10-14;CZ010;775.831333400000;485.557719700000;1.212765957446;0.240281030444;
2020-10-15;2020-10-14;CZ020;679.329068600000;460.453996800000;1.392556179775;0.282384772392;
2020-10-15;2020-10-14;CZ031;641.130228900000;416.358874400000;1.397036280020;0.345988357377;
2020-10-15;2020-10-14;CZ032;662.559788500000;398.733917000000;1.508002371072;0.272902810555;
2020-10-15;2020-10-14;CZ041;363.777696700000;386.614898600000;1.231707317073;0.244354838709;
2020-10-15;2020-10-14;CZ042;491.674459300000;387.228219100000;1.512658227848;0.325936027770;
2020-10-15;2020-10-14;CZ051;676.646868900000;460.256113800000;1.396501457725;0.305435995536;
2020-10-15;2020-10-14;CZ052;552.647679800000;359.825039200000;1.658187599364;0.282809110629;
2020-10-15;2020-10-14;CZ053;538.771669400000;359.561836200000;1.637123745819;0.300814257182;
2020-10-15;2020-10-14;CZ063;695.880138000000;553.201951800000;1.621693121693;0.371627765989;
2020-10-15;2020-10-14;CZ064;572.897625500000;435.309243100000;1.367837923393;0.316788856304;
2020-10-15;2020-10-14;CZ071;648.986078200000;422.710319100000;1.351378958120;0.327434723425;
2020-10-15;2020-10-14;CZ072;867.580617000000;563.934319100000;1.455785305763;0.356112785191;
2020-10-15;2020-10-14;CZ080;587.843740200000;436.392053600000;1.376334248246;0.219088305257;
2020-10-16;2020-10-15;CZ010;812.383340600000;497.015143500000;1.251708428246;0.246200948362;
2020-10-16;2020-10-15;CZ020;725.466506700000;486.974302200000;1.380668511816;0.290715918769;
2020-10-16;2020-10-15;CZ031;722.398069400000;482.767368800000;1.523185483870;0.347636028988;
2020-10-16;2020-10-15;CZ032;744.110814600000;484.235622900000;1.592388306674;0.283539579650;
2020-10-16;2020-10-15;CZ041;393.098110800000;401.421426600000;1.416326530612;0.256656804733;
2020-10-16;2020-10-15;CZ042;544.672975800000;403.797413900000;1.530623020063;0.337721342031;
2020-10-16;2020-10-15;CZ051;761.849230200000;518.613946400000;1.534542916957;0.324336283185;
2020-10-16;2020-10-15;CZ052;615.465057300000;391.185937100000;1.517354289456;0.305028962611;
2020-10-16;2020-10-15;CZ053;592.132441800000;406.945954200000;1.629860031104;0.307106227106;
2020-10-16;2020-10-15;CZ063;699.024470700000;553.201951800000;1.433333333333;0.362133499688;
2020-10-16;2020-10-15;CZ064;625.100913800000;465.073977700000;1.435958395245;0.334533370257;
2020-10-16;2020-10-15;CZ071;749.854882100000;459.631541200000;1.515151515151;0.363783346806;
2020-10-16;2020-10-15;CZ072;966.870590300000;627.591159800000;1.563189143341;0.368673734746;
2020-10-16;2020-10-15;CZ080;645.940675700000;475.877102700000;1.420194508009;0.228454424147;
2020-10-17;2020-10-16;CZ010;872.379565600000;538.498919400000;1.264383298056;0.236869615370;
2020-10-17;2020-10-16;CZ020;790.631167300000;532.712220000000;1.415953226143;0.283913917266;
2020-10-17;2020-10-16;CZ031;797.761171900000;523.806325900000;1.554305283757;0.337583678673;
2020-10-17;2020-10-16;CZ032;854.593843700000;561.516011000000;1.785562632696;0.298544550940;
2020-10-17;2020-10-16;CZ041;456.171094800000;427.744143100000;1.688622754491;0.300319488817;
2020-10-17;2020-10-16;CZ042;587.879618700000;420.366608700000;1.547979797979;0.333987141767;
2020-10-17;2020-10-16;CZ051;819.479474500000;567.061958400000;1.510723860589;0.308894066054;
2020-10-17;2020-10-16;CZ052;718.405673100000;439.052570700000;1.654812998160;0.315451145395;
2020-10-17;2020-10-16;CZ053;661.558823000000;469.195677800000;1.683779761904;0.313826099015;
2020-10-17;2020-10-16;CZ063;785.493620900000;624.125278900000;1.466942148760;0.362456242707;
2020-10-17;2020-10-16;CZ064;682.825703700000;496.492308700000;1.443034323622;0.326013293366;
2020-10-17;2020-10-16;CZ071;832.326231200000;527.446030900000;1.535230984601;0.355560358802;
2020-10-17;2020-10-16;CZ072;1054.094073800000;669.212940200000;1.474290099769;0.359031866180;
2020-10-17;2020-10-16;CZ080;693.390698100000;503.023074000000;1.315415019762;0.224692802808;
2020-10-18;2020-10-17;CZ010;922.488772200000;566.944937200000;1.312232358964;0.235419867726;
2020-10-18;2020-10-17;CZ020;847.998958500000;569.225683900000;1.425328554360;0.283968738842;
2020-10-18;2020-10-17;CZ031;852.613079600000;546.191211600000;1.678485864877;0.353659767794;
2020-10-18;2020-10-17;CZ032;949.341923800000;643.729189700000;1.976066597294;0.323729969314;
2020-10-18;2020-10-17;CZ041;489.923664600000;455.712029400000;1.763500931098;0.321889870836;
2020-10-18;2020-10-17;CZ042;601.221046600000;427.117021400000;1.477962781586;0.326871006173;
2020-10-18;2020-10-17;CZ051;873.719704500000;606.701240900000;1.543781725888;0.304543747653;
2020-10-18;2020-10-17;CZ052;832.421028900000;497.647932600000;1.985714285714;0.329029481385;
2020-10-18;2020-10-17;CZ053;709.373135200000;485.919484100000;1.750722543352;0.317728822449;
2020-10-18;2020-10-17;CZ063;880.806206900000;713.961493300000;1.444724886420;0.375098296199;
2020-10-18;2020-10-17;CZ064;733.857764400000;524.603446900000;1.534771501561;0.334054120845;
2020-10-18;2020-10-17;CZ071;910.039617900000;610.330407200000;1.627669039145;0.365206108394;
2020-10-18;2020-10-17;CZ072;1141.489935600000;718.179740800000;1.605421686746;0.368921958816;
2020-10-18;2020-10-17;CZ080;722.481082800000;518.652572600000;1.325569358178;0.226416762443;
2020-10-19;2020-10-18;CZ010;934.547938500000;577.612193800000;1.275179541075;0.238064094179;
2020-10-19;2020-10-18;CZ020;873.392432100000;578.834490200000;1.321638468388;0.282974261201;
2020-10-19;2020-10-18;CZ031;877.475134000000;565.591445900000;1.501250000000;0.355395541526;
2020-10-19;2020-10-18;CZ032;1006.359964800000;715.254655300000;1.791097399735;0.325928302189;
2020-10-19;2020-10-18;CZ041;526.062779700000;483.679915700000;1.719471947194;0.335048231511;
2020-10-19;2020-10-18;CZ042;661.318671600000;472.528888600000;1.479256698357;0.337008959338;
2020-10-19;2020-10-18;CZ051;891.347779300000;632.026338100000;1.423925667828;0.305126928820;
2020-10-19;2020-10-18;CZ052;871.091842200000;533.135264500000;1.782217220033;0.333508845829;
2020-10-19;2020-10-18;CZ053;721.804856400000;492.423186600000;1.384615384615;0.316447454095;
2020-10-19;2020-10-18;CZ063;922.665136400000;747.059046000000;1.387424872861;0.380644342973;
2020-10-19;2020-10-18;CZ064;739.630243400000;530.391034200000;1.339815507354;0.332549504950;
2020-10-19;2020-10-18;CZ071;943.186756300000;629.921259800000;1.645328719723;0.367146028375;
2020-10-19;2020-10-18;CZ072;1199.236708300000;762.249861200000;1.502417127071;0.364955544371;
2020-10-19;2020-10-18;CZ080;758.362018500000;538.395097200000;1.293349753694;0.229722635401;
2020-10-20;2020-10-19;CZ010;976.567766500000;624.232056200000;1.245451591942;0.244094237503;
2020-10-20;2020-10-19;CZ020;933.979114400000;600.358216200000;1.350647167591;0.292405109356;
2020-10-20;2020-10-19;CZ031;934.657859200000;639.461568800000;1.436722750548;0.363300036995;
2020-10-20;2020-10-19;CZ032;1041.044529900000;748.962058600000;1.663128930817;0.327172904423;
2020-10-20;2020-10-19;CZ041;585.044543100000;510.002632200000;1.945544554455;0.371807000946;
2020-10-20;2020-10-19;CZ042;682.738395400000;486.029714000000;1.344998098136;0.342868224570;
2020-10-20;2020-10-19;CZ051;961.182075400000;694.788535400000;1.397181628392;0.313907129455;
2020-10-20;2020-10-19;CZ052;908.491783800000;542.213419100000;1.660594439117;0.323375653472;
2020-10-20;2020-10-19;CZ053;772.488027200000;521.225297500000;1.355975485188;0.317659727207;
2020-10-20;2020-10-19;CZ063;966.489273800000;776.374021200000;1.197797716150;0.381181051265;
2020-10-20;2020-10-19;CZ064;769.747525100000;565.943356000000;1.314047674149;0.338782816229;
2020-10-20;2020-10-19;CZ071;1006.467656900000;666.088987600000;1.548752834467;0.378358415658;
2020-10-20;2020-10-19;CZ072;1262.844347400000;790.813828200000;1.411302508310;0.377282275004;
2020-10-20;2020-10-19;CZ080;799.943663500000;551.968082900000;1.258143142034;0.238121199412;
2020-10-21;2020-10-20;CZ010;1031.245974000000;674.407670900000;1.222171671216;0.246626067264;
2020-10-21;2020-10-20;CZ020;1000.932047700000;638.409089100000;1.291904394757;0.291977416881;
2020-10-21;2020-10-20;CZ031;1037.369221700000;716.316343200000;1.414956982131;0.369289230503;
2020-10-21;2020-10-20;CZ032;1140.360820900000;817.198996900000;1.548666435746;0.339226100151;
2020-10-21;2020-10-20;CZ041;662.436799100000;569.228744400000;1.926512968299;0.385191587438;
2020-10-21;2020-10-20;CZ042;759.604604100000;537.578320100000;1.342531907554;0.351994211811;
2020-10-21;2020-10-20;CZ051;1014.518301500000;739.933273800000;1.258299226921;0.316807877261;
2020-10-21;2020-10-20;CZ052;976.755754700000;610.712222400000;1.555028053517;0.331371286673;
2020-10-21;2020-10-20;CZ053;857.406245600000;585.333221800000;1.301526717557;0.326902336728;
2020-10-21;2020-10-20;CZ063;1028.196803700000;823.656239300000;1.321705426356;0.403762662807;
2020-10-21;2020-10-20;CZ064;835.838226600000;621.752233300000;1.237582781456;0.336882429158;
2020-10-21;2020-10-20;CZ071;1106.860664600000;739.177937600000;1.481587301587;0.405790800799;
2020-10-21;2020-10-20;CZ072;1363.685726500000;847.941762100000;1.360553445469;0.377266230346;
2020-10-21;2020-10-20;CZ080;830.375391700000;561.839345200000;1.177240684793;0.236515194432;
2020-10-22;2020-10-21;CZ010;1091.916313800000;723.002951200000;1.281692284279;0.249540740740;
2020-10-22;2020-10-21;CZ020;1083.979436200000;712.204721300000;1.357469399793;0.302298850574;
2020-10-22;2020-10-21;CZ031;1104.652156500000;747.655183200000;1.377085300598;0.367153407183;
2020-10-22;2020-10-21;CZ032;1253.550938000000;878.036749200000;1.446195005945;0.350807614652;
2020-10-22;2020-10-21;CZ041;697.212174100000;575.809423500000;1.700945626477;0.402742793171;
2020-10-22;2020-10-21;CZ042;852.505006000000;613.060207500000;1.414681892332;0.365598650927;
2020-10-22;2020-10-21;CZ051;1079.380576500000;793.886741700000;1.268855368234;0.317284224539;
2020-10-22;2020-10-21;CZ052;1133.436092300000;712.222497300000;1.540200074101;0.341493469153;
2020-10-22;2020-10-21;CZ053;968.526707100000;640.150142600000;1.372514361467;0.339787769390;
2020-10-22;2020-10-21;CZ063;1115.058995500000;920.111964200000;1.296579476861;0.412073155134;
2020-10-22;2020-10-21;CZ064;906.697497800000;675.494115200000;1.302618428942;0.341812650791;
2020-10-22;2020-10-21;CZ071;1265.459412900000;843.913649500000;1.620972644376;0.429249839021;
2020-10-22;2020-10-21;CZ072;1503.484629800000;923.024189500000;1.408901613742;0.390013689747;
2020-10-22;2020-10-21;CZ080;903.478606400000;602.146999500000;1.254807692307;0.258682634730;
2020-10-23;2020-10-22;CZ010;1167.117574600000;781.870404600000;1.275255391600;0.257299896942;
2020-10-23;2020-10-22;CZ020;1162.663439100000;773.701081500000;1.364766694607;0.307297892418;
2020-10-23;2020-10-22;CZ031;1224.611569200000;821.525306100000;1.387096774193;0.384141038817;
2020-10-23;2020-10-22;CZ032;1370.970880100000;979.981090900000;1.373354397051;0.362801697155;
2020-10-23;2020-10-22;CZ041;743.238405600000;579.099763000000;1.569165786694;0.384675122961;
2020-10-23;2020-10-22;CZ042;920.558528400000;666.449835200000;1.531477799867;0.370649558941;
2020-10-23;2020-10-22;CZ051;1180.855006800000;876.468580300000;1.243732018084;0.326429341963;
2020-10-23;2020-10-22;CZ052;1224.575755700000;774.119006300000;1.448005232177;0.341219079910;
2020-10-23;2020-10-22;CZ053;1060.712701000000;709.832669000000;1.423854725546;0.354391371340;
2020-10-23;2020-10-22;CZ063;1196.615125800000;956.046450000000;1.316212438853;0.429826563213;
2020-10-23;2020-10-22;CZ064;959.570059000000;734.196786200000;1.227667837987;0.329021065675;
2020-10-23;2020-10-22;CZ071;1348.247959600000;892.890780900000;1.462421426619;0.411837143077;
2020-10-23;2020-10-22;CZ072;1602.257467800000;972.807103400000;1.315431519699;0.390408575207;
2020-10-23;2020-10-22;CZ080;980.941187100000;639.164233100000;1.315111284654;0.271623855800;
2020-10-24;2020-10-23;CZ010;1179.026937600000;807.550837300000;1.259615384615;0.260452169961;
2020-10-24;2020-10-23;CZ020;1207.513320800000;804.833613900000;1.361002560301;0.313645115210;
2020-10-24;2020-10-23;CZ031;1303.859367700000;875.995194700000;1.447127393838;0.398045652339;
2020-10-24;2020-10-23;CZ032;1458.443661200000;1059.727874300000;1.293307086614;0.370453904708;
2020-10-24;2020-10-23;CZ041;790.969312400000;602.132140000000;1.414587332053;0.378142637249;
2020-10-24;2020-10-23;CZ042;1007.216610900000;727.203549400000;1.508618171194;0.376604434072;
2020-10-24;2020-10-23;CZ051;1279.165423600000;982.173333700000;1.389070146818;0.344109921196;
2020-10-24;2020-10-23;CZ052;1337.320239700000;883.882149000000;1.473634354278;0.348621797266;
2020-10-24;2020-10-23;CZ053;1121.915020500000;728.414676000000;1.482716049382;0.350486381322;
2020-10-24;2020-10-23;CZ063;1224.717599600000;1007.111245600000;1.248583805398;0.442907801418;
2020-10-24;2020-10-23;CZ064;1044.567720700000;799.927241700000;1.392445106066;0.357918400535;
2020-10-24;2020-10-23;CZ071;1391.545417900000;910.221150500000;1.441640378548;0.408826599075;
2020-10-24;2020-10-23;CZ072;1693.790411900000;1051.153984200000;1.375316019305;0.397423125456;
2020-10-24;2020-10-23;CZ080;1032.499073600000;667.132809600000;1.394781946295;0.288653292870;
2020-10-25;2020-10-24;CZ010;1225.840471400000;864.047789300000;1.215338463545;0.258998804791;
2020-10-25;2020-10-24;CZ020;1288.772436500000;866.329974000000;1.351462352209;0.314753623188;
2020-10-25;2020-10-24;CZ031;1413.407795100000;943.149851800000;1.423879837067;0.401219512195;
2020-10-25;2020-10-24;CZ032;1553.022548300000;1132.897603400000;1.271803356180;0.356711965528;
2020-10-25;2020-10-24;CZ041;894.613567100000;702.487496700000;1.422391857506;0.383401920438;
2020-10-25;2020-10-24;CZ042;1075.025336400000;763.410308400000;1.630373303167;0.388975102894;
2020-10-25;2020-10-24;CZ051;1324.591616200000;987.678789600000;1.280537915577;0.354608461777;
2020-10-25;2020-10-24;CZ052;1465.496738300000;977.964842700000;1.447459584295;0.349310296781;
2020-10-25;2020-10-24;CZ053;1195.357804000000;765.578690100000;1.441431261770;0.355272929818;
2020-10-25;2020-10-24;CZ063;1246.727928700000;1028.861065900000;1.185563500170;0.427029678685;
2020-10-25;2020-10-24;CZ064;1101.957874200000;847.881536300000;1.367558999647;0.360525582691;
2020-10-25;2020-10-24;CZ071;1449.275362300000;973.514674300000;1.336993655441;0.413509433962;
2020-10-25;2020-10-24;CZ072;1836.174991600000;1148.271471900000;1.367880085653;0.405021557189;
2020-10-25;2020-10-24;CZ080;1088.667828000000;695.923991200000;1.384994716449;0.302066528385;
2020-10-26;2020-10-25;CZ010;1249.359590800000;888.542971200000;1.166397816106;0.259776150338;
2020-10-26;2020-10-25;CZ020;1317.813986700000;890.159813600000;1.313201241346;0.315243553008;
2020-10-26;2020-10-25;CZ031;1446.971568600000;960.311597600000;1.335126286248;0.403605514316;
2020-10-26;2020-10-25;CZ032;1593.290482300000;1178.936983500000;1.197271303958;0.360835861139;
2020-10-26;2020-10-25;CZ041;979.506394200000;781.455646200000;1.369483919222;0.394272179155;
2020-10-26;2020-10-25;CZ042;1125.453486100000;789.184611500000;1.483042137718;0.392893608331;
2020-10-26;2020-10-25;CZ051;1371.147813600000;1036.126801600000;1.306469100108;0.353925983943;
2020-10-26;2020-10-25;CZ052;1589.315962300000;1067.921102500000;1.550652234249;0.356222902320;
2020-10-26;2020-10-25;CZ053;1221.942561600000;783.231596800000;1.451246334310;0.356891733525;
2020-10-26;2020-10-25;CZ063;1291.731190900000;1089.382305100000;1.163897034864;0.422922093298;
2020-10-26;2020-10-25;CZ064;1113.084536600000;869.791688100000;1.326254180602;0.363240817074;
2020-10-26;2020-10-25;CZ071;1519.534607800000;992.352032500000;1.237840154274;0.425718496683;
2020-10-26;2020-10-25;CZ072;1878.752462800000;1153.984265300000;1.305682951146;0.410018785222;
2020-10-26;2020-10-25;CZ080;1111.889835400000;718.956936600000;1.370744225834;0.308807091925;
2020-10-27;2020-10-26;CZ010;1295.648813100000;916.198821800000;1.143552600332;0.266882810984;
2020-10-27;2020-10-26;CZ020;1372.463603200000;923.598459500000;1.211515480717;0.319899027566;
2020-10-27;2020-10-26;CZ031;1525.597815800000;1059.551257600000;1.346285714285;0.398997425823;
2020-10-27;2020-10-26;CZ032;1646.078698400000;1236.486208700000;1.130113052415;0.360998030203;
2020-10-27;2020-10-26;CZ041;972.687693200000;768.294287900000;1.163307852675;0.345083487940;
2020-10-27;2020-10-26;CZ042;1204.522866400000;838.278522000000;1.454105166051;0.403158769742;
2020-10-27;2020-10-26;CZ051;1427.196051300000;1073.563901800000;1.272027972027;0.356666666666;
2020-10-27;2020-10-26;CZ052;1659.213911300000;1101.757860800000;1.365167187875;0.371084810043;
2020-10-27;2020-10-26;CZ053;1296.915403000000;869.637929500000;1.328396651641;0.362820963770;
2020-10-27;2020-10-26;CZ063;1347.739617800000;1109.240836700000;1.216945996275;0.467008099094;
2020-10-27;2020-10-26;CZ064;1153.073594000000;923.946969100000;1.243670400491;0.365584122688;
2020-10-27;2020-10-26;CZ071;1534.760087600000;1017.970839700000;1.046127882992;0.404451210671;
2020-10-27;2020-10-26;CZ072;1940.119182400000;1193.973819000000;1.216515795307;0.407866212449;
2020-10-27;2020-10-26;CZ080;1186.334393500000;788.467075200000;1.352650063856;0.320801150991;
2020-10-28;2020-10-27;CZ010;1321.115375500000;957.287514100000;1.065754339118;0.266564630582;
2020-10-28;2020-10-27;CZ020;1431.190481800000;965.492854800000;1.190500563005;0.328698208128;
2020-10-28;2020-10-27;CZ031;1568.018696200000;1096.859400500000;1.196748302119;0.384386567953;
2020-10-28;2020-10-27;CZ032;1713.079126400000;1278.414929900000;1.083972392638;0.362784728905;
2020-10-28;2020-10-27;CZ041;1018.372989700000;812.713872000000;1.110363391655;0.331525015069;
2020-10-28;2020-10-27;CZ042;1281.389075200000;913.760409400000;1.422977066205;0.403298994358;
2020-10-28;2020-10-27;CZ051;1499.064356000000;1141.831555000000;1.277594183740;0.366654021244;
2020-10-28;2020-10-27;CZ052;1720.578863900000;1190.888833800000;1.326558265582;0.369643194260;
2020-10-28;2020-10-27;CZ053;1363.281668300000;891.936338000000;1.275362318840;0.371747211895;
2020-10-28;2020-10-27;CZ063;1418.487104300000;1180.164163800000;1.101406955136;0.459926837379;
2020-10-28;2020-10-27;CZ064;1219.247954700000;988.850626500000;1.294667068394;0.375595472225;
2020-10-28;2020-10-27;CZ071;1725.554381900000;1139.283426800000;1.161091384787;0.446272087343;
2020-10-28;2020-10-27;CZ072;2051.820402300000;1268.240133100000;1.228026386165;0.421800367421;
2020-10-28;2020-10-27;CZ080;1247.952355400000;830.008637300000;1.342191211401;0.332060087413;
2020-10-29;2020-10-28;CZ010;1306.509552900000;964.003935000000;0.983751363140;0.257794416026;
2020-10-29;2020-10-28;CZ020;1479.402316300000;1040.441543800000;1.136336633663;0.327998628218;
2020-10-29;2020-10-28;CZ031;1660.629849000000;1162.521731900000;1.210586881472;0.408411517308;
2020-10-29;2020-10-28;CZ032;1726.106987500000;1299.790356300000;1.015410958904;0.362125118740;
2020-10-29;2020-10-28;CZ041;1064.058286200000;893.327191300000;1.141112618724;0.342357012008;
2020-10-29;2020-10-28;CZ042;1303.175994200000;900.873257900000;1.222114639814;0.388536600381;
2020-10-29;2020-10-28;CZ051;1504.488379000000;1177.066472800000;1.114797416324;0.372547095761;
2020-10-29;2020-10-28;CZ052;1748.174937300000;1247.833622100000;1.172487679451;0.368212098782;
2020-10-29;2020-10-28;CZ053;1414.347353700000;983.917272900000;1.190396891479;0.365394445391;
2020-10-29;2020-10-28;CZ063;1462.507762500000;1220.826871400000;1.126234320789;0.463940193491;
2020-10-29;2020-10-28;CZ064;1254.217465100000;1012.827773800000;1.132567152211;0.373627827007;
2020-10-29;2020-10-28;CZ071;1749.978589100000;1142.297404200000;1.039569657184;0.430784343358;
2020-10-29;2020-10-28;CZ072;2090.260791300000;1285.378513300000;1.121824866310;0.413795228995;
2020-10-29;2020-10-28;CZ080;1290.288506100000;874.840620200000;1.246176952484;0.336033283016;
2020-10-30;2020-10-29;CZ010;1320.665965500000;1005.487710900000;0.927666881305;0.259587374996;
2020-10-30;2020-10-29;CZ020;1503.937419000000;1078.492416700000;1.036559535868;0.330117019092;
2020-10-30;2020-10-29;CZ031;1685.491903500000;1169.237197700000;1.070623994278;0.394076999012;
2020-10-30;2020-10-29;CZ032;1736.089374500000;1288.280511300000;0.937558074707;0.353439820652;
2020-10-30;2020-10-29;CZ041;1124.744724800000;914.714398500000;1.081097197376;0.365524193548;
2020-10-30;2020-10-29;CZ042;1393.873224600000;1021.767012500000;1.173633998265;0.403049979150;
2020-10-30;2020-10-29;CZ051;1525.054466200000;1197.987205300000;1.085764294049;0.369796323894;
2020-10-30;2020-10-29;CZ052;1864.913589700000;1379.879508100000;1.165536497806;0.375264881525;
2020-10-30;2020-10-29;CZ053;1490.467738700000;1043.379695400000;1.134831460674;0.360534617300;
2020-10-30;2020-10-29;CZ063;1542.491726400000;1299.315353400000;1.172314761631;0.460202931228;
2020-10-30;2020-10-29;CZ064;1272.873448000000;1036.804921100000;1.104571796522;0.387538405928;
2020-10-30;2020-10-29;CZ071;1733.960115500000;1155.106807800000;1.018799050921;0.432914533891;
2020-10-30;2020-10-29;CZ072;2089.054142300000;1294.355760100000;1.019098309329;0.402472952086;
2020-10-30;2020-10-29;CZ080;1290.707676000000;883.066672100000;1.101220752797;0.328827460510;
2020-10-31;2020-10-30;CZ010;1309.955029000000;1040.255065900000;0.885000000000;0.257211761432;
2020-10-31;2020-10-30;CZ020;1528.186398100000;1115.390232800000;1.023813852026;0.327994875080;
2020-10-31;2020-10-30;CZ031;1758.213412700000;1252.807437700000;1.068663513750;0.389466964570;
2020-10-31;2020-10-30;CZ032;1675.010701400000;1251.284580900000;0.867550906033;0.321874133629;
2020-10-31;2020-10-30;CZ041;1104.288621900000;890.036851800000;0.963954123429;0.339488363146;
2020-10-31;2020-10-30;CZ042;1448.340522200000;1067.178879700000;1.155405405405;0.399317406143;
2020-10-31;2020-10-30;CZ051;1588.786736400000;1232.121031900000;1.002489626556;0.368180432794;
2020-10-31;2020-10-30;CZ052;1868.907758300000;1423.619707800000;1.007159477358;0.367513552347;
2020-10-31;2020-10-30;CZ053;1558.172804700000;1129.786028100000;1.147764587016;0.369460931783;
2020-10-31;2020-10-30;CZ063;1579.830677600000;1337.141127900000;1.201567749160;0.456450069126;
2020-10-31;2020-10-30;CZ064;1290.190885000000;1097.574587500000;1.001008700037;0.354040313949;
2020-10-31;2020-10-30;CZ071;1754.419354100000;1210.111893900000;0.965553055218;0.433276370980;
2020-10-31;2020-10-30;CZ072;2123.702205900000;1335.161427200000;0.967623701893;0.398440447742;
2020-10-31;2020-10-30;CZ080;1325.834106000000;923.374326400000;1.059785322016;0.318719267294;
2020-11-01;2020-10-31;CZ010;1296.023321300000;1060.404328500000;0.829093552071;0.262276235835;
2020-11-01;2020-10-31;CZ020;1563.236544800000;1167.277786700000;0.985921807747;0.334458842854;
2020-11-01;2020-10-31;CZ031;1809.491400000000;1302.054186300000;1.027504244482;0.387080268628;
2020-11-01;2020-10-31;CZ032;1637.619048400000;1227.442759000000;0.781738814114;0.308631337067;
2020-11-01;2020-10-31;CZ041;1184.749293400000;983.811529300000;1.074074074074;0.322742775085;
2020-11-01;2020-10-31;CZ042;1540.506533600000;1119.954833600000;1.081839809674;0.392801612438;
2020-11-01;2020-10-31;CZ051;1638.958949100000;1261.850493800000;1.051126992853;0.374938719482;
2020-11-01;2020-10-31;CZ052;1880.345604500000;1464.058760400000;0.941497797356;0.365533283163;
2020-11-01;2020-10-31;CZ053;1628.746729500000;1219.908762300000;1.136451769268;0.370116031257;
2020-11-01;2020-10-31;CZ063;1554.676015800000;1304.989219600000;1.129558786023;0.468925357331;
2020-11-01;2020-10-31;CZ064;1282.912541900000;1112.870353900000;0.933991363355;0.343731553376;
2020-11-01;2020-10-31;CZ071;1745.379225400000;1185.246581000000;0.990500089621;0.431011621558;
2020-11-01;2020-10-31;CZ072;2157.660755800000;1367.805960800000;0.930751708428;0.397754559023;
2020-11-01;2020-10-31;CZ080;1386.949064100000;966.149796400000;1.024430544081;0.320082601961;
2020-11-02;2020-11-01;CZ010;1280.069269000000;1066.725665800000;0.802797786825;0.260104853712;
2020-11-02;2020-11-01;CZ020;1581.333865500000;1187.264103800000;0.954858125537;0.341524172714;
2020-11-02;2020-11-01;CZ031;1808.714460800000;1299.815697700000;1.019948409286;0.384281456524;
2020-11-02;2020-11-01;CZ032;1588.383885300000;1171.537797500000;0.713654050229;0.296342538190;
2020-11-02;2020-11-01;CZ041;1197.363890200000;983.811529300000;1.018787878787;0.318854324734;
2020-11-02;2020-11-01;CZ042;1538.548158800000;1124.864224600000;1.033601946176;0.394773519163;
2020-11-02;2020-11-01;CZ051;1652.971008500000;1267.355949700000;0.956802897051;0.374430610385;
2020-11-02;2020-11-01;CZ052;1948.064916100000;1511.925394000000;0.875553285665;0.359223300970;
2020-11-02;2020-11-01;CZ053;1675.796012600000;1232.916167200000;1.091590909090;0.371921945175;
2020-11-02;2020-11-01;CZ063;1568.628992300000;1315.391307600000;1.062906724511;0.470450181352;
2020-11-02;2020-11-01;CZ064;1298.640455700000;1145.528882100000;0.883407028159;0.344887112160;
2020-11-02;2020-11-01;CZ071;1788.042288700000;1221.414308800000;0.884757765974;0.425299806576;
2020-11-02;2020-11-01;CZ072;2171.623408300000;1400.450494500000;0.878339140534;0.394342328249;
2020-11-02;2020-11-01;CZ080;1423.500671500000;990.416649500000;0.991925671938;0.312844484755;
2020-11-03;2020-11-02;CZ010;1257.598772800000;1049.341988200000;0.793592728078;0.247143300997;
2020-11-03;2020-11-02;CZ020;1566.026250400000;1198.025966800000;0.935871743486;0.333333333333;
2020-11-03;2020-11-02;CZ031;1811.356054100000;1288.623254900000;0.913656527249;0.388245590413;
2020-11-03;2020-11-02;CZ032;1675.349087400000;1239.774735800000;0.825182686902;0.337497126216;
2020-11-03;2020-11-02;CZ041;1138.723061800000;944.327454500000;0.990487514863;0.323244082266;
2020-11-03;2020-11-02;CZ042;1580.530817400000;1186.231612700000;1.047060687688;0.385868613138;
2020-11-03;2020-11-02;CZ051;1648.902991300000;1264.052676200000;0.963392151698;0.364125024885;
2020-11-03;2020-11-02;CZ052;1975.479436300000;1551.539159800000;0.951388888888;0.361527777777;
2020-11-03;2020-11-02;CZ053;1677.708585100000;1264.505579200000;1.083236185591;0.372723626153;
2020-11-03;2020-11-02;CZ063;1665.317223800000;1399.553655800000;1.078909952606;0.465541922290;
2020-11-03;2020-11-02;CZ064;1303.660002600000;1157.104056600000;0.882359882005;0.338585529294;
2020-11-03;2020-11-02;CZ071;1789.628276200000;1244.019138700000;1.000701631292;0.443830714174;
2020-11-03;2020-11-02;CZ072;2167.141569200000;1433.095028200000;0.891851631163;0.388917760166;
2020-11-03;2020-11-02;CZ080;1448.147856200000;1043.063381700000;0.964281801249;0.304469660278;
2020-11-04;2020-11-03;CZ010;1207.564467800000;1026.427140600000;0.756941230911;0.239687889222;
2020-11-04;2020-11-03;CZ020;1554.223649900000;1219.165340600000;0.897121535181;0.322784810126;
2020-11-04;2020-11-03;CZ031;1802.032783700000;1313.992792000000;0.965597862391;0.386445662344;
2020-11-04;2020-11-03;CZ032;1650.646909400000;1255.395239800000;0.813082259663;0.333495934959;
2020-11-04;2020-11-03;CZ041;1167.361605900000;993.682548000000;0.978488692774;0.334149557355;
2020-11-04;2020-11-03;CZ042;1580.530817400000;1208.937546400000;0.936446940585;0.375466666666;
2020-11-04;2020-11-03;CZ051;1686.419150400000;1289.377773300000;0.966147232670;0.358989717480;
2020-11-04;2020-11-03;CZ052;1980.562923500000;1544.936865500000;0.861567419575;0.360957774750;
2020-11-04;2020-11-03;CZ053;1702.763284700000;1257.072776400000;1.036840893391;0.358776193132;
2020-11-04;2020-11-03;CZ063;1689.882323300000;1429.814275400000;1.090151886330;0.454035302520;
2020-11-04;2020-11-03;CZ064;1302.572434100000;1180.667804800000;0.813337996968;0.318626107609;
2020-11-04;2020-11-03;CZ071;1782.174135000000;1253.061070700000;0.900035829451;0.395964691046;
2020-11-04;2020-11-03;CZ072;2190.240278200000;1484.510168700000;0.893701996927;0.379740225833;
2020-11-04;2020-11-03;CZ080;1494.172701300000;1101.057047600000;1.014087759815;0.302556328808;
2020-11-05;2020-11-04;CZ010;1152.511752000000;1031.958310700000;0.765236206274;0.242431166457;
2020-11-05;2020-11-04;CZ020;1556.083453600000;1282.967814300000;0.912375710227;0.327626880897;
2020-11-05;2020-11-04;CZ031;1854.087710200000;1399.801520600000;0.921160465497;0.373670212765;
2020-11-05;2020-11-04;CZ032;1603.442062300000;1287.458379500000;0.891472868217;0.331120531072;
2020-11-05;2020-11-04;CZ041;1179.635267600000;1015.069755100000;1.007365439093;0.309594288699;
2020-11-05;2020-11-04;CZ042;1583.345981100000;1250.053696400000;0.993402309191;0.382373311785;
2020-11-05;2020-11-04;CZ051;1728.907330500000;1308.096323400000;1.063189845474;0.366254752851;
2020-11-05;2020-11-04;CZ052;1982.378454700000;1565.569035200000;0.968011373733;0.365325285043;
2020-11-05;2020-11-04;CZ053;1743.692335900000;1300.740492900000;1.062500000000;0.367623543744;
2020-11-05;2020-11-04;CZ063;1730.365607200000;1456.292317500000;1.068266542404;0.453915453915;
2020-11-05;2020-11-04;CZ064;1375.857819600000;1192.242979400000;1.004030734349;0.356245810055;
2020-11-05;2020-11-04;CZ071;1717.624444500000;1220.660814500000;0.919505198996;0.394781403940;
2020-11-05;2020-11-04;CZ072;2178.690923700000;1501.648548900000;0.935290404040;0.385180370490;
2020-11-05;2020-11-04;CZ080;1521.586406800000;1116.275243600000;1.062654575432;0.304450517933;
2020-11-06;2020-11-05;CZ010;1089.819067500000;1016.550051100000;0.739636819035;0.231190793079;
2020-11-06;2020-11-05;CZ020;1546.140656900000;1313.715994400000;0.942155525238;0.328003293015;
2020-11-06;2020-11-05;CZ031;1829.381043600000;1449.048269200000;0.955882352941;0.361223852638;
2020-11-06;2020-11-05;CZ032;1526.966826300000;1226.620627200000;0.926012098650;0.328166226912;
2020-11-06;2020-11-05;CZ041;1224.297759000000;1098.973414000000;0.988876529477;0.303879678687;
2020-11-06;2020-11-05;CZ042;1579.184434800000;1286.874129300000;0.899574842398;0.357825985537;
2020-11-06;2020-11-05;CZ051;1730.037335300000;1305.894141000000;1.028504184100;0.371072742711;
2020-11-06;2020-11-05;CZ052;1982.923114000000;1604.357514200000;0.950402395657;0.360986706476;
2020-11-06;2020-11-05;CZ053;1749.812567800000;1347.195510500000;1.024952015355;0.367122450538;
2020-11-06;2020-11-05;CZ063;1791.876616300000;1517.759201100000;1.137051253104;0.483254965934;
2020-11-06;2020-11-05;CZ064;1397.023575900000;1212.086135800000;1.072919418758;0.356025073423;
2020-11-06;2020-11-05;CZ071;1698.751193400000;1225.181780500000;0.928157799493;0.394538461538;
2020-11-06;2020-11-05;CZ072;2173.691949400000;1544.086442700000;0.995268396149;0.405558141081;
2020-11-06;2020-11-05;CZ080;1531.562648200000;1153.703779800000;1.107027649769;0.314883995281;
2020-11-07;2020-11-06;CZ010;1032.968712000000;987.708949800000;0.711573472041;0.222964713552;
2020-11-07;2020-11-06;CZ020;1521.534023300000;1349.076401500000;0.901125619090;0.328691082279;
2020-11-07;2020-11-06;CZ031;1860.458611600000;1516.202926400000;0.990052267745;0.375135756723;
2020-11-07;2020-11-06;CZ032;1464.027030200000;1205.245200800000;0.993556381660;0.348215061235;
2020-11-07;2020-11-06;CZ041;1185.772098500000;1108.844432700000;1.019036287923;0.299005061965;
2020-11-07;2020-11-06;CZ042;1556.295930000000;1304.056998000000;0.889379229185;0.358090499881;
2020-11-07;2020-11-06;CZ051;1696.589193500000;1318.006144000000;1.049743173830;0.371188222923;
2020-11-07;2020-11-06;CZ052;1921.921267600000;1586.201204900000;0.964223216021;0.355407439260;
2020-11-07;2020-11-06;CZ053;1757.654115000000;1424.310839800000;0.967312096606;0.361219095008;
2020-11-07;2020-11-06;CZ063;1819.782569300000;1525.324356000000;1.126530612244;0.468369944376;
2020-11-07;2020-11-06;CZ064;1329.677987600000;1164.131841200000;1.047813487881;0.358091379698;
2020-11-07;2020-11-06;CZ071;1674.168387400000;1232.716723800000;0.905584864471;0.388936635674;
2020-11-07;2020-11-06;CZ072;2090.433169700000;1492.671302100000;0.957190082644;0.400872213761;
2020-11-07;2020-11-06;CZ080;1501.298588000000;1171.801094000000;1.050066904549;0.314865587802;
2020-11-08;2020-11-07;CZ010;967.954076200000;937.138251500000;0.689761139823;0.217150395778;
2020-11-08;2020-11-07;CZ020;1441.777056700000;1301.416722300000;0.852900102411;0.319878487377;
2020-11-08;2020-11-07;CZ031;1809.957563500000;1513.964437800000;0.970348534766;0.370620570898;
2020-11-08;2020-11-07;CZ032;1356.927861100000;1137.008262400000;0.845140781108;0.361745553503;
2020-11-08;2020-11-07;CZ041;1198.727630300000;1161.489865700000;1.031212484993;0.332945736434;
2020-11-08;2020-11-07;CZ042;1533.040229900000;1323.080888300000;0.863196125907;0.358561729947;
2020-11-08;2020-11-07;CZ051;1682.351133100000;1318.006144000000;0.989611809732;0.355599214145;
2020-11-08;2020-11-07;CZ052;1820.069970500000;1527.605843000000;0.899346907414;0.351079784043;
2020-11-08;2020-11-07;CZ053;1723.419067500000;1415.019836200000;0.930262591476;0.354960578186;
2020-11-08;2020-11-07;CZ063;1892.888305400000;1583.954306400000;1.142763013397;0.480868761552;
2020-11-08;2020-11-07;CZ064;1302.907070600000;1172.399823000000;1.070339663011;0.362237509051;
2020-11-08;2020-11-07;CZ071;1648.158192700000;1209.358399500000;0.852936021034;0.382396856581;
2020-11-08;2020-11-07;CZ072;1977.008165500000;1447.785068300000;0.891932520460;0.386480422667;
2020-11-08;2020-11-07;CZ080;1494.927206900000;1189.898408200000;1.039881831610;0.306712691444;
2020-11-09;2020-11-08;CZ010;928.256199600000;904.346314400000;0.718783432676;0.212603408525;
2020-11-09;2020-11-08;CZ020;1409.874270100000;1285.273927800000;0.852148940384;0.312069340683;
2020-11-09;2020-11-08;CZ031;1795.506494400000;1510.233623500000;0.972673815288;0.374309484193;
2020-11-09;2020-11-08;CZ032;1324.781191100000;1092.613145800000;0.925158459288;0.373450108246;
2020-11-09;2020-11-08;CZ041;1103.947686900000;1079.231376600000;0.877677564825;0.317819963257;
2020-11-09;2020-11-08;CZ042;1493.015946000000;1306.511693500000;0.852272727272;0.347132939058;
2020-11-09;2020-11-08;CZ051;1650.032996100000;1277.265770300000;1.001668520578;0.361320092286;
2020-11-09;2020-11-08;CZ052;1720.760417000000;1471.486341500000;0.860973187686;0.348668865117;
2020-11-09;2020-11-08;CZ053;1697.408081700000;1402.012431300000;0.904286031534;0.351488994389;
2020-11-09;2020-11-08;CZ063;1850.636334300000;1545.182887600000;1.125168539325;0.476675552170;
2020-11-09;2020-11-08;CZ064;1288.266725300000;1150.903070300000;1.119122706422;0.357283419523;
2020-11-09;2020-11-08;CZ071;1619.134621700000;1232.716723800000;0.937898089171;0.373257287705;
2020-11-09;2020-11-08;CZ072;1937.878262900000;1437.991708200000;0.892402887590;0.383399793235;
2020-11-09;2020-11-08;CZ080;1479.166422100000;1182.494961500000;0.987929856524;0.304848910751;
2020-11-10;2020-11-09;CZ010;864.439990200000;878.665881700000;0.688344329249;0.204260476390;
2020-11-10;2020-11-09;CZ020;1347.713907800000;1252.219634200000;0.788167753235;0.301485093237;
2020-11-10;2020-11-09;CZ031;1727.135844700000;1440.840477800000;0.951601423487;0.353423209093;
2020-11-10;2020-11-09;CZ032;1274.023291100000;1042.463106800000;0.755072463768;0.316140776699;
2020-11-10;2020-11-09;CZ041;1094.401505500000;1072.650697500000;0.868391451068;0.306166964108;
2020-11-10;2020-11-09;CZ042;1438.181453200000;1266.622891200000;0.776150943396;0.336364231045;
2020-11-10;2020-11-09;CZ051;1636.472938600000;1291.579955700000;0.929924733973;0.361626968106;
2020-11-10;2020-11-09;CZ052;1686.991537800000;1470.661054700000;0.750137690471;0.336517871849;
2020-11-10;2020-11-09;CZ053;1651.123827500000;1349.053711200000;0.825807787903;0.340710989574;
2020-11-10;2020-11-09;CZ063;1833.735545800000;1549.911109400000;1.042093784078;0.450287437564;
2020-11-10;2020-11-09;CZ064;1274.128334700000;1133.953707500000;0.972525404591;0.356988256965;
2020-11-10;2020-11-09;CZ071;1631.029527900000;1227.442263400000;0.892766621173;0.362291320515;
2020-11-10;2020-11-09;CZ072;1908.573930500000;1410.243854600000;0.858083023962;0.379449294828;
2020-11-10;2020-11-09;CZ080;1442.530980800000;1166.042857700000;0.931619195389;0.301712070636;
2020-11-11;2020-11-10;CZ010;797.627714800000;828.095183500000;0.695225194717;0.193551428302;
2020-11-11;2020-11-10;CZ020;1274.966970600000;1213.400056800000;0.745824886572;0.294222933089;
2020-11-11;2020-11-10;CZ031;1721.386494600000;1446.063617800000;0.915471045808;0.367420563341;
2020-11-11;2020-11-10;CZ032;1177.583281000000;1006.289308100000;0.718090452261;0.299800692331;
2020-11-11;2020-11-10;CZ041;1129.858750600000;1163.135035500000;0.866141732283;0.323529411764;
2020-11-11;2020-11-10;CZ042;1394.240419800000;1255.576761300000;0.823826597131;0.335390127388;
2020-11-11;2020-11-10;CZ051;1568.446650200000;1255.243946700000;0.850241545893;0.349388778602;
2020-11-11;2020-11-10;CZ052;1630.346966100000;1426.920854900000;0.776880661677;0.321515892420;
2020-11-11;2020-11-10;CZ053;1603.692029900000;1336.975406700000;0.807740324594;0.332733350475;
2020-11-11;2020-11-10;CZ063;1841.399856900000;1535.726443900000;0.976965845909;0.456316082359;
2020-11-11;2020-11-10;CZ064;1209.041542600000;1090.546802900000;0.920462940162;0.360688956433;
2020-11-11;2020-11-10;CZ071;1442.772813600000;1122.706551600000;0.794111912653;0.341093710744;
2020-11-11;2020-11-10;CZ072;1804.629739700000;1379.231547600000;0.762459016393;0.369214892434;
2020-11-11;2020-11-10;CZ080;1406.733879100000;1148.356846100000;0.832344676865;0.297080454646;
2020-11-12;2020-11-11;CZ010;773.584283800000;839.157523700000;0.724049707602;0.193004676539;
2020-11-12;2020-11-11;CZ020;1231.547707100000;1194.951148800000;0.693514539822;0.282331882348;
2020-11-12;2020-11-11;CZ031;1623.025991700000;1408.009312100000;0.821696185286;0.353868720205;
2020-11-12;2020-11-11;CZ032;1130.040047900000;966.004850500000;0.633325018707;0.291203119623;
2020-11-12;2020-11-11;CZ041;1059.967065600000;1056.198999700000;0.776999416228;0.308888373172;
2020-11-12;2020-11-11;CZ042;1366.945571800000;1266.009217300000;0.751405888190;0.320992015827;
2020-11-12;2020-11-11;CZ051;1521.890452800000;1222.211211300000;0.741952098892;0.316941694169;
2020-11-12;2020-11-11;CZ052;1618.909119900000;1487.166790400000;0.699737850373;0.311490125673;
2020-11-12;2020-11-11;CZ053;1591.834080500000;1338.833607400000;0.752260008609;0.330590238365;
2020-11-12;2020-11-11;CZ063;1818.996486200000;1530.998222100000;0.940217391304;0.429004408523;
2020-11-12;2020-11-11;CZ064;1167.128325500000;1072.357242900000;0.751728472658;0.310713914579;
2020-11-12;2020-11-11;CZ071;1445.468992300000;1179.972120700000;0.800522298111;0.355994282651;
2020-11-12;2020-11-11;CZ072;1737.574532100000;1400.450494500000;0.717319979278;0.358907897010;
2020-11-12;2020-11-11;CZ080;1368.421758600000;1133.138650100000;0.775193798449;0.279597073805;
2020-11-13;2020-11-12;CZ010;709.768074500000;811.501673100000;0.722964763061;0.180066579239;
2020-11-13;2020-11-12;CZ020;1182.620563500000;1174.964831700000;0.673943892588;0.269442262372;
2020-11-13;2020-11-12;CZ031;1581.537438300000;1400.547683500000;0.785025017869;0.365443806671;
2020-11-13;2020-11-12;CZ032;1075.052322900000;951.206478300000;0.637829124126;0.292797237296;
2020-11-13;2020-11-12;CZ041;1031.669456600000;1107.199262900000;0.726426076833;0.334584450402;
2020-11-13;2020-11-12;CZ042;1282.613059400000;1196.664068700000;0.761395511921;0.323525029797;
2020-11-13;2020-11-12;CZ051;1533.868503600000;1267.355949700000;0.788397790055;0.329105166051;
2020-11-13;2020-11-12;CZ052;1494.182130400000;1410.415119200000;0.673216574113;0.303983026328;
2020-11-13;2020-11-12;CZ053;1530.631760900000;1345.337309800000;0.739703840814;0.323517506577;
2020-11-13;2020-11-12;CZ063;1826.267755600000;1507.357113100000;0.818181818181;0.392965937413;
2020-11-13;2020-11-12;CZ064;1127.222927200000;1057.888274700000;0.668665667166;0.296674057649;
2020-11-13;2020-11-12;CZ071;1389.007837900000;1165.655728400000;0.745787094122;0.338715699085;
2020-11-13;2020-11-12;CZ072;1680.862030000000;1387.392681000000;0.683707865168;0.337586685159;
2020-11-13;2020-11-12;CZ080;1352.828641700000;1126.146505900000;0.713286713286;0.265021110750;
2020-11-14;2020-11-13;CZ010;659.434162900000;764.881810700000;0.708483946417;0.173940279807;
2020-11-14;2020-11-13;CZ020;1111.089651800000;1145.754060600000;0.642184776292;0.258550507649;
2020-11-14;2020-11-13;CZ031;1490.014000400000;1358.016400600000;0.660917496443;0.321790321184;
2020-11-14;2020-11-13;CZ032;1051.196109900000;950.384346600000;0.580764163372;0.291843220338;
2020-11-14;2020-11-13;CZ041;1021.100470100000;1159.844695900000;0.823378291586;0.357202563388;
2020-11-14;2020-11-13;CZ042;1217.129903800000;1197.891416500000;0.721851851851;0.311964785914;
2020-11-14;2020-11-13;CZ051;1453.638163400000;1228.817758300000;0.707662409772;0.313068042250;
2020-11-14;2020-11-13;CZ052;1426.644371900000;1362.548485500000;0.668742791234;0.303878406708;
2020-11-14;2020-11-13;CZ053;1472.298300100000;1271.938382000000;0.749508840864;0.323442136498;
2020-11-14;2020-11-13;CZ063;1817.031278200000;1540.454665800000;0.854403834631;0.400299429213;
2020-11-14;2020-11-13;CZ064;1083.803846100000;1013.241172800000;0.640450877417;0.290596303615;
2020-11-14;2020-11-13;CZ071;1304.474705000000;1091.813284100000;0.689091680814;0.328910048622;
2020-11-14;2020-11-13;CZ072;1568.988431600000;1331.080860500000;0.637711864406;0.328472222222;
2020-11-14;2020-11-13;CZ080;1312.756007900000;1103.936165800000;0.719455970493;0.257349000206;
2020-11-15;2020-11-14;CZ010;608.351234800000;727.348870600000;0.726608854404;0.168296421586;
2020-11-15;2020-11-14;CZ020;1022.105197600000;1081.567234700000;0.633086419753;0.257029722820;
2020-11-15;2020-11-14;CZ031;1386.525698800000;1296.084883400000;0.622101720269;0.327525103366;
2020-11-15;2020-11-14;CZ032;1015.834772800000;960.249928000000;0.730006397952;0.291517629024;
2020-11-15;2020-11-14;CZ041;914.046864900000;1044.682811200000;0.623704663212;0.291641429436;
2020-11-15;2020-11-14;CZ042;1131.083813500000;1153.706897000000;0.687864644107;0.298783578307;
2020-11-15;2020-11-14;CZ051;1381.995859600000;1203.492661200000;0.696343845939;0.325166167079;
2020-11-15;2020-11-14;CZ052;1352.752254400000;1322.109433000000;0.677679882525;0.305899248784;
2020-11-15;2020-11-14;CZ053;1382.981164900000;1185.532049300000;0.729621269124;0.322041403741;
2020-11-15;2020-11-14;CZ063;1787.946200400000;1521.541778500000;0.815194642109;0.380296817027;
2020-11-15;2020-11-14;CZ064;1049.754585900000;979.342447400000;0.586171310629;0.282113366859;
2020-11-15;2020-11-14;CZ071;1257.370876800000;1073.729420100000;0.668704957414;0.322417605559;
2020-11-15;2020-11-14;CZ072;1462.113807600000;1266.607906500000;0.617895771878;0.332874245153;
2020-11-15;2020-11-14;CZ080;1251.473381800000;1060.338090700000;0.687128241732;0.254337296345;
2020-11-16;2020-11-15;CZ010;585.880738500000;696.137267800000;0.759620068192;0.166577654347;
2020-11-16;2020-11-15;CZ020;969.458446600000;1048.512941100000;0.640434895159;0.251960484774;
2020-11-16;2020-11-15;CZ031;1366.636055200000;1278.176974900000;0.598753776435;0.321244048222;
2020-11-16;2020-11-15;CZ032;1011.943333800000;980.803222700000;0.764870538838;0.287934668071;
2020-11-16;2020-11-15;CZ041;854.042296400000;1015.069755100000;0.615584415584;0.288233505624;
2020-11-16;2020-11-15;CZ042;1082.002046500000;1113.204420900000;0.680514342235;0.297372060857;
2020-11-16;2020-11-15;CZ051;1344.027698600000;1174.864290500000;0.701255980861;0.314258911819;
2020-11-16;2020-11-15;CZ052;1258.163081900000;1251.960056100000;0.657794676806;0.304113441931;
2020-11-16;2020-11-15;CZ053;1329.620392600000;1173.453744700000;0.741885625965;0.319290465631;
2020-11-16;2020-11-15;CZ063;1731.741252800000;1477.096493500000;0.773373983739;0.381262525050;
2020-11-16;2020-11-15;CZ064;1030.512989300000;944.203524600000;0.603397538790;0.281269484973;
2020-11-16;2020-11-15;CZ071;1188.380421300000;1027.012771700000;0.682789098944;0.318192219679;
2020-11-16;2020-11-15;CZ072;1402.298493900000;1192.341592400000;0.632767146850;0.332017148014;
2020-11-16;2020-11-15;CZ080;1198.909487800000;1023.732159700000;0.703300825206;0.256229216963;
2020-11-17;2020-11-16;CZ010;559.964766200000;678.358506700000;0.780918727915;0.166576935501;
2020-11-17;2020-11-16;CZ020;933.621459800000;1033.523203300000;0.713544668587;0.251013787510;
2020-11-17;2020-11-16;CZ031;1350.164944100000;1275.192323400000;0.692435233160;0.350724333403;
2020-11-17;2020-11-16;CZ032;893.846619700000;903.522834700000;0.849547065773;0.290857605177;
2020-11-17;2020-11-16;CZ041;894.954502200000;1113.779942000000;0.812171299774;0.347030497592;
2020-11-17;2020-11-16;CZ042;1048.587277400000;1086.202770100000;0.753907109839;0.302454962910;
2020-11-17;2020-11-16;CZ051;1323.687612400000;1144.033737400000;0.789309267615;0.314914831740;
2020-11-17;2020-11-16;CZ052;1194.256385600000;1247.008335300000;0.718155619596;0.307085643869;
2020-11-17;2020-11-16;CZ053;1325.986504800000;1164.162741200000;0.842918454935;0.330936868119;
2020-11-17;2020-11-16;CZ063;1653.329455300000;1438.325074700000;0.778205951616;0.372324080712;
2020-11-17;2020-11-16;CZ064;1018.633394800000;923.120170900000;0.739799331103;0.287254074410;
2020-11-17;2020-11-16;CZ071;1154.281690400000;1005.161436100000;0.677289836888;0.321041988818;
2020-11-17;2020-11-16;CZ072;1363.513348100000;1144.190905200000;0.680067404910;0.340484512474;
2020-11-17;2020-11-16;CZ080;1151.124129500000;983.013202800000;0.729452054794;0.251820675305;
2020-11-18;2020-11-17;CZ010;520.941004400000;646.356736700000;0.798039215686;0.168241407818;
2020-11-18;2020-11-17;CZ020;874.322334000000;980.098240400000;0.728377065111;0.253881330096;
2020-11-18;2020-11-17;CZ031;1233.624063900000;1173.714174800000;0.601638971090;0.328813137596;
2020-11-18;2020-11-17;CZ032;823.462331700000;822.953919500000;0.846251053074;0.302469135802;
2020-11-18;2020-11-17;CZ041;768.467599200000;980.521189700000;0.572115384615;0.270045385779;
2020-11-18;2020-11-17;CZ042;990.325628700000;1042.018250600000;0.699055952106;0.298319740591;
2020-11-18;2020-11-17;CZ051;1208.879125600000;1061.451898800000;0.702522775052;0.317951157627;
2020-11-18;2020-11-17;CZ052;1136.522495300000;1217.298011000000;0.734454314720;0.326286116983;
2020-11-18;2020-11-17;CZ053;1252.926235900000;1141.864332700000;0.834845167344;0.347526041666;
2020-11-18;2020-11-17;CZ063;1593.587133300000;1390.097212200000;0.749119097956;0.362592382035;
2020-11-18;2020-11-17;CZ064;949.112669500000;842.920747200000;0.722907324364;0.282182189482;
2020-11-18;2020-11-17;CZ071;1048.654924000000;926.798025800000;0.699641774593;0.349772695963;
2020-11-18;2020-11-17;CZ072;1263.016725800000;1074.005157800000;0.732949876746;0.347803483233;
2020-11-18;2020-11-17;CZ080;1076.511903500000;923.374326400000;0.741881127450;0.254787457912;
2020-11-19;2020-11-18;CZ010;481.318029400000;593.810620600000;0.739495798319;0.150427350427;
2020-11-19;2020-11-18;CZ020;781.689803300000;878.244893800000;0.721679334057;0.247732637594;
2020-11-19;2020-11-18;CZ031;1127.960332500000;1081.189980500000;0.654829163303;0.332105334970;
2020-11-19;2020-11-18;CZ032;755.785131600000;746.495663200000;0.874773139745;0.293276543961;
2020-11-19;2020-11-18;CZ041;704.030875000000;939.391945200000;0.572542901716;0.291385470424;
2020-11-19;2020-11-18;CZ042;914.316208900000;972.059428100000;0.750897896357;0.304420176807;
2020-11-19;2020-11-18;CZ051;1122.094757600000;1003.094066200000;0.817575519811;0.341080196399;
2020-11-19;2020-11-18;CZ052;994.729513000000;1132.293471900000;0.692997585374;0.327732463295;
2020-11-19;2020-11-18;CZ053;1148.499778100000;1086.118311600000;0.822411533420;0.335965734172;
2020-11-19;2020-11-18;CZ063;1505.938858400000;1308.771797100000;0.699392239364;0.365278964717;
2020-11-19;2020-11-18;CZ064;794.845259900000;781.737681700000;0.704200000000;0.270825321129;
2020-11-19;2020-11-18;CZ071;963.804593600000;871.039445400000;0.644287034185;0.305535270921;
2020-11-19;2020-11-18;CZ072;1117.529334400000;989.945483600000;0.703412866203;0.332097533152;
2020-11-19;2020-11-18;CZ080;984.378379500000;863.324147500000;0.711630887536;0.247382490532;
2020-11-20;2020-11-19;CZ010;453.379712400000;549.561259600000;0.779836683417;0.155918367346;
2020-11-20;2020-11-19;CZ020;718.599539100000;820.976408400000;0.755070202808;0.249613202681;
2020-11-20;2020-11-19;CZ031;1039.544651400000;982.696483300000;0.690411782386;0.329933927032;
2020-11-20;2020-11-19;CZ032;722.454110600000;730.875159200000;0.830850131463;0.293771304617;
2020-11-20;2020-11-19;CZ041;645.730981700000;860.423795700000;0.670820353063;0.241676019453;
2020-11-20;2020-11-19;CZ042;865.601637200000;918.669800400000;0.771557817359;0.293157159737;
2020-11-20;2020-11-19;CZ051;1055.876476900000;973.364604300000;0.728657314629;0.305597579425;
2020-11-20;2020-11-19;CZ052;912.122846000000;1062.969381800000;0.676056338028;0.305782424044;
2020-11-20;2020-11-19;CZ053;1092.652661500000;1032.230491200000;0.864902028188;0.342080217539;
2020-11-20;2020-11-19;CZ063;1399.424587100000;1250.141846600000;0.735301668806;0.370025839793;
2020-11-20;2020-11-19;CZ064;737.120469900000;735.023584400000;0.761223591549;0.275529711645;
2020-11-20;2020-11-19;CZ071;897.986113000000;837.132200500000;0.663945133899;0.313058207576;
2020-11-20;2020-11-19;CZ072;1024.272606100000;913.230829400000;0.729153405474;0.334452554744;
2020-11-20;2020-11-19;CZ080;905.406787500000;784.765351800000;0.739612188365;0.241998527162;
2020-11-21;2020-11-20;CZ010;436.227233600000;532.572665700000;0.798974030137;0.158827278521;
2020-11-21;2020-11-20;CZ020;669.672395500000;750.639946400000;0.775262732417;0.248316934230;
2020-11-21;2020-11-20;CZ031;893.169305900000;853.610308900000;0.640491958372;0.341516731124;
2020-11-21;2020-11-20;CZ032;682.524562500000;674.148065900000;0.837145471180;0.288370627166;
2020-11-21;2020-11-20;CZ041;655.959033200000;850.552777000000;0.677215189873;0.248644461657;
2020-11-21;2020-11-20;CZ042;810.155152200000;883.690389200000;0.790988372093;0.303074181332;
2020-11-21;2020-11-20;CZ051;977.454144400000;847.840209600000;0.757356076759;0.304892703862;
2020-11-21;2020-11-20;CZ052;854.388955700000;1002.723446300000;0.696339113680;0.300265869059;
2020-11-21;2020-11-20;CZ053;1015.958504800000;932.816753500000;0.784722222222;0.332744405182;
2020-11-21;2020-11-20;CZ063;1340.861389900000;1232.174603700000;0.668856767411;0.360328472320;
2020-11-21;2020-11-20;CZ064;688.514523600000;701.538258000000;0.716027488361;0.265145296338;
2020-11-21;2020-11-20;CZ071;828.361262500000;795.690012400000;0.710535778496;0.313800222328;
2020-11-21;2020-11-20;CZ072;962.043994400000;860.999575600000;0.771321780496;0.335055350553;
2020-11-21;2020-11-20;CZ080;865.334153700000;743.223789700000;0.725333333333;0.241362991008;
2020-11-22;2020-11-21;CZ010;423.943362300000;522.300492600000;0.800258564964;0.157938381067;
2020-11-22;2020-11-21;CZ020;638.627979800000;729.116220400000;0.767366720516;0.245098039215;
2020-11-22;2020-11-21;CZ031;804.287461200000;779.740186000000;0.553427117629;0.308526614383;
2020-11-22;2020-11-21;CZ032;677.787158500000;663.460352600000;0.799258229021;0.286664449617;
2020-11-22;2020-11-21;CZ041;567.997790700000;746.907080800000;0.650323774283;0.286004882017;
2020-11-22;2020-11-21;CZ042;757.891026200000;833.369130900000;0.775182481751;0.300237475969;
2020-11-22;2020-11-21;CZ051;930.671946000000;811.504200600000;0.713720316622;0.287053413512;
2020-11-22;2020-11-21;CZ052;815.536589300000;957.332673100000;0.691412520064;0.297427930260;
2020-11-22;2020-11-21;CZ053;975.029453600000;911.447445400000;0.743041412084;0.329470198675;
2020-11-22;2020-11-21;CZ063;1251.837469400000;1153.686121700000;0.680880330123;0.355654548067;
2020-11-22;2020-11-21;CZ064;650.365966800000;660.198348800000;0.730108499095;0.262601626016;
2020-11-22;2020-11-21;CZ071;796.165716600000;767.810722200000;0.725453871804;0.315908357534;
2020-11-22;2020-11-21;CZ072;927.568309200000;838.964515300000;0.792566371681;0.328058608058;
2020-11-22;2020-11-21;CZ080;806.650380500000;706.206556100000;0.722253521126;0.234812870138;
2020-11-23;2020-11-22;CZ010;416.977508500000;514.793904600000;0.859248859248;0.127732846334;
2020-11-23;2020-11-22;CZ020;624.178735700000;715.663891600000;0.840115632643;0.210098987876;
2020-11-23;2020-11-22;CZ031;776.628425700000;762.578440300000;0.691259931895;0.272686567164;
2020-11-23;2020-11-22;CZ032;647.163225500000;646.195585100000;0.815828770532;0.251689189189;
2020-11-23;2020-11-22;CZ041;575.498361800000;761.713608800000;1.036414565826;0.265709156193;
2020-11-23;2020-11-22;CZ042;746.507973000000;828.459739900000;0.875823451910;0.268558731441;
2020-11-23;2020-11-22;CZ051;888.861768700000;771.864918100000;0.792019950124;0.258547704330;
2020-11-23;2020-11-22;CZ052;783.946347400000;921.845341200000;0.744276457883;0.266100386100;
2020-11-23;2020-11-22;CZ053;967.570420900000;907.731044000000;0.816410640689;0.293033889187;
2020-11-23;2020-11-22;CZ063;1240.635784000000;1148.957899900000;0.786453433678;0.296699396663;
2020-11-23;2020-11-22;CZ064;643.756896600000;653.997362500000;0.822951667097;0.238162914204;
2020-11-23;2020-11-22;CZ071;748.903289600000;714.312624700000;0.764474202441;0.281876270694;
2020-11-23;2020-11-22;CZ072;891.885975100000;812.032775100000;0.833707025411;0.299946222102;
2020-11-23;2020-11-22;CZ080;778.482169300000;682.351005600000;0.755936403055;0.207893242475;
2020-11-24;2020-11-23;CZ010;411.509687700000;502.546313600000;0.974025974025;0.124410346793;
2020-11-24;2020-11-23;CZ020;627.540688500000;729.884924900000;0.958124373119;0.216573145156;
2020-11-24;2020-11-23;CZ031;798.848886800000;784.217163200000;0.739523418241;0.266706178693;
2020-11-24;2020-11-23;CZ032;631.089890500000;626.464422200000;0.815871369294;0.242037236497;
2020-11-24;2020-11-23;CZ041;609.250931600000;801.197683600000;0.961852861035;0.257382427998;
2020-11-24;2020-11-23;CZ042;731.575365600000;821.709327200000;0.871882473522;0.268039071526;
2020-11-24;2020-11-23;CZ051;859.255643200000;732.225635600000;0.733205374280;0.252186829509;
2020-11-24;2020-11-23;CZ052;775.413351000000;935.875216600000;0.885515181682;0.281220360417;
2020-11-24;2020-11-23;CZ053;971.395565800000;923.525750000000;0.849800796812;0.289220338983;
2020-11-24;2020-11-23;CZ063;1160.258778500000;1121.534213400000;0.758355614973;0.264946286781;
2020-11-24;2020-11-23;CZ064;629.534846900000;634.154206100000;0.880715705765;0.237515318627;
2020-11-24;2020-11-23;CZ071;703.226850100000;693.214783500000;0.829349904397;0.274916811915;
2020-11-24;2020-11-23;CZ072;854.307478200000;794.894394900000;0.914984972091;0.298292273236;
2020-11-24;2020-11-23;CZ080;743.271905300000;657.261547300000;0.797163439891;0.205442097934;
2020-11-25;2020-11-24;CZ010;401.248161100000;499.780728600000;1.010068465565;0.124170709971;
2020-11-25;2020-11-24;CZ020;610.230207900000;712.204721300000;1.041838842975;0.220064371829;
2020-11-25;2020-11-24;CZ031;746.327796800000;720.793320300000;0.940356987374;0.283278688524;
2020-11-25;2020-11-24;CZ032;622.291854500000;632.219344700000;0.880274261603;0.237817041892;
2020-11-25;2020-11-24;CZ041;488.218989400000;636.680705400000;1.111455108359;0.250873515024;
2020-11-25;2020-11-24;CZ042;685.920754300000;760.341939000000;0.941004030780;0.264906127501;
2020-11-25;2020-11-24;CZ051;812.925446800000;691.485261800000;0.875687568756;0.244847739157;
2020-11-25;2020-11-24;CZ052;747.817277600000;908.640752600000;0.963675213675;0.276094276094;
2020-11-25;2020-11-24;CZ053;927.597655900000;908.660144300000;0.866852146263;0.278828944004;
2020-11-25;2020-11-24;CZ063;1114.076391500000;1116.805991600000;0.865921787709;0.284273269142;
2020-11-25;2020-11-24;CZ064;594.147040900000;600.255480600000;0.934663197455;0.238668241547;
2020-11-25;2020-11-24;CZ071;685.305191500000;678.898391200000;0.876537137235;0.265415549597;
2020-11-25;2020-11-24;CZ072;828.795471200000;771.227108000000;0.930597992143;0.293300316412;
2020-11-25;2020-11-24;CZ080;726.505113000000;653.971126500000;0.894897003745;0.206961888263;
2020-11-26;2020-11-25;CZ010;371.961614400000;457.901869100000;1.004012841091;0.125855130784;
2020-11-26;2020-11-25;CZ020;566.524820800000;647.633543100000;1.025026068821;0.212368349986;
2020-11-26;2020-11-25;CZ031;688.057356700000;655.877151700000;0.981782373215;0.275376329236;
2020-11-26;2020-11-25;CZ032;608.248835500000;630.575081100000;0.910928961748;0.237667522098;
2020-11-26;2020-11-25;CZ041;530.154000300000;705.777836200000;1.278816199376;0.285963079066;
2020-11-26;2020-11-25;CZ042;664.990624200000;734.567636000000;0.920984932010;0.265185185185;
2020-11-26;2020-11-25;CZ051;805.919417000000;680.474350000000;0.834459459459;0.239457101308;
2020-11-26;2020-11-25;CZ052;695.166874500000;796.401749600000;1.007194244604;0.268357416691;
2020-11-26;2020-11-25;CZ053;883.417231500000;858.488725300000;0.933185840707;0.271498455200;
2020-11-26;2020-11-25;CZ063;1029.375928500000;1032.643643300000;0.882514734774;0.283908481860;
2020-11-26;2020-11-25;CZ064;567.292464700000;577.518530600000;1.009287925696;0.238932864262;
2020-11-26;2020-11-25;CZ071;617.266328500000;596.014014900000;0.910931174089;0.274097761534;
2020-11-26;2020-11-25;CZ072;776.564808200000;701.857473900000;0.958590308370;0.289169435215;
2020-11-26;2020-11-25;CZ080;689.618169800000;629.292970800000;0.927450980392;0.204231433506;
2020-11-27;2020-11-26;CZ010;358.179710000000;428.270600600000;0.928513731825;0.117349803481;
2020-11-27;2020-11-26;CZ020;548.141376500000;660.701519700000;0.997631578947;0.209008710993;
2020-11-27;2020-11-26;CZ031;636.934757300000;607.376566000000;0.974580854515;0.264883139791;
2020-11-27;2020-11-26;CZ032;577.117323500000;584.535701000000;0.878770301624;0.225044563279;
2020-11-27;2020-11-26;CZ041;455.489224700000;602.132140000000;0.981507823613;0.262058488416;
2020-11-27;2020-11-26;CZ042;610.400928200000;676.882291200000;0.850470809792;0.253224178535;
2020-11-27;2020-11-26;CZ051;706.478995400000;582.477234900000;0.805914972273;0.225789746245;
2020-11-27;2020-11-26;CZ052;670.838757200000;757.613270600000;1.058038305281;0.274630912925;
2020-11-27;2020-11-26;CZ053;832.542803300000;770.224191900000;0.839195979899;0.252890969162;
2020-11-27;2020-11-26;CZ063;978.673563200000;1010.893823000000;0.854949494949;0.285521522061;
2020-11-27;2020-11-26;CZ064;534.916386800000;552.301186000000;0.908668730650;0.227642907003;
2020-11-27;2020-11-26;CZ071;582.216005100000;558.339298400000;0.836567926455;0.258726899383;
2020-11-27;2020-11-26;CZ072;746.743340500000;684.719093700000;0.911567664135;0.284459930313;
2020-11-27;2020-11-26;CZ080;662.288298200000;600.501789100000;0.943317732709;0.205401120987;
2020-11-28;2020-11-27;CZ010;348.966806500000;410.491839500000;0.885212418300;0.110229411465;
2020-11-28;2020-11-27;CZ020;530.401710400000;619.191476600000;0.947326627845;0.201327558080;
2020-11-28;2020-11-27;CZ031;583.170564500000;545.445048800000;0.942528735632;0.259532780708;
2020-11-28;2020-11-27;CZ032;551.230794400000;540.962716300000;0.871262965222;0.218850574712;
2020-11-28;2020-11-27;CZ041;453.784549500000;580.744932800000;0.931081081081;0.268302180685;
2020-11-28;2020-11-27;CZ042;589.103602900000;624.106337400000;0.786761940579;0.239222412807;
2020-11-28;2020-11-27;CZ051;682.070891900000;574.769596600000;0.782115869017;0.223743469645;
2020-11-28;2020-11-27;CZ052;649.960149000000;733.679953700000;1.029019152640;0.272685327591;
2020-11-28;2020-11-27;CZ053;774.018085200000;742.351181300000;0.820100963744;0.250174996500;
2020-11-28;2020-11-27;CZ063;893.776579400000;889.851344700000;0.798644338118;0.278271742150;
2020-11-28;2020-11-27;CZ064;508.814742700000;515.922066000000;0.895728643216;0.225954682300;
2020-11-28;2020-11-27;CZ071;558.267594100000;525.939042300000;0.795466254507;0.248391248391;
2020-11-28;2020-11-27;CZ072;736.745391800000;677.374073700000;0.898251904975;0.281026503996;
2020-11-28;2020-11-27;CZ080;631.269732400000;574.589725600000;0.942365473914;0.197594501718;
2020-11-29;2020-11-28;CZ010;348.367593300000;402.985251500000;0.906250000000;0.112595123466;
2020-11-29;2020-11-28;CZ020;527.826597600000;600.358216200000;0.936665794294;0.204678028136;
2020-11-29;2020-11-28;CZ031;551.626832900000;517.837023100000;0.945000000000;0.258432087511;
2020-11-29;2020-11-28;CZ032;524.667493400000;479.302832200000;0.875397329942;0.214720099797;
2020-11-29;2020-11-28;CZ041;446.283978400000;569.228744400000;0.858356940509;0.237181996086;
2020-11-29;2020-11-28;CZ042;573.926198600000;613.673881400000;0.797021943573;0.241998810232;
2020-11-29;2020-11-28;CZ051;645.910738600000;535.130314100000;0.808246073298;0.227440147329;
2020-11-29;2020-11-28;CZ052;621.274757000000;698.192621900000;0.955030916245;0.268234922639;
2020-11-29;2020-11-28;CZ053;752.214758900000;721.910973600000;0.817627754336;0.245737635620;
2020-11-29;2020-11-28;CZ063;881.395769300000;881.340545400000;0.885852798589;0.276859504132;
2020-11-29;2020-11-28;CZ064;500.281512900000;500.212900500000;0.886810706223;0.224105614864;
2020-11-29;2020-11-28;CZ071;555.888612900000;504.841201000000;0.891642651296;0.248115477145;
2020-11-29;2020-11-28;CZ072;724.334145200000;668.396826900000;0.921163772876;0.278439716312;
2020-11-29;2020-11-28;CZ080;606.454879700000;565.129765900000;0.956791866704;0.197240496012;
2020-11-30;2020-11-29;CZ010;348.667199900000;405.750836500000;0.879984051036;0.113470437017;
2020-11-30;2020-11-29;CZ020;522.461779200000;598.052102700000;0.874070401586;0.203697284806;
2020-11-30;2020-11-29;CZ031;544.945155800000;519.329348800000;0.777777777777;0.256566890653;
2020-11-30;2020-11-29;CZ032;506.902228400000;442.306901700000;0.813061713600;0.210910786447;
2020-11-30;2020-11-29;CZ041;445.261173200000;567.583574600000;0.788300835654;0.219040247678;
2020-11-30;2020-11-29;CZ042;565.113512200000;609.991838100000;0.762461059190;0.236473429951;
2020-11-30;2020-11-29;CZ051;635.062692600000;523.018311100000;0.767587939698;0.229010494752;
2020-11-30;2020-11-29;CZ052;624.361159900000;701.493769000000;0.951219512195;0.270108610105;
2020-11-30;2020-11-29;CZ053;743.608182700000;718.194572100000;0.783585511233;0.242721204374;
2020-11-30;2020-11-29;CZ063;880.216644500000;883.231834100000;0.794758064516;0.275895856662;
2020-11-30;2020-11-29;CZ064;496.767830000000;502.693295000000;0.851840395917;0.225405139957;
2020-11-30;2020-11-29;CZ071;548.593070500000;496.552763400000;0.851851851851;0.245790155440;
2020-11-30;2020-11-29;CZ072;715.198088600000;673.293507000000;0.899624765478;0.279225505896;
2020-11-30;2020-11-29;CZ080;581.220857200000;553.201990700000;0.855872351556;0.191703773142;
2020-12-01;2020-11-30;CZ010;343.798592400000;397.454081400000;0.875299760191;0.113665853531;
2020-12-01;2020-11-30;CZ020;513.520415200000;585.368478500000;0.854018311291;0.195198511887;
2020-12-01;2020-11-30;CZ031;511.225994500000;482.021205900000;0.747241725175;0.246525479814;
2020-12-01;2020-11-30;CZ032;490.828893400000;422.575738800000;0.796640671865;0.206756967149;
2020-12-01;2020-11-30;CZ041;397.530266500000;478.744406400000;0.560292326431;0.184738955823;
2020-12-01;2020-11-30;CZ042;546.753749000000;584.217535100000;0.764166001596;0.235489424495;
2020-12-01;2020-11-30;CZ051;613.818602500000;516.411764000000;0.801619433198;0.224235560588;
2020-12-01;2020-11-30;CZ052;607.113614100000;632.169678900000;0.859890109890;0.245028965085;
2020-12-01;2020-11-30;CZ053;717.979711400000;699.612565100000;0.768610715979;0.236849795441;
2020-12-01;2020-11-30;CZ063;842.091610100000;825.547528000000;0.897595725734;0.287220401766;
2020-12-01;2020-11-30;CZ064;485.473849400000;497.319106800000;0.828834355828;0.224102181305;
2020-12-01;2020-11-30;CZ071;521.314085700000;467.166484500000;0.862222222222;0.247251871913;
2020-12-01;2020-11-30;CZ072;687.962297300000;657.787353500000;0.854779411764;0.268630849220;
2020-12-01;2020-11-30;CZ080;575.352479800000;557.315016600000;0.877906976744;0.193522078527;
2020-12-02;2020-12-01;CZ010;347.693478400000;391.922911200000;0.928229665071;0.110198812290;
2020-12-02;2020-12-01;CZ020;535.838059700000;599.973864000000;0.911896597203;0.196576822472;
2020-12-02;2020-12-01;CZ031;537.797315200000;511.867720200000;0.721975582685;0.221710974778;
2020-12-02;2020-12-01;CZ032;491.844051400000;432.441320300000;0.817161716171;0.205136702568;
2020-12-02;2020-12-01;CZ041;419.691044600000;514.938141600000;0.743478260869;0.226390114739;
2020-12-02;2020-12-01;CZ042;547.243342700000;581.149165700000;0.842781222320;0.237815546113;
2020-12-02;2020-12-01;CZ051;631.446677300000;539.534678800000;0.918960244648;0.237408650997;
2020-12-02;2020-12-01;CZ052;595.494214800000;617.314516700000;0.809654415798;0.235632183908;
2020-12-02;2020-12-01;CZ053;715.875881600000;696.825264000000;0.850299401197;0.232821582948;
2020-12-02;2020-12-01;CZ063;817.919552200000;800.960774600000;0.794896030245;0.248963883955;
2020-12-02;2020-12-01;CZ064;492.082919500000;499.799501400000;0.902555366269;0.219834024896;
2020-12-02;2020-12-01;CZ071;551.289249200000;504.087706700000;1.034188034188;0.263986286426;
2020-12-02;2020-12-01;CZ072;674.861537000000;634.936179900000;0.873591376776;0.262824292452;
2020-12-02;2020-12-01;CZ080;596.562472200000;566.774976300000;0.907662624035;0.192202182921;
2020-12-03;2020-12-02;CZ010;349.266413100000;399.824582800000;0.997231195200;0.109739995937;
2020-12-03;2020-12-02;CZ020;519.672073600000;567.688274900000;0.931265716680;0.193139016051;
2020-12-03;2020-12-02;CZ031;515.576854000000;504.406091600000;0.768873403019;0.219023986765;
2020-12-03;2020-12-02;CZ032;491.336472400000;420.109343500000;0.866246498599;0.202488132263;
2020-12-03;2020-12-02;CZ041;453.443614400000;529.744669600000;0.738751814223;0.200788954635;
2020-12-03;2020-12-02;CZ042;532.433133700000;546.783428300000;0.881453154875;0.228642281463;
2020-12-03;2020-12-02;CZ051;602.066552700000;531.827040500000;0.951690821256;0.234990059642;
2020-12-03;2020-12-02;CZ052;590.229174400000;607.411075300000;0.807106598984;0.231291417488;
2020-12-03;2020-12-02;CZ053;666.148997000000;663.377651400000;0.768886401790;0.223051948051;
2020-12-03;2020-12-02;CZ063;796.302264700000;785.830464800000;0.901647528706;0.258665138928;
2020-12-03;2020-12-02;CZ064;492.082919500000;487.397528700000;0.919354838709;0.221153846153;
2020-12-03;2020-12-02;CZ071;535.270775600000;483.743359800000;1.020077720207;0.247136356504;
2020-12-03;2020-12-02;CZ072;680.894781900000;631.671726500000;0.885229540918;0.259129418638;
2020-12-03;2020-12-02;CZ080;597.400811800000;579.936659400000;0.968695652173;0.195850914205;
2020-12-04;2020-12-03;CZ010;349.116609800000;394.688496300000;1.085977011494;0.118633852335;
2020-12-04;2020-12-03;CZ020;510.086931500000;546.164548800000;0.933221570271;0.194242512358;
2020-12-04;2020-12-03;CZ031;484.654673800000;472.321088800000;0.774250440917;0.223447573803;
2020-12-04;2020-12-03;CZ032;471.879277400000;402.022444100000;0.925199709513;0.208033964728;
2020-12-04;2020-12-03;CZ041;431.623771300000;529.744669600000;0.950495049504;0.220774243004;
2020-12-04;2020-12-03;CZ042;522.274064700000;537.578320100000;0.987708947885;0.246533316971;
2020-12-04;2020-12-03;CZ051;584.664478900000;497.693213900000;1.035627530364;0.247436641516;
2020-12-04;2020-12-03;CZ052;581.333071800000;612.362796000000;0.811653914067;0.228311258278;
2020-12-04;2020-12-03;CZ053;611.449423900000;595.553325700000;0.779816513761;0.225128290018;
2020-12-04;2020-12-03;CZ063;745.992940900000;713.961493300000;0.835820895522;0.242704420687;
2020-12-04;2020-12-03;CZ064;472.506686400000;462.180184100000;0.986545454545;0.223623475107;
2020-12-04;2020-12-03;CZ071;516.714722000000;448.329126300000;1.047188106011;0.250812819321;
2020-12-04;2020-12-03;CZ072;642.626771400000;612.085006300000;0.859398879266;0.254987908101;
2020-12-04;2020-12-03;CZ080;596.562472200000;588.162711300000;1.029515938606;0.200103264299;
2020-12-05;2020-12-04;CZ010;342.375461000000;371.773648700000;1.089261440869;0.120992500880;
2020-12-05;2020-12-04;CZ020;497.855145600000;530.021754300000;0.958876914350;0.196764243729;
2020-12-05;2020-12-04;CZ031;482.168468300000;468.590274500000;0.822023809523;0.237081545064;
2020-12-05;2020-12-04;CZ032;465.788329400000;398.733917000000;0.976418570375;0.221017514595;
2020-12-05;2020-12-04;CZ041;419.350109600000;500.131613500000;0.955830388692;0.205938332698;
2020-12-05;2020-12-04;CZ042;499.752755100000;506.280952100000;1.016853932584;0.247144985104;
2020-12-05;2020-12-04;CZ051;579.692457800000;531.827040500000;1.082651391162;0.245956497490;
2020-12-05;2020-12-04;CZ052;572.436969200000;576.050177400000;0.804195804195;0.227910817506;
2020-12-05;2020-12-04;CZ053;606.285478200000;609.489830900000;0.809245172615;0.225574946990;
2020-12-05;2020-12-04;CZ063;724.572174200000;674.244430100000;0.854388635210;0.238526912181;
2020-12-05;2020-12-04;CZ064;459.790500800000;460.939986800000;0.960058097312;0.218711225080;
2020-12-05;2020-12-04;CZ071;513.859944600000;434.766228300000;1.117259552042;0.266918476550;
2020-12-05;2020-12-04;CZ072;633.318336400000;630.855613200000;0.870698644421;0.264282323152;
2020-12-05;2020-12-04;CZ080;588.849747700000;579.525356800000;1.092298288508;0.207839032333;
2020-12-06;2020-12-05;CZ010;350.764446200000;372.563815800000;1.145205479452;0.124596353519;
2020-12-06;2020-12-05;CZ020;502.719247600000;538.861856100000;1.027099463966;0.198640787882;
2020-12-06;2020-12-05;CZ031;492.268678000000;472.321088800000;0.984563758389;0.241084634346;
2020-12-06;2020-12-05;CZ032;456.651907300000;397.911785200000;0.995481927710;0.216863517060;
2020-12-06;2020-12-05;CZ041;419.691044600000;477.099236600000;1.358695652173;0.234345706786;
2020-12-06;2020-12-05;CZ042;519.826096300000;518.554429800000;1.155613577023;0.272067863289;
2020-12-06;2020-12-05;CZ051;576.302443500000;531.827040500000;1.106902356902;0.250714966634;
2020-12-06;2020-12-05;CZ052;571.347650600000;572.749030200000;0.925239616613;0.232573080629;
2020-12-06;2020-12-05;CZ053;601.695304200000;606.702529900000;0.864898210980;0.230251272786;
2020-12-06;2020-12-05;CZ063;709.440072900000;671.407497000000;0.793650793650;0.236476500147;
2020-12-06;2020-12-05;CZ064;451.089952700000;446.471018600000;0.977794226498;0.218799171842;
2020-12-06;2020-12-05;CZ071;507.040198400000;429.491768000000;1.063144329896;0.267639902676;
2020-12-06;2020-12-05;CZ072;636.421148000000;625.142819800000;0.929569892473;0.263969465648;
2020-12-06;2020-12-05;CZ080;590.107257100000;582.815777500000;1.099036724864;0.210371650821;
2020-12-07;2020-12-06;CZ010;353.610709100000;376.514651600000;1.178069353327;0.125330275686;
2020-12-07;2020-12-06;CZ020;502.647716600000;540.399265100000;1.012727798669;0.200538435101;
2020-12-07;2020-12-06;CZ031;489.782472500000;467.844111600000;1.131437355880;0.241866579033;
2020-12-07;2020-12-06;CZ032;458.682223300000;409.421630200000;1.093699515347;0.222076431031;
2020-12-07;2020-12-06;CZ041;408.099253000000;457.357199200000;1.230019493177;0.236152694610;
2020-12-07;2020-12-06;CZ042;501.343934600000;497.075843900000;1.123489227535;0.266417445482;
2020-12-07;2020-12-06;CZ051;573.364431000000;529.624858200000;1.094009983361;0.248066402565;
2020-12-07;2020-12-06;CZ052;571.166097400000;568.622596300000;0.968834688346;0.231616456106;
2020-12-07;2020-12-06;CZ053;599.400217200000;597.411526400000;0.912291933418;0.234452122408;
2020-12-07;2020-12-06;CZ063;707.671385700000;661.951053400000;0.969084423305;0.239073041947;
2020-12-07;2020-12-06;CZ064;448.412861000000;446.884417700000;0.983767459418;0.215087487619;
2020-12-07;2020-12-06;CZ071;504.344019700000;433.259239700000;0.981109799291;0.270199967484;
2020-12-07;2020-12-06;CZ072;625.733685600000;614.533346300000;0.960179472798;0.261413956329;
2020-12-07;2020-12-06;CZ080;581.891528900000;571.710607400000;1.114181597327;0.210221738383;
2020-12-08;2020-12-07;CZ010;354.284824000000;376.119568000000;1.175381767700;0.126054590570;
2020-12-08;2020-12-07;CZ020;504.650582200000;533.096572300000;1.109210921092;0.208363861804;
2020-12-08;2020-12-07;CZ031;463.055764000000;435.012945900000;1.125377643504;0.237715379706;
2020-12-08;2020-12-07;CZ032;464.773171400000;402.844575900000;1.147130153597;0.231069858329;
2020-12-08;2020-12-07;CZ041;403.326162300000;465.583048100000;1.420432220039;0.265808823529;
2020-12-08;2020-12-07;CZ042;502.078325100000;503.826256600000;1.186008676789;0.267784988367;
2020-12-08;2020-12-07;CZ051;577.206447300000;538.433587600000;1.155668358714;0.256141008813;
2020-12-08;2020-12-07;CZ052;536.671005700000;513.328381600000;0.972047519217;0.227995410588;
2020-12-08;2020-12-07;CZ053;574.536774900000;556.531110900000;1.006550218340;0.228255487704;
2020-12-08;2020-12-07;CZ063;697.648825100000;627.907856400000;0.849390919158;0.243995546365;
2020-12-08;2020-12-07;CZ064;455.774863200000;442.750426800000;1.047292143401;0.219873488670;
2020-12-08;2020-12-07;CZ071;513.384148300000;426.477790700000;1.069841269841;0.270205259781;
2020-12-08;2020-12-07;CZ072;630.387903100000;621.878366400000;1.012965050732;0.274393037104;
2020-12-08;2020-12-07;CZ080;595.053460900000;586.928803500000;1.129862357869;0.217223724328;
2020-12-09;2020-12-08;CZ010;361.625186100000;370.983481500000;1.140558848433;0.128727064220;
2020-12-09;2020-12-08;CZ020;514.879502600000;533.865276800000;1.120059880239;0.207177271972;
2020-12-09;2020-12-08;CZ031;426.695009400000;411.135734400000;1.097190584662;0.239317654852;
2020-12-09;2020-12-08;CZ032;444.131625300000;369.959304400000;1.088697017268;0.220930232558;
2020-12-09;2020-12-08;CZ041;400.257746800000;454.066859600000;1.147569444444;0.210442534224;
2020-12-09;2020-12-08;CZ042;505.505481000000;501.985235000000;1.108511697361;0.265910447761;
2020-12-09;2020-12-08;CZ051;595.738525900000;541.736861200000;1.121188428459;0.251711427066;
2020-12-09;2020-12-08;CZ052;542.662258500000;505.900800500000;1.097171863669;0.244663648124;
2020-12-09;2020-12-08;CZ053;574.345517600000;540.736404900000;1.059558823529;0.242022169969;
2020-12-09;2020-12-08;CZ063;654.807291700000;581.571282600000;0.982142857142;0.259515570934;
2020-12-09;2020-12-08;CZ064;441.050858800000;437.376238600000;0.966826391448;0.215547703180;
2020-12-09;2020-12-08;CZ071;532.733195600000;424.217307700000;1.027777777777;0.258500232883;
2020-12-09;2020-12-08;CZ072;634.180228500000;623.510593100000;1.123888559573;0.278618662747;
2020-12-09;2020-12-08;CZ080;615.005943800000;609.961748800000;1.159116972477;0.225061233578;
2020-12-10;2020-12-09;CZ010;373.609450700000;368.217896400000;1.175956738768;0.134689599313;
2020-12-10;2020-12-09;CZ020;530.115586800000;543.089730800000;1.206152026027;0.216546304163;
2020-12-10;2020-12-09;CZ031;448.138531300000;428.297480200000;1.129616220130;0.245283018867;
2020-12-10;2020-12-09;CZ032;442.608888300000;352.694536900000;1.040754716981;0.222132731958;
2020-12-10;2020-12-09;CZ041;393.098110800000;419.518294200000;1.190388170055;0.221305841924;
2020-12-10;2020-12-09;CZ042;507.463855700000;503.826256600000;1.156202913108;0.273104757385;
2020-12-10;2020-12-09;CZ051;622.632639900000;574.769596600000;1.188964474678;0.260128989581;
2020-12-10;2020-12-09;CZ052;555.007870300000;514.153668300000;1.178260869565;0.261751448808;
2020-12-10;2020-12-09;CZ053;571.859173400000;513.792494700000;1.168474331164;0.260141661300;
2020-12-10;2020-12-09;CZ063;686.250619000000;623.179634600000;1.001187648456;0.259025964049;
2020-12-10;2020-12-09;CZ064;466.399570900000;452.672005000000;1.116868381240;0.229430502680;
2020-12-10;2020-12-09;CZ071;561.756766600000;426.477790700000;1.159787735849;0.297129909365;
2020-12-10;2020-12-09;CZ072;645.557204600000;638.200633300000;1.180239520958;0.286316095293;
2020-12-10;2020-12-09;CZ080;623.557007900000;624.768642200000;1.146054840514;0.225612778848;
2020-12-11;2020-12-10;CZ010;394.057602300000;388.762242600000;1.155901116427;0.132981651376;
2020-12-11;2020-12-10;CZ020;543.420336300000;502.732744500000;1.234270803131;0.215566133279;
2020-12-11;2020-12-10;CZ031;447.827755600000;441.728411600000;1.066802999318;0.239736519607;
2020-12-11;2020-12-10;CZ032;453.944819300000;369.959304400000;1.065809379727;0.223331748296;
2020-12-11;2020-12-10;CZ041;454.125484500000;478.744406400000;1.209600000000;0.260240963855;
2020-12-11;2020-12-10;CZ042;538.797851600000;524.077494700000;1.081337550835;0.274994254194;
2020-12-11;2020-12-10;CZ051;647.718746300000;584.679417300000;1.206844106463;0.253514376996;
2020-12-11;2020-12-10;CZ052;576.249584600000;512.503094800000;1.239640883977;0.278337726779;
2020-12-11;2020-12-10;CZ053;608.580565200000;517.508896100000;1.299572039942;0.271656478306;
2020-12-11;2020-12-10;CZ063;654.217729300000;596.701592400000;1.030625000000;0.255026291370;
2020-12-11;2020-12-10;CZ064;483.717007900000;453.498803200000;1.161619984859;0.230232558139;
2020-12-11;2020-12-10;CZ071;571.589889000000;430.245262400000;1.202424242424;0.295062462819;
2020-12-11;2020-12-10;CZ072;659.175100200000;613.717233000000;1.235974551764;0.291025466430;
2020-12-11;2020-12-10;CZ080;645.270004000000;645.333772000000;1.152834839769;0.229874385581;
2020-12-12;2020-12-11;CZ010;404.693637200000;391.922911200000;1.192919649960;0.132810770116;
2020-12-12;2020-12-11;CZ020;566.095635300000;527.715640800000;1.294772922022;0.220626886011;
2020-12-12;2020-12-11;CZ031;460.880334200000;439.489923000000;1.076766304347;0.235058579267;
2020-12-12;2020-12-11;CZ032;468.495417400000;392.156862700000;1.066469719350;0.216947115384;
2020-12-12;2020-12-11;CZ041;417.986369400000;439.260331600000;1.085578446909;0.260357278601;
2020-12-12;2020-12-11;CZ042;540.511429500000;528.373211900000;1.134237605238;0.279152756993;
2020-12-12;2020-12-11;CZ051;663.086811400000;589.083782000000;1.225095057034;0.252389158702;
2020-12-12;2020-12-11;CZ052;589.684515100000;510.852521200000;1.306293706293;0.282004830917;
2020-12-12;2020-12-11;CZ053;632.870235700000;497.068688300000;1.351578947368;0.267537157938;
2020-12-12;2020-12-11;CZ063;656.379458000000;583.462571300000;1.015950920245;0.251518833535;
2020-12-12;2020-12-11;CZ064;497.186125600000;457.219395000000;1.265924788948;0.235525094595;
2020-12-12;2020-12-11;CZ071;606.798811100000;437.026711300000;1.281588447653;0.298947368421;
2020-12-12;2020-12-11;CZ072;687.272783600000;622.694479800000;1.353387850467;0.291190147040;
2020-12-12;2020-12-11;CZ080;677.965249100000;673.302348500000;1.230035431997;0.233447134285;
2020-12-13;2020-12-12;CZ010;416.003787000000;394.688496300000;1.199212598425;0.131673367051;
2020-12-13;2020-12-12;CZ020;582.190090500000;535.402685800000;1.268596159047;0.220260179401;
2020-12-13;2020-12-12;CZ031;482.013080500000;460.382483000000;1.097315436241;0.245569240012;
2020-12-13;2020-12-12;CZ032;483.553594400000;413.532289200000;1.082452431289;0.230596006605;
2020-12-13;2020-12-12;CZ041;437.419667100000;457.357199200000;0.910096818810;0.220435510887;
2020-12-13;2020-12-12;CZ042;551.527287500000;534.509950700000;1.048468221307;0.256631225517;
2020-12-13;2020-12-12;CZ051;669.414838300000;596.791420200000;1.205710102489;0.242992033048;
2020-12-13;2020-12-12;CZ052;600.214595700000;506.726087300000;1.335729690869;0.280919262171;
2020-12-13;2020-12-12;CZ053;638.416695900000;497.997788700000;1.399855386840;0.270051611103;
2020-12-13;2020-12-12;CZ063;629.456109000000;558.875817900000;1.044980443285;0.246350084524;
2020-12-13;2020-12-12;CZ064;503.544218400000;466.727574100000;1.229788783685;0.236733263231;
2020-12-13;2020-12-12;CZ071;589.987343800000;422.710319100000;1.228486646884;0.287539936102;
2020-12-13;2020-12-12;CZ072;697.960246000000;636.568406600000;1.291040623260;0.292523010969;
2020-12-13;2020-12-12;CZ080;697.247060300000;681.117097800000;1.235699152542;0.237419223528;
2020-12-14;2020-12-13;CZ010;423.194345800000;395.083579900000;1.164068299925;0.133129563593;
2020-12-14;2020-12-13;CZ020;585.265919700000;533.865276800000;1.251269713980;0.218707657804;
2020-12-14;2020-12-13;CZ031;482.790019700000;459.636320200000;1.131487889273;0.243775160280;
2020-12-14;2020-12-13;CZ032;487.106647400000;414.354421000000;1.099495313626;0.223607038123;
2020-12-14;2020-12-13;CZ041;454.807354600000;465.583048100000;1.063540090771;0.236700336700;
2020-12-14;2020-12-13;CZ042;560.339973800000;540.033015600000;1.095644364616;0.267221552951;
2020-12-14;2020-12-13;CZ051;679.358880400000;606.701240900000;1.179218967921;0.243800461361;
2020-12-14;2020-12-13;CZ052;606.024295400000;497.647932600000;1.261070720423;0.279847462599;
2020-12-14;2020-12-13;CZ053;649.892130900000;496.139588000000;1.369188063844;0.268034234479;
2020-12-14;2020-12-13;CZ063;649.697751000000;603.321102900000;1.015757575757;0.255604697270;
2020-12-14;2020-12-13;CZ064;506.639605700000;465.900775900000;1.315287838353;0.239433687278;
2020-12-14;2020-12-13;CZ071;609.177792300000;450.589609300000;1.308708708708;0.298084815321;
2020-12-14;2020-12-13;CZ072;716.921872900000;640.648973300000;1.290611814345;0.298669595996;
2020-12-14;2020-12-13;CZ080;708.061641400000;683.584913400000;1.181548355181;0.239676885254;
2020-12-15;2020-12-14;CZ010;433.680577400000;398.244248500000;1.149628581535;0.135535260019;
2020-12-15;2020-12-14;CZ020;611.660826100000;550.392423600000;1.190289357528;0.221917432450;
2020-12-15;2020-12-14;CZ031;488.694757600000;447.697714500000;1.060897435897;0.246060065417;
2020-12-15;2020-12-14;CZ032;511.132053400000;429.152793100000;1.161711385061;0.221791499376;
2020-12-15;2020-12-14;CZ041;459.580445300000;477.099236600000;0.970496894409;0.211291413116;
2020-12-15;2020-12-14;CZ042;570.866238100000;549.238123800000;1.076020851433;0.270326312343;
2020-12-15;2020-12-14;CZ051;703.540983000000;636.430702800000;1.110616656071;0.244952327537;
2020-12-15;2020-12-14;CZ052;633.438815600000;547.165139800000;1.290282902829;0.288543529088;
2020-12-15;2020-12-14;CZ053;651.422188900000;471.053878500000;1.251856435643;0.272457912457;
2020-12-15;2020-12-14;CZ063;641.050835900000;598.592881100000;1.024911032028;0.265356265356;
2020-12-15;2020-12-14;CZ064;514.670880800000;473.341959500000;1.153403318658;0.235954277797;
2020-12-15;2020-12-14;CZ071;623.768877200000;447.575631900000;1.142857142857;0.296726504751;
2020-12-15;2020-12-14;CZ072;732.780688100000;656.155126800000;1.245053272450;0.294881038211;
2020-12-15;2020-12-14;CZ080;734.050169500000;688.109241900000;1.215820312500;0.239377042876;
2020-12-16;2020-12-15;CZ010;468.210239900000;418.788594700000;1.226974818903;0.141038858049;
2020-12-16;2020-12-15;CZ020;628.041404900000;559.616877600000;1.183697439511;0.222433124393;
2020-12-16;2020-12-15;CZ031;487.296267100000;429.043643000000;1.080511182108;0.242646003730;
2020-12-16;2020-12-15;CZ032;534.311494400000;437.374111000000;1.256919801277;0.232903734876;
2020-12-16;2020-12-15;CZ041;474.240652400000;486.970255300000;0.965608465608;0.285156250000;
2020-12-16;2020-12-15;CZ042;598.895476600000;551.692819400000;1.114082741328;0.276498651732;
2020-12-16;2020-12-15;CZ051;749.419177500000;669.463438200000;1.185885318210;0.252211203430;
2020-12-16;2020-12-15;CZ052;658.493145400000;541.388132300000;1.177715877437;0.284292630446;
2020-12-16;2020-12-15;CZ053;676.094373900000;471.982978800000;1.149286498353;0.266547861507;
2020-12-16;2020-12-15;CZ063;672.101121700000;621.288345800000;1.073377804730;0.258696287635;
2020-12-16;2020-12-15;CZ064;523.789724400000;485.330533200000;1.185402411208;0.233564458140;
2020-12-16;2020-12-15;CZ071;643.910918200000;437.780205700000;1.207157258064;0.309831824062;
2020-12-16;2020-12-15;CZ072;787.769405900000;702.673587300000;1.251286850725;0.299809395672;
2020-12-16;2020-12-15;CZ080;772.529958000000;718.134331400000;1.228795438346;0.248021867357;
2020-12-17;2020-12-16;CZ010;496.523065200000;420.368929000000;1.267755918639;0.143045261296;
2020-12-17;2020-12-16;CZ020;662.662366200000;581.524955900000;1.144054709905;0.221851471594;
2020-12-17;2020-12-16;CZ031;518.218447300000;434.266783000000;1.119873817034;0.247870409160;
2020-12-17;2020-12-16;CZ032;552.922724400000;471.081514300000;1.308171745152;0.239447331727;
2020-12-17;2020-12-16;CZ041;480.718418300000;506.712292700000;1.118248175182;0.251725271114;
2020-12-17;2020-12-16;CZ042;629.617480400000;568.262014200000;1.171958762886;0.282898666135;
2020-12-17;2020-12-16;CZ051;820.383478400000;734.427817900000;1.276846679081;0.265522137601;
2020-12-17;2020-12-16;CZ052;701.339680400000;557.068581300000;1.197537473233;0.283021255060;
2020-12-17;2020-12-16;CZ053;734.427834800000;498.926889000000;1.154724818276;0.264951155587;
2020-12-17;2020-12-16;CZ063;671.511559300000;618.451412700000;1.045289855072;0.255121591746;
2020-12-17;2020-12-16;CZ064;543.784253100000;485.743932300000;1.075174295240;0.224963531426;
2020-12-17;2020-12-16;CZ071;687.842771500000;467.919978900000;1.112676056338;0.292376017764;
2020-12-17;2020-12-16;CZ072;833.794445600000;755.720954500000;1.236944324557;0.306000427076;
2020-12-17;2020-12-16;CZ080;824.004010600000;748.159420800000;1.270330157323;0.261470400437;
2020-12-18;2020-12-17;CZ010;523.337857300000;427.085349900000;1.342087984241;0.147082104051;
2020-12-18;2020-12-17;CZ020;696.854142000000;588.827648700000;1.169509594882;0.229325194414;
2020-12-18;2020-12-17;CZ031;518.995386500000;438.743760200000;1.085626911314;0.249157776530;
2020-12-18;2020-12-17;CZ032;589.637605500000;537.674189100000;1.351562500000;0.250785213819;
2020-12-18;2020-12-17;CZ041;536.972701300000;567.583574600000;1.244680851063;0.261577770680;
2020-12-18;2020-12-17;CZ042;653.974766300000;573.785079100000;1.286524204099;0.288226673180;
2020-12-18;2020-12-17;CZ051;842.305571300000;735.528909100000;1.299332119004;0.270612038442;
2020-12-18;2020-12-17;CZ052;742.189131100000;560.369728400000;1.234122712594;0.283471380887;
2020-12-18;2020-12-17;CZ053;769.427911300000;512.863394300000;1.136880165289;0.262962962962;
2020-12-18;2020-12-17;CZ063;681.927161500000;622.233990200000;1.135995009357;0.262278553939;
2020-12-18;2020-12-17;CZ064;543.700594000000;481.196542300000;1.015694403316;0.210352017662;
2020-12-18;2020-12-17;CZ071;729.078446100000;510.115661300000;1.262318840579;0.298423937871;
2020-12-18;2020-12-17;CZ072;877.578565700000;795.710508200000;1.273275862068;0.309319371727;
2020-12-18;2020-12-17;CZ080;865.837157500000;769.958458400000;1.311401628804;0.267158574921;
2020-12-19;2020-12-18;CZ010;556.669093400000;442.098525900000;1.413584183673;0.147988649641;
2020-12-19;2020-12-18;CZ020;736.196143400000;615.732306300000;1.230292672505;0.232423924449;
2020-12-19;2020-12-18;CZ031;539.040417900000;455.159343000000;1.152293577981;0.257764400054;
2020-12-19;2020-12-18;CZ032;625.506521500000;579.602910300000;1.477377049180;0.261672473867;
2020-12-19;2020-12-18;CZ041;568.679660800000;618.583837800000;1.398293029871;0.270724318369;
2020-12-19;2020-12-18;CZ042;677.230466400000;592.195295500000;1.273770491803;0.291666666666;
2020-12-19;2020-12-18;CZ051;868.973684400000;714.608176700000;1.321111768184;0.267673136832;
2020-12-19;2020-12-18;CZ052;768.514332700000;583.477758500000;1.239517819706;0.292227851229;
2020-12-19;2020-12-18;CZ053;797.351469600000;518.437996400000;1.136847440446;0.267980884109;
2020-12-19;2020-12-18;CZ063;724.965215800000;633.581722500000;1.213007159904;0.293446882217;
2020-12-19;2020-12-18;CZ064;608.285431500000;517.575662300000;1.151304347826;0.237077712785;
2020-12-19;2020-12-18;CZ071;742.400740900000;520.664581900000;1.170720513997;0.293420749942;
2020-12-19;2020-12-18;CZ072;920.673172200000;798.974961600000;1.235798937474;0.311367380560;
2020-12-19;2020-12-18;CZ080;926.616779800000;812.733928300000;1.369060079547;0.283804894983;
2020-12-20;2020-12-19;CZ010;590.524641100000;462.642872000000;1.488615384615;0.151766108287;
2020-12-20;2020-12-19;CZ020;760.445122500000;614.963601800000;1.223939019365;0.236967013681;
2020-12-20;2020-12-19;CZ031;546.188258500000;457.397831600000;1.135951661631;0.243744327758;
2020-12-20;2020-12-19;CZ032;651.731436500000;588.646360000000;1.445692883895;0.260020208824;
2020-12-20;2020-12-19;CZ041;553.678518700000;598.841800400000;1.545600000000;0.290438965724;
2020-12-20;2020-12-19;CZ042;671.600139000000;581.149165700000;1.289463060153;0.292009508136;
2020-12-20;2020-12-19;CZ051;889.313770600000;728.922362000000;1.309673726388;0.276729559748;
2020-12-20;2020-12-19;CZ052;796.291959100000;601.634067800000;1.204957102001;0.299845807140;
2020-12-20;2020-12-19;CZ053;824.509998900000;525.870799300000;1.173999011369;0.274122807017;
2020-12-20;2020-12-19;CZ063;742.062525000000;633.581722500000;1.257523148148;0.303068340306;
2020-12-20;2020-12-19;CZ064;612.803023700000;510.134478700000;1.159130945390;0.232920353982;
2020-12-20;2020-12-19;CZ071;747.000104600000;528.199525200000;1.174377224199;0.298608754665;
2020-12-20;2020-12-19;CZ072;939.117663700000;807.136095000000;1.274653626731;0.315577078288;
2020-12-20;2020-12-19;CZ080;964.342062600000;830.419939900000;1.372891566265;0.287160317526;
2020-12-21;2020-12-20;CZ010;612.021415800000;469.359292900000;1.415518695529;0.153258454326;
2020-12-21;2020-12-20;CZ020;769.887202900000;622.266294600000;1.206985512998;0.238126933166;
2020-12-21;2020-12-20;CZ031;549.451403200000;461.128645900000;1.124186871673;0.246530929840;
2020-12-21;2020-12-20;CZ032;654.438524500000;588.646360000000;1.322981366459;0.265225266017;
2020-12-21;2020-12-20;CZ041;559.474414500000;605.422479500000;1.284931506849;0.281512605042;
2020-12-21;2020-12-20;CZ042;693.142261200000;600.173056000000;1.208927231807;0.293720951426;
2020-12-21;2020-12-20;CZ051;911.235863600000;748.742003300000;1.243889479277;0.279255636407;
2020-12-21;2020-12-20;CZ052;831.876369500000;628.043245000000;1.264900662251;0.305146639278;
2020-12-21;2020-12-20;CZ053;841.149379500000;533.303602100000;1.158070678127;0.275756197407;
2020-12-21;2020-12-20;CZ063;749.333794500000;636.418655600000;1.207344632768;0.298213787329;
2020-12-21;2020-12-20;CZ064;636.143917100000;522.949850500000;1.141836173721;0.243622074951;
2020-12-21;2020-12-20;CZ071;773.486095600000;550.050860800000;1.126513569937;0.306521245171;
2020-12-21;2020-12-20;CZ072;974.455241000000;830.803381900000;1.198952879581;0.316641975308;
2020-12-21;2020-12-20;CZ080;1012.211254800000;865.380660500000;1.410866202629;0.301292373756;
2020-12-22;2020-12-21;CZ010;646.326373400000;486.347886800000;1.414781693845;0.160773530202;
2020-12-22;2020-12-21;CZ020;800.788556700000;634.565566600000;1.222715001928;0.246223740923;
2020-12-22;2020-12-21;CZ031;571.982640000000;470.828763000000;1.141408450704;0.258023433520;
2020-12-22;2020-12-21;CZ032;695.890809600000;638.796399000000;1.329274748544;0.279465776293;
2020-12-22;2020-12-21;CZ041;596.977269800000;635.035535600000;1.469973890339;0.324963924963;
2020-12-22;2020-12-21;CZ042;717.132351800000;623.492663500000;1.190007037297;0.304273504273;
2020-12-22;2020-12-21;CZ051;952.142037000000;783.976921100000;1.198833252309;0.283774453394;
2020-12-22;2020-12-21;CZ052;887.613175600000;671.783444700000;1.247653106839;0.313067863151;
2020-12-22;2020-12-21;CZ053;866.969108100000;552.814709500000;1.128597122302;0.283872427052;
2020-12-22;2020-12-21;CZ063;785.100579300000;661.951053400000;1.309647602541;0.308939765603;
2020-12-22;2020-12-21;CZ064;654.214286100000;542.793006900000;1.244431914293;0.249688878832;
2020-12-22;2020-12-21;CZ071;806.316036500000;589.232566000000;1.196624472573;0.324262520009;
2020-12-22;2020-12-21;CZ072;1001.346275500000;834.883948600000;1.170621074668;0.325412221144;
2020-12-22;2020-12-21;CZ080;1072.571707300000;895.405750000000;1.362986220129;0.316113111371;
2020-12-23;2020-12-22;CZ010;694.338333700000;514.793904600000;1.397504892367;0.166978429882;
2020-12-23;2020-12-22;CZ020;848.499674800000;658.779758400000;1.243938012762;0.258446969696;
2020-12-23;2020-12-22;CZ031;615.957398800000;514.106208800000;1.280563380281;0.283734864561;
2020-12-23;2020-12-22;CZ032;749.186604600000;675.792329500000;1.279865125240;0.286407243721;
2020-12-23;2020-12-22;CZ041;690.734408100000;714.003685100000;1.582417582417;0.322950411163;
2020-12-23;2020-12-22;CZ042;764.133345700000;671.972900100000;1.212542372881;0.322746548768;
2020-12-23;2020-12-22;CZ051;1005.478263200000;822.515112400000;1.199532710280;0.293237377198;
2020-12-23;2020-12-22;CZ052;940.808238100000;706.445489800000;1.337985172263;0.339605933141;
2020-12-23;2020-12-22;CZ053;908.089416500000;573.254917200000;1.205815538391;0.299278304014;
2020-12-23;2020-12-22;CZ063;827.745592000000;675.190074500000;1.341021416803;0.330759853718;
2020-12-23;2020-12-22;CZ064;695.207252900000;566.770154200000;1.362099125364;0.254300021772;
2020-12-23;2020-12-22;CZ071;817.100751400000;605.055946900000;1.055109070034;0.309984259051;
2020-12-23;2020-12-22;CZ072;1050.301748400000;863.447915600000;1.157413676371;0.330274343122;
2020-12-23;2020-12-22;CZ080;1129.914137200000;918.027392700000;1.357411341722;0.328846306120;
2020-12-24;2020-12-23;CZ010;764.371380300000;543.239922400000;1.444394315362;0.171883388811;
2020-12-24;2020-12-23;CZ020;916.740164600000;705.670733100000;1.324882792151;0.267353446161;
2020-12-24;2020-12-23;CZ031;670.964694300000;596.184123100000;1.349787685774;0.295594560037;
2020-12-24;2020-12-23;CZ032;820.924436700000;739.918608900000;1.315135375055;0.299141847551;
2020-12-24;2020-12-23;CZ041;665.505214600000;671.229270800000;1.206510681586;0.364923076923;
2020-12-24;2020-12-23;CZ042;802.199254800000;694.065159800000;1.194337194337;0.328903065745;
2020-12-24;2020-12-23;CZ051;1088.194613900000;890.782765700000;1.234556848701;0.308259751872;
2020-12-24;2020-12-23;CZ052;1057.728443700000;774.944293100000;1.517547568710;0.365553065797;
2020-12-24;2020-12-23;CZ053;972.734366600000;629.000938300000;1.275969683459;0.313884623821;
2020-12-24;2020-12-23;CZ063;885.129664400000;701.668116600000;1.363994097393;0.349464398235;
2020-12-24;2020-12-23;CZ064;783.467620100000;591.574099700000;1.464753272910;0.304958591047;
2020-12-24;2020-12-23;CZ071;908.612229200000;706.777681400000;1.316738533908;0.363843154246;
2020-12-24;2020-12-23;CZ072;1136.146204400000;896.908562600000;1.231812169312;0.347546183989;
2020-12-24;2020-12-23;CZ080;1217.688295200000;959.568954800000;1.344342507645;0.338309989225;
2020-12-25;2020-12-24;CZ010;779.876022700000;527.831662700000;1.307151715584;0.183463881636;
2020-12-25;2020-12-24;CZ020;904.436847800000;687.606177300000;1.205015990573;0.276633563893;
2020-12-25;2020-12-24;CZ031;666.458446900000;582.753191700000;1.337234042553;0.311949373371;
2020-12-25;2020-12-24;CZ032;795.714679600000;713.610391700000;1.134283246977;0.302092916283;
2020-12-25;2020-12-24;CZ041;667.891759900000;661.358252100000;1.180124223602;0.342342342342;
2020-12-25;2020-12-24;CZ042;780.045140500000;675.041269500000;1.071696931747;0.334833219211;
2020-12-25;2020-12-24;CZ051;1032.146376300000;851.143483100000;1.060751748251;0.312475859405;
2020-12-25;2020-12-24;CZ052;1035.397410600000;756.787983800000;1.348892405063;0.386183465458;
2020-12-25;2020-12-24;CZ053;932.187829900000;602.986128500000;1.125473684210;0.324826831935;
2020-12-25;2020-12-24;CZ063;874.714062200000;697.885539200000;1.210308329498;0.364316387311;
2020-12-25;2020-12-24;CZ064;751.928133400000;569.663947800000;1.407801418439;0.331741673630;
2020-12-25;2020-12-24;CZ071;884.346620700000;692.461289200000;1.122348484848;0.383063994828;
2020-12-25;2020-12-24;CZ072;1114.598901200000;887.931315900000;1.122762148337;0.355609558525;
2020-12-25;2020-12-24;CZ080;1227.161532900000;956.689836700000;1.246014333772;0.364215476699;
2020-12-26;2020-12-25;CZ010;766.318823300000;511.238152400000;1.151539225422;0.194903859082;
2020-12-26;2020-12-25;CZ020;863.807290000000;635.718623400000;1.038638605721;0.285604485034;
2020-12-26;2020-12-25;CZ031;640.664065400000;575.291563100000;1.177801157285;0.326956775700;
2020-12-26;2020-12-25;CZ032;790.131310600000;702.100546700000;1.031583440034;0.308763413387;
2020-12-26;2020-12-25;CZ041;665.164279500000;682.745459300000;1.031982942430;0.345714285714;
2020-12-26;2020-12-25;CZ042;759.604604100000;660.313096400000;0.961216258144;0.349700869172;
2020-12-26;2020-12-25;CZ051;1005.252262200000;834.627115400000;0.945749679624;0.335251362810;
2020-12-26;2020-12-25;CZ052;1005.804253000000;741.107534800000;1.187359760658;0.401289180990;
2020-12-26;2020-12-25;CZ053;869.264195100000;578.829519300000;0.949278350515;0.334495786108;
2020-12-26;2020-12-25;CZ063;835.606423800000;682.755229400000;1.038371548900;0.355153649167;
2020-12-26;2020-12-25;CZ064;715.954713600000;541.552809600000;1.103996148290;0.330641672674;
2020-12-26;2020-12-25;CZ071;834.863811200000;672.870436600000;1.005559673832;0.400797754468;
2020-12-26;2020-12-25;CZ072;1076.330890700000;891.195769200000;1.004366812227;0.368674147011;
2020-12-26;2020-12-25;CZ080;1173.675465300000;911.446551200000;1.022337947101;0.375648320660;
2020-12-27;2020-12-26;CZ010;759.727477800000;504.126647900000;0.986242796058;0.199136636636;
2020-12-27;2020-12-26;CZ020;847.069056600000;627.647226100000;0.930610313830;0.290546528803;
2020-12-27;2020-12-26;CZ031;623.105239500000;567.829934500000;1.051332675222;0.346962045935;
2020-12-27;2020-12-26;CZ032;785.563099600000;692.234965200000;0.926722421346;0.319686770160;
2020-12-27;2020-12-26;CZ041;638.230410700000;664.648591700000;0.804618117229;0.354737666405;
2020-12-27;2020-12-26;CZ042;744.304801400000;641.289206000000;0.853636901241;0.362688442211;
2020-12-27;2020-12-26;CZ051;1004.348258400000;836.829297800000;0.874290348742;0.339367228081;
2020-12-27;2020-12-26;CZ052;1008.709102800000;755.962697000000;1.084915800788;0.410131382906;
2020-12-27;2020-12-26;CZ053;874.619398000000;576.042218300000;0.875697211155;0.341675734494;
2020-12-27;2020-12-26;CZ063;858.009794500000;695.048606100000;0.967357741508;0.362779156327;
2020-12-27;2020-12-26;CZ064;703.238528000000;534.525025100000;1.009968282736;0.342264875239;
2020-12-27;2020-12-26;CZ071;838.828779900000;683.419357200000;0.934062059238;0.423772196448;
2020-12-27;2020-12-26;CZ072;1080.295594500000;901.805242700000;0.935618479880;0.379335347432;
2020-12-27;2020-12-26;CZ080;1173.172461500000;937.769917300000;0.915920143332;0.385261344673;
2020-12-28;2020-12-27;CZ010;786.092860000000;520.720158300000;0.955715035883;0.210428951323;
2020-12-28;2020-12-27;CZ020;872.319468400000;653.398826900000;0.895940202257;0.302608781743;
2020-12-28;2020-12-27;CZ031;638.488635700000;605.138077400000;0.971403431588;0.356129032258;
2020-12-28;2020-12-27;CZ032;804.343522600000;702.100546700000;0.907414377117;0.327937976060;
2020-12-28;2020-12-27;CZ041;621.865528300000;656.422742800000;0.683641975308;0.350752177355;
2020-12-28;2020-12-27;CZ042;758.380619900000;654.790031400000;0.831143416270;0.377092846270;
2020-12-28;2020-12-27;CZ051;1012.710293800000;851.143483100000;0.833657966497;0.348647768002;
2020-12-28;2020-12-27;CZ052;1040.117791600000;798.052323100000;0.995762711864;0.414856056491;
2020-12-28;2020-12-27;CZ053;902.925470800000;602.986128500000;0.865109269027;0.358750000000;
2020-12-28;2020-12-27;CZ063;841.698568500000;650.603321100000;0.878787878787;0.365525464145;
2020-12-28;2020-12-27;CZ064;704.075119100000;531.631231400000;0.912243150684;0.333411562231;
2020-12-28;2020-12-27;CZ071;848.344704800000;683.419357200000;0.961552412042;0.401301846805;
2020-12-28;2020-12-27;CZ072;1085.639325700000;917.311396200000;0.904357999415;0.383718044179;
2020-12-28;2020-12-27;CZ080;1209.221065100000;969.851519700000;0.858054418492;0.379823065444;
2020-12-29;2020-12-28;CZ010;852.305922300000;568.525271500000;0.937060752772;0.228536603946;
2020-12-29;2020-12-28;CZ020;932.190841600000;688.759234000000;0.876933158584;0.326326570425;
2020-12-29;2020-12-28;CZ031;685.726539100000;673.785060300000;0.938655131734;0.382716049382;
2020-12-29;2020-12-28;CZ032;842.411947700000;736.630081800000;0.832939588255;0.347116736990;
2020-12-29;2020-12-28;CZ041;689.711603000000;682.745459300000;0.756323777403;0.370049504950;
2020-12-29;2020-12-28;CZ042;798.772099000000;687.928421000000;0.846982758620;0.394776494224;
2020-12-29;2020-12-28;CZ051;1065.594518100000;868.760942000000;0.815445975344;0.390045091918;
2020-12-29;2020-12-28;CZ052;1153.588488000000;882.231575400000;0.992755642240;0.470798097251;
2020-12-29;2020-12-28;CZ053;966.805391900000;657.803049300000;0.889238294898;0.394512478685;
2020-12-29;2020-12-28;CZ063;889.060080300000;680.863940600000;0.813919942300;0.394994749737;
2020-12-29;2020-12-28;CZ064;729.423831300000;543.206406000000;0.739944998281;0.357024382152;
2020-12-29;2020-12-28;CZ071;849.613494800000;703.010209800000;0.750520988389;0.401177593889;
2020-12-29;2020-12-28;CZ072;1123.217822500000;928.736982900000;0.848590604026;0.398713420787;
2020-12-29;2020-12-28;CZ080;1294.731706100000;1031.135606400000;0.867834394904;0.404324095172;
2020-12-30;2020-12-29;CZ010;939.491447700000;636.874730800000;1.080012650221;0.267360839270;
2020-12-30;2020-12-29;CZ020;1025.681743200000;754.867821200000;1.049867299902;0.362007513727;
2020-12-30;2020-12-29;CZ031;771.656014800000;755.862974600000;1.071201272871;0.403929803509;
2020-12-30;2020-12-29;CZ032;886.232934700000;776.914539400000;0.982489531785;0.368398515558;
2020-12-30;2020-12-29;CZ041;727.214458300000;712.358515300000;0.734210526315;0.310229799851;
2020-12-30;2020-12-29;CZ042;872.455948800000;764.637656200000;1.037394098743;0.417863026594;
2020-12-30;2020-12-29;CZ051;1113.506721200000;916.107862800000;0.972393901936;0.427923844061;
2020-12-30;2020-12-29;CZ052;1260.523272300000;981.265989900000;1.136363636363;0.498841400617;
2020-12-30;2020-12-29;CZ053;1051.532353000000;703.328966500000;1.063973063973;0.428184281842;
2020-12-30;2020-12-29;CZ063;937.600716900000;726.254870000000;0.885551330798;0.423762736535;
2020-12-30;2020-12-29;CZ064;795.179896300000;583.306117800000;0.869557394746;0.416386663220;
2020-12-30;2020-12-29;CZ071;970.307142300000;793.429529400000;1.134323320958;0.523357209592;
2020-12-30;2020-12-29;CZ072;1191.479679100000;966.278196700000;0.994589977220;0.438984541912;
2020-12-30;2020-12-29;CZ080;1390.218588600000;1108.049191700000;0.971592909965;0.439144736842;
2020-12-31;2020-12-30;CZ010;1022.782087100000;711.545527400000;1.250776129699;0.315798641351;
2020-12-31;2020-12-30;CZ020;1126.397266900000;846.728009200000;1.284945385467;0.414513328567;
2020-12-31;2020-12-30;CZ031;835.831192800000;831.225423200000;1.266636891469;0.439621764067;
2020-12-31;2020-12-30;CZ032;938.513571800000;813.910469800000;1.069093918080;0.392168766125;
2020-12-31;2020-12-30;CZ041;824.380947100000;804.488023100000;1.272727272727;0.383920224368;
2020-12-31;2020-12-30;CZ042;905.013928900000;810.663197300000;1.188508715300;0.434967513290;
2020-12-31;2020-12-30;CZ051;1155.090897500000;921.613318700000;1.062782294489;0.447423464536;
2020-12-31;2020-12-30;CZ052;1386.339580500000;1081.950977900000;1.274645669291;0.548151158065;
2020-12-31;2020-12-30;CZ053;1129.756567700000;773.940593300000;1.322762814943;0.468101460415;
2020-12-31;2020-12-30;CZ063;1045.883675400000;829.330105500000;1.148715637674;0.480309025814;
2020-12-31;2020-12-30;CZ064;878.169739300000;640.768591500000;1.020279110335;0.421379682997;
2020-12-31;2020-12-30;CZ071;1038.980400300000;854.462570100000;1.176557316623;0.498827941865;
2020-12-31;2020-12-30;CZ072;1279.220297900000;1036.463944100000;1.147826086956;0.469333333333;
2020-12-31;2020-12-30;CZ080;1495.094874800000;1186.196684900000;1.212064343163;0.490453460620;
2021-01-01;2020-12-31;CZ010;1091.392002300000;775.549067400000;1.554571159283;0.328487214211;
2021-01-01;2020-12-31;CZ020;1207.656382600000;927.057629700000;1.647856295543;0.420279206465;
2021-01-01;2020-12-31;CZ031;893.946245100000;875.995194700000;1.520657276995;0.448180434481;
2021-01-01;2020-12-31;CZ032;964.907679800000;804.044888300000;1.321873657069;0.397108184869;
2021-01-01;2020-12-31;CZ041;866.656893100000;834.101079200000;1.547461368653;0.511119212541;
2021-01-01;2020-12-31;CZ042;954.585289600000;883.076715300000;1.515760304814;0.450530217234;
2021-01-01;2020-12-31;CZ051;1174.074978000000;957.949327700000;1.283858998144;0.453176162409;
2021-01-01;2020-12-31;CZ052;1449.701617400000;1176.033671700000;1.510898282694;0.531729428172;
2021-01-01;2020-12-31;CZ053;1208.172039700000;847.339521100000;1.657870791628;0.498154477101;
2021-01-01;2020-12-31;CZ063;1068.287046100000;864.318946900000;1.279525763793;0.485215286183;
2021-01-01;2020-12-31;CZ064;934.806960700000;688.309487000000;1.259757738896;0.453671540512;
2021-01-01;2020-12-31;CZ071;1047.227535200000;882.341860300000;1.374103435258;0.493492407809;
2021-01-01;2020-12-31;CZ072;1345.758370200000;1069.108477700000;1.368270149729;0.479995529727;
2021-01-01;2020-12-31;CZ080;1538.688535000000;1228.149549600000;1.374179125331;0.484244214672;
2021-01-02;2021-01-01;CZ010;1056.712536400000;765.276894300000;1.521978021978;0.338548032265;
2021-01-02;2021-01-01;CZ020;1152.935235100000;892.850279400000;1.603304433175;0.428852717248;
2021-01-02;2021-01-01;CZ031;842.512869900000;843.164028900000;1.441576086956;0.443809258226;
2021-01-02;2021-01-01;CZ032;907.720445700000;739.096477100000;1.222729158025;0.404001644511;
2021-01-02;2021-01-01;CZ041;881.317100200000;834.101079200000;1.825056433408;0.529642974123;
2021-01-02;2021-01-01;CZ042;939.530283800000;886.758758600000;1.539858728557;0.458441818545;
2021-01-02;2021-01-01;CZ051;1094.070638800000;912.804589300000;1.227570093457;0.462662909475;
2021-01-02;2021-01-01;CZ052;1462.228782300000;1189.238260200000;1.597054009819;0.554368821724;
2021-01-02;2021-01-01;CZ053;1149.838578800000;811.104607400000;1.615853658536;0.513210679208;
2021-01-02;2021-01-01;CZ063;988.696123800000;824.601883700000;1.310344827586;0.488194444444;
2021-01-02;2021-01-01;CZ064;868.799918300000;655.237559700000;1.360628812763;0.462255878836;
2021-01-02;2021-01-01;CZ071;996.475935800000;852.955581500000;1.346661637118;0.498324958123;
2021-01-02;2021-01-01;CZ072;1300.422844200000;1043.808964100000;1.398447606727;0.482535431313;
2021-01-02;2021-01-01;CZ080;1452.507222200000;1179.615843300000;1.384313175249;0.486825224513;
2021-01-03;2021-01-02;CZ010;1038.960844400000;765.276894300000;1.427666666666;0.338777931579;
2021-01-03;2021-01-02;CZ020;1139.558954700000;891.697222600000;1.499028545807;0.425721561969;
2021-01-03;2021-01-02;CZ031;832.257272500000;854.356471800000;1.351487222454;0.443375481033;
2021-01-03;2021-01-02;CZ032;908.735603700000;749.784190400000;1.233387358184;0.397752515353;
2021-01-03;2021-01-02;CZ041;877.566814700000;853.843116600000;1.859531772575;0.523540489642;
2021-01-03;2021-01-02;CZ042;923.006496900000;887.986106400000;1.480279898218;0.461203052224;
2021-01-03;2021-01-02;CZ051;1144.468852500000;985.476607300000;1.293019119608;0.471695052716;
2021-01-03;2021-01-02;CZ052;1464.588972800000;1199.966988500000;1.414257648049;0.548015225666;
2021-01-03;2021-01-02;CZ053;1150.794865100000;823.182911900000;1.500589390962;0.511518885614;
2021-01-03;2021-01-02;CZ063;986.337874200000;849.188637100000;1.252104563579;0.483904109589;
2021-01-03;2021-01-02;CZ064;876.329238700000;682.935298900000;1.397677119628;0.469308166289;
2021-01-03;2021-01-02;CZ071;982.360647200000;849.941604100000;1.406188020626;0.491541874653;
2021-01-03;2021-01-02;CZ072;1300.767601100000;1060.131231000000;1.394179057260;0.487500000000;
2021-01-03;2021-01-02;CZ080;1457.369592000000;1212.108748400000;1.340366972477;0.484141261124;
2021-01-04;2021-01-03;CZ010;1070.269735800000;801.229500100000;1.292679355783;0.341560601957;
2021-01-04;2021-01-03;CZ020;1178.114116100000;918.601880200000;1.377993613624;0.421873727087;
2021-01-04;2021-01-03;CZ031;841.580542900000;870.772054700000;1.191236539175;0.430026809651;
2021-01-04;2021-01-03;CZ032;922.440236800000;749.784190400000;1.178225493994;0.392640413169;
2021-01-04;2021-01-03;CZ041;885.408320800000;881.811002800000;2.044205495818;0.516762307459;
2021-01-04;2021-01-03;CZ042;950.056548000000;916.828778800000;1.348634187552;0.462303311130;
2021-01-04;2021-01-03;CZ051;1198.031079600000;1040.531166300000;1.339406779661;0.470246950312;
2021-01-04;2021-01-03;CZ052;1528.495669000000;1268.465791800000;1.384258064516;0.556547001452;
2021-01-04;2021-01-03;CZ053;1209.319583200000;875.212531700000;1.415963431786;0.526818419675;
2021-01-04;2021-01-03;CZ063;1020.139451100000;887.014411600000;1.307428080721;0.486188727446;
2021-01-04;2021-01-03;CZ064;870.222123300000;685.829092500000;1.270432443616;0.471075648304;
2021-01-04;2021-01-03;CZ071;990.924979600000;847.681121100000;1.070217197262;0.491729323308;
2021-01-04;2021-01-03;CZ072;1308.697008700000;1072.372931100000;1.288290867449;0.489077274209;
2021-01-04;2021-01-03;CZ080;1493.418195600000;1266.811993500000;1.291168297692;0.492897334194;
2021-01-05;2021-01-04;CZ010;1105.623316500000;828.885350600000;1.208080529509;0.337233919704;
2021-01-05;2021-01-04;CZ020;1219.387452100000;962.802389100000;1.275840827892;0.415686589330;
2021-01-05;2021-01-04;CZ031;884.156811100000;922.257291800000;1.164668547249;0.436904761904;
2021-01-05;2021-01-04;CZ032;931.238272800000;765.404694300000;1.174922600619;0.377940993402;
2021-01-05;2021-01-04;CZ041;867.338763200000;848.907607200000;1.336850649350;0.529922779922;
2021-01-05;2021-01-04;CZ042;978.820177100000;934.011647500000;1.318033677349;0.454018149499;
2021-01-05;2021-01-04;CZ051;1245.265279900000;1098.888998900000;1.385890352741;0.468467174256;
2021-01-05;2021-01-04;CZ052;1635.975112600000;1383.180655200000;1.346182357301;0.558597354660;
2021-01-05;2021-01-04;CZ053;1305.904493700000;949.540559800000;1.406568144499;0.527333169170;
2021-01-05;2021-01-04;CZ063;1085.187834500000;985.361425200000;1.280894468418;0.486514677395;
2021-01-05;2021-01-04;CZ064;901.594291700000;713.526831600000;1.383201538790;0.450257409211;
2021-01-05;2021-01-04;CZ071;1039.456196600000;885.355837600000;1.263471177944;0.496369230769;
2021-01-05;2021-01-04;CZ072;1362.651455900000;1124.604185000000;1.283549783549;0.482800732749;
2021-01-05;2021-01-04;CZ080;1563.335719800000;1358.943774900000;1.218535722185;0.468253293667;
2021-01-06;2021-01-05;CZ010;1170.637952300000;892.888890600000;1.066933430338;;0.383950617283
2021-01-06;2021-01-05;CZ020;1297.499207700000;1045.438123100000;1.092451665981;;0.538000000000
2021-01-06;2021-01-05;CZ031;947.865825700000;967.773226100000;1.051867860450;;0.472924187725
2021-01-06;2021-01-05;CZ032;954.925292800000;784.313725400000;0.995773732119;;0.585746102449
2021-01-06;2021-01-05;CZ041;909.614709300000;913.069228700000;1.305991440798;;0.580246913580
2021-01-06;2021-01-05;CZ042;1024.841983600000;985.560253500000;1.101919561243;;0.623880597014
2021-01-06;2021-01-05;CZ051;1266.057368000000;1114.304275500000;1.171242774566;;0.669856459330
2021-01-06;2021-01-05;CZ052;1691.167259400000;1456.631179300000;1.189071038251;;0.589506172839
2021-01-06;2021-01-05;CZ053;1379.729791700000;1060.103501700000;1.199231613611;;0.659574468085
2021-01-06;2021-01-05;CZ063;1140.606699000000;1068.578129100000;1.238417676407;;0.631679389312
2021-01-06;2021-01-05;CZ064;974.628699900000;785.871672600000;1.213853276353;;0.573225516621
2021-01-06;2021-01-05;CZ071;1073.872125000000;932.825980400000;0.936813186813;;0.617418351477
2021-01-06;2021-01-05;CZ072;1456.770076400000;1214.376652600000;1.154365541327;;0.510542168674
2021-01-06;2021-01-05;CZ080;1628.474708100000;1443.260806900000;1.133502796136;;0.500000000000
2021-01-07;2021-01-06;CZ010;1195.730006500000;941.089087300000;1.048375451263;;0.381818181818
2021-01-07;2021-01-06;CZ020;1332.620885400000;1088.869927500000;1.072645648403;;0.530511811023
2021-01-07;2021-01-06;CZ031;959.364525800000;955.088457600000;1.048696198554;;0.472413793103
2021-01-07;2021-01-06;CZ032;974.890066800000;826.242446600000;1.078018995929;;0.596026490066
2021-01-07;2021-01-06;CZ041;1067.808571700000;1059.489339200000;1.175015460729;;0.576923076923
2021-01-07;2021-01-06;CZ042;1060.704721100000;1054.291728200000;1.088685015290;;0.618287373004
2021-01-07;2021-01-06;CZ051;1285.945452400000;1155.044649200000;1.270270270270;;0.685057471264
2021-01-07;2021-01-06;CZ052;1791.566131600000;1560.617314500000;1.193072350891;;0.587537091988
2021-01-07;2021-01-06;CZ053;1461.587894100000;1129.786028100000;1.239083557951;;0.658396946564
2021-01-07;2021-01-06;CZ063;1170.084818300000;1101.675681800000;1.210881934566;;0.647169811320
2021-01-07;2021-01-06;CZ064;975.967245700000;835.066164500000;1.204862907397;;0.554206418039
2021-01-07;2021-01-06;CZ071;1095.124357200000;965.979731000000;1.040056022408;;0.608888888888
2021-01-07;2021-01-06;CZ072;1466.078511400000;1244.572846200000;1.112164662349;;0.494752623688
2021-01-07;2021-01-06;CZ080;1664.942481500000;1498.375354700000;1.096493006284;;0.488257107540
2021-01-08;2021-01-07;CZ010;1242.618441900000;1011.413964600000;0.973966845668;;0.399321266968
2021-01-08;2021-01-07;CZ020;1428.543838000000;1223.777567600000;1.021635094715;;0.530573847601
2021-01-08;2021-01-07;CZ031;1066.271360000000;1094.620911900000;1.123062616243;;0.461669505962
2021-01-08;2021-01-07;CZ032;1058.978987900000;885.435935300000;1.045663600525;;0.591463414634
2021-01-08;2021-01-07;CZ041;1123.721919700000;1108.844432700000;1.135491606714;;0.570996978851
2021-01-08;2021-01-07;CZ042;1141.977273000000;1143.274441000000;1.064460678985;;0.564943253467
2021-01-08;2021-01-07;CZ051;1438.270098200000;1291.579955700000;1.236588720770;;0.695364238410
2021-01-08;2021-01-07;CZ052;1943.889194500000;1725.674671900000;1.216908116689;;0.593750000000
2021-01-08;2021-01-07;CZ053;1562.954235900000;1226.412464800000;1.185650693898;;0.647706422018
2021-01-08;2021-01-07;CZ063;1252.820073400000;1197.185762300000;1.262915782024;;0.646739130434
2021-01-08;2021-01-07;CZ064;1081.377731700000;923.946969100000;1.214891141764;;0.554109031733
2021-01-08;2021-01-07;CZ071;1203.447302300000;1079.757374800000;1.113681241184;;0.612813370473
2021-01-08;2021-01-07;CZ072;1600.361305100000;1392.289361100000;1.132062627637;;0.482558139534
2021-01-08;2021-01-07;CZ080;1777.028488400000;1604.491424300000;1.110980737264;;0.485302939412
2021-01-09;2021-01-08;CZ010;1312.276980300000;1082.529009000000;1.043153244988;;0.391921397379
2021-01-09;2021-01-08;CZ020;1520.890245100000;1313.331642100000;1.106594573718;;0.520985401459
2021-01-09;2021-01-08;CZ031;1173.488969700000;1205.799177700000;1.361907730673;;0.462025316455
2021-01-09;2021-01-08;CZ032;1126.825380900000;1000.534385600000;1.220651101611;;0.603658536585
2021-01-09;2021-01-08;CZ041;1252.936303100000;1251.974203700000;1.202805376972;;0.564327485380
2021-01-09;2021-01-08;CZ042;1225.330598100000;1239.621240400000;1.134474838170;;0.548705302096
2021-01-09;2021-01-08;CZ051;1549.688570600000;1391.779253200000;1.338184118949;;0.692139737991
2021-01-09;2021-01-08;CZ052;2070.068608900000;1822.233226000000;1.216070096942;;0.586592178770
2021-01-09;2021-01-08;CZ053;1687.271447500000;1340.691808100000;1.269431338465;;0.646748681898
2021-01-09;2021-01-08;CZ063;1382.720319400000;1328.630328700000;1.387192118226;;0.647368421052
2021-01-09;2021-01-08;CZ064;1188.963354700000;1022.749351900000;1.370195439739;;0.558067030397
2021-01-09;2021-01-08;CZ071;1237.546033200000;1125.720528900000;1.176814011676;;0.607947019867
2021-01-09;2021-01-08;CZ072;1697.927494100000;1469.004015200000;1.228000000000;;0.470000000000
2021-01-09;2021-01-08;CZ080;1902.192593400000;1738.164767800000;1.199962571348;;0.485596707818
2021-01-10;2021-01-09;CZ010;1347.480757700000;1116.901280400000;1.075676292660;;0.391489361702
2021-01-10;2021-01-09;CZ020;1567.671461300000;1374.059297800000;1.147740440324;;0.524663677130
2021-01-10;2021-01-09;CZ031;1205.654252700000;1222.960923400000;1.372388737511;;0.458466453674
2021-01-10;2021-01-09;CZ032;1140.360820900000;1007.933571700000;1.217391304347;;0.588957055214
2021-01-10;2021-01-09;CZ041;1404.311464600000;1393.458804900000;1.488160291438;;0.556473829201
2021-01-10;2021-01-09;CZ042;1268.414842500000;1288.715150900000;1.176385740778;;0.539603960396
2021-01-10;2021-01-09;CZ051;1613.420840900000;1444.631629900000;1.297454768475;;0.702306079664
2021-01-10;2021-01-09;CZ052;2165.020887600000;1913.840059400000;1.263950073421;;0.573221757322
2021-01-10;2021-01-09;CZ053;1740.823477200000;1399.225130300000;1.233481204763;;0.646536412078
2021-01-10;2021-01-09;CZ063;1400.407191000000;1366.456103100000;1.316998468606;;0.640845070422
2021-01-10;2021-01-09;CZ064;1230.541935300000;1052.100687400000;1.343016069221;;0.548165137614
2021-01-10;2021-01-09;CZ071;1335.560059700000;1207.097916500000;1.209025539300;;0.604278074866
2021-01-10;2021-01-09;CZ072;1724.129014900000;1505.729115600000;1.179384485666;;0.453890489913
2021-01-10;2021-01-09;CZ080;1965.654902500000;1789.166289600000;1.199854783082;;0.482471776589
2021-01-11;2021-01-10;CZ010;1339.616084000000;1116.506196800000;1.029207864530;;0.391489361702
2021-01-11;2021-01-10;CZ020;1559.302344700000;1367.140957300000;1.077096865292;;0.522441651705
2021-01-11;2021-01-10;CZ031;1194.155552500000;1192.368246200000;1.314059289697;;0.443902439024
2021-01-11;2021-01-10;CZ032;1135.454223900000;1003.822912800000;1.198171727064;;0.588842975206
2021-01-11;2021-01-10;CZ041;1416.244191300000;1413.200842300000;1.334243582741;;0.556122448979
2021-01-11;2021-01-10;CZ042;1261.070937200000;1286.874129300000;1.143508917461;;0.532156368221
2021-01-11;2021-01-10;CZ051;1652.067004700000;1479.866547700000;1.279765576804;;0.692307692307
2021-01-11;2021-01-10;CZ052;2237.823686500000;1972.435421300000;1.279779411764;;0.565934065934
2021-01-11;2021-01-10;CZ053;1748.473767100000;1406.657933100000;1.170480549199;;0.631016042780
2021-01-11;2021-01-10;CZ063;1421.041874600000;1397.662367100000;1.204604316546;;0.635379061371
2021-01-11;2021-01-10;CZ064;1241.166643100000;1063.262462900000;1.275634443303;;0.537650602409
2021-01-11;2021-01-10;CZ071;1330.960696000000;1198.809478900000;1.406158357771;;0.596752368064
2021-01-11;2021-01-10;CZ072;1736.885018400000;1517.154702400000;1.124647035094;;0.457848837209
2021-01-11;2021-01-10;CZ080;1964.565061000000;1796.569736300000;1.143433799784;;0.484103179364
2021-01-12;2021-01-11;CZ010;1300.367617300000;1101.097937200000;0.987144168962;;0.398305084745
2021-01-12;2021-01-11;CZ020;1526.183532500000;1355.994742000000;1.044421192808;;0.519503546099
2021-01-12;2021-01-11;CZ031;1179.238319800000;1168.491034800000;1.284002396644;;0.439935064935
2021-01-12;2021-01-11;CZ032;1132.747135900000;999.712253800000;1.151353052234;;0.587866108786
2021-01-12;2021-01-11;CZ041;1359.989908300000;1390.168465300000;1.232631578947;;0.561274509803
2021-01-12;2021-01-11;CZ042;1238.549627600000;1267.850239000000;1.056581059390;;0.522784810126
2021-01-12;2021-01-11;CZ051;1666.079064100000;1519.505830200000;1.231944860653;;0.690170940170
2021-01-12;2021-01-11;CZ052;2244.541151700000;2021.952628500000;1.187940216457;;0.565217391304
2021-01-12;2021-01-11;CZ053;1758.610401300000;1410.374334500000;1.068522949749;;0.624319419237
2021-01-12;2021-01-11;CZ063;1403.944565400000;1380.640768600000;1.139207048458;;0.622980251346
2021-01-12;2021-01-11;CZ064;1241.250302200000;1082.692220200000;1.197223414913;;0.530873493975
2021-01-12;2021-01-11;CZ071;1366.328216900000;1228.949252100000;1.234042553191;;0.594780219780
2021-01-12;2021-01-11;CZ072;1735.850747800000;1529.396402500000;1.107506758161;;0.440353460972
2021-01-12;2021-01-11;CZ080;1932.372819600000;1795.747131100000;1.112220373451;;0.471148126115
2021-01-13;2021-01-12;CZ010;1220.597355600000;1058.823994200000;0.898597626752;;0.397679324894
2021-01-13;2021-01-12;CZ020;1457.299264500000;1332.164902400000;0.951497999414;;0.527482269503
2021-01-13;2021-01-12;CZ031;1141.634462500000;1149.090800500000;1.087496549820;;0.447244094488
2021-01-13;2021-01-12;CZ032;1119.211695900000;1001.356517400000;1.115928369462;;0.594650205761
2021-01-13;2021-01-12;CZ041;1386.241907000000;1403.329823600000;1.180042238648;;0.546762589928
2021-01-13;2021-01-12;CZ042;1176.738424700000;1213.233263500000;0.967299152200;;0.518565941101
2021-01-13;2021-01-12;CZ051;1652.067004700000;1512.899283100000;1.131256952169;;0.677559912854
2021-01-13;2021-01-12;CZ052;2174.643202700000;1979.863002300000;1.066210045662;;0.565826330532
2021-01-13;2021-01-12;CZ053;1701.806998400000;1416.878036900000;1.000000000000;;0.585840707964
2021-01-13;2021-01-12;CZ063;1381.344673800000;1365.510458800000;0.995797142056;;0.609942638623
2021-01-13;2021-01-12;CZ064;1212.387907200000;1079.385027500000;1.049931600547;;0.522388059701
2021-01-13;2021-01-12;CZ071;1274.816739100000;1192.028029900000;1.172239108409;;0.588397790055
2021-01-13;2021-01-12;CZ072;1681.551543700000;1495.119642200000;0.961515333734;;0.429652042360
2021-01-13;2021-01-12;CZ080;1866.646993600000;1767.367252000000;0.978524907586;;0.463732176069
2021-01-14;2021-01-13;CZ010;1159.252900900000;999.956540800000;0.734527687296;;0.405660377358
2021-01-14;2021-01-13;CZ020;1394.137469500000;1281.430405300000;0.783264985603;;0.518093556928
2021-01-14;2021-01-13;CZ031;1103.409053800000;1119.244286200000;0.861295490959;;0.445880452342
2021-01-14;2021-01-13;CZ032;1090.110499900000;983.269618100000;0.879579741379;;0.565126050420
2021-01-14;2021-01-13;CZ041;1367.149544300000;1406.620163200000;1.025267249757;;0.539192399049
2021-01-14;2021-01-13;CZ042;1145.771624100000;1184.390591100000;0.805632247377;;0.500660501981
2021-01-14;2021-01-13;CZ051;1647.998987500000;1509.596009600000;0.934988179669;;0.677852348993
2021-01-14;2021-01-13;CZ052;2122.719012000000;1963.357266600000;0.900045991108;;0.560393258426
2021-01-14;2021-01-13;CZ053;1654.757715300000;1393.650528100000;0.793231611893;;0.576853526220
2021-01-14;2021-01-13;CZ063;1295.072044500000;1296.478420300000;0.754024621212;;0.600775193798
2021-01-14;2021-01-13;CZ064;1153.324571400000;1050.033692000000;0.808154047307;;0.516030534351
2021-01-14;2021-01-13;CZ071;1225.333929600000;1157.367290800000;0.948027403732;;0.578659370725
2021-01-14;2021-01-13;CZ072;1597.603250300000;1445.336728300000;0.806912775968;;0.415384615384
2021-01-14;2021-01-13;CZ080;1764.788730000000;1711.430099100000;0.797956955708;;0.463750000000
2021-01-15;2021-01-14;CZ010;1081.579885600000;947.410424600000;0.646965195246;;0.411764705882
2021-01-15;2021-01-14;CZ020;1305.367608000000;1219.165340600000;0.673229008918;;0.525134649910
2021-01-15;2021-01-14;CZ031;1078.857775000000;1111.036494800000;0.732406794617;;0.453795379537
2021-01-15;2021-01-14;CZ032;1040.875336900000;937.230238000000;0.803300865800;;0.560416666666
2021-01-15;2021-01-14;CZ041;1372.263570000000;1426.362200500000;0.869441044471;;0.534883720930
2021-01-15;2021-01-14;CZ042;1082.369241700000;1111.977073100000;0.681205114731;;0.497991967871
2021-01-15;2021-01-14;CZ051;1656.361022900000;1532.718924400000;0.882297329236;;0.665929203539
2021-01-15;2021-01-14;CZ052;2132.885986400000;1929.520508300000;0.815567818762;;0.560669456066
2021-01-15;2021-01-14;CZ053;1599.675627700000;1362.061116200000;0.726102593223;;0.546263345195
2021-01-15;2021-01-14;CZ063;1273.061715300000;1266.217800800000;0.676511627906;;0.603112840466
2021-01-15;2021-01-14;CZ064;1129.983678100000;1031.844132000000;0.712954440865;;0.519332827899
2021-01-15;2021-01-14;CZ071;1184.098255000000;1099.348227400000;0.721493027071;;0.575966850828
2021-01-15;2021-01-14;CZ072;1518.136796000000;1394.737701100000;0.682394995531;;0.419405320813
2021-01-15;2021-01-14;CZ080;1708.955311400000;1695.800600500000;0.682526475037;;0.455019556714
2021-01-16;2021-01-15;CZ010;1108.619382700000;965.979352900000;0.617380742049;;0.411513859275
2021-01-16;2021-01-15;CZ020;1365.739697500000;1264.134554000000;0.667016255899;;0.520143240823
2021-01-16;2021-01-15;CZ031;1167.739619700000;1181.921966200000;0.702702702702;;0.444790046656
2021-01-16;2021-01-15;CZ032;1113.966712900000;1011.222098900000;0.782561307901;;0.553971486761
2021-01-16;2021-01-15;CZ041;1388.287517300000;1470.781784600000;0.824396234138;;0.555299539170
2021-01-16;2021-01-15;CZ042;1096.077864900000;1111.363399200000;0.638737758433;;0.500000000000
2021-01-16;2021-01-15;CZ051;1756.705448400000;1625.210583600000;0.853940708604;;0.668181818181
2021-01-16;2021-01-15;CZ052;2172.646118400000;1971.610134500000;0.781959207124;;0.551440329218
2021-01-16;2021-01-15;CZ053;1684.976360600000;1451.254750000000;0.722971652003;;0.544217687074
2021-01-16;2021-01-15;CZ063;1341.647473100000;1347.543215900000;0.621834687052;;0.609708737864
2021-01-16;2021-01-15;CZ064;1181.935989000000;1085.586013800000;0.657198712051;;0.518099547511
2021-01-16;2021-01-15;CZ071;1249.282340600000;1142.297404200000;0.759958289885;;0.577134986225
2021-01-16;2021-01-15;CZ072;1551.922967500000;1428.198348100000;0.623565279770;;0.421296296296
2021-01-16;2021-01-15;CZ080;1775.100307300000;1735.285649600000;0.655056091629;;0.445868033311
2021-01-17;2021-01-16;CZ010;1102.177840400000;951.361260400000;0.615232558139;;0.405144694533
2021-01-17;2021-01-16;CZ020;1374.037283300000;1271.821599000000;0.666939890710;;0.515013648771
2021-01-17;2021-01-16;CZ031;1178.305992800000;1178.937314800000;0.711619225384;;0.435458786936
2021-01-17;2021-01-16;CZ032;1092.479201900000;986.558145200000;0.754577753484;;0.554621848739
2021-01-17;2021-01-16;CZ041;1495.341122500000;1548.104764400000;0.826216908625;;0.523584905660
2021-01-17;2021-01-16;CZ042;1101.585793900000;1105.840334300000;0.624952525636;;0.494023904382
2021-01-17;2021-01-16;CZ051;1701.335213600000;1553.639656800000;0.801994648504;;0.655813953488
2021-01-17;2021-01-16;CZ052;2207.867422600000;1986.465296600000;0.762834417932;;0.534883720930
2021-01-17;2021-01-16;CZ053;1681.151215600000;1445.680147900000;0.713965798045;;0.546409807355
2021-01-17;2021-01-16;CZ063;1339.092702700000;1336.195483600000;0.648105181747;;0.604790419161
2021-01-17;2021-01-16;CZ064;1197.580243700000;1087.239610200000;0.672205618649;;0.513703993735
2021-01-17;2021-01-16;CZ071;1253.405908100000;1137.776438200000;0.660628546486;;0.576757532281
2021-01-17;2021-01-16;CZ072;1539.684099200000;1402.898834500000;0.626549004881;;0.407936507936
2021-01-17;2021-01-16;CZ080;1764.118058300000;1713.486612100000;0.650182845744;;0.428571428571
2021-01-18;2021-01-17;CZ010;1059.034487700000;913.433236800000;0.678004535147;;0.401117318435
2021-01-18;2021-01-17;CZ020;1329.545056200000;1239.151657700000;0.732820512820;;0.513108614232
2021-01-18;2021-01-17;CZ031;1165.564189900000;1159.537080500000;0.767512690355;;0.426517571884
2021-01-18;2021-01-17;CZ032;1085.034709900000;987.380277000000;0.772240990990;;0.543568464730
2021-01-18;2021-01-17;CZ041;1479.999045300000;1510.265859400000;0.849217002237;;0.517401392111
2021-01-18;2021-01-17;CZ042;1066.947040600000;1072.701944700000;0.668405676126;;0.491344873501
2021-01-18;2021-01-17;CZ051;1652.745007600000;1498.585097800000;0.777777777777;;0.659624413145
2021-01-18;2021-01-17;CZ052;2155.580125700000;1944.375670500000;0.751147139798;;0.532033426183
2021-01-18;2021-01-17;CZ053;1625.495356200000;1402.941531700000;0.747349823321;;0.539162112932
2021-01-18;2021-01-17;CZ063;1293.696398900000;1292.695842900000;0.674451322453;;0.593047034764
2021-01-18;2021-01-17;CZ064;1193.397287900000;1083.105619300000;0.725602605863;;0.506751389992
2021-01-18;2021-01-17;CZ071;1236.277243200000;1133.255472200000;0.648228176318;;0.571428571428
2021-01-18;2021-01-17;CZ072;1502.105602400000;1368.622074200000;0.654158849280;;0.391666666666
2021-01-18;2021-01-17;CZ080;1715.997364200000;1663.307695400000;0.694549379384;;0.423130193905
2021-01-19;2021-01-18;CZ010;1018.287987800000;878.665881700000;0.738359201773;;0.408304498269
2021-01-19;2021-01-18;CZ020;1290.131523800000;1205.713011800000;0.786008688871;;0.503831417624
2021-01-19;2021-01-18;CZ031;1127.338781200000;1127.452077600000;0.788998139782;;0.434640522875
2021-01-19;2021-01-18;CZ032;1067.100251900000;950.384346600000;0.811026033690;;0.536170212765
2021-01-19;2021-01-18;CZ041;1458.520137300000;1505.330350000000;0.917535545023;;0.522458628841
2021-01-19;2021-01-18;CZ042;1032.063490500000;1037.722533400000;0.723326479323;;0.478087649402
2021-01-19;2021-01-18;CZ051;1631.048915600000;1443.530538700000;0.785335018963;;0.634660421545
2021-01-19;2021-01-18;CZ052;2124.352990000000;1870.099859700000;0.815193323113;;0.524407252440
2021-01-19;2021-01-18;CZ053;1544.784797300000;1328.613503500000;0.780517879161;;0.507220216606
2021-01-19;2021-01-18;CZ063;1227.468890700000;1200.968339800000;0.743171114599;;0.586129753914
2021-01-19;2021-01-18;CZ064;1153.575548700000;1056.648077400000;0.797764377114;;0.500410172272
2021-01-19;2021-01-18;CZ071;1216.769597200000;1123.460045900000;0.769997508098;;0.560862865947
2021-01-19;2021-01-18;CZ072;1421.777256000000;1309.045800200000;0.655303879793;;0.386597938144
2021-01-19;2021-01-18;CZ080;1598.797485600000;1546.909060900000;0.687872569139;;0.412756598240
2021-01-20;2021-01-19;CZ010;932.225987200000;816.242676100000;0.811710677382;;0.408500590318
2021-01-20;2021-01-19;CZ020;1189.773654700000;1116.158937300000;0.860159960009;;0.496086105675
2021-01-20;2021-01-19;CZ031;1052.131066500000;1066.266723300000;0.852710843373;;0.425249169435
2021-01-20;2021-01-19;CZ032;1051.872881900000;930.653183700000;0.897608622431;;0.531250000000
2021-01-20;2021-01-19;CZ041;1596.257896900000;1571.137141300000;1.148287189113;;0.541284403669
2021-01-20;2021-01-19;CZ042;949.811751200000;950.580842300000;0.763178194908;;0.481582537517
2021-01-20;2021-01-19;CZ051;1596.470769000000;1434.721809300000;0.802571658183;;0.636585365853
2021-01-20;2021-01-19;CZ052;2110.736506500000;1828.010233500000;0.905982905982;;0.522346368715
2021-01-20;2021-01-19;CZ053;1461.587894100000;1229.199765800000;0.811783107403;;0.470249520153
2021-01-20;2021-01-19;CZ063;1141.196261300000;1096.001815600000;0.774492952904;;0.584269662921
2021-01-20;2021-01-19;CZ064;1069.247159900000;990.090823700000;0.823947071163;;0.490971625107
2021-01-20;2021-01-19;CZ071;1199.323734900000;1079.003880400000;0.833996588971;;0.563847429519
2021-01-20;2021-01-19;CZ072;1291.114409200000;1190.709365700000;0.705343111576;;0.379248658318
2021-01-20;2021-01-19;CZ080;1480.507765500000;1422.695677200000;0.725036019062;;0.405763239875
2021-01-21;2021-01-20;CZ010;857.399234800000;762.116225600000;0.837417277767;;0.399524375743
2021-01-21;2021-01-20;CZ020;1109.086786300000;1057.737395100000;0.855345911949;;0.498492462311
2021-01-21;2021-01-20;CZ031;992.151360100000;1001.350554700000;0.833439287984;;0.417677642980
2021-01-21;2021-01-20;CZ032;999.084665800000;866.526904200000;0.919220055710;;0.521560574948
2021-01-21;2021-01-20;CZ041;1453.406111600000;1451.039747300000;1.069016881827;;0.541019955654
2021-01-21;2021-01-20;CZ042;882.370220900000;876.326302600000;0.804088586030;;0.487394957983
2021-01-21;2021-01-20;CZ051;1518.952440300000;1331.219238200000;0.780694326841;;0.627500000000
2021-01-21;2021-01-20;CZ052;1991.456110400000;1707.518362600000;0.936443791329;;0.530555555555
2021-01-21;2021-01-20;CZ053;1362.899153800000;1164.162741200000;0.830448891292;;0.460076045627
2021-01-21;2021-01-20;CZ063;1035.075031600000;1000.491735000000;0.799846331156;;0.572104018912
2021-01-21;2021-01-20;CZ064;986.842930800000;926.013964600000;0.874365704286;;0.501338090990
2021-01-21;2021-01-20;CZ071;1074.982316200000;959.198282000000;0.758781558726;;0.574171029668
2021-01-21;2021-01-20;CZ072;1209.751792300000;1144.190905200000;0.735979292493;;0.384615384615
2021-01-21;2021-01-20;CZ080;1358.361683100000;1321.103936100000;0.714970059880;;0.415776499589
2021-01-22;2021-01-21;CZ010;802.121814000000;706.409440900000;0.871668871668;;0.391143911439
2021-01-22;2021-01-21;CZ020;1040.202518300000;958.958866600000;0.893076607947;;0.504692387904
2021-01-22;2021-01-21;CZ031;925.956140200000;928.226594700000;0.865245901639;;0.426315789473
2021-01-22;2021-01-21;CZ032;972.521364800000;843.507214200000;1.006519377037;;0.525104602510
2021-01-22;2021-01-21;CZ041;1473.180344400000;1452.684917000000;1.131782945736;;0.545454545454
2021-01-22;2021-01-21;CZ042;826.311743800000;806.367480100000;0.869644484958;;0.516380655226
2021-01-22;2021-01-21;CZ051;1449.570146100000;1269.558132100000;0.813163481953;;0.610824742268
2021-01-22;2021-01-21;CZ052;1937.716388600000;1625.814970700000;0.958672985781;;0.523012552301
2021-01-22;2021-01-21;CZ053;1296.150374000000;1096.338415500000;0.838608497291;;0.451361867704
2021-01-22;2021-01-21;CZ063;970.223169000000;910.655520600000;0.806682577565;;0.578680203045
2021-01-22;2021-01-21;CZ064;925.102503300000;868.964890000000;0.864485150275;;0.493023255813
2021-01-22;2021-01-21;CZ071;1012.811606800000;874.806917000000;0.947472745292;;0.562162162162
2021-01-22;2021-01-21;CZ072;1070.297645800000;989.129370200000;0.716511836979;;0.380769230769
2021-01-22;2021-01-21;CZ080;1237.976114000000;1231.439970300000;0.734245174485;;0.412068965517
2021-01-23;2021-01-22;CZ010;774.258398700000;673.617503700000;0.933700570529;;0.396486825595
2021-01-23;2021-01-22;CZ020;1007.727484300000;923.598459500000;0.903568929321;;0.521551724137
2021-01-23;2021-01-22;CZ031;872.036559600000;858.833448900000;0.815476190476;;0.423487544483
2021-01-23;2021-01-22;CZ032;960.001082800000;756.361244700000;1.021509296390;;0.504132231404
2021-01-23;2021-01-22;CZ041;1497.386732800000;1419.781521400000;1.252897787144;;0.541322314049
2021-01-23;2021-01-22;CZ042;774.414813100000;736.408657700000;0.875741492350;;0.531847133757
2021-01-23;2021-01-22;CZ051;1376.119834700000;1189.178475800000;0.804677623261;;0.602631578947
2021-01-23;2021-01-22;CZ052;1928.638732900000;1625.814970700000;1.054571370392;;0.520270270270
2021-01-23;2021-01-22;CZ053;1252.926235900000;1036.875992900000;0.843085106382;;0.431640625000
2021-01-23;2021-01-22;CZ063;865.281064000000;798.123841500000;0.750938673341;;0.566395663956
2021-01-23;2021-01-22;CZ064;869.803827700000;813.156012600000;0.840725444424;;0.483685220729
2021-01-23;2021-01-22;CZ071;1019.631353000000;883.095354700000;0.928333333333;;0.564638783269
2021-01-23;2021-01-22;CZ072;1004.621465500000;909.150262700000;0.749203314212;;0.385093167701
2021-01-23;2021-01-22;CZ080;1162.525548300000;1149.179451300000;0.714452214452;;0.402690582959
2021-01-24;2021-01-23;CZ010;751.862804100000;656.233826200000;0.950350350350;;0.392630241423
2021-01-24;2021-01-23;CZ020;980.045021500000;872.479610100000;0.903911564625;;0.503858875413
2021-01-24;2021-01-23;CZ031;846.397566000000;845.402517500000;0.807342539575;;0.418894830659
2021-01-24;2021-01-23;CZ032;944.266133800000;749.784190400000;1.064954682779;;0.503144654088
2021-01-24;2021-01-23;CZ041;1448.973955900000;1365.490918600000;1.195764462809;;0.546201232032
2021-01-24;2021-01-23;CZ042;732.554552900000;691.610464300000;0.850915982312;;0.535598705501
2021-01-24;2021-01-23;CZ051;1318.263589400000;1133.022825600000;0.816484224082;;0.572222222222
2021-01-24;2021-01-23;CZ052;1920.105736500000;1588.677065200000;1.107605516088;;0.516600265604
2021-01-24;2021-01-23;CZ053;1199.565463500000;985.775473600000;0.873617693522;;0.426587301587
2021-01-24;2021-01-23;CZ063;841.895089300000;756.515489600000;0.747782002534;;0.561983471074
2021-01-24;2021-01-23;CZ064;843.869501800000;789.592264400000;0.823008849557;;0.489257812500
2021-01-24;2021-01-23;CZ071;923.996307800000;801.717967000000;0.905825242718;;0.565891472868
2021-01-24;2021-01-23;CZ072;965.491562900000;852.838442200000;0.774811772758;;0.382608695652
2021-01-24;2021-01-23;CZ080;1084.811465800000;1066.096327000000;0.726949850831;;0.403636363636
2021-01-25;2021-01-24;CZ010;736.882473300000;642.010817300000;0.960800161648;;0.398709677419
2021-01-25;2021-01-24;CZ020;969.744570200000;865.561269500000;0.931570536103;;0.496089385474
2021-01-25;2021-01-24;CZ031;846.552953800000;842.417866100000;0.856234546096;;0.417253521126
2021-01-25;2021-01-24;CZ032;934.114553800000;744.851399600000;1.042401500938;;0.489451476793
2021-01-25;2021-01-24;CZ041;1478.635305100000;1391.813635100000;0.996730690641;;0.543032786885
2021-01-25;2021-01-24;CZ042;727.536217600000;675.041269500000;0.923517520215;;0.542536115569
2021-01-25;2021-01-24;CZ051;1279.165423600000;1101.091181300000;0.833110814419;;0.586894586894
2021-01-25;2021-01-24;CZ052;1860.011655700000;1533.382850500000;1.048349056603;;0.519307589880
2021-01-25;2021-01-24;CZ053;1164.374129700000;951.398760500000;0.868336544637;;0.428861788617
2021-01-25;2021-01-24;CZ063;815.364781900000;733.820024900000;0.777629826897;;0.571030640668
2021-01-25;2021-01-24;CZ064;834.248703400000;777.190291700000;0.862318840579;;0.489878542510
2021-01-25;2021-01-24;CZ071;917.969555300000;791.922540700000;0.950238582140;;0.566866267465
2021-01-25;2021-01-24;CZ072;931.188256200000;812.848888400000;0.840698106201;;0.373601789709
2021-01-25;2021-01-24;CZ080;1052.954560300000;1034.014724600000;0.739529195964;;0.402111324376
2021-01-26;2021-01-25;CZ010;731.714259100000;620.676304000000;1.019649722340;;0.388814913448
2021-01-26;2021-01-25;CZ020;961.661577200000;854.415054300000;0.978553921568;;0.499424626006
2021-01-26;2021-01-25;CZ031;831.014169800000;834.956237500000;0.907322654462;;0.426229508196
2021-01-26;2021-01-25;CZ032;910.596726700000;712.788259900000;1.035606060606;;0.478540772532
2021-01-26;2021-01-25;CZ041;1512.046939900000;1434.588049400000;1.160705991639;;0.549898167006
2021-01-26;2021-01-25;CZ042;725.210647600000;675.041269500000;0.974223163841;;0.545893719806
2021-01-26;2021-01-25;CZ051;1244.361276000000;1054.845351700000;0.867678958785;;0.582386363636
2021-01-26;2021-01-25;CZ052;1791.384578500000;1444.251877500000;0.996665358964;;0.515032679738
2021-01-26;2021-01-25;CZ053;1120.576219800000;930.029452400000;0.877238684467;;0.450097847358
2021-01-26;2021-01-25;CZ063;801.608326100000;727.200514400000;0.822286263208;;0.575931232091
2021-01-26;2021-01-25;CZ064;817.349562000000;739.570974400000;0.869721833099;;0.495375128468
2021-01-26;2021-01-25;CZ071;893.228150600000;756.508307200000;0.919349005424;;0.546610169491
2021-01-26;2021-01-25;CZ072;897.057327800000;785.101034800000;0.891754591637;;0.374701670644
2021-01-26;2021-01-25;CZ080;995.360628500000;966.561099000000;0.809715242881;;0.393595041322
2021-01-27;2021-01-26;CZ010;731.414652500000;623.836972700000;1.044232437120;;0.379172229639
2021-01-27;2021-01-26;CZ020;950.431224100000;814.442420100000;0.979204892966;;0.494019138755
2021-01-27;2021-01-26;CZ031;811.435301900000;790.186466000000;0.906025009473;;0.400000000000
2021-01-27;2021-01-26;CZ032;896.046128700000;677.436593000000;0.946743432889;;0.471982758620
2021-01-27;2021-01-26;CZ041;1579.211144400000;1479.007633500000;0.997716894977;;0.561122244488
2021-01-27;2021-01-26;CZ042;705.137306500000;656.631053100000;0.975890985324;;0.563311688311
2021-01-27;2021-01-26;CZ051;1224.247190800000;1027.318072200000;0.903021260723;;0.590257879656
2021-01-27;2021-01-26;CZ052;1859.466996300000;1473.136915000000;1.019181332806;;0.513262599469
2021-01-27;2021-01-26;CZ053;1133.007941000000;891.936338000000;0.955457327439;;0.474437627811
2021-01-27;2021-01-26;CZ063;758.570271900000;681.809585000000;0.792406311637;;0.588235294117
2021-01-27;2021-01-26;CZ064;791.498895200000;717.660822500000;0.895906192141;;0.503727369542
2021-01-27;2021-01-26;CZ071;869.914134600000;718.833590700000;0.889470013947;;0.547085201793
2021-01-27;2021-01-26;CZ072;838.276284600000;737.766461000000;0.907570054370;;0.360774818401
2021-01-27;2021-01-26;CZ080;944.138077800000;894.994447400000;0.821727019498;;0.397849462365
2021-01-28;2021-01-27;CZ010;717.408043200000;613.169716000000;1.031605562579;;0.385941644562
2021-01-28;2021-01-27;CZ020;928.542765100000;817.901590400000;0.999535315985;;0.505415162454
2021-01-28;2021-01-27;CZ031;787.350186600000;748.401346000000;0.991484184914;;0.394174757281
2021-01-28;2021-01-27;CZ032;917.702832700000;680.725120200000;0.993576017130;;0.501098901098
2021-01-28;2021-01-27;CZ041;1613.304649300000;1413.200842300000;1.084524810765;;0.570312500000
2021-01-28;2021-01-27;CZ042;685.920754300000;639.448184400000;0.988235294117;;0.582113821138
2021-01-28;2021-01-27;CZ051;1174.074978000000;1013.003886800000;0.954045561665;;0.605187319884
2021-01-28;2021-01-27;CZ052;1848.755362600000;1431.047288900000;0.981849777949;;0.506561679790
2021-01-28;2021-01-27;CZ053;1095.139005700000;847.339521100000;0.930599369085;;0.464135021097
2021-01-28;2021-01-27;CZ063;732.236485200000;679.918296300000;0.913333333333;;0.576923076923
2021-01-28;2021-01-27;CZ064;783.216642800000;712.700033400000;0.932293891499;;0.501091703056
2021-01-28;2021-01-27;CZ071;838.670181200000;678.144896900000;0.905924596050;;0.547945205479
2021-01-28;2021-01-27;CZ072;792.768380200000;655.339013400000;0.867715865589;;0.387341772151
2021-01-28;2021-01-27;CZ080;888.556161200000;835.766873600000;0.839042958129;;0.395243488108
2021-01-29;2021-01-28;CZ010;724.898208600000;620.281220400000;1.067200337054;;0.386792452830
2021-01-29;2021-01-28;CZ020;925.109281300000;802.911852600000;1.002351834430;;0.495896834701
2021-01-29;2021-01-28;CZ031;779.114631100000;742.432043200000;0.990821860659;;0.398039215686
2021-01-29;2021-01-28;CZ032;951.033853800000;705.389073800000;1.007801418439;;0.497826086956
2021-01-29;2021-01-28;CZ041;1751.042408900000;1464.201105500000;1.272570194384;;0.576850094876
2021-01-29;2021-01-28;CZ042;680.780020600000;630.243076200000;1.002227171492;;0.573743922204
2021-01-29;2021-01-28;CZ051;1154.864896600000;976.667877800000;0.957807570977;;0.606936416184
2021-01-29;2021-01-28;CZ052;1879.437838900000;1457.456466100000;0.998868138087;;0.507227332457
2021-01-29;2021-01-28;CZ053;1080.794712100000;825.041112600000;0.980108499095;;0.477876106194
2021-01-29;2021-01-28;CZ063;724.965215800000;677.081363200000;0.938418079096;;0.566455696202
2021-01-29;2021-01-28;CZ064;767.405069900000;700.711459800000;0.965949820788;;0.492117117117
2021-01-29;2021-01-28;CZ071;852.944068500000;696.982255200000;0.896748838871;;0.545034642032
2021-01-29;2021-01-28;CZ072;762.946912600000;623.510593100000;0.898851590106;;0.385245901639
2021-01-29;2021-01-28;CZ080;858.711270800000;785.176654400000;0.879226109048;;0.400465657741
2021-01-30;2021-01-29;CZ010;736.882473300000;627.392724900000;1.070872765509;;0.401856763925
2021-01-30;2021-01-29;CZ020;912.019124500000;790.612580600000;0.981597005614;;0.495359628770
2021-01-30;2021-01-29;CZ031;745.550857600000;707.362388900000;0.962046204620;;0.406952965235
2021-01-30;2021-01-29;CZ032;969.137504800000;695.523492400000;1.053275737940;;0.495744680851
2021-01-30;2021-01-29;CZ041;1812.069782500000;1495.459331400000;1.204182041820;;0.567272727272
2021-01-30;2021-01-29;CZ042;678.944044300000;629.629402300000;1.000364830353;;0.563218390804
2021-01-30;2021-01-29;CZ051;1137.914824700000;948.039507100000;0.997195512820;;0.603305785123
2021-01-30;2021-01-29;CZ052;1903.765956200000;1456.631179300000;0.994938132733;;0.491298527443
2021-01-30;2021-01-29;CZ053;1059.182643000000;796.239001700000;0.992973372781;;0.483069977426
2021-01-30;2021-01-29;CZ063;685.071494200000;612.777546600000;0.962328767123;;0.554817275747
2021-01-30;2021-01-29;CZ064;744.900767700000;650.690169700000;0.958891664774;;0.474402730375
2021-01-30;2021-01-29;CZ071;837.877187400000;684.926345900000;0.895982783357;;0.532066508313
2021-01-30;2021-01-29;CZ072;725.196037300000;576.992132600000;0.819787985865;;0.375375375375
2021-01-30;2021-01-29;CZ080;822.327331300000;758.853288300000;0.887143447705;;0.400990099009
2021-01-31;2021-01-30;CZ010;733.586800500000;625.417307000000;1.057184750733;;0.403743315508
2021-01-31;2021-01-30;CZ020;899.644276700000;773.316729300000;0.970413274890;;0.484918793503
2021-01-31;2021-01-30;CZ031;732.964442600000;693.185294600000;0.975199663724;;0.412262156448
2021-01-31;2021-01-30;CZ032;965.415258800000;693.879228800000;1.055596196049;;0.490835030549
2021-01-31;2021-01-30;CZ041;1819.911288700000;1479.007633500000;1.209683873549;;0.568058076225
2021-01-31;2021-01-30;CZ042;668.662576900000;624.106337400000;1.003624501631;;0.572379367720
2021-01-31;2021-01-30;CZ051;1127.970782500000;944.736233600000;1.022916666666;;0.607734806629
2021-01-31;2021-01-30;CZ052;1909.030996500000;1469.835767900000;1.026175949616;;0.490765171503
2021-01-31;2021-01-30;CZ053;1066.641675700000;785.089797500000;1.043801039346;;0.480549199084
2021-01-31;2021-01-30;CZ063;676.228058400000;615.614479700000;0.976051401869;;0.560000000000
2021-01-31;2021-01-30;CZ064;719.384737300000;625.886224300000;0.951449608835;;0.479357798165
2021-01-31;2021-01-30;CZ071;832.802027500000;677.391402600000;0.964594807238;;0.525821596244
2021-01-31;2021-01-30;CZ072;706.923924200000;555.773185700000;0.804995617879;;0.371517027863
2021-01-31;2021-01-30;CZ080;794.075286200000;728.416896300000;0.900910219280;;0.403003754693
2021-02-01;2021-01-31;CZ010;737.481686500000;629.763226400000;1.057101328903;;0.408322496749
2021-02-01;2021-01-31;CZ020;904.007662300000;773.316729300000;0.972204871955;;0.488914819136
2021-02-01;2021-01-31;CZ031;742.598488600000;703.631574600000;0.984943538268;;0.404661016949
2021-02-01;2021-01-31;CZ032;967.783960800000;694.701360600000;1.118206005321;;0.501002004008
2021-02-01;2021-01-31;CZ041;1914.009362000000;1574.427480900000;1.453089244851;;0.567567567567
2021-02-01;2021-01-31;CZ042;672.579326400000;628.402054500000;0.986036519871;;0.565143824027
2021-02-01;2021-01-31;CZ051;1120.286750000000;949.140598300000;1.016522098306;;0.592178770949
2021-02-01;2021-01-31;CZ052;1942.436769500000;1481.389782900000;1.040939076445;;0.488402061855
2021-02-01;2021-01-31;CZ053;1056.887556000000;776.727894300000;1.004270462633;;0.482062780269
2021-02-01;2021-01-31;CZ063;664.633331400000;608.049324800000;1.014312383322;;0.563139931740
2021-02-01;2021-01-31;CZ064;712.608349000000;615.551247000000;0.944890929965;;0.474418604651
2021-02-01;2021-01-31;CZ071;823.603300100000;662.321516000000;0.942767542140;;0.519047619047
2021-02-01;2021-01-31;CZ072;699.339273400000;553.324845700000;0.826267281105;;0.387096774193
2021-02-01;2021-01-31;CZ080;759.032690200000;686.464031500000;0.893220338983;;0.404118404118
2021-02-02;2021-02-01;CZ010;742.949507200000;645.171486000000;1.050857843137;;0.413233458177
2021-02-02;2021-02-01;CZ020;905.080626000000;780.235069800000;0.970866263753;;0.500000000000
2021-02-02;2021-02-01;CZ031;745.861633300000;700.646923100000;0.990184049079;;0.415611814345
2021-02-02;2021-02-01;CZ032;978.443119800000;699.634151300000;1.095186781609;;0.500000000000
2021-02-02;2021-02-01;CZ041;1991.742553100000;1620.492234700000;1.296238852268;;0.552028218694
2021-02-02;2021-02-01;CZ042;675.272091600000;629.629402300000;0.994949494949;;0.575707154742
2021-02-02;2021-02-01;CZ051;1100.398665600000;931.523139400000;1.016467682173;;0.606232294617
2021-02-02;2021-02-01;CZ052;1874.899011000000;1453.330032100000;1.031661750245;;0.491139240506
2021-02-02;2021-02-01;CZ053;1066.832932900000;786.018897900000;1.086252354048;;0.490740740740
2021-02-02;2021-02-01;CZ063;644.981251900000;587.245148800000;0.954987834549;;0.566308243727
2021-02-02;2021-02-01;CZ064;713.779576600000;601.082278800000;0.958991981672;;0.477031802120
2021-02-02;2021-02-01;CZ071;788.235779200000;617.865350500000;0.962346413000;;0.513253012048
2021-02-02;2021-02-01;CZ072;692.788893300000;545.163712300000;0.851470588235;;0.386363636363
2021-02-02;2021-02-01;CZ080;749.643286400000;661.374573200000;0.887448693022;;0.399209486166
2021-02-03;2021-02-02;CZ010;747.368704800000;647.937071000000;1.018949861823;;0.399267399267
2021-02-03;2021-02-02;CZ020;921.747328400000;793.303046300000;1.013921476615;;0.491601343784
2021-02-03;2021-02-02;CZ031;738.713792600000;682.739014600000;0.994947368421;;0.415178571428
2021-02-03;2021-02-02;CZ032;991.640173800000;693.057097000000;1.136523574947;;0.488933601609
2021-02-03;2021-02-02;CZ041;1896.280739500000;1516.846538500000;1.146300067888;;0.538053097345
2021-02-03;2021-02-02;CZ042;687.389535400000;638.220836600000;1.045555555555;;0.567796610169
2021-02-03;2021-02-02;CZ051;1093.392635900000;907.299133400000;0.995059695347;;0.587743732590
2021-02-03;2021-02-02;CZ052;1874.717457900000;1466.534620700000;0.976770538243;;0.493702770780
2021-02-03;2021-02-02;CZ053;1082.133512800000;790.664399600000;1.050922509225;;0.505854800936
2021-02-03;2021-02-02;CZ063;644.981251900000;589.136437500000;1.008428657435;;0.546153846153
2021-02-03;2021-02-02;CZ064;706.752210900000;584.546315100000;0.949211502782;;0.474251497005
2021-02-03;2021-02-02;CZ071;788.077180400000;620.125833500000;0.963346613545;;0.535046728971
2021-02-03;2021-02-02;CZ072;653.658990600000;514.967518600000;0.797051597051;;0.384868421052
2021-02-03;2021-02-02;CZ080;720.972071500000;642.454653800000;0.862413869748;;0.405698778833
2021-02-04;2021-02-03;CZ010;760.776100900000;646.356736700000;1.033189316575;;0.404561824729
2021-02-04;2021-02-03;CZ020;934.980547100000;789.459523800000;1.051477597712;;0.493333333333
2021-02-04;2021-02-03;CZ031;745.706245500000;673.038897400000;1.009433962264;;0.405466970387
2021-02-04;2021-02-03;CZ032;1039.521792900000;721.831709600000;1.148325358851;;0.492187500000
2021-02-04;2021-02-03;CZ041;2139.708364100000;1641.879441900000;1.258767449778;;0.537918871252
2021-02-04;2021-02-03;CZ042;699.384580700000;625.947359000000;1.072939460247;;0.573149741824
2021-02-04;2021-02-03;CZ051;1102.206673300000;913.905680500000;0.983527521092;;0.590257879656
2021-02-04;2021-02-03;CZ052;1946.612491200000;1521.828835500000;1.062182023742;;0.476130653266
2021-02-04;2021-02-03;CZ053;1083.281056300000;774.869693600000;1.120670391061;;0.503562945368
2021-02-04;2021-02-03;CZ063;640.854315200000;587.245148800000;0.959074733096;;0.536398467432
2021-02-04;2021-02-03;CZ064;706.501233500000;572.557741500000;0.966366650876;;0.479902557856
2021-02-04;2021-02-03;CZ071;775.547879300000;605.055946900000;0.947558046437;;0.514423076923
2021-02-04;2021-02-03;CZ072;617.287142800000;474.161851500000;0.830280172413;;0.382252559726
2021-02-04;2021-02-03;CZ080;705.043618800000;611.606959200000;0.880941286113;;0.392351274787
2021-02-05;2021-02-04;CZ010;790.512057600000;670.851918700000;1.087378640776;;0.400688863375
2021-02-05;2021-02-04;CZ020;947.999173100000;797.915273300000;1.106630101629;;0.486368593238
2021-02-05;2021-02-04;CZ031;741.666161600000;640.207731700000;1.033620689655;;0.387024608501
2021-02-05;2021-02-04;CZ032;1092.479201900000;748.962058600000;1.252598752598;;0.491525423728
2021-02-05;2021-02-04;CZ041;2107.660469600000;1620.492234700000;1.070459808137;;0.527118644067
2021-02-05;2021-02-04;CZ042;705.014908100000;614.901229100000;1.105092091007;;0.574468085106
2021-02-05;2021-02-04;CZ051;1109.890705900000;915.006771700000;1.010997963340;;0.596638655462
2021-02-05;2021-02-04;CZ052;1969.306630500000;1539.159858000000;1.064825469888;;0.468982630272
2021-02-05;2021-02-04;CZ053;1087.297458500000;799.955403100000;1.057965860597;;0.527446300715
2021-02-05;2021-02-04;CZ063;637.906503200000;586.299504400000;0.948533812088;;0.520754716981
2021-02-05;2021-02-04;CZ064;692.111865600000;554.368181400000;0.957920193470;;0.479654747225
2021-02-05;2021-02-04;CZ071;765.714756900000;610.330407200000;0.945350734094;;0.525000000000
2021-02-05;2021-02-04;CZ072;630.215524700000;496.196911800000;0.882416984213;;0.385159010600
2021-02-05;2021-02-04;CZ080;684.085128300000;579.525356800000;0.840642939150;;0.405172413793
2021-02-06;2021-02-05;CZ010;791.335975800000;674.012587300000;1.075034374386;;0.409610983981
2021-02-06;2021-02-05;CZ020;960.517082600000;801.758795900000;1.145840025698;;0.475108225108
2021-02-06;2021-02-05;CZ031;739.335344000000;635.730754500000;1.030148619957;;0.382830626450
2021-02-06;2021-02-05;CZ032;1122.426362900000;781.847330100000;1.260367097212;;0.500910746812
2021-02-06;2021-02-05;CZ041;2142.776779500000;1640.234272100000;1.054488188976;;0.527731092436
2021-02-06;2021-02-05;CZ042;709.054056000000;610.605512000000;1.107843137254;;0.561061946902
2021-02-06;2021-02-05;CZ051;1134.072808400000;918.310045200000;1.027631044290;;0.592067988668
2021-02-06;2021-02-05;CZ052;1975.842542600000;1555.665593700000;1.039328984156;;0.464556962025
2021-02-06;2021-02-05;CZ053;1087.679973000000;803.671804500000;1.063784549964;;0.521327014218
2021-02-06;2021-02-05;CZ063;645.570814300000;611.831902200000;0.980981595092;;0.530303030303
2021-02-06;2021-02-05;CZ064;681.905453400000;541.552809600000;0.954799513973;;0.495641344956
2021-02-06;2021-02-05;CZ071;758.895010800000;591.493049000000;0.950935550935;;0.523076923076
2021-02-06;2021-02-05;CZ072;593.154163100000;447.230111300000;0.883993307306;;0.390681003584
2021-02-06;2021-02-05;CZ080;673.438215200000;554.435898400000;0.887333965844;;0.413447782546
2021-02-07;2021-02-06;CZ010;799.650059400000;678.753590300000;1.094071914480;;0.399774774774
2021-02-07;2021-02-06;CZ020;972.605806700000;824.819930900000;1.180845969672;;0.481363152289
2021-02-07;2021-02-06;CZ031;736.538362900000;634.984591700000;0.999586947542;;0.374707259953
2021-02-07;2021-02-06;CZ032;1129.870854900000;775.270275800000;1.243686454575;;0.504456327985
2021-02-07;2021-02-06;CZ041;2236.874852900000;1694.524874900000;1.058330840562;;0.517915309446
2021-02-07;2021-02-06;CZ042;730.473779800000;624.106337400000;1.159898477157;;0.566607460035
2021-02-07;2021-02-06;CZ051;1131.134796000000;913.905680500000;1.032806804374;;0.592178770949
2021-02-07;2021-02-06;CZ052;1948.246469200000;1526.780556200000;1.051658406404;;0.471264367816
2021-02-07;2021-02-06;CZ053;1116.177303100000;817.608309800000;1.048543689320;;0.521252796420
2021-02-07;2021-02-06;CZ063;638.103024000000;610.886257800000;1.003821656050;;0.541044776119
2021-02-07;2021-02-06;CZ064;684.415226900000;541.966208700000;0.966555183946;;0.491612903225
2021-02-07;2021-02-06;CZ071;752.392462100000;583.204611300000;0.943986820428;;0.518229166666
2021-02-07;2021-02-06;CZ072;584.879998700000;439.068977800000;0.895797351755;;0.394927536231
2021-02-07;2021-02-06;CZ080;668.072841600000;544.153333600000;0.879746835443;;0.407079646017
2021-02-08;2021-02-07;CZ010;803.919453700000;688.630679800000;1.092987214258;;0.394883203559
2021-02-08;2021-02-07;CZ020;976.540006800000;825.588635400000;1.145634063560;;0.475840336134
2021-02-08;2021-02-07;CZ031;740.112283200000;639.461568800000;1.019043588658;;0.383886255924
2021-02-08;2021-02-07;CZ032;1133.762293900000;784.313725400000;1.163777089783;;0.516579406631
2021-02-08;2021-02-07;CZ041;2245.057294100000;1707.686233200000;1.009771986970;;0.524509803921
2021-02-08;2021-02-07;CZ042;729.004998700000;633.311445600000;1.134254339355;;0.563734290843
2021-02-08;2021-02-07;CZ051;1132.942803600000;903.995859800000;1.055854364915;;0.574866310160
2021-02-08;2021-02-07;CZ052;1970.395949100000;1560.617314500000;1.061098221191;;0.467948717948
2021-02-08;2021-02-07;CZ053;1124.783879300000;825.041112600000;1.074087078651;;0.517316017316
2021-02-08;2021-02-07;CZ063;634.172608100000;597.647236800000;0.953432835820;;0.509363295880
2021-02-08;2021-02-07;CZ064;685.000840700000;543.206406000000;0.995113608600;;0.487405541561
2021-02-08;2021-02-07;CZ071;745.255518400000;576.423162400000;0.948717948717;;0.523684210526
2021-02-08;2021-02-07;CZ072;572.985887300000;433.356184500000;0.943896424167;;0.402877697841
2021-02-08;2021-02-07;CZ080;654.156403900000;526.467322000000;0.924484536082;;0.404223227752
2021-02-09;2021-02-08;CZ010;836.576574900000;706.409440900000;1.145029462079;;0.390590809628
2021-02-09;2021-02-08;CZ020;991.489967400000;825.972987700000;1.147778785131;;0.473629782833
2021-02-09;2021-02-08;CZ031;745.706245500000;611.853543100000;1.010195412064;;0.378048780487
2021-02-09;2021-02-08;CZ032;1170.138789000000;804.044888300000;1.150892857142;;0.517470881863
2021-02-09;2021-02-08;CZ041;2235.170177700000;1681.363516700000;0.869083040302;;0.505600000000
2021-02-09;2021-02-08;CZ042;727.169022400000;621.651641800000;1.081917063222;;0.548561151079
2021-02-09;2021-02-08;CZ051;1148.988871700000;928.219865800000;1.068218954248;;0.570312500000
2021-02-09;2021-02-08;CZ052;1984.012432700000;1520.178261900000;1.007982969664;;0.461832061068
2021-02-09;2021-02-08;CZ053;1157.297611500000;842.694019300000;1.052509139248;;0.496842105263
2021-02-09;2021-02-08;CZ063;637.513461600000;590.082081900000;1.035250463821;;0.494163424124
2021-02-09;2021-02-08;CZ064;691.191615300000;543.206406000000;0.999019607843;;0.479112271540
2021-02-09;2021-02-08;CZ071;732.091822300000;564.367253100000;0.924376848331;;0.552699228791
2021-02-09;2021-02-08;CZ072;545.750096100000;409.688897500000;0.927319922128;;0.394833948339
2021-02-09;2021-02-08;CZ080;636.048268200000;504.668284400000;0.920126950542;;0.414976599063
2021-02-10;2021-02-09;CZ010;851.257299100000;698.112685700000;1.130284256559;;0.409388646288
2021-02-10;2021-02-09;CZ020;1005.009309700000;839.425316500000;1.103206997084;;0.463738508682
2021-02-10;2021-02-09;CZ031;733.430606100000;609.615054500000;0.982902418682;;0.390243902439
2021-02-10;2021-02-09;CZ032;1235.108901000000;841.862950600000;1.125864453665;;0.514610389610
2021-02-10;2021-02-09;CZ041;2326.540770700000;1766.912345300000;1.065203955500;;0.487765089722
2021-02-10;2021-02-09;CZ042;751.771105100000;622.265315700000;1.084640522875;;0.540834845735
2021-02-10;2021-02-09;CZ051;1146.728862100000;915.006771700000;1.070507655116;;0.554404145077
2021-02-10;2021-02-09;CZ052;1992.000769700000;1518.527688300000;1.044668587896;;0.456441717791
2021-02-10;2021-02-09;CZ053;1161.887785500000;867.779728800000;1.084705882352;;0.491803278688
2021-02-10;2021-02-09;CZ063;655.593374800000;591.973370600000;1.047949526813;;0.480158730158
2021-02-10;2021-02-09;CZ064;698.637276600000;532.044630500000;1.074981065387;;0.470899470899
2021-02-10;2021-02-09;CZ071;727.016662300000;555.325321100000;0.934426229508;;0.549872122762
2021-02-10;2021-02-09;CZ072;525.754198700000;396.631084100000;0.880937692782;;0.399239543726
2021-02-10;2021-02-09;CZ080;622.047996600000;498.087442900000;0.966948921059;;0.420032310177
2021-02-11;2021-02-10;CZ010;859.796087700000;697.717602100000;1.136122784578;;0.402885682574
2021-02-11;2021-02-10;CZ020;1031.118092500000;815.595476900000;1.092935239697;;0.448205128205
2021-02-11;2021-02-10;CZ031;734.673708800000;614.092031700000;0.978565539983;;0.397674418604
2021-02-11;2021-02-10;CZ032;1243.737744000000;837.752291600000;1.076321467098;;0.514820592823
2021-02-11;2021-02-10;CZ041;2383.817858800000;1845.880494800000;0.984169653524;;0.470198675496
2021-02-11;2021-02-10;CZ042;767.927696800000;617.355924700000;1.092100950508;;0.536231884057
2021-02-11;2021-02-10;CZ051;1162.096927200000;907.299133400000;1.065243179122;;0.529411764705
2021-02-11;2021-02-10;CZ052;2031.579348600000;1536.683997600000;0.995875179340;;0.461632155907
2021-02-11;2021-02-10;CZ053;1195.931575800000;880.787133800000;1.080612924716;;0.488047808764
2021-02-11;2021-02-10;CZ063;659.916832300000;557.930173600000;1.088805503439;;0.476000000000
2021-02-11;2021-02-10;CZ064;687.761591500000;514.681868700000;1.053957750063;;0.464000000000
2021-02-11;2021-02-10;CZ071;719.721119900000;567.381230400000;0.949278530826;;0.537859007832
2021-02-11;2021-02-10;CZ072;511.102032500000;396.631084100000;0.898422712933;;0.389285714285
2021-02-11;2021-02-10;CZ080;620.035981500000;494.797022100000;0.966319165998;;0.416932907348
2021-02-12;2021-02-11;CZ010;880.468944200000;700.878270700000;1.113341623734;;0.401709401709
2021-02-12;2021-02-11;CZ020;1060.016580800000;838.272259700000;1.075831305758;;0.452405322415
2021-02-12;2021-02-11;CZ031;763.420459200000;637.969243100000;1.039256198347;;0.404597701149
2021-02-12;2021-02-11;CZ032;1291.788556100000;857.483454500000;1.060126582278;;0.513137557959
2021-02-12;2021-02-11;CZ041;2264.831526900000;1778.428533800000;0.962973431317;;0.456451612903
2021-02-12;2021-02-11;CZ042;783.717093100000;619.810620200000;1.045014066895;;0.534172661870
2021-02-12;2021-02-11;CZ051;1179.046999100000;907.299133400000;1.072549019607;;0.523573200992
2021-02-12;2021-02-11;CZ052;2025.588095900000;1530.081703300000;1.015950697843;;0.448655256723
2021-02-12;2021-02-11;CZ053;1216.013586900000;877.070732400000;1.118716931216;;0.466666666666
2021-02-12;2021-02-11;CZ063;656.379458000000;559.821462300000;1.113578680203;;0.481781376518
2021-02-12;2021-02-11;CZ064;689.685751200000;514.268469600000;1.058576371725;;0.474966170500
2021-02-12;2021-02-11;CZ071;718.928126200000;557.585804100000;0.966404886561;;0.539893617021
2021-02-12;2021-02-11;CZ072;506.103058100000;387.653837300000;0.845115681233;;0.386524822695
2021-02-12;2021-02-11;CZ080;617.101792800000;498.498745500000;1.023796347537;;0.415185783521
2021-02-13;2021-02-12;CZ010;886.386174900000;704.434023000000;1.127437079049;;0.387580299785
2021-02-13;2021-02-12;CZ020;1073.035206700000;832.506975900000;1.059385941287;;0.452674897119
2021-02-13;2021-02-12;CZ031;760.778866000000;652.146337400000;1.025747508305;;0.400000000000
2021-02-13;2021-02-12;CZ032;1323.935226100000;868.993299600000;1.095238095238;;0.514548238897
2021-02-13;2021-02-12;CZ041;2323.813290300000;1834.364306300000;1.017008797653;;0.462035541195
2021-02-13;2021-02-12;CZ042;790.571404700000;611.832859700000;1.064334790755;;0.534150612959
2021-02-13;2021-02-12;CZ051;1205.037109300000;907.299133400000;1.098354231974;;0.517412935323
2021-02-13;2021-02-12;CZ052;2005.254147100000;1511.925394000000;0.996537900874;;0.455900621118
2021-02-13;2021-02-12;CZ053;1240.877029200000;882.645334500000;1.139588100686;;0.458333333333
2021-02-13;2021-02-12;CZ063;655.986416400000;561.712751000000;1.088916718847;;0.486166007905
2021-02-13;2021-02-12;CZ064;699.724845100000;523.776648700000;1.088877976921;;0.479674796747
2021-02-13;2021-02-12;CZ071;717.500737400000;549.297366500000;0.975152571926;;0.554959785522
2021-02-13;2021-02-12;CZ072;499.552677900000;381.124930600000;0.857609405617;;0.386281588447
2021-02-13;2021-02-12;CZ080;609.808238100000;481.224036500000;0.984945637022;;0.418566775244
2021-02-14;2021-02-13;CZ010;916.047229900000;724.188202000000;1.095783532536;;0.384615384615
2021-02-14;2021-02-13;CZ020;1105.152586100000;858.642929000000;1.060031595576;;0.451282051282
2021-02-14;2021-02-13;CZ031;765.595889000000;653.638663100000;1.054247266610;;0.391982182628
2021-02-14;2021-02-13;CZ032;1355.405124100000;894.479385000000;1.091026635634;;0.514925373134
2021-02-14;2021-02-13;CZ041;2267.559007300000;1803.106080500000;0.968876439464;;0.476415094339
2021-02-14;2021-02-13;CZ042;819.702229100000;627.788380600000;1.098963242224;;0.523809523809
2021-02-14;2021-02-13;CZ051;1221.309178300000;906.198042200000;1.091395793499;;0.511056511056
2021-02-14;2021-02-13;CZ052;2018.325971300000;1502.847239400000;0.985568461809;;0.457070707070
2021-02-14;2021-02-13;CZ053;1249.674862600000;880.787133800000;1.108304389011;;0.452865064695
2021-02-14;2021-02-13;CZ063;651.662958900000;534.289064500000;1.039426523297;;0.482071713147
2021-02-14;2021-02-13;CZ064;690.773319700000;520.882855000000;1.033120706575;;0.469945355191
2021-02-14;2021-02-13;CZ071;720.038317400000;547.790377800000;1.027422303473;;0.559782608695
2021-02-14;2021-02-13;CZ072;486.796674400000;366.434890400000;0.887333799860;;0.379562043795
2021-02-14;2021-02-13;CZ080;605.029702300000;470.530169000000;1.035642425984;;0.406862745098
2021-02-15;2021-02-14;CZ010;927.207576400000;727.743954200000;1.086087377075;;0.385579937304
2021-02-15;2021-02-14;CZ020;1113.807826400000;860.564690300000;1.076242071881;;0.441441441441
2021-02-15;2021-02-14;CZ031;762.021968700000;646.177034500000;1.058973271107;;0.407239819004
2021-02-15;2021-02-14;CZ032;1359.634949100000;903.522834700000;1.050859950859;;0.511834319526
2021-02-15;2021-02-14;CZ041;2181.302440000000;1706.041063400000;0.866840731070;;0.466769706336
2021-02-15;2021-02-14;CZ042;830.350891700000;638.220836600000;1.079240735161;;0.514049586776
2021-02-15;2021-02-14;CZ051;1226.507200300000;906.198042200000;1.082047421904;;0.515587529976
2021-02-15;2021-02-14;CZ052;1995.087172700000;1484.690930000000;0.948448275862;;0.462227912932
2021-02-15;2021-02-14;CZ053;1274.538305000000;904.014642600000;1.117136659436;;0.456140350877
2021-02-15;2021-02-14;CZ063;662.078561100000;550.365018700000;1.066827212522;;0.479553903345
2021-02-15;2021-02-14;CZ064;703.573164400000;529.564236000000;1.018553311413;;0.479025710419
2021-02-15;2021-02-14;CZ071;722.893094900000;549.297366500000;1.045244690674;;0.571823204419
2021-02-15;2021-02-14;CZ072;484.383376500000;359.089870400000;0.895658263305;;0.369337979094
2021-02-15;2021-02-14;CZ080;602.011679700000;470.941471600000;1.015254237288;;0.399366085578
2021-02-16;2021-02-15;CZ010;949.003957800000;724.583285500000;1.068832422000;;0.365879828326
2021-02-16;2021-02-15;CZ020;1134.837914500000;865.561269500000;1.060536103629;;0.425024826216
2021-02-16;2021-02-15;CZ031;765.440501200000;634.238428800000;1.073294018534;;0.394977168949
2021-02-16;2021-02-15;CZ032;1406.839796200000;952.850741900000;1.114507642194;;0.509193776520
2021-02-16;2021-02-15;CZ041;2135.276208500000;1734.008949700000;0.925644916540;;0.466769706336
2021-02-16;2021-02-15;CZ042;853.606591800000;640.061858300000;1.137755102040;;0.511437908496
2021-02-16;2021-02-15;CZ051;1243.005270300000;907.299133400000;1.070898292501;;0.509433962264
2021-02-16;2021-02-15;CZ052;2058.086103300000;1512.750680800000;1.018188366648;;0.471116816431
2021-02-16;2021-02-15;CZ053;1311.068439400000;930.029452400000;1.136868064118;;0.456521739130
2021-02-16;2021-02-15;CZ063;665.812456200000;539.962930700000;0.984491671453;;0.475655430711
2021-02-16;2021-02-15;CZ064;705.580983200000;533.284827800000;1.052402801255;;0.477178423236
2021-02-16;2021-02-15;CZ071;733.995007300000;542.515917500000;1.123906034085;;0.564738292011
2021-02-16;2021-02-15;CZ072;479.729159000000;347.664283600000;0.950842696629;;0.379432624113
2021-02-16;2021-02-15;CZ080;605.365038200000;468.062353400000;1.035131396957;;0.399053627760
2021-02-17;2021-02-16;CZ010;978.665012800000;733.670207900000;1.095101324397;;0.362637362637
2021-02-17;2021-02-16;CZ020;1173.679199500000;873.248314600000;1.110692298027;;0.437806072477
2021-02-17;2021-02-16;CZ031;805.996727500000;642.446220300000;1.125248508946;;0.398268398268
2021-02-17;2021-02-16;CZ032;1486.529699200000;1014.510626000000;1.173134328358;;0.527472527472
2021-02-17;2021-02-16;CZ041;2281.537344300000;1931.429323500000;0.952450836513;;0.467958271236
2021-02-17;2021-02-16;CZ042;888.000548300000;647.425944900000;1.177385581812;;0.512500000000
2021-02-17;2021-02-16;CZ051;1282.781438900000;926.017683500000;1.103839122486;;0.524705882352
2021-02-17;2021-02-16;CZ052;2076.241414800000;1499.546092200000;1.005530776092;;0.473411154345
2021-02-17;2021-02-16;CZ053;1344.729715200000;968.122566900000;1.124445758202;;0.445993031358
2021-02-17;2021-02-16;CZ063;667.188101800000;521.995687800000;0.988034188034;;0.476702508960
2021-02-17;2021-02-16;CZ064;737.120469900000;541.139410500000;1.063039925286;;0.473324213406
2021-02-17;2021-02-16;CZ071;731.933223500000;532.720491200000;1.105643340857;;0.545714285714
2021-02-17;2021-02-16;CZ072;484.038619600000;345.215943500000;1.049429657794;;0.365591397849
2021-02-17;2021-02-16;CZ080;624.563015400000;483.691852000000;1.056756756756;;0.405819295558
2021-02-18;2021-02-17;CZ010;1006.303723200000;750.658801800000;1.134570036157;;0.353846153846
2021-02-18;2021-02-17;CZ020;1209.873840900000;878.629246100000;1.158891572391;;0.428709055876
2021-02-18;2021-02-17;CZ031;819.826245300000;656.623314600000;1.174898785425;;0.413502109704
2021-02-18;2021-02-17;CZ032;1532.381002300000;1030.953261800000;1.230507651202;;0.534759358288
2021-02-18;2021-02-17;CZ041;2212.327529400000;1900.171097600000;0.920991926182;;0.456060606060
2021-02-18;2021-02-17;CZ042;915.784990000000;661.540444100000;1.217723004694;;0.484398216939
2021-02-18;2021-02-17;CZ051;1327.755629600000;921.613318700000;1.134855511951;;0.521640091116
2021-02-18;2021-02-17;CZ052;1984.012432700000;1420.318560600000;0.982812214298;;0.473007712082
2021-02-18;2021-02-17;CZ053;1361.942867600000;972.768068600000;1.112162937464;;0.446996466431
2021-02-18;2021-02-17;CZ063;676.228058400000;526.723909600000;0.977573317998;;0.466666666666
2021-02-18;2021-02-17;CZ064;730.929695300000;539.072415100000;1.036302142051;;0.468668407310
2021-02-18;2021-02-17;CZ071;737.008383500000;523.678559300000;1.106839517210;;0.549019607843
2021-02-18;2021-02-17;CZ072;482.314835400000;339.503150100000;1.046458492003;;0.373239436619
2021-02-18;2021-02-17;CZ080;645.940675700000;501.377863600000;1.157656382677;;0.419170243204
2021-02-19;2021-02-18;CZ010;1030.047547500000;745.127631700000;1.133919103166;;0.341928251121
2021-02-19;2021-02-18;CZ020;1257.942613600000;895.540745100000;1.195603576751;;0.432737535277
2021-02-19;2021-02-18;CZ031;830.392618400000;648.415523100000;1.128440366972;;0.425847457627
2021-02-19;2021-02-18;CZ032;1588.383885300000;1066.304928600000;1.272339416923;;0.535859269282
2021-02-19;2021-02-18;CZ041;2343.246588000000;2053.171887300000;1.113395438483;;0.464285714285
2021-02-19;2021-02-18;CZ042;957.155656500000;699.588224800000;1.279874213836;;0.481843575418
2021-02-19;2021-02-18;CZ051;1355.101745600000;907.299133400000;1.142606867554;;0.516703786191
2021-02-19;2021-02-18;CZ052;2027.948286400000;1420.318560600000;0.993750000000;;0.475260416666
2021-02-19;2021-02-18;CZ053;1432.325535100000;984.846373200000;1.169800569800;;0.444061962134
2021-02-19;2021-02-18;CZ063;714.156572000000;558.875817900000;1.079885057471;;0.477941176470
2021-02-19;2021-02-18;CZ064;752.764724600000;553.541383300000;1.119686535264;;0.469465648854
2021-02-19;2021-02-18;CZ071;754.771443300000;511.622650000000;1.131672597864;;0.541208791208
2021-02-19;2021-02-18;CZ072;485.417647000000;329.709790000000;1.183753943217;;0.386206896551
2021-02-19;2021-02-18;CZ080;659.940947300000;507.136100000000;1.157923952262;;0.408250355618
2021-02-20;2021-02-19;CZ010;1054.540388400000;754.214554000000;1.145613774677;;0.337676438653
2021-02-20;2021-02-19;CZ020;1306.512102600000;925.135868500000;1.276611418047;;0.434822242479
2021-02-20;2021-02-19;CZ031;859.916308100000;651.400174600000;1.227564102564;;0.425619834710
2021-02-20;2021-02-19;CZ032;1662.490419400000;1122.209890200000;1.334814122048;;0.547244094488
2021-02-20;2021-02-19;CZ041;2251.535060000000;1997.236114700000;1.049531459170;;0.467261904761
2021-02-20;2021-02-19;CZ042;998.036729300000;718.612115100000;1.324958123953;;0.486225895316
2021-02-20;2021-02-19;CZ051;1389.001889300000;923.815501100000;1.162782608695;;0.515350877192
2021-02-20;2021-02-19;CZ052;2036.481282700000;1404.638111700000;1.044900927104;;0.478764478764
2021-02-20;2021-02-19;CZ053;1493.719111900000;1020.152186600000;1.199445214979;;0.454855195911
2021-02-20;2021-02-19;CZ063;729.092152500000;538.071642000000;1.112302483069;;0.465454545454
2021-02-20;2021-02-19;CZ064;780.874187500000;588.680306000000;1.129582660825;;0.450980392156
2021-02-20;2021-02-19;CZ071;745.889913400000;505.594695300000;1.089222614840;;0.533505154639
2021-02-20;2021-02-19;CZ072;492.829919300000;346.032056900000;1.208756841282;;0.377162629757
2021-02-20;2021-02-19;CZ080;663.210471800000;517.829967500000;1.218141346688;;0.412181303116
2021-02-21;2021-02-20;CZ010;1083.152820300000;768.437562900000;1.182666265422;;0.347311827956
2021-02-21;2021-02-20;CZ020;1340.846940300000;922.061050500000;1.293143064457;;0.432822362488
2021-02-21;2021-02-20;CZ031;860.071695900000;645.430871700000;1.188383045525;;0.428861788617
2021-02-21;2021-02-20;CZ032;1707.326564400000;1135.363998800000;1.320143884892;;0.545571245186
2021-02-21;2021-02-20;CZ041;2182.325245200000;1951.171360800000;1.078032786885;;0.468606431852
2021-02-21;2021-02-20;CZ042;1025.943569400000;732.726614400000;1.288314428910;;0.485675306957
2021-02-21;2021-02-20;CZ051;1419.738019600000;938.129686500000;1.188214904679;;0.526548672566
2021-02-21;2021-02-20;CZ052;2061.535612500000;1426.095568200000;1.017863459497;;0.477360931435
2021-02-21;2021-02-20;CZ053;1500.986887400000;1035.017792200000;1.176247288503;;0.459459459459
2021-02-21;2021-02-20;CZ063;733.612130800000;534.289064500000;1.162777129521;;0.452554744525
2021-02-21;2021-02-20;CZ064;769.998502500000;585.786512400000;1.145709040844;;0.451421800947
2021-02-21;2021-02-20;CZ071;801.082277800000;539.501940200000;1.148770491803;;0.540816326530
2021-02-21;2021-02-20;CZ072;500.586948500000;358.273757000000;1.208271787296;;0.371621621621
2021-02-21;2021-02-20;CZ080;680.228766100000;533.459466100000;1.205505077498;;0.416897506925
2021-02-22;2021-02-21;CZ010;1117.008368000000;782.660571800000;1.191315751129;;0.340336134453
2021-02-22;2021-02-21;CZ020;1368.100217600000;929.363743200000;1.242194570135;;0.443655723158
2021-02-22;2021-02-21;CZ031;878.718236700000;648.415523100000;1.116254416961;;0.436149312377
2021-02-22;2021-02-21;CZ032;1735.581795500000;1150.984502800000;1.268235793044;;0.538366336633
2021-02-22;2021-02-21;CZ041;2144.822389800000;1906.751776700000;1.017873651771;;0.471841704718
2021-02-22;2021-02-21;CZ042;1057.522362100000;756.659895700000;1.285060975609;;0.474867724867
2021-02-22;2021-02-21;CZ051;1430.134063700000;950.241689500000;1.143756210665;;0.512087912087
2021-02-22;2021-02-21;CZ052;2048.826894500000;1387.307089200000;1.026259758694;;0.478818998716
2021-02-22;2021-02-21;CZ053;1517.817525200000;1048.954297500000;1.138538380651;;0.460236886632
2021-02-22;2021-02-21;CZ063;744.027733000000;543.745508100000;1.161476355247;;0.460144927536
2021-02-22;2021-02-21;CZ064;785.391779800000;594.054494200000;1.109378431803;;0.460714285714
2021-02-22;2021-02-21;CZ071;793.786735400000;541.762423200000;1.119232339730;;0.542713567839
2021-02-22;2021-02-21;CZ072;511.963924600000;367.251003800000;1.225362318840;;0.358885017421
2021-02-22;2021-02-21;CZ080;682.576117000000;541.685518000000;1.163171355498;;0.411994784876
2021-02-23;2021-02-22;CZ010;1124.498533400000;780.290070300000;1.159345988637;;0.340163934426
2021-02-23;2021-02-22;CZ020;1408.229059100000;947.428299000000;1.252385653175;;0.437500000000
2021-02-23;2021-02-22;CZ031;906.377272300000;676.769711700000;1.131977946243;;0.428023032629
2021-02-23;2021-02-22;CZ032;1796.660468500000;1213.466518600000;1.218120805369;;0.540865384615
2021-02-23;2021-02-22;CZ041;2231.078957100000;1984.074756500000;1.093926111458;;0.473846153846
2021-02-23;2021-02-22;CZ042;1113.091245500000;808.822175700000;1.277831325301;;0.473145780051
2021-02-23;2021-02-22;CZ051;1477.820265900000;955.747145400000;1.148695378811;;0.542553191489
2021-02-23;2021-02-22;CZ052;2108.920975300000;1440.950730300000;1.109209302325;;0.482352941176
2021-02-23;2021-02-22;CZ053;1553.773888000000;1070.323605600000;1.144183647149;;0.455462184873
2021-02-23;2021-02-22;CZ063;742.455566600000;540.908575100000;1.214117647058;;0.461818181818
2021-02-23;2021-02-22;CZ064;819.608358200000;611.003857000000;1.183420365535;;0.449776785714
2021-02-23;2021-02-22;CZ071;833.753620000000;569.641713400000;1.137722132471;;0.544794188861
2021-02-23;2021-02-22;CZ072;531.097929900000;372.147683800000;1.256914119359;;0.351170568561
2021-02-23;2021-02-22;CZ080;703.283105600000;562.250647800000;1.136185819070;;0.417079207920
2021-02-24;2021-02-23;CZ010;1191.460612200000;825.329598400000;1.208283233132;;0.337688442211
2021-02-24;2021-02-23;CZ020;1490.632669400000;969.336377400000;1.246390360444;;0.436379163108
2021-02-24;2021-02-23;CZ031;945.068844500000;698.408434600000;1.149522799575;;0.427221172022
2021-02-24;2021-02-23;CZ032;1913.403638600000;1281.703457000000;1.228204172876;;0.540189125295
2021-02-24;2021-02-23;CZ041;2295.174746200000;2081.139773600000;1.006058857472;;0.475232198142
2021-02-24;2021-02-23;CZ042;1166.089762100000;846.869956300000;1.248827339736;;0.460510328068
2021-02-24;2021-02-23;CZ051;1544.038546700000;988.779880800000;1.169273229070;;0.555555555555
2021-02-24;2021-02-23;CZ052;2095.849151100000;1445.902451100000;1.061635220125;;0.485753052917
2021-02-24;2021-02-23;CZ053;1631.041816400000;1115.849522900000;1.150511446663;;0.447412353923
2021-02-24;2021-02-23;CZ063;776.453664300000;578.734349500000;1.179882916444;;0.455414012738
2021-02-24;2021-02-23;CZ064;847.383184600000;625.886224300000;1.182608695652;;0.456989247311
2021-02-24;2021-02-23;CZ071;861.032604700000;583.958105700000;1.171383647798;;0.550827423167
2021-02-24;2021-02-23;CZ072;557.816585900000;390.918290700000;1.236508994003;;0.351612903225
2021-02-24;2021-02-23;CZ080;744.948584600000;577.468843800000;1.192713326941;;0.412048192771
2021-02-25;2021-02-24;CZ010;1229.435750800000;845.478861000000;1.191629955947;;0.330693069306
2021-02-25;2021-02-24;CZ020;1537.127762000000;993.934921400000;1.189844200807;;0.449748743718
2021-02-25;2021-02-24;CZ031;979.720332900000;733.478088900000;1.110639686684;;0.413533834586
2021-02-25;2021-02-24;CZ032;2041.313546700000;1386.936325800000;1.225959012086;;0.542626728110
2021-02-25;2021-02-24;CZ041;2168.346908200000;2005.461963600000;1.009566326530;;0.482442748091
2021-02-25;2021-02-24;CZ042;1221.046653300000;889.827128000000;1.227560050568;;0.457746478873
2021-02-25;2021-02-24;CZ051;1620.200869600000;1010.801704400000;1.192940472629;;0.568825910931
2021-02-25;2021-02-24;CZ052;2118.361737300000;1463.233473600000;1.094815588030;;0.484049930651
2021-02-25;2021-02-24;CZ053;1703.337056400000;1192.964852100000;1.163043478260;;0.439102564102
2021-02-25;2021-02-24;CZ063;810.058720400000;583.462571300000;1.228817858954;;0.463722397476
2021-02-25;2021-02-24;CZ064;876.078261400000;646.556178800000;1.199428454786;;0.458077709611
2021-02-25;2021-02-24;CZ071;890.690570600000;588.479071600000;1.273317112733;;0.547945205479
2021-02-25;2021-02-24;CZ072;584.879998700000;394.998857400000;1.305950840879;;0.337662337662
2021-02-25;2021-02-24;CZ080;773.955135400000;592.687039800000;1.174508908177;;0.413915094339
2021-02-26;2021-02-25;CZ010;1271.979890400000;873.529795200000;1.208269720101;;0.334892422825
2021-02-26;2021-02-25;CZ020;1611.949095700000;1028.142271800000;1.207144861124;;0.444901315789
2021-02-26;2021-02-25;CZ031;1031.153708000000;740.193554600000;1.257265521796;;0.406593406593
2021-02-26;2021-02-25;CZ032;2123.541344800000;1409.956015900000;1.223262942779;;0.543624161073
2021-02-26;2021-02-25;CZ041;2357.565860100000;2186.430639600000;1.048965936739;;0.478461538461
2021-02-26;2021-02-25;CZ042;1290.079363100000;941.375734100000;1.241400491400;;0.461366181410
2021-02-26;2021-02-25;CZ051;1702.691219400000;1071.361719400000;1.246499416569;;0.578838174273
2021-02-26;2021-02-25;CZ052;2090.584110800000;1402.987538100000;1.033883579496;;0.488372093023
2021-02-26;2021-02-25;CZ053;1774.102238400000;1271.009281700000;1.191793453204;;0.456964006259
2021-02-26;2021-02-25;CZ063;864.298460000000;610.886257800000;1.263923733065;;0.463126843657
2021-02-26;2021-02-25;CZ064;919.581001600000;674.253917900000;1.257160024033;;0.448443579766
2021-02-26;2021-02-25;CZ071;894.179743100000;587.725577300000;1.103817338565;;0.548098434004
2021-02-26;2021-02-25;CZ072;617.114764300000;423.562824400000;1.270782396088;;0.362776025236
2021-02-26;2021-02-25;CZ080;809.333067300000;605.848722900000;1.215251607182;;0.423033067274
2021-02-27;2021-02-26;CZ010;1332.275721900000;903.951230800000;1.231531311154;;0.338782924613
2021-02-27;2021-02-26;CZ020;1695.926386100000;1080.798530200000;1.212184682633;;0.441434262948
2021-02-27;2021-02-26;CZ031;1097.659703700000;757.355300300000;1.266223488445;;0.392156862745
2021-02-27;2021-02-26;CZ032;2238.254198900000;1506.145435100000;1.257314830295;;0.540827147401
2021-02-27;2021-02-26;CZ041;2311.539628500000;2110.752829600000;1.103239479261;;0.469230769230
2021-02-27;2021-02-26;CZ042;1365.354392300000;999.674752800000;1.267101621194;;0.451793721973
2021-02-27;2021-02-26;CZ051;1774.333523100000;1129.719552000000;1.305531421951;;0.588822355289
2021-02-27;2021-02-26;CZ052;2151.222851000000;1465.709333900000;1.054806362378;;0.496607869742
2021-02-27;2021-02-26;CZ053;1825.550438300000;1308.173295700000;1.205495266682;;0.454682779456
2021-02-27;2021-02-26;CZ063;915.000825300000;628.853500700000;1.333167825223;;0.448571428571
2021-02-27;2021-02-26;CZ064;938.571620900000;676.320913400000;1.251237378736;;0.440487347703
2021-02-27;2021-02-26;CZ071;969.672747300000;640.470180400000;1.330901130974;;0.550111358574
2021-02-27;2021-02-26;CZ072;641.764879200000;450.494564600000;1.287403903015;;0.358895705521
2021-02-27;2021-02-26;CZ080;840.100131200000;632.172089000000;1.240765171503;;0.425026968716
2021-02-28;2021-02-27;CZ010;1364.408531500000;917.384072600000;1.237719612764;;0.339160839160
2021-02-28;2021-02-27;CZ020;1739.417180400000;1093.866506700000;1.193203713434;;0.438473520249
2021-02-28;2021-02-27;CZ031;1137.749766500000;781.978674600000;1.307153729071;;0.401739130434
2021-02-28;2021-02-27;CZ032;2269.724096900000;1531.631520500000;1.222330254415;;0.541535226077
2021-02-28;2021-02-27;CZ041;2277.105188600000;2072.913924700000;0.970520892959;;0.458015267175
2021-02-28;2021-02-27;CZ042;1399.258755100000;1025.449055800000;1.234772770130;;0.453744493392
2021-02-28;2021-02-27;CZ051;1811.171679300000;1161.651196300000;1.255062944718;;0.598455598455
2021-02-28;2021-02-27;CZ052;2117.272418600000;1467.359907500000;0.990774907749;;0.495302013422
2021-02-28;2021-02-27;CZ053;1816.943862100000;1315.606098600000;1.163660955816;;0.450724637681
2021-02-28;2021-02-27;CZ063;941.531132800000;660.059764700000;1.355620155038;;0.456090651558
2021-02-28;2021-02-27;CZ064;982.158020300000;692.443478000000;1.240485383342;;0.439338235294
2021-02-28;2021-02-27;CZ071;984.422430900000;646.498135100000;1.208377706780;;0.548672566371
2021-02-28;2021-02-27;CZ072;675.378672300000;471.713511500000;1.321366531557;;0.369501466275
2021-02-28;2021-02-27;CZ080;855.860916100000;643.277259000000;1.226167419840;;0.424686192468
2021-03-01;2021-02-28;CZ010;1399.762112300000;946.225173900000;1.162317558602;;0.331293706293
2021-03-01;2021-02-28;CZ020;1769.174039700000;1107.703187800000;1.146095507958;;0.439727065959
2021-03-01;2021-02-28;CZ031;1140.702135400000;784.963326000000;1.285977859778;;0.379705400981
2021-03-01;2021-02-28;CZ032;2279.198904900000;1538.208574800000;1.136053389959;;0.541580041580
2021-03-01;2021-02-28;CZ041;2286.310434900000;2091.010792300000;0.975910524806;;0.461538461538
2021-03-01;2021-02-28;CZ042;1425.452017300000;1037.108859600000;1.178322303702;;0.451022604951
2021-03-01;2021-02-28;CZ051;1834.901779900000;1180.369746400000;1.223708366115;;0.602636534839
2021-03-01;2021-02-28;CZ052;2160.663612900000;1494.594371500000;1.035375761679;;0.488771466314
2021-03-01;2021-02-28;CZ053;1831.861927500000;1327.684403100000;1.110711261642;;0.445747800586
2021-03-01;2021-02-28;CZ063;937.993758400000;646.820743600000;1.244474515110;;0.447293447293
2021-03-01;2021-02-28;CZ064;981.823383800000;689.136285200000;1.198888091822;;0.442133815551
2021-03-01;2021-02-28;CZ071;976.968289700000;644.237652100000;1.147315436241;;0.552688172043
2021-03-01;2021-02-28;CZ072;681.239538700000;475.794078200000;1.218211206896;;0.383040935672
2021-03-01;2021-02-28;CZ080;866.088659400000;645.333772000000;1.162178456591;;0.431578947368
2021-03-02;2021-03-01;CZ010;1430.321987200000;975.066275200000;1.166576057410;;0.340604026845
2021-03-02;2021-03-01;CZ020;1809.732066600000;1131.148675100000;1.122049789848;;0.445836403831
2021-03-02;2021-03-01;CZ031;1171.002764300000;808.094374600000;1.249191889509;;0.378834355828
2021-03-02;2021-03-01;CZ032;2315.913786000000;1543.963497300000;1.074010572938;;0.527200791295
2021-03-02;2021-03-01;CZ041;2375.635417600000;2146.946564800000;1.097283638660;;0.447540983606
2021-03-02;2021-03-01;CZ042;1448.585319000000;1065.951532000000;1.121180913147;;0.439223697650
2021-03-02;2021-03-01;CZ051;1889.142009900000;1237.626487800000;1.179789368104;;0.592660550458
2021-03-02;2021-03-01;CZ052;2141.963642100000;1481.389782900000;0.927379628158;;0.463806970509
2021-03-02;2021-03-01;CZ053;1866.288232300000;1357.415614400000;1.058262079936;;0.450349650349
2021-03-02;2021-03-01;CZ063;967.668398600000;672.353141400000;1.180842279108;;0.459740259740
2021-03-02;2021-03-01;CZ064;1023.067328000000;714.353629800000;1.155547991831;;0.444350758853
2021-03-02;2021-03-01;CZ071;1001.392497000000;671.363447900000;1.113694267515;;0.549060542797
2021-03-02;2021-03-01;CZ072;699.339273400000;488.035778400000;1.154036651807;;0.369014084507
2021-03-02;2021-03-01;CZ080;897.358727100000;681.939703000000;1.177946324387;;0.433905146316
2021-03-03;2021-03-02;CZ010;1479.157865700000;1006.672961600000;1.127092766136;;0.345352564102
2021-03-03;2021-03-02;CZ020;1874.109887200000;1175.733536200000;1.100170436938;;0.438366156090
2021-03-03;2021-03-02;CZ031;1210.626663600000;853.610308900000;1.192277383766;;0.379416282642
2021-03-03;2021-03-02;CZ032;2395.772882000000;1638.508652900000;1.053459557288;;0.525665399239
2021-03-03;2021-03-02;CZ041;2217.100620100000;1980.784416900000;0.874456364163;;0.453333333333
2021-03-03;2021-03-02;CZ042;1512.110099800000;1111.363399200000;1.115454395513;;0.437927663734
2021-03-03;2021-03-02;CZ051;1943.382239900000;1309.197414600000;1.120056166627;;0.597883597883
2021-03-03;2021-03-02;CZ052;2136.517048700000;1453.330032100000;0.984873949579;;0.448840381991
2021-03-03;2021-03-02;CZ053;1921.752834400000;1361.132015800000;1.029787234042;;0.450340136054
2021-03-03;2021-03-02;CZ063;1016.995118400000;736.656958000000;1.174275506153;;0.474747474747
2021-03-03;2021-03-02;CZ064;1052.180700300000;742.878167100000;1.115341723753;;0.444444444444
2021-03-03;2021-03-02;CZ071;1044.689955300000;699.996232500000;1.165804783451;;0.542574257425
2021-03-03;2021-03-02;CZ072;727.609335300000;516.599745300000;1.137566137566;;0.372928176795
2021-03-03;2021-03-02;CZ080;924.520930800000;702.504832800000;1.103976650857;;0.413191076624
2021-03-04;2021-03-03;CZ010;1503.126395000000;1016.945134700000;1.079650412156;;0.356303837118
2021-03-04;2021-03-03;CZ020;1918.602114300000;1209.940886600000;1.085568326947;;0.439218523878
2021-03-04;2021-03-03;CZ031;1294.225321600000;914.795663300000;1.231500000000;;0.368421052631
2021-03-04;2021-03-03;CZ032;2434.856465100000;1661.528342900000;0.982978723404;;0.521276595744
2021-03-04;2021-03-03;CZ041;2176.188414300000;2044.946038400000;0.882821075740;;0.457429048414
2021-03-04;2021-03-03;CZ042;1574.043701100000;1160.457309700000;1.097519113746;;0.444011684518
2021-03-04;2021-03-03;CZ051;1992.876449700000;1355.443244200000;1.071428571428;;0.598949211908
2021-03-04;2021-03-03;CZ052;2149.044213600000;1468.185194300000;0.908703491230;;0.441176470588
2021-03-04;2021-03-03;CZ053;1983.720182900000;1408.516133800000;1.023367171040;;0.448412698412
2021-03-04;2021-03-03;CZ063;1081.453939400000;777.319665600000;1.147486033519;;0.477500000000
2021-03-04;2021-03-03;CZ064;1104.718625100000;778.843888100000;1.159651898734;;0.438783894823
2021-03-04;2021-03-03;CZ071;1082.436457400000;738.424443300000;1.010142543859;;0.552529182879
2021-03-04;2021-03-03;CZ072;767.601130100000;547.612052300000;1.118052365640;;0.373655913978
2021-03-04;2021-03-03;CZ080;938.437368400000;715.255213200000;1.072479177742;;0.401168451801
2021-03-05;2021-03-04;CZ010;1538.255270800000;1056.058409100000;1.066048667439;;0.352167182662
2021-03-05;2021-03-04;CZ020;1972.035705300000;1243.379532400000;1.076115678214;;0.432160804020
2021-03-05;2021-03-04;CZ031;1369.743812000000;963.296249000000;1.166278528178;;0.371924746743
2021-03-05;2021-03-04;CZ032;2446.699975100000;1678.793110500000;0.964868089619;;0.515639810426
2021-03-05;2021-03-04;CZ041;2047.996836100000;1928.138983900000;0.754349749336;;0.447272727272
2021-03-05;2021-03-04;CZ042;1623.982257100000;1187.458960500000;1.100335980452;;0.447162426614
2021-03-05;2021-03-04;CZ051;2051.636698900000;1430.317444500000;1.047754034016;;0.581355932203
2021-03-05;2021-03-04;CZ052;2082.777326900000;1441.776017100000;0.934823091247;;0.442148760330
2021-03-05;2021-03-04;CZ053;2001.124592600000;1431.743642600000;1.025377760557;;0.448366013071
2021-03-05;2021-03-04;CZ063;1118.792890600000;783.939176100000;1.134381701215;;0.481566820276
2021-03-05;2021-03-04;CZ064;1134.250293000000;792.486058100000;1.079146287238;;0.430965682362
2021-03-05;2021-03-04;CZ071;1116.059392000000;777.606148500000;1.158343125734;;0.537142857142
2021-03-05;2021-03-04;CZ072;779.150484600000;551.692619000000;1.069675723049;;0.369897959183
2021-03-05;2021-03-04;CZ080;966.270243800000;737.054250800000;1.060723060723;;0.396600566572
2021-03-06;2021-03-05;CZ010;1556.081864500000;1073.442086600000;1.018455098934;;0.348461538461
2021-03-06;2021-03-05;CZ020;1984.911269400000;1241.457771200000;1.049883653286;;0.429582448690
2021-03-06;2021-03-05;CZ031;1426.460373700000;1010.304509000000;1.238641798182;;0.365411436541
2021-03-06;2021-03-05;CZ032;2456.851555100000;1673.038188000000;0.934712950600;;0.513018322082
2021-03-06;2021-03-05;CZ041;2047.314966000000;1908.396946500000;0.693799588598;;0.441121495327
2021-03-06;2021-03-05;CZ042;1669.392071500000;1236.552871000000;1.097449908925;;0.440758293838
2021-03-06;2021-03-05;CZ051;2087.344850300000;1475.462183000000;1.013287612516;;0.578512396694
2021-03-06;2021-03-05;CZ052;2064.440462300000;1407.939258800000;0.861533431420;;0.442896935933
2021-03-06;2021-03-05;CZ053;1989.649157700000;1434.530943600000;0.987611968744;;0.448051948051
2021-03-06;2021-03-05;CZ063;1131.959783900000;807.580285200000;1.114534251540;;0.488839285714
2021-03-06;2021-03-05;CZ064;1160.770232700000;792.486058100000;1.130142109199;;0.431980906921
2021-03-06;2021-03-05;CZ071;1151.109715400000;778.359642800000;1.055864287803;;0.535372848948
2021-03-06;2021-03-05;CZ072;785.528486300000;550.876505700000;1.052631578947;;0.372839506172
2021-03-06;2021-03-05;CZ080;968.952930500000;724.715172900000;1.022825523084;;0.387155963302
2021-03-07;2021-03-06;CZ010;1578.926869000000;1097.937268600000;0.999533973343;;0.336370539104
2021-03-07;2021-03-06;CZ020;2021.034379900000;1265.287610700000;1.053882725832;;0.427977839335
2021-03-07;2021-03-06;CZ031;1492.966369400000;1041.643349000000;1.250058809691;;0.361035422343
2021-03-07;2021-03-06;CZ032;2451.775765100000;1696.880009800000;0.924304908873;;0.515850144092
2021-03-07;2021-03-06;CZ041;1960.376528600000;1863.977362400000;0.679044329303;;0.440900562851
2021-03-07;2021-03-06;CZ042;1679.918335700000;1250.667370300000;1.098744641763;;0.437148217636
2021-03-07;2021-03-06;CZ051;2114.464965300000;1491.978550700000;1.013815090329;;0.563607085346
2021-03-07;2021-03-06;CZ052;2046.829810200000;1406.288685300000;0.919636737491;;0.422651933701
2021-03-07;2021-03-06;CZ053;2017.955230500000;1451.254750000000;1.012589252160;;0.441624365482
2021-03-07;2021-03-06;CZ063;1191.702105900000;839.732193500000;1.141958041958;;0.491150442477
2021-03-07;2021-03-06;CZ064;1199.671721600000;819.356999000000;1.118262150220;;0.428571428571
2021-03-07;2021-03-06;CZ071;1152.854301600000;782.880608800000;1.105233056905;;0.538461538461
2021-03-07;2021-03-06;CZ072;817.590873500000;572.911565900000;1.056223175965;;0.376847290640
2021-03-07;2021-03-06;CZ080;983.623873900000;730.473409200000;0.996367838864;;0.384892086330
2021-03-08;2021-03-07;CZ010;1567.841424200000;1093.196265600000;0.973467862481;;0.338113207547
2021-03-08;2021-03-07;CZ020;2023.466430900000;1273.359008000000;1.023589888036;;0.420000000000
2021-03-08;2021-03-07;CZ031;1476.650646100000;1043.881837600000;1.172284644194;;0.356568364611
2021-03-08;2021-03-07;CZ032;2437.055974100000;1692.769350900000;0.913704242103;;0.521206409048
2021-03-08;2021-03-07;CZ041;1953.216892600000;1849.170834400000;0.771220159151;;0.429111531190
2021-03-08;2021-03-07;CZ042;1677.225570400000;1245.757979200000;1.052047907733;;0.439365671641
2021-03-08;2021-03-07;CZ051;2130.511033300000;1495.281824200000;0.994776431257;;0.562798092209
2021-03-08;2021-03-07;CZ052;2036.118176500000;1400.511677800000;0.869965870307;;0.420470262793
2021-03-08;2021-03-07;CZ053;2011.834998500000;1454.971151400000;0.990232907588;;0.436250000000
2021-03-08;2021-03-07;CZ063;1213.319393400000;861.482013800000;1.154496281271;;0.503239740820
2021-03-08;2021-03-07;CZ064;1196.409016100000;827.211581700000;1.087844593629;;0.418569254185
2021-03-08;2021-03-07;CZ071;1172.520546400000;802.471461400000;1.101746603825;;0.523636363636
2021-03-08;2021-03-07;CZ072;824.313632200000;577.808246000000;1.065961945031;;0.389705882352
2021-03-08;2021-03-07;CZ080;987.731738000000;730.062106600000;0.991242564441;;0.387533875338
2021-03-09;2021-03-08;CZ010;1560.276357100000;1097.542185000000;0.929261337503;;0.337574850299
2021-03-09;2021-03-08;CZ020;2006.871259300000;1268.362428700000;0.980899653979;;0.416442048517
2021-03-09;2021-03-08;CZ031;1526.530142900000;1061.043583300000;1.131343889565;;0.355643044619
2021-03-09;2021-03-08;CZ032;2405.586076000000;1677.970978700000;0.906520562770;;0.514312977099
2021-03-09;2021-03-08;CZ041;1839.003651400000;1753.750987100000;0.596829344109;;0.426587301587
2021-03-09;2021-03-08;CZ042;1682.121507300000;1231.029806100000;1.025163491612;;0.439311594202
2021-03-09;2021-03-08;CZ051;2122.374998800000;1474.361091800000;0.970186335403;;0.543887147335
2021-03-09;2021-03-08;CZ052;1939.895025900000;1324.585293300000;0.874639249639;;0.412921348314
2021-03-09;2021-03-08;CZ053;2010.878712300000;1465.191255300000;0.971738723563;;0.442118226600
2021-03-09;2021-03-08;CZ063;1235.722764100000;892.688277700000;1.112625770853;;0.508000000000
2021-03-09;2021-03-08;CZ064;1192.309719400000;842.507348100000;1.018147086914;;0.424698795180
2021-03-09;2021-03-08;CZ071;1169.348571500000;800.210978400000;1.051831750339;;0.509981851179
2021-03-09;2021-03-08;CZ072;832.932553400000;594.946626100000;1.027937551355;;0.391625615763
2021-03-09;2021-03-08;CZ080;1004.750032200000;730.884711800000;0.979510905485;;0.387443946188
2021-03-10;2021-03-09;CZ010;1541.326238600000;1084.109343300000;0.894384057971;;0.333583208395
2021-03-10;2021-03-09;CZ020;2009.947088500000;1287.195689100000;0.947957165268;;0.419973544973
2021-03-10;2021-03-09;CZ031;1560.715467700000;1090.143934800000;1.099241214057;;0.348271446862
2021-03-10;2021-03-09;CZ032;2374.962143000000;1659.061947600000;0.888980489145;;0.520302171860
2021-03-10;2021-03-09;CZ041;1633.078882100000;1536.588575900000;0.693510555121;;0.426829268292
2021-03-10;2021-03-09;CZ042;1713.700300100000;1243.916957600000;1.004580152671;;0.429596412556
2021-03-10;2021-03-09;CZ051;2119.436986400000;1462.249088800000;0.955671175858;;0.544323483670
2021-03-10;2021-03-09;CZ052;1893.780534900000;1280.845093600000;0.827779789931;;0.411188811188
2021-03-10;2021-03-09;CZ053;1986.206527200000;1451.254750000000;0.956168524466;;0.447595561035
2021-03-10;2021-03-09;CZ063;1250.461823800000;889.851344700000;1.072778827977;;0.512345679012
2021-03-10;2021-03-09;CZ064;1215.566953600000;854.495921800000;1.034061255322;;0.416172106824
2021-03-10;2021-03-09;CZ071;1186.477236300000;810.006404700000;0.982500634034;;0.500000000000
2021-03-10;2021-03-09;CZ072;837.069635700000;587.601606100000;1.020483408439;;0.382716049382
2021-03-10;2021-03-09;CZ080;999.468492600000;732.118619600000;0.971211118464;;0.378892733564
2021-03-11;2021-03-10;CZ010;1557.130487600000;1105.838940200000;0.926396413226;;0.335285505124
2021-03-11;2021-03-10;CZ020;2021.964281700000;1301.032370100000;0.956988502562;;0.414212548015
2021-03-11;2021-03-10;CZ031;1627.221463400000;1139.390683400000;1.070656370656;;0.356598984771
2021-03-11;2021-03-10;CZ032;2338.416455000000;1603.979117800000;0.918297386087;;0.517757009345
2021-03-11;2021-03-10;CZ041;1706.038982500000;1567.846801700000;0.756882676831;;0.423728813559
2021-03-11;2021-03-10;CZ042;1768.289996100000;1282.578412100000;1.025311203319;;0.422106179286
2021-03-11;2021-03-10;CZ051;2108.362939400000;1466.653453500000;0.951565143824;;0.540031397174
2021-03-11;2021-03-10;CZ052;1806.816593200000;1218.123297800000;0.836432637571;;0.403337969401
2021-03-11;2021-03-10;CZ053;1947.381305700000;1401.083331000000;0.933809340023;;0.461916461916
2021-03-11;2021-03-10;CZ063;1251.640948600000;911.601165000000;1.069268292682;;0.517382413087
2021-03-11;2021-03-10;CZ064;1222.343342000000;852.015527200000;0.963864990072;;0.416482707873
2021-03-11;2021-03-10;CZ071;1211.694437300000;820.555325300000;1.095567867036;;0.503355704697
2021-03-11;2021-03-10;CZ072;853.273207700000;616.981686400000;1.057142857142;;0.380000000000
2021-03-11;2021-03-10;CZ080;988.737745500000;724.303870300000;0.970752324598;;0.376154492023
2021-03-12;2021-03-11;CZ010;1515.035758000000;1086.874928300000;0.856676613204;;0.324792765636
2021-03-12;2021-03-11;CZ020;1971.964174400000;1282.199109800000;0.882228298017;;0.408548082966
2021-03-12;2021-03-11;CZ031;1605.156390000000;1107.305680500000;1.001505457282;;0.355473554735
2021-03-12;2021-03-11;CZ032;2260.249288900000;1576.026637000000;0.875215889464;;0.517045454545
2021-03-12;2021-03-11;CZ041;1436.359359100000;1316.135825200000;0.701568461212;;0.425764192139
2021-03-12;2021-03-11;CZ042;1770.982761400000;1277.669021100000;1.012122056569;;0.420415224913
2021-03-12;2021-03-11;CZ051;2078.982814800000;1442.429447500000;0.921174004192;;0.525679758308
2021-03-12;2021-03-11;CZ052;1751.624446400000;1190.063547000000;0.768772125954;;0.402898550724
2021-03-12;2021-03-11;CZ053;1897.463163800000;1375.997621500000;0.858786416774;;0.448609431680
2021-03-12;2021-03-11;CZ063;1277.188652100000;922.948897300000;1.018064911206;;0.519507186858
2021-03-12;2021-03-11;CZ064;1195.656084000000;837.133159900000;0.923350454365;;0.419307295504
2021-03-12;2021-03-11;CZ071;1253.405908100000;861.244019100000;1.024579560155;;0.488524590163
2021-03-12;2021-03-11;CZ072;851.032288200000;620.246139700000;1.014221861032;;0.365239294710
2021-03-12;2021-03-11;CZ080;982.534032300000;727.182988500000;0.940513670256;;0.374161073825
2021-03-13;2021-03-12;CZ010;1485.524506300000;1085.294594000000;0.875911708253;;0.319517709118
2021-03-13;2021-03-12;CZ020;1977.114400100000;1296.420143100000;0.908227848101;;0.403486924034
2021-03-13;2021-03-12;CZ031;1650.685027200000;1161.775569100000;1.022928021048;;0.356265356265
2021-03-13;2021-03-12;CZ032;2182.589701800000;1534.097915800000;0.853196413074;;0.515779092702
2021-03-13;2021-03-12;CZ041;1293.166638800000;1225.651487200000;0.615649183147;;0.428235294117
2021-03-13;2021-03-12;CZ042;1791.912891400000;1285.646781500000;1.041461700632;;0.423076923076
2021-03-13;2021-03-12;CZ051;2114.238964300000;1478.765456500000;0.971854652383;;0.520239880059
2021-03-13;2021-03-12;CZ052;1709.504123900000;1145.498060500000;0.813260102000;;0.384057971014
2021-03-13;2021-03-12;CZ053;1950.823936200000;1407.587033400000;0.951820940819;;0.447272727272
2021-03-13;2021-03-12;CZ063;1303.915480300000;932.405340900000;1.042459736456;;0.510721247563
2021-03-13;2021-03-12;CZ064;1227.446548000000;877.646270900000;0.934480042016;;0.428260869565
2021-03-13;2021-03-12;CZ071;1244.841575700000;859.737030400000;1.066683442375;;0.486529318541
2021-03-13;2021-03-12;CZ072;881.715647900000;633.303953200000;1.084886949623;;0.348780487804
2021-03-13;2021-03-12;CZ080;987.647904000000;731.296014400000;0.977829638273;;0.374789915966
2021-03-14;2021-03-13;CZ010;1460.956763700000;1082.133925400000;0.869233815086;;0.317841079460
2021-03-14;2021-03-13;CZ020;1956.656559300000;1289.117450300000;0.897700014110;;0.402334152334
2021-03-14;2021-03-13;CZ031;1673.527039800000;1183.414292000000;0.979005921406;;0.350540216086
2021-03-14;2021-03-13;CZ032;2139.783872800000;1492.169194700000;0.850470079092;;0.511263467189
2021-03-14;2021-03-13;CZ041;1311.236196300000;1228.941826700000;0.774479166666;;0.419191919191
2021-03-14;2021-03-13;CZ042;1776.980284000000;1279.510042700000;1.018028012758;;0.423558897243
2021-03-14;2021-03-13;CZ051;2111.752953800000;1477.664365300000;0.976099018352;;0.513595166163
2021-03-14;2021-03-13;CZ052;1669.743991900000;1098.456713700000;0.789853578057;;0.377414561664
2021-03-14;2021-03-13;CZ053;1953.884052200000;1414.090735900000;0.929699537750;;0.454656862745
2021-03-14;2021-03-13;CZ063;1329.856225300000;922.003253000000;1.021295215869;;0.507604562737
2021-03-14;2021-03-13;CZ064;1233.470004400000;891.288440900000;0.958322165639;;0.424588992137
2021-03-14;2021-03-13;CZ071;1244.682976900000;870.285951000000;1.027605779153;;0.500782472613
2021-03-14;2021-03-13;CZ072;890.679326100000;648.810106700000;1.081534772182;;0.352078239608
2021-03-14;2021-03-13;CZ080;980.354349300000;730.473409200000;0.954622132253;;0.376689189189
2021-03-15;2021-03-14;CZ010;1428.149839200000;1063.169913500000;0.875734251569;;0.317841079460
2021-03-15;2021-03-14;CZ020;1939.775264100000;1287.964393600000;0.905310116563;;0.397149938042
2021-03-15;2021-03-14;CZ031;1670.108507300000;1182.668129100000;0.985831062670;;0.359430604982
2021-03-15;2021-03-14;CZ032;2158.056716800000;1497.924117200000;0.902782071097;;0.510324483775
2021-03-15;2021-03-14;CZ041;1327.942013700000;1247.038694300000;0.884441939120;;0.419597989949
2021-03-15;2021-03-14;CZ042;1764.495645000000;1281.351064400000;1.008704061895;;0.425801011804
2021-03-15;2021-03-14;CZ051;2099.096900100000;1467.754544700000;0.985844947735;;0.496987951807
2021-03-15;2021-03-14;CZ052;1590.768387200000;1041.511925300000;0.801575147670;;0.376744186046
2021-03-15;2021-03-14;CZ053;1930.359410600000;1381.572223600000;0.952578541790;;0.459425717852
2021-03-15;2021-03-14;CZ063;1343.219639500000;935.242274000000;1.004405286343;;0.512333965844
2021-03-15;2021-03-14;CZ064;1229.872662400000;894.182234500000;0.941028024970;;0.420567375886
2021-03-15;2021-03-14;CZ071;1260.225654200000;888.369815000000;1.025296850800;;0.493939393939
2021-03-15;2021-03-14;CZ072;890.506947700000;645.545653300000;1.061822561220;;0.331730769230
2021-03-15;2021-03-14;CZ080;969.791270200000;725.537778100000;0.948722316865;;0.371168185584
2021-03-16;2021-03-15;CZ010;1392.571553500000;1045.391152400000;0.856019358741;;0.316027088036
2021-03-16;2021-03-15;CZ020;1905.583488300000;1271.052894500000;0.902221900557;;0.395363408521
2021-03-16;2021-03-15;CZ031;1689.998150800000;1200.576037700000;0.956184637576;;0.366113744075
2021-03-16;2021-03-15;CZ032;2101.377061800000;1473.260163600000;0.889562918027;;0.518750000000
2021-03-16;2021-03-15;CZ041;1180.999007800000;1085.812055800000;0.864017907106;;0.437172774869
2021-03-16;2021-03-15;CZ042;1772.573940800000;1288.715150900000;0.980844462430;;0.417848206839
2021-03-16;2021-03-15;CZ051;2086.214845500000;1455.642541700000;1.010224494332;;0.512859304084
2021-03-16;2021-03-15;CZ052;1549.011170900000;1015.928034900000;0.835526315789;;0.381410256410
2021-03-16;2021-03-15;CZ053;1911.424943000000;1356.486514100000;0.992353792105;;0.458072590738
2021-03-16;2021-03-15;CZ063;1349.115263300000;947.535650700000;1.045316301703;;0.507604562737
2021-03-16;2021-03-15;CZ064;1214.981339800000;885.914252700000;0.969651194726;;0.412060301507
2021-03-16;2021-03-15;CZ071;1254.357500600000;886.109332000000;1.019721871049;;0.500740740740
2021-03-16;2021-03-15;CZ072;888.610785000000;661.051806800000;1.054451510333;;0.320754716981
2021-03-16;2021-03-15;CZ080;1002.486515300000;731.296014400000;1.050156739811;;0.370899915895
2021-03-17;2021-03-16;CZ010;1350.401922200000;1028.402558500000;0.887667356046;;0.318320610687
2021-03-17;2021-03-16;CZ020;1863.952497700000;1263.750201700000;0.942124428604;;0.398750000000
2021-03-17;2021-03-16;CZ031;1712.063224200000;1196.845223400000;1.035888763622;;0.368965517241
2021-03-17;2021-03-16;CZ032;2013.396701700000;1385.292062300000;0.892945239269;;0.508108108108
2021-03-17;2021-03-16;CZ041;1094.742440600000;1028.231113400000;0.868277945619;;0.412607449856
2021-03-17;2021-03-16;CZ042;1755.682958700000;1285.033107700000;0.978248898678;;0.412500000000
2021-03-17;2021-03-16;CZ051;2061.128739100000;1419.306532700000;1.030496131087;;0.498452012383
2021-03-17;2021-03-16;CZ052;1466.222950800000;991.994718100000;0.849491032476;;0.380327868852
2021-03-17;2021-03-16;CZ053;1867.244518500000;1337.904507000000;1.015989628349;;0.462532299741
2021-03-17;2021-03-16;CZ063;1359.727386300000;922.948897300000;1.056842105263;;0.500000000000
2021-03-17;2021-03-16;CZ064;1218.411363500000;889.634844500000;1.003423192126;;0.410474168435
2021-03-17;2021-03-16;CZ071;1240.400810700000;898.165241300000;0.996717171717;;0.500747384155
2021-03-17;2021-03-16;CZ072;902.573437500000;653.706786700000;1.099759615384;;0.323943661971
2021-03-17;2021-03-16;CZ080;989.408417200000;712.787397600000;1.045102184637;;0.376612209802
2021-03-18;2021-03-17;CZ010;1316.171866300000;1021.291054100000;0.838610715459;;0.306687163720
2021-03-18;2021-03-17;CZ020;1816.813626900000;1234.539430600000;0.877291319497;;0.397234443746
2021-03-18;2021-03-17;CZ031;1713.461714700000;1218.483946300000;1.006981444056;;0.376271186440
2021-03-18;2021-03-17;CZ032;1933.706798600000;1344.185472900000;0.847601288353;;0.508178844056
2021-03-18;2021-03-17;CZ041;989.052575500000;886.746512200000;0.777932960893;;0.402898550724
2021-03-18;2021-03-17;CZ042;1734.752828600000;1285.033107700000;0.912280701754;;0.401471790678
2021-03-18;2021-03-17;CZ051;2011.182527400000;1377.465067800000;0.950940133996;;0.493788819875
2021-03-18;2021-03-17;CZ052;1393.964811300000;949.905092000000;0.788712011577;;0.392320534223
2021-03-18;2021-03-17;CZ053;1806.233456200000;1284.016686600000;0.917696293343;;0.454188481675
2021-03-18;2021-03-17;CZ063;1351.670033700000;918.220675500000;1.008426966292;;0.497164461247
2021-03-18;2021-03-17;CZ064;1195.990720500000;873.512280000000;0.985527609948;;0.405196629213
2021-03-18;2021-03-17;CZ071;1245.158773200000;908.714161900000;0.919084689785;;0.490341753343
2021-03-18;2021-03-17;CZ072;901.366788500000;660.235693500000;0.991956124314;;0.318396226415
2021-03-18;2021-03-17;CZ080;994.689956800000;709.496976900000;1.043811796795;;0.385407725321
2021-03-19;2021-03-18;CZ010;1256.550149600000;987.708949800000;0.864252363056;;0.317167051578
2021-03-19;2021-03-18;CZ020;1742.993726000000;1188.801512800000;0.900660169757;;0.394553514882
2021-03-19;2021-03-18;CZ031;1715.947920200000;1214.006969100000;1.048570381231;;0.367301231802
2021-03-19;2021-03-18;CZ032;1849.956263600000;1290.746906700000;0.851552904018;;0.506242905788
2021-03-19;2021-03-18;CZ041;952.231590300000;835.746249000000;0.765299260255;;0.397660818713
2021-03-19;2021-03-18;CZ042;1710.640339500000;1278.282695000000;0.914316850565;;0.394822006472
2021-03-19;2021-03-18;CZ051;1927.110170900000;1321.309417600000;0.903585483165;;0.504038772213
2021-03-19;2021-03-18;CZ052;1316.986290900000;886.358009400000;0.816710182767;;0.387434554973
2021-03-19;2021-03-18;CZ053;1748.856281600000;1254.285475300000;0.935570747876;;0.444148936170
2021-03-19;2021-03-18;CZ063;1336.537932400000;909.709876300000;0.992859183090;;0.491262135922
2021-03-19;2021-03-18;CZ064;1182.856239300000;874.339078200000;0.996783666620;;0.407857142857
2021-03-19;2021-03-18;CZ071;1239.132020700000;911.728139200000;0.967361285463;;0.498538011695
2021-03-19;2021-03-18;CZ072;903.607708000000;673.293507000000;1.014781966001;;0.323943661971
2021-03-19;2021-03-18;CZ080;993.013277600000;706.617858700000;1.090121929669;;0.394197952218
2021-03-20;2021-03-19;CZ010;1236.551408000000;967.559687200000;0.853706487799;;0.313374805598
2021-03-20;2021-03-19;CZ020;1698.215375200000;1177.655297500000;0.837625178826;;0.390134529147
2021-03-20;2021-03-19;CZ031;1677.256347900000;1193.114409100000;0.985995946194;;0.369955156950
2021-03-20;2021-03-19;CZ032;1746.579340500000;1234.841945100000;0.757404554014;;0.497706422018
2021-03-20;2021-03-19;CZ041;869.384373500000;768.294287900000;0.712555768005;;0.385542168674
2021-03-20;2021-03-19;CZ042;1689.343014200000;1245.757979200000;0.875496507327;;0.398858075040
2021-03-20;2021-03-19;CZ051;1815.239696600000;1237.626487800000;0.752153744201;;0.501633986928
2021-03-20;2021-03-19;CZ052;1241.460195300000;839.316662500000;0.734716157205;;0.377495462794
2021-03-20;2021-03-19;CZ053;1719.402665300000;1212.475959500000;0.823895457373;;0.438172043010
2021-03-20;2021-03-19;CZ063;1353.831762400000;916.329386800000;0.973391812865;;0.475915221579
2021-03-20;2021-03-19;CZ064;1151.400411700000;853.255724500000;0.938038108680;;0.407035175879
2021-03-20;2021-03-19;CZ071;1255.467691800000;944.881889700000;0.925730110775;;0.496392496392
2021-03-20;2021-03-19;CZ072;907.572411800000;670.845166900000;0.956521739130;;0.327981651376
2021-03-20;2021-03-19;CZ080;988.150907800000;707.851766500000;1.063207038965;;0.394463667820
2021-03-21;2021-03-20;CZ010;1188.988857600000;926.866078500000;0.835453474676;;0.319554848966
2021-03-21;2021-03-20;CZ020;1636.055012900000;1145.754060600000;0.814054227498;;0.387458745874
2021-03-21;2021-03-20;CZ031;1655.968213800000;1186.398943400000;0.980765604374;;0.367579908675
2021-03-21;2021-03-20;CZ032;1704.788669400000;1196.201751100000;0.765343591536;;0.489067894131
2021-03-21;2021-03-20;CZ041;869.043438500000;758.423269200000;0.687823834196;;0.375796178343
2021-03-21;2021-03-20;CZ042;1681.631913600000;1243.916957600000;0.879933984321;;0.401442307692
2021-03-21;2021-03-20;CZ051;1822.245726300000;1266.254858500000;0.767656765676;;0.500000000000
2021-03-21;2021-03-20;CZ052;1175.556414900000;794.751176000000;0.718164539777;;0.393536121673
2021-03-21;2021-03-20;CZ053;1670.440809700000;1184.602948900000;0.813619325281;;0.429763560500
2021-03-21;2021-03-20;CZ063;1333.000558100000;897.416499600000;0.954902531277;;0.476099426386
2021-03-21;2021-03-20;CZ064;1123.792903500000;831.758971700000;0.889675683330;;0.404970760233
2021-03-21;2021-03-20;CZ071;1204.081697300000;911.728139200000;0.894867344408;;0.495639534883
2021-03-21;2021-03-20;CZ072;885.507973300000;647.993993400000;0.916321145872;;0.325635103926
2021-03-21;2021-03-20;CZ080;969.539768300000;702.504832800000;0.979436152570;;0.387576552930
2021-03-22;2021-03-21;CZ010;1166.068951400000;916.988989000000;0.848681790312;;0.322503961965
2021-03-22;2021-03-21;CZ020;1610.303884700000;1132.301731800000;0.816611842105;;0.387309980171
2021-03-22;2021-03-21;CZ031;1654.258947600000;1190.129757700000;0.946671503718;;0.365740740740
2021-03-22;2021-03-21;CZ032;1701.574002400000;1190.446828600000;0.776427255985;;0.481028151774
2021-03-22;2021-03-21;CZ041;866.656893100000;755.132929700000;0.677105080027;;0.358108108108
2021-03-22;2021-03-21;CZ042;1666.699306200000;1237.780218800000;0.888826343934;;0.403580146460
2021-03-22;2021-03-21;CZ051;1792.413599800000;1250.839582000000;0.751766784452;;0.500851788756
2021-03-22;2021-03-21;CZ052;1132.346773700000;779.896013800000;0.734094151212;;0.390962671905
2021-03-22;2021-03-21;CZ053;1661.834233500000;1174.382845000000;0.822628668651;;0.426592797783
2021-03-22;2021-03-21;CZ063;1305.880688200000;870.938457400000;0.917757541263;;0.455252918287
2021-03-22;2021-03-21;CZ064;1113.419173100000;817.703402600000;0.884719260838;;0.409057164068
2021-03-22;2021-03-21;CZ071;1201.226919900000;901.179218600000;0.912591841905;;0.494186046511
2021-03-22;2021-03-21;CZ072;877.923322600000;643.097313300000;0.891803278688;;0.313501144164
2021-03-22;2021-03-21;CZ080;966.940915500000;700.448319800000;1.005563047875;;0.389081455805
2021-03-23;2021-03-22;CZ010;1144.272570100000;903.161063700000;0.886725894956;;0.323954983922
2021-03-23;2021-03-22;CZ020;1586.984807500000;1116.543289500000;0.839233293040;;0.387866394001
2021-03-23;2021-03-22;CZ031;1613.858109100000;1161.775569100000;0.927385513592;;0.378752886836
2021-03-23;2021-03-22;CZ032;1648.447400400000;1133.719735200000;0.804800000000;;0.475716064757
2021-03-23;2021-03-22;CZ041;861.883802500000;748.552250500000;0.883303411131;;0.356435643564
2021-03-23;2021-03-22;CZ042;1643.321207700000;1223.052045600000;0.910502958579;;0.401771336553
2021-03-23;2021-03-22;CZ051;1761.225467500000;1245.334126100000;0.738181818181;;0.487544483985
2021-03-23;2021-03-22;CZ052;1095.854597700000;771.643145900000;0.719571865443;;0.397565922920
2021-03-23;2021-03-22;CZ053;1612.489863300000;1138.147931300000;0.788056460369;;0.430434782608
2021-03-23;2021-03-22;CZ063;1291.534670100000;861.482013800000;0.873259052924;;0.450000000000
2021-03-23;2021-03-22;CZ064;1099.113464300000;800.754039900000;0.866410037068;;0.409629629629
2021-03-23;2021-03-22;CZ071;1194.248574900000;890.630298000000;0.897587268993;;0.491228070175
2021-03-23;2021-03-22;CZ072;866.891103300000;635.752293200000;0.875783265757;;0.320879120879
2021-03-23;2021-03-22;CZ080;960.737202300000;702.504832800000;0.886820186183;;0.379692832764
2021-03-24;2021-03-23;CZ010;1085.699476500000;863.257622100000;0.835419686388;;0.319738988580
2021-03-24;2021-03-23;CZ020;1518.958910400000;1081.951586900000;0.791884816753;;0.378227494766
2021-03-24;2021-03-23;CZ031;1624.113706600000;1166.252546200000;0.863310610033;;0.378910776361
2021-03-24;2021-03-23;CZ032;1510.047526300000;1066.304928600000;0.720173088811;;0.476923076923
2021-03-24;2021-03-23;CZ041;776.650040400000;687.680968600000;0.739015817223;;0.343750000000
2021-03-24;2021-03-23;CZ042;1615.536766000000;1228.575110600000;0.907777115613;;0.408830744071
2021-03-24;2021-03-23;CZ051;1709.923250000000;1238.727579000000;0.735059278974;;0.481884057971
2021-03-24;2021-03-23;CZ052;1039.754685400000;733.679953700000;0.710358056265;;0.392624728850
2021-03-24;2021-03-23;CZ053;1571.752069400000;1129.786028100000;0.778565101860;;0.415121255349
2021-03-24;2021-03-23;CZ063;1283.477317500000;881.340545400000;0.867951668584;;0.443089430894
2021-03-24;2021-03-23;CZ064;1065.649817900000;789.592264400000;0.800084175084;;0.406818181818
2021-03-24;2021-03-23;CZ071;1170.775960200000;883.095354700000;0.891513106670;;0.488721804511
2021-03-24;2021-03-23;CZ072;876.544295200000;651.258446700000;0.852148579752;;0.322440087145
2021-03-24;2021-03-23;CZ080;949.000447600000;698.803109400000;0.873399254336;;0.384215091066
2021-03-25;2021-03-24;CZ010;1016.115839900000;813.082007400000;0.800866973719;;0.317991631799
2021-03-25;2021-03-24;CZ020;1435.339274600000;1026.604862800000;0.805009962994;;0.374277456647
2021-03-25;2021-03-24;CZ031;1573.923434100000;1114.021146200000;0.868622687348;;0.373239436619
2021-03-25;2021-03-24;CZ032;1397.534181200000;1009.577835300000;0.736889692585;;0.475476839237
2021-03-25;2021-03-24;CZ041;644.367241500000;602.132140000000;0.694096601073;;0.351254480286
2021-03-25;2021-03-24;CZ042;1542.709705200000;1174.571809000000;0.914267834793;;0.410668924640
2021-03-25;2021-03-24;CZ051;1641.670960600000;1203.492661200000;0.841116005873;;0.468694096601
2021-03-25;2021-03-24;CZ052;964.773249200000;692.415614400000;0.759286775631;;0.387243735763
2021-03-25;2021-03-24;CZ053;1508.637177300000;1091.692913700000;0.826535750251;;0.405839416058
2021-03-25;2021-03-24;CZ063;1283.870359100000;877.557967900000;0.884049264043;;0.441717791411
2021-03-25;2021-03-24;CZ064;1038.544264400000;789.178865300000;0.812518808305;;0.410413476263
2021-03-25;2021-03-24;CZ071;1138.739013000000;876.313905700000;0.893119390807;;0.500797448165
2021-03-25;2021-03-24;CZ072;864.822562200000;631.671726500000;0.910671936758;;0.320000000000
2021-03-25;2021-03-24;CZ080;950.090289100000;704.561345700000;0.879918932612;;0.388444444444
2021-03-26;2021-03-25;CZ010;992.746523800000;801.624583600000;0.798674749753;;0.319762510602
2021-03-26;2021-03-25;CZ020;1391.061640300000;1003.159375500000;0.787051635790;;0.377845220030
2021-03-26;2021-03-25;CZ031;1565.377102900000;1140.883009100000;0.836954431840;;0.364396654719
2021-03-26;2021-03-25;CZ032;1320.043787100000;970.937641300000;0.673749143248;;0.468965517241
2021-03-26;2021-03-25;CZ041;585.044543100000;559.357725700000;0.544256120527;;0.349206349206
2021-03-26;2021-03-25;CZ042;1508.070951900000;1170.889765700000;0.876680212566;;0.408268733850
2021-03-26;2021-03-25;CZ051;1561.440620500000;1175.965381600000;0.795643450845;;0.481203007518
2021-03-26;2021-03-25;CZ052;912.122846000000;675.909878600000;0.716824196597;;0.387470997679
2021-03-26;2021-03-25;CZ053;1480.713619000000;1039.663294000000;0.825697466086;;0.413373860182
2021-03-26;2021-03-25;CZ063;1244.369679100000;848.242992700000;0.870201096892;;0.433133732534
2021-03-26;2021-03-25;CZ064;1042.225265500000;796.620049000000;0.848455905762;;0.399845320959
2021-03-26;2021-03-25;CZ071;1093.221172200000;822.815808300000;0.842338597949;;0.500821018062
2021-03-26;2021-03-25;CZ072;867.235860200000;634.120066500000;0.939942410530;;0.320166320166
2021-03-26;2021-03-25;CZ080;934.329504300000;693.867478300000;0.842533017270;;0.392173913043
2021-03-27;2021-03-26;CZ010;945.483580000000;760.535891300000;0.757260511486;;0.315292096219
2021-03-27;2021-03-26;CZ020;1301.290346100000;950.118764800000;0.770694864048;;0.381761978361
2021-03-27;2021-03-26;CZ031;1479.447627300000;1058.805094700000;0.799003640544;;0.378537735849
2021-03-27;2021-03-26;CZ032;1219.373952000000;878.858881000000;0.660104364326;;0.475035663338
2021-03-27;2021-03-26;CZ041;593.567919300000;554.422216300000;0.640287769784;;0.347107438016
2021-03-27;2021-03-26;CZ042;1446.994139500000;1140.206071600000;0.859721342621;;0.403414195867
2021-03-27;2021-03-26;CZ051;1420.642023500000;1071.361719400000;0.846357226792;;0.475247524752
2021-03-27;2021-03-26;CZ052;814.265717500000;605.760501700000;0.696851923824;;0.401459854014
2021-03-27;2021-03-26;CZ053;1345.686001400000;944.895058100000;0.792140641158;;0.413902053712
2021-03-27;2021-03-26;CZ063;1219.215017300000;835.949616000000;0.891472868217;;0.443037974683
2021-03-27;2021-03-26;CZ064;975.130654600000;747.838956200000;0.804948586118;;0.398251192368
2021-03-27;2021-03-26;CZ071;1015.190588100000;770.071205200000;0.756246529705;;0.496655518394
2021-03-27;2021-03-26;CZ072;831.898282900000;608.820552900000;0.937908496732;;0.334020618556
2021-03-27;2021-03-26;CZ080;913.957851600000;677.004071800000;0.835037720033;;0.390158172231
2021-03-28;2021-03-27;CZ010;911.702934000000;732.880040700000;0.748342419331;;0.312997347480
2021-03-28;2021-03-27;CZ020;1251.647893300000;920.907993700000;0.756172839506;;0.376984126984
2021-03-28;2021-03-27;CZ031;1427.392700800000;1025.973929000000;0.783985835136;;0.380095923261
2021-03-28;2021-03-27;CZ032;1198.224827000000;868.993299600000;0.672216699801;;0.478195488721
2021-03-28;2021-03-27;CZ041;536.972701300000;528.099499800000;0.521341463414;;0.344537815126
2021-03-28;2021-03-27;CZ042;1419.087299400000;1119.341159700000;0.844191714053;;0.397482014388
2021-03-28;2021-03-27;CZ051;1370.243809800000;1032.823528100000;0.792487684729;;0.468041237113
2021-03-28;2021-03-27;CZ052;789.574493900000;598.332920600000;0.724181895452;;0.402948402948
2021-03-28;2021-03-27;CZ053;1313.363526400000;928.171251700000;0.815651694681;;0.407467532467
2021-03-28;2021-03-27;CZ063;1194.060355400000;835.003971700000;0.891228070175;;0.438177874186
2021-03-28;2021-03-27;CZ064;950.702192700000;732.129790700000;0.836267895343;;0.402889245585
2021-03-28;2021-03-27;CZ071;1008.688039400000;761.029273200000;0.786674292250;;0.473421926910
2021-03-28;2021-03-27;CZ072;817.935630400000;599.843306200000;0.973905723905;;0.332648870636
2021-03-28;2021-03-27;CZ080;914.880025200000;685.230123800000;0.922099447513;;0.395961369622
2021-03-29;2021-03-28;CZ010;890.955175800000;713.520945300000;0.784542586750;;0.314882032667
2021-03-29;2021-03-28;CZ020;1228.471877900000;903.996494700000;0.798236914600;;0.383415435139
2021-03-29;2021-03-28;CZ031;1428.014252100000;1027.466254700000;0.804008908685;;0.377972465581
2021-03-29;2021-03-28;CZ032;1158.633665000000;841.040818800000;0.753075822603;;0.475894245723
2021-03-29;2021-03-28;CZ041;504.583871700000;496.841274000000;0.602853745541;;0.334763948497
2021-03-29;2021-03-28;CZ042;1407.826644600000;1104.612986500000;0.851140653208;;0.399639963996
2021-03-29;2021-03-28;CZ051;1344.027698600000;1009.700613300000;0.837063857801;;0.475374732334
2021-03-29;2021-03-28;CZ052;766.517248400000;589.254766000000;0.742124212421;;0.405472636815
2021-03-29;2021-03-28;CZ053;1289.265113100000;919.809348600000;0.817121729237;;0.395275590551
2021-03-29;2021-03-28;CZ063;1181.089982900000;824.601883700000;0.923102419622;;0.430735930735
2021-03-29;2021-03-28;CZ064;942.587258500000;729.649396200000;0.884271436086;;0.403536977491
2021-03-29;2021-03-28;CZ071;996.317337000000;745.959386600000;0.780203784570;;0.469982847341
2021-03-29;2021-03-28;CZ072;823.796496900000;608.820552900000;0.996153846153;;0.336734693877
2021-03-29;2021-03-28;CZ080;915.047693100000;693.456175700000;0.918708240534;;0.399470899470
2021-03-30;2021-03-29;CZ010;864.514891900000;692.976599100000;0.804296346414;;0.309591642924
2021-03-30;2021-03-29;CZ020;1193.707854800000;872.479610100000;0.821310702498;;0.374789915966
2021-03-30;2021-03-29;CZ031;1383.728717600000;999.112066100000;0.822289156626;;0.369211514392
2021-03-30;2021-03-29;CZ032;1103.645939900000;804.044888300000;0.766564417177;;0.474714518760
2021-03-30;2021-03-29;CZ041;506.629482000000;498.486443800000;0.646907216494;;0.325688073394
2021-03-30;2021-03-29;CZ042;1375.880656600000;1081.293379000000;0.870294318959;;0.407030527289
2021-03-30;2021-03-29;CZ051;1269.899384300000;948.039507100000;0.827863128491;;0.454954954954
2021-03-30;2021-03-29;CZ052;715.137717100000;552.116860600000;0.775929549902;;0.406169665809
2021-03-30;2021-03-29;CZ053;1220.795018100000;883.574434800000;0.838866890039;;0.392156862745
2021-03-30;2021-03-29;CZ063;1140.803219700000;795.286908400000;0.907237512742;;0.414965986394
2021-03-30;2021-03-29;CZ064;926.441049100000;716.420625300000;0.925370370370;;0.403551251008
2021-03-30;2021-03-29;CZ071;1006.150459400000;751.987341200000;0.866930572472;;0.455357142857
2021-03-30;2021-03-29;CZ072;818.280387200000;599.843306200000;1.029079861111;;0.350305498981
2021-03-30;2021-03-29;CZ080;860.387950000000;674.124953700000;0.927639155470;;0.397391304347
2021-03-31;2021-03-30;CZ010;811.334717500000;644.776402400000;0.792939099735;;0.294871794871
2021-03-31;2021-03-30;CZ020;1114.809259200000;804.449261600000;0.815074496056;;0.366724738675
2021-03-31;2021-03-30;CZ031;1335.713875000000;984.188809000000;0.840110268780;;0.369845360824
2021-03-31;2021-03-30;CZ032;988.594699800000;723.475973100000;0.796202102407;;0.473773265651
2021-03-31;2021-03-30;CZ041;450.716134000000;429.389312900000;0.832179930795;;0.336633663366
2021-03-31;2021-03-30;CZ042;1337.569950600000;1067.178879700000;0.862007487965;;0.404011461318
2021-03-31;2021-03-30;CZ051;1185.375025900000;894.086039200000;0.795028818443;;0.450471698113
2021-03-31;2021-03-30;CZ052;667.026141800000;522.406536200000;0.765822784810;;0.413793103448
2021-03-31;2021-03-30;CZ053;1166.477959500000;849.197721800000;0.800681959082;;0.382450331125
2021-03-31;2021-03-30;CZ063;1094.031270300000;773.537088100000;0.892857142857;;0.422121896162
2021-03-31;2021-03-30;CZ064;881.599763000000;686.242491600000;0.907129455909;;0.410385259631
2021-03-31;2021-03-30;CZ071;966.500772300000;719.587085100000;0.874671052631;;0.453382084095
2021-03-31;2021-03-30;CZ072;818.797522500000;601.475532900000;1.054704595185;;0.340770791075
2021-03-31;2021-03-30;CZ080;846.303844400000;669.189322500000;0.945940514469;;0.404679376083
2021-04-01;2021-03-31;CZ010;774.782710300000;602.502459300000;0.845640145010;;0.292181069958
2021-04-01;2021-03-31;CZ020;1049.143882200000;766.782741000000;0.807918463347;;0.367475292003
2021-04-01;2021-03-31;CZ031;1254.446034500000;938.672874700000;0.821342925659;;0.360677083333
2021-04-01;2021-03-31;CZ032;913.473007700000;669.215275200000;0.768595041322;;0.476109215017
2021-04-01;2021-03-31;CZ041;420.031979700000;409.647275500000;0.731942215088;;0.344086021505
2021-04-01;2021-03-31;CZ042;1278.451513000000;1023.608034200000;0.847329650092;;0.412790697674
2021-04-01;2021-03-31;CZ051;1104.692683800000;865.457668500000;0.702533842415;;0.433823529411
2021-04-01;2021-03-31;CZ052;618.369907200000;489.395064700000;0.759620747350;;0.404494382022
2021-04-01;2021-03-31;CZ053;1110.439585600000;814.821008800000;0.823433420365;;0.388235294117
2021-04-01;2021-03-31;CZ063;1080.471335400000;762.189355800000;0.888695652173;;0.426940639269
2021-04-01;2021-03-31;CZ064;857.422278500000;678.801307900000;0.967864271457;;0.419574468085
2021-04-01;2021-03-31;CZ071;927.168282700000;687.940323200000;0.940528634361;;0.450184501845
2021-04-01;2021-03-31;CZ072;807.937681700000;577.808246000000;1.037891986062;;0.345679012345
2021-04-01;2021-03-31;CZ080;826.938199200000;679.471887400000;0.934350532021;;0.402814423922
2021-04-02;2021-04-01;CZ010;730.740537600000;561.808850600000;0.805473518409;;0.281018027571
2021-04-02;2021-04-01;CZ020;983.836159800000;728.347515900000;0.784625850340;;0.376163873370
2021-04-02;2021-04-01;CZ031;1171.779703500000;892.410777500000;0.800000000000;;0.360634081902
2021-04-02;2021-04-01;CZ032;853.071106700000;639.618530800000;0.773752310536;;0.477001703577
2021-04-02;2021-04-01;CZ041;346.390009200000;343.840484300000;0.853801169590;;0.353591160220
2021-04-02;2021-04-01;CZ042;1207.093233300000;970.832080400000;0.818514241724;;0.411881188118
2021-04-02;2021-04-01;CZ051;1073.504551600000;821.414021200000;0.766899766899;;0.438902743142
2021-04-02;2021-04-01;CZ052;574.797159700000;457.208880000000;0.745305164319;;0.408823529411
2021-04-02;2021-04-01;CZ053;1085.002371500000;794.380801000000;0.826689189189;;0.391304347826
2021-04-02;2021-04-01;CZ063;1053.941028000000;771.645799400000;0.897279885468;;0.412442396313
2021-04-02;2021-04-01;CZ064;833.328453200000;663.918940700000;0.911255411255;;0.415883859948
2021-04-02;2021-04-01;CZ071;898.937705500000;658.554044300000;0.955288985823;;0.442307692307
2021-04-02;2021-04-01;CZ072;827.071687000000;594.946626100000;1.085998271391;;0.339583333333
2021-04-02;2021-04-01;CZ080;807.991723900000;669.600625100000;0.931096464949;;0.395039858281
2021-04-03;2021-04-02;CZ010;680.556429400000;523.880826900000;0.773019702452;;0.283205268935
2021-04-03;2021-04-02;CZ020;908.657171600000;654.167531400000;0.697128658199;;0.374274661508
2021-04-03;2021-04-02;CZ031;1101.233624000000;840.925540400000;0.734575673633;;0.357634112792
2021-04-03;2021-04-02;CZ032;772.873624600000;571.381592400000;0.678191489361;;0.469244288224
2021-04-03;2021-04-02;CZ041;349.117489600000;345.485654100000;0.790927021696;;0.378048780487
2021-04-03;2021-04-02;CZ042;1130.104626100000;942.603081800000;0.733320478210;;0.407975460122
2021-04-03;2021-04-02;CZ051;1045.480432800000;801.594380000000;0.686197404640;;0.441326530612
2021-04-03;2021-04-02;CZ052;529.953540500000;431.624989600000;0.682838083687;;0.426829268292
2021-04-03;2021-04-02;CZ053;1013.280903300000;744.209382000000;0.777584406543;;0.392335766423
2021-04-03;2021-04-02;CZ063;1002.845621100000;725.309225700000;0.800000000000;;0.423444976076
2021-04-03;2021-04-02;CZ064;782.882006300000;631.673811500000;0.862185207217;;0.417534722222
2021-04-03;2021-04-02;CZ071;830.581645000000;595.260520600000;0.937686567164;;0.432048681541
2021-04-03;2021-04-02;CZ072;814.143305000000;599.027192800000;1.041184041184;;0.333333333333
2021-04-03;2021-04-02;CZ080;766.661580700000;635.051207100000;0.841212121212;;0.396396396396
2021-04-04;2021-04-03;CZ010;652.393407400000;508.077483700000;0.763617245005;;0.285393258426
2021-04-04;2021-04-03;CZ020;866.239341000000;626.494169300000;0.683122847301;;0.377321603128
2021-04-04;2021-04-03;CZ031;1046.692492100000;807.348211800000;0.719780219780;;0.360000000000
2021-04-04;2021-04-03;CZ032;747.325481600000;560.693879200000;0.685074029611;;0.480733944954
2021-04-04;2021-04-03;CZ041;303.432193100000;291.195051300000;0.750996015936;;0.381578947368
2021-04-04;2021-04-03;CZ042;1093.507498100000;915.601431000000;0.734958710184;;0.398740818467
2021-04-04;2021-04-03;CZ051;958.922065800000;727.821270800000;0.703922395613;;0.446524064171
2021-04-04;2021-04-03;CZ052;501.994360900000;406.866386000000;0.668978562421;;0.425000000000
2021-04-04;2021-04-03;CZ053;994.537692900000;724.698274600000;0.813362381989;;0.394545454545
2021-04-04;2021-04-03;CZ063;963.541461900000;704.505049700000;0.789887640449;;0.430656934306
2021-04-04;2021-04-03;CZ064;765.815546700000;622.165632400000;0.814888933360;;0.417102966841
2021-04-04;2021-04-03;CZ071;815.197566400000;582.451117000000;0.839128907622;;0.425661914460
2021-04-04;2021-04-03;CZ072;796.043570300000;592.498286100000;0.971741881062;;0.352459016393
2021-04-04;2021-04-03;CZ080;751.906803400000;621.066918900000;0.819780674529;;0.400535236396
2021-04-05;2021-04-04;CZ010;646.026766800000;496.620059900000;0.812778272484;;0.285211267605
2021-04-05;2021-04-04;CZ020;860.874522600000;619.575828800000;0.735944700460;;0.371573604060
2021-04-05;2021-04-04;CZ031;1052.597230000000;803.617397500000;0.766475252939;;0.369272237196
2021-04-05;2021-04-04;CZ032;733.620848600000;545.073375200000;0.725724020442;;0.480300187617
2021-04-05;2021-04-04;CZ041;297.636297300000;286.259541900000;0.760914760914;;0.383561643835
2021-04-05;2021-04-04;CZ042;1081.145257500000;907.623670600000;0.754291623578;;0.399790136411
2021-04-05;2021-04-04;CZ051;959.826069600000;728.922362000000;0.772088808337;;0.461333333333
2021-04-05;2021-04-04;CZ052;488.196324200000;386.234216300000;0.716253443526;;0.429508196721
2021-04-05;2021-04-04;CZ053;981.532200000000;713.549070400000;0.874564459930;;0.412098298676
2021-04-05;2021-04-04;CZ063;971.402293700000;710.178915900000;0.846274509803;;0.439613526570
2021-04-05;2021-04-04;CZ064;760.628681500000;618.445040600000;0.837435367114;;0.418848167539
2021-04-05;2021-04-04;CZ071;805.523042800000;577.930151000000;0.902218879277;;0.429460580912
2021-04-05;2021-04-04;CZ072;800.870166200000;603.107759600000;0.960580912863;;0.350096711798
2021-04-05;2021-04-04;CZ080;756.769173200000;623.534734500000;0.866156787762;;0.400537634408
2021-04-06;2021-04-05;CZ010;594.045018800000;459.482203400000;0.716606498194;;0.270370370370
2021-04-06;2021-04-05;CZ020;788.485239900000;576.144024400000;0.655830502992;;0.371212121212
2021-04-06;2021-04-05;CZ031;980.186496400000;767.055417500000;0.725839416058;;0.351464435146
2021-04-06;2021-04-05;CZ032;657.483998500000;495.745467900000;0.648433847592;;0.478260869565
2021-04-06;2021-04-05;CZ041;289.453856100000;269.807844100000;0.760964912280;;0.377049180327
2021-04-06;2021-04-05;CZ042;1010.276571400000;861.598129500000;0.688545968267;;0.405311778290
2021-04-06;2021-04-05;CZ051;842.757573200000;649.643797000000;0.670948616600;;0.462857142857
2021-04-06;2021-04-05;CZ052;445.349789300000;358.174465600000;0.636563876651;;0.447552447552
2021-04-06;2021-04-05;CZ053;895.657695400000;644.795644300000;0.764565992865;;0.396039603960
2021-04-06;2021-04-05;CZ063;926.005989900000;667.624919600000;0.799217221135;;0.433333333333
2021-04-06;2021-04-05;CZ064;699.222890400000;570.490746000000;0.693132604660;;0.411709159584
2021-04-06;2021-04-05;CZ071;719.879718700000;529.706513900000;0.660421545667;;0.424175824175
2021-04-06;2021-04-05;CZ072;777.771457200000;599.843306200000;0.898447335291;;0.359126984126
2021-04-06;2021-04-05;CZ080;694.061369800000;578.291449000000;0.740438332617;;0.402843601895
2021-04-07;2021-04-06;CZ010;552.474600800000;429.060767800000;0.704962111953;;0.276485788113
2021-04-07;2021-04-06;CZ020;719.958626500000;522.334709300000;0.616438356164;;0.378226711560
2021-04-07;2021-04-06;CZ031;898.763268100000;718.554831700000;0.667189460476;;0.360056258790
2021-04-07;2021-04-06;CZ032;608.756414500000;459.571669300000;0.597228858098;;0.456521739130
2021-04-07;2021-04-06;CZ041;258.769701700000;240.194788100000;0.634703196347;;0.426229508196
2021-04-07;2021-04-06;CZ042;937.204713800000;799.003393600000;0.663531624735;;0.399103139013
2021-04-07;2021-04-06;CZ051;781.737314500000;605.600149700000;0.634245187436;;0.450867052023
2021-04-07;2021-04-06;CZ052;403.411019900000;337.542295900000;0.606299212598;;0.463414634146
2021-04-07;2021-04-06;CZ053;840.958122300000;582.545920700000;0.741315897016;;0.417879417879
2021-04-07;2021-04-06;CZ063;863.512376800000;610.886257800000;0.735540486637;;0.456410256410
2021-04-07;2021-04-06;CZ064;654.967218100000;537.418818700000;0.646512632260;;0.418406072106
2021-04-07;2021-04-06;CZ071;694.662517700000;507.855178300000;0.654870624048;;0.431767337807
2021-04-07;2021-04-06;CZ072;722.093225700000;572.095452600000;0.707918822124;;0.364919354838
2021-04-07;2021-04-06;CZ080;672.935211400000;568.008884100000;0.712140712140;;0.413333333333
2021-04-08;2021-04-07;CZ010;541.389156000000;421.159096200000;0.727178153446;;0.273918741808
2021-04-08;2021-04-07;CZ020;698.070167500000;500.042278700000;0.708118811881;;0.374554102259
2021-04-08;2021-04-07;CZ031;875.921255600000;699.900760300000;0.758313335618;;0.368124118476
2021-04-08;2021-04-07;CZ032;558.336900400000;419.287211700000;0.650420168067;;0.445945945945
2021-04-08;2021-04-07;CZ041;233.199573100000;207.291392400000;0.568578553615;;0.423423423423
2021-04-08;2021-04-07;CZ042;904.279538400000;788.570937600000;0.732842492768;;0.405747126436
2021-04-08;2021-04-07;CZ051;736.311121900000;571.466323100000;0.707163323782;;0.466666666666
2021-04-08;2021-04-07;CZ052;378.901349400000;324.337707300000;0.643872113676;;0.485611510791
2021-04-08;2021-04-07;CZ053;837.324234500000;578.829519300000;0.830349149507;;0.405579399141
2021-04-08;2021-04-07;CZ063;856.437628200000;598.592881100000;0.809245960502;;0.456000000000
2021-04-08;2021-04-07;CZ064;656.807718700000;528.324038700000;0.690432382704;;0.420642648490
2021-04-08;2021-04-07;CZ071;672.775890400000;477.715405100000;0.668523676880;;0.420224719101
2021-04-08;2021-04-07;CZ072;735.021607600000;577.808246000000;0.775030902348;;0.387295081967
2021-04-08;2021-04-07;CZ080;663.042803900000;554.024595800000;0.781700288184;;0.416506717850
2021-04-09;2021-04-08;CZ010;513.375937300000;392.317994800000;0.760947397411;;0.286694101508
2021-04-09;2021-04-08;CZ020;658.728166000000;458.147883300000;0.723109243697;;0.380145278450
2021-04-09;2021-04-08;CZ031;833.500375200000;667.069594600000;0.790985096328;;0.376623376623
2021-04-09;2021-04-08;CZ032;530.589248400000;392.156862700000;0.609228971962;;0.452322738386
2021-04-09;2021-04-08;CZ041;240.700144200000;210.581732000000;0.710875331564;;0.458715596330
2021-04-09;2021-04-08;CZ042;862.296879800000;762.182960700000;0.746923488496;;0.406921241050
2021-04-09;2021-04-08;CZ051;713.937027000000;526.321584600000;0.710005991611;;0.463022508038
2021-04-09;2021-04-08;CZ052;360.382931800000;305.356111200000;0.673892554194;;0.473282442748
2021-04-09;2021-04-08;CZ053;788.744893400000;550.027408400000;0.748660714285;;0.395402298850
2021-04-09;2021-04-08;CZ063;826.959508800000;579.679993900000;0.806543385490;;0.453781512605
2021-04-09;2021-04-08;CZ064;622.423822100000;501.453097800000;0.689833005893;;0.421471172962
2021-04-09;2021-04-08;CZ071;692.442135200000;491.278303100000;0.727501046462;;0.429561200923
2021-04-09;2021-04-08;CZ072;739.331068200000;576.176019300000;0.770833333333;;0.399176954732
2021-04-09;2021-04-08;CZ080;655.078577500000;536.338584200000;0.795557799091;;0.409552845528
2021-04-10;2021-04-09;CZ010;488.134079900000;368.612980000000;0.731854286496;;0.295874822190
2021-04-10;2021-04-09;CZ020;609.586429700000;415.484783400000;0.724692131079;;0.389105058365
2021-04-10;2021-04-09;CZ031;805.219788300000;649.161686000000;0.808062789867;;0.367534456355
2021-04-10;2021-04-09;CZ032;483.215208400000;357.627327600000;0.628521126760;;0.442748091603
2021-04-10;2021-04-09;CZ041;226.039937100000;190.839694600000;0.715846994535;;0.463636363636
2021-04-10;2021-04-09;CZ042;817.499057500000;722.907832300000;0.788593364409;;0.408820023837
2021-04-10;2021-04-09;CZ051;677.776873700000;503.198669800000;0.735915492957;;0.471947194719
2021-04-10;2021-04-09;CZ052;330.971327300000;281.422794400000;0.670192307692;;0.475609756097
2021-04-10;2021-04-09;CZ053;765.411509000000;538.878204200000;0.782647189021;;0.391100702576
2021-04-10;2021-04-09;CZ063;792.371848700000;566.440972800000;0.835959221501;;0.451149425287
2021-04-10;2021-04-09;CZ064;608.536408800000;476.235753200000;0.722647567300;;0.420560747663
2021-04-10;2021-04-09;CZ071;698.468887600000;504.841201000000;0.788245102125;;0.418013856812
2021-04-10;2021-04-09;CZ072;732.608309600000;576.992132600000;0.787473002159;;0.402464065708
2021-04-10;2021-04-09;CZ080;637.724947400000;523.588203800000;0.844493500122;;0.402464065708
2021-04-11;2021-04-10;CZ010;472.479634200000;357.945723400000;0.842884130982;;0.307578008915
2021-04-11;2021-04-10;CZ020;587.411847000000;402.416806900000;0.851294697903;;0.405737704918
2021-04-11;2021-04-10;CZ031;790.924107000000;630.507614500000;0.940868865647;;0.369085173501
2021-04-11;2021-04-10;CZ032;473.402014400000;353.516668700000;0.782984859408;;0.450000000000
2021-04-11;2021-04-10;CZ041;218.880301100000;180.968675900000;0.763688760806;;0.480392156862
2021-04-11;2021-04-10;CZ042;794.732951100000;703.883941900000;0.869633838383;;0.409371146732
2021-04-11;2021-04-10;CZ051;651.560762600000;482.277937400000;0.893961708394;;0.481605351170
2021-04-11;2021-04-10;CZ052;316.083971900000;269.868779400000;0.784313725490;;0.493506493506
2021-04-11;2021-04-10;CZ053;754.127331400000;532.374501700000;0.882840850181;;0.390776699029
2021-04-11;2021-04-10;CZ063;779.401476200000;555.093240500000;0.909402546523;;0.448275862068
2021-04-11;2021-04-10;CZ064;588.541880100000;460.939986800000;0.881582862243;;0.424274973147
2021-04-11;2021-04-10;CZ071;685.146592800000;495.045774700000;1.141252955082;;0.434782608695
2021-04-11;2021-04-10;CZ072;721.576090400000;566.382659200000;0.879028491359;;0.400835073068
2021-04-11;2021-04-10;CZ080;623.305506000000;510.426520700000;1.007835171213;;0.396186440677
2021-04-12;2021-04-11;CZ010;465.963190300000;353.994887600000;0.891123439667;;0.310911808669
2021-04-12;2021-04-11;CZ020;580.258755900000;398.957636600000;0.934177215189;;0.404761904761
2021-04-12;2021-04-11;CZ031;785.951696100000;623.045986000000;1.060178655383;;0.371653543307
2021-04-12;2021-04-11;CZ032;465.619136400000;348.583877900000;0.838400000000;;0.451523545706
2021-04-12;2021-04-11;CZ041;218.880301100000;180.968675900000;0.992805755395;;0.510416666666
2021-04-12;2021-04-11;CZ042;777.719570500000;693.451486000000;0.959248759744;;0.402298850574
2021-04-12;2021-04-11;CZ051;643.424728100000;480.075755000000;0.912939297124;;0.480701754385
2021-04-12;2021-04-11;CZ052;311.545144000000;259.965337900000;0.877922077922;;0.480952380952
2021-04-12;2021-04-11;CZ053;750.302186400000;529.587200700000;0.917309812568;;0.387862796833
2021-04-12;2021-04-11;CZ063;774.881497900000;548.473729900000;0.968004338394;;0.444776119402
2021-04-12;2021-04-11;CZ064;580.928900600000;449.778211300000;0.966933867735;;0.418141592920
2021-04-12;2021-04-11;CZ071;678.485445300000;497.306257700000;1.091807088901;;0.446043165467
2021-04-12;2021-04-11;CZ072;712.612412200000;561.485979100000;1.022484541877;;0.399141630901
2021-04-12;2021-04-11;CZ080;618.107800400000;503.434376600000;0.992771084337;;0.396103896103
2021-04-13;2021-04-12;CZ010;442.069562600000;332.265290700000;0.974964234620;;0.306027820710
2021-04-13;2021-04-12;CZ020;542.776558100000;376.280853800000;0.987975391498;;0.398148148148
2021-04-13;2021-04-12;CZ031;750.367880700000;593.199471700000;1.059222423146;;0.368866328257
2021-04-13;2021-04-12;CZ032;437.702291300000;320.631397200000;1.033591731266;;0.467647058823
2021-04-13;2021-04-12;CZ041;217.516560900000;169.452487400000;1.276315789473;;0.500000000000
2021-04-13;2021-04-12;CZ042;751.403909800000;655.403705300000;1.066020810907;;0.392022008253
2021-04-13;2021-04-12;CZ051;605.456567100000;462.458296100000;1.070502431118;;0.500000000000
2021-04-13;2021-04-12;CZ052;274.871415000000;226.128579600000;0.892413793103;;0.486910994764
2021-04-13;2021-04-12;CZ053;711.859479400000;499.855989400000;0.966576819407;;0.377717391304
2021-04-13;2021-04-12;CZ063;767.806749300000;542.799863800000;1.034387132556;;0.453731343283
2021-04-13;2021-04-12;CZ064;545.708412800000;424.147467700000;1.053297801465;;0.419856459330
2021-04-13;2021-04-12;CZ071;625.989259600000;459.631541200000;1.342261904761;;0.457627118644
2021-04-13;2021-04-12;CZ072;697.960246000000;548.428165700000;1.014354066985;;0.394618834080
2021-04-13;2021-04-12;CZ080;604.359030600000;479.167523500000;1.156067588325;;0.384009009009
2021-04-14;2021-04-13;CZ010;418.625344900000;314.486529600000;0.979008324285;;0.323529411764
2021-04-14;2021-04-13;CZ020;494.207069100000;336.308219700000;0.974433468913;;0.393841166936
2021-04-14;2021-04-13;CZ031;698.934505500000;547.683537400000;1.089613970588;;0.359019264448
2021-04-14;2021-04-13;CZ032;397.434357300000;299.255970700000;1.053691275167;;0.477987421383
2021-04-14;2021-04-13;CZ041;211.038794900000;171.097657200000;1.272388059701;;0.494623655913
2021-04-14;2021-04-13;CZ042;700.363768100000;603.855099300000;1.038681948424;;0.399711399711
2021-04-14;2021-04-13;CZ051;559.578372600000;416.212466500000;1.032911392405;;0.516728624535
2021-04-14;2021-04-13;CZ052;251.995722600000;198.894115700000;0.864335664335;;0.497175141242
2021-04-14;2021-04-13;CZ053;677.624431900000;478.486681300000;1.031007751937;;0.393586005830
2021-04-14;2021-04-13;CZ063;745.403378500000;521.995687800000;1.145796590241;;0.443365695792
2021-04-14;2021-04-13;CZ064;511.659152600000;395.622930400000;1.111427554289;;0.415841584158
2021-04-14;2021-04-13;CZ071;607.909002300000;433.259239700000;1.215189873417;;0.464373464373
2021-04-14;2021-04-13;CZ072;673.827266400000;536.186465500000;1.199324324324;;0.404063205417
2021-04-14;2021-04-13;CZ080;580.717853400000;460.247604100000;1.144352791878;;0.385331781140
2021-04-15;2021-04-14;CZ010;390.911732800000;297.497935600000;0.906811377245;;0.346733668341
2021-04-15;2021-04-14;CZ020;462.518875200000;310.556618900000;0.832373271889;;0.396694214876
2021-04-15;2021-04-14;CZ031;654.182807500000;481.275043000000;0.882119205298;;0.369318181818
2021-04-15;2021-04-14;CZ032;352.936598300000;268.014962700000;0.863678804855;;0.479020979020
2021-04-15;2021-04-14;CZ041;170.808459200000;136.549091800000;1.041984732824;;0.511111111111
2021-04-15;2021-04-14;CZ042;659.972288900000;563.966297000000;0.905771905424;;0.406491499227
2021-04-15;2021-04-14;CZ051;518.672199100000;382.078639900000;0.846092503987;;0.538167938931
2021-04-15;2021-04-14;CZ052;236.200601600000;185.689527100000;0.826398852223;;0.514619883040
2021-04-15;2021-04-14;CZ053;633.061493000000;444.109968300000;0.822963800904;;0.400602409638
2021-04-15;2021-04-14;CZ063;701.579241100000;499.300223100000;0.979490022172;;0.450657894736
2021-04-15;2021-04-14;CZ064;469.996912900000;360.070608500000;0.894053315105;;0.411609498680
2021-04-15;2021-04-14;CZ071;588.718553800000;406.133443800000;1.074563722897;;0.467336683417
2021-04-15;2021-04-14;CZ072;651.245692600000;532.922012200000;1.040592430060;;0.407744874715
2021-04-15;2021-04-14;CZ080;558.669521400000;437.214658800000;0.990124891083;;0.379928315412
2021-04-16;2021-04-15;CZ010;376.305910300000;284.855261100000;0.844602166604;;0.358523725834
2021-04-16;2021-04-15;CZ020;440.415823400000;287.111131600000;0.786500579374;;0.389565217391
2021-04-16;2021-04-15;CZ031;626.989935500000;459.636320200000;0.794784095767;;0.372000000000
2021-04-16;2021-04-15;CZ032;315.206559200000;231.019032300000;0.755064456721;;0.494296577946
2021-04-16;2021-04-15;CZ041;174.899679800000;136.549091800000;0.924528301886;;0.493827160493
2021-04-16;2021-04-15;CZ042;636.716588900000;543.715058900000;0.874773139745;;0.416393442622
2021-04-16;2021-04-15;CZ051;478.670029500000;360.056816300000;0.768533772652;;0.538461538461
2021-04-16;2021-04-15;CZ052;222.765671200000;179.912519600000;0.752941176470;;0.509433962264
2021-04-16;2021-04-15;CZ053;580.274492400000;403.229552800000;0.796829125073;;0.392097264437
2021-04-16;2021-04-15;CZ063;668.956789000000;457.691871200000;0.917070543887;;0.474226804123
2021-04-16;2021-04-15;CZ064;441.218177100000;334.439864900000;0.831927100911;;0.418767507002
2021-04-16;2021-04-15;CZ071;548.751669200000;382.021625200000;0.891765924391;;0.475826972010
2021-04-16;2021-04-15;CZ072;609.874870500000;490.484118400000;0.936238044633;;0.401805869074
2021-04-16;2021-04-15;CZ080;527.902457500000;412.536503100000;0.905557155197;;0.376847290640
2021-04-17;2021-04-16;CZ010;361.849891000000;272.607670100000;0.840077821011;;0.369763205828
2021-04-17;2021-04-16;CZ020;431.975175900000;293.260767600000;0.772959951821;;0.406193078324
2021-04-17;2021-04-16;CZ031;616.889725900000;448.443877300000;0.756097560975;;0.370600414078
2021-04-17;2021-04-16;CZ032;309.453997200000;231.841164100000;0.723282442748;;0.524000000000
2021-04-17;2021-04-16;CZ041;160.580407800000;125.032903300000;0.757246376811;;0.469879518072
2021-04-17;2021-04-16;CZ042;631.575855100000;522.236473000000;0.843738455855;;0.421404682274
2021-04-17;2021-04-16;CZ051;475.506016100000;357.854633900000;0.743657042869;;0.523404255319
2021-04-17;2021-04-16;CZ052;213.869568600000;170.009078100000;0.711538461538;;0.483221476510
2021-04-17;2021-04-16;CZ053;569.755343700000;412.520556300000;0.727764423076;;0.396396396396
2021-04-17;2021-04-16;CZ063;656.772499600000;457.691871200000;0.861624649859;;0.470175438596
2021-04-17;2021-04-16;CZ064;430.426151100000;329.065676700000;0.766493955094;;0.420058139534
2021-04-17;2021-04-16;CZ071;554.778421600000;391.063557200000;0.855242150079;;0.487113402061
2021-04-17;2021-04-16;CZ072;609.357735200000;488.851891700000;0.941176470588;;0.403225806451
2021-04-17;2021-04-16;CZ080;540.729053600000;429.399909500000;0.912317961165;;0.374686716791
2021-04-18;2021-04-17;CZ010;356.456971900000;269.051917900000;0.763756419662;;0.378787878787
2021-04-18;2021-04-17;CZ020;424.106775600000;286.726779300000;0.701103877724;;0.405353728489
2021-04-18;2021-04-17;CZ031;620.152870500000;446.951551600000;0.705078958600;;0.376417233560
2021-04-18;2021-04-17;CZ032;308.438839200000;224.441978000000;0.614166666666;;0.519148936170
2021-04-18;2021-04-17;CZ041;160.921342800000;123.387733600000;0.711340206185;;0.500000000000
2021-04-18;2021-04-17;CZ042;608.932147200000;503.212582700000;0.747223157186;;0.434931506849
2021-04-18;2021-04-17;CZ051;460.363951900000;343.540448500000;0.623012869038;;0.519823788546
2021-04-18;2021-04-17;CZ052;207.696762700000;159.280349900000;0.717156105100;;0.492957746478
2021-04-18;2021-04-17;CZ053;557.706137000000;399.513151400000;0.676519799219;;0.394904458598
2021-04-18;2021-04-17;CZ063;640.657794400000;453.909293700000;0.752278820375;;0.446808510638
2021-04-18;2021-04-17;CZ064;431.513719600000;326.171883000000;0.694180898165;;0.429640718562
2021-04-18;2021-04-17;CZ071;558.108995400000;390.310062900000;0.704212860310;;0.488126649076
2021-04-18;2021-04-17;CZ072;612.460546800000;491.300231700000;0.875786163522;;0.378995433789
2021-04-18;2021-04-17;CZ080;534.860676300000;423.641673100000;0.772521923996;;0.377457404980
2021-04-19;2021-04-18;CZ010;343.948395700000;260.755162700000;0.747504621072;;0.381889763779
2021-04-19;2021-04-18;CZ020;411.445804200000;277.886677500000;0.724806201550;;0.413861386138
2021-04-19;2021-04-18;CZ031;607.411067600000;435.012945900000;0.697595951075;;0.365740740740
2021-04-19;2021-04-18;CZ032;299.471610200000;222.797714400000;0.656960873521;;0.525862068965
2021-04-19;2021-04-18;CZ041;163.648823200000;125.032903300000;0.598240469208;;0.530120481927
2021-04-19;2021-04-18;CZ042;597.916289200000;488.484409600000;0.751034482758;;0.429338103756
2021-04-19;2021-04-18;CZ051;441.153870400000;323.720807300000;0.660947712418;;0.516908212560
2021-04-19;2021-04-18;CZ052;204.247253500000;155.153915900000;0.726537216828;;0.500000000000
2021-04-19;2021-04-18;CZ053;550.055847100000;398.584051000000;0.700983227299;;0.367549668874
2021-04-19;2021-04-18;CZ063;626.115255500000;447.289783200000;0.718830169317;;0.447368421052
2021-04-19;2021-04-18;CZ064;423.566103600000;321.624493000000;0.694426649583;;0.438080495356
2021-04-19;2021-04-18;CZ071;552.399440400000;383.528613900000;0.759469696969;;0.493224932249
2021-04-19;2021-04-18;CZ072;605.220653000000;475.794078200000;0.794366197183;;0.400966183574
2021-04-19;2021-04-18;CZ080;522.704751800000;412.125200500000;0.814804546714;;0.364498644986
2021-04-20;2021-04-19;CZ010;349.266413100000;267.076500000000;0.799422203879;;0.398373983739
2021-04-20;2021-04-19;CZ020;420.387168200000;272.121393800000;0.811072664359;;0.418367346938
2021-04-20;2021-04-19;CZ031;631.185407200000;440.236085900000;0.860360360360;;0.365795724465
2021-04-20;2021-04-19;CZ032;316.898489200000;234.307559500000;0.727567567567;;0.540772532188
2021-04-20;2021-04-19;CZ041;168.080978800000;125.032903300000;0.739926739926;;0.518987341772
2021-04-20;2021-04-19;CZ042;618.234427200000;503.212582700000;0.798464491362;;0.415061295971
2021-04-20;2021-04-19;CZ051;466.691978700000;350.146995600000;0.701225259189;;0.544186046511
2021-04-20;2021-04-19;CZ052;198.437553800000;148.551621600000;0.774305555555;;0.461538461538
2021-04-20;2021-04-19;CZ053;569.564086400000;410.662355600000;0.814432989690;;0.360655737704
2021-04-20;2021-04-19;CZ063;641.247356700000;451.072360700000;0.791171477079;;0.441947565543
2021-04-20;2021-04-19;CZ064;451.006293600000;340.227452100000;0.852064220183;;0.445966514459
2021-04-20;2021-04-19;CZ071;597.758682400000;400.858983500000;0.745078740157;;0.500000000000
2021-04-20;2021-04-19;CZ072;623.665144500000;476.610191600000;0.901423299947;;0.395683453237
2021-04-20;2021-04-19;CZ080;548.777113900000;424.875580900000;0.816368436491;;0.360699865410
2021-04-21;2021-04-20;CZ010;342.899772500000;260.360079100000;0.828394515701;;0.394957983193
2021-04-21;2021-04-20;CZ020;400.501574700000;260.590826200000;0.826887661141;;0.419006479481
2021-04-21;2021-04-20;CZ031;609.586497400000;409.643408700000;0.834857450242;;0.353092783505
2021-04-21;2021-04-20;CZ032;295.072592200000;219.509187300000;0.786585365853;;0.540909090909
2021-04-21;2021-04-20;CZ041;166.035368600000;121.742563800000;0.595918367346;;0.520000000000
2021-04-21;2021-04-20;CZ042;592.285961800000;489.711757300000;0.804564315352;;0.437007874015
2021-04-21;2021-04-20;CZ051;435.503846500000;328.125172000000;0.753483386923;;0.566326530612
2021-04-21;2021-04-20;CZ052;186.999707600000;133.696459500000;0.804687500000;;0.428571428571
2021-04-21;2021-04-20;CZ053;522.706060500000;382.789345000000;0.739867354458;;0.336879432624
2021-04-21;2021-04-20;CZ063;639.675190400000;425.539962900000;0.766881972988;;0.388235294117
2021-04-21;2021-04-20;CZ064;440.548904100000;331.546071200000;0.869776876267;;0.446078431372
2021-04-21;2021-04-20;CZ071;569.369506500000;379.007647900000;0.858304297328;;0.476056338028
2021-04-21;2021-04-20;CZ072;639.523959700000;488.851891700000;0.896708286038;;0.396634615384
2021-04-21;2021-04-20;CZ080;527.650955600000;398.140912200000;0.854372019077;;0.344011142061
2021-04-22;2021-04-21;CZ010;314.437144000000;234.284562800000;0.822139879573;;0.407744874715
2021-04-22;2021-04-21;CZ020;355.794754900000;235.223577700000;0.811842617841;;0.415929203539
2021-04-22;2021-04-21;CZ031;553.646874900000;371.589103000000;0.917888563049;;0.339779005524
2021-04-22;2021-04-21;CZ032;268.509291200000;198.133760800000;0.873350923482;;0.543269230769
2021-04-22;2021-04-21;CZ041;152.738901700000;121.742563800000;0.837320574162;;0.520000000000
2021-04-22;2021-04-21;CZ042;547.365741100000;452.891324400000;0.817425569176;;0.420408163265
2021-04-22;2021-04-21;CZ051;397.535685500000;305.002257200000;0.821176470588;;0.559585492227
2021-04-22;2021-04-21;CZ052;171.749246100000;121.317157700000;0.769230769230;;0.366336633663
2021-04-22;2021-04-21;CZ053;469.345288100000;343.767130200000;0.824938067712;;0.337209302325
2021-04-22;2021-04-21;CZ063;576.985056500000;389.605477100000;0.760078023407;;0.379182156133
2021-04-22;2021-04-21;CZ064;392.277594300000;299.714341200000;0.934204596665;;0.436026936026
2021-04-22;2021-04-21;CZ071;538.125553100000;362.430772700000;0.846919726197;;0.470588235294
2021-04-22;2021-04-21;CZ072;611.943411600000;470.897398200000;0.965537383177;;0.378896882494
2021-04-22;2021-04-21;CZ080;495.374880300000;373.462756500000;0.831393415364;;0.333823529411
2021-04-23;2021-04-22;CZ010;297.808976800000;215.320551000000;0.823727185398;;0.383333333333
2021-04-23;2021-04-22;CZ020;340.558670700000;221.002544400000;0.825999192571;;0.393442622950
2021-04-23;2021-04-22;CZ031;524.433960900000;352.935031500000;0.917675544794;;0.347058823529
2021-04-23;2021-04-22;CZ032;247.529359200000;191.556706500000;0.872455902306;;0.566666666666
2021-04-23;2021-04-22;CZ041;134.669344100000;110.226375300000;0.724637681159;;0.500000000000
2021-04-23;2021-04-22;CZ042;510.156621000000;413.616196000000;0.791891891891;;0.420042643923
2021-04-23;2021-04-22;CZ051;357.307514900000;288.485889500000;0.787363304981;;0.549450549450
2021-04-23;2021-04-22;CZ052;155.954125100000;111.413716200000;0.747844827586;;0.378947368421
2021-04-23;2021-04-22;CZ053;437.214070400000;323.326922500000;0.765869744435;;0.345381526104
2021-04-23;2021-04-22;CZ063;549.668665900000;374.475167300000;0.779757662152;;0.393700787401
2021-04-23;2021-04-22;CZ064;378.892135700000;284.831973900000;0.940318906605;;0.448214285714
2021-04-23;2021-04-22;CZ071;485.153571100000;336.058471100000;0.841939546599;;0.470422535211
2021-04-23;2021-04-22;CZ072;585.914269300000;459.471811400000;0.979652902453;;0.359223300970
2021-04-23;2021-04-22;CZ080;467.206669100000;356.188047500000;0.835225318197;;0.336749633967
2021-04-24;2021-04-23;CZ010;282.529039300000;206.233628700000;0.797725024727;;0.393316195372
2021-04-24;2021-04-23;CZ020;322.246757300000;205.628454300000;0.797202797202;;0.381773399014
2021-04-24;2021-04-23;CZ031;501.436560500000;342.488751500000;0.920193470374;;0.341389728096
2021-04-24;2021-04-23;CZ032;230.779252200000;188.268179300000;0.839335180055;;0.567839195979
2021-04-24;2021-04-23;CZ041;115.236046300000;92.129507700000;0.632352941176;;0.483333333333
2021-04-24;2021-04-23;CZ042;484.208155600000;389.682914700000;0.767676767676;;0.417233560090
2021-04-24;2021-04-23;CZ051;335.611422900000;256.554245200000;0.784919653893;;0.539393939393
2021-04-24;2021-04-23;CZ052;148.147341200000;106.461995500000;0.746102449888;;0.397849462365
2021-04-24;2021-04-23;CZ053;402.213993900000;291.737510500000;0.735973597359;;0.343096234309
2021-04-24;2021-04-23;CZ063;509.971465100000;349.888413900000;0.754461099214;;0.412244897959
2021-04-24;2021-04-23;CZ064;356.136856200000;272.016602100000;0.940036900369;;0.448717948717
2021-04-24;2021-04-23;CZ071;464.852931300000;302.904720600000;0.825436408977;;0.471976401179
2021-04-24;2021-04-23;CZ072;572.468752100000;438.252864500000;0.950945626477;;0.352941176470
2021-04-24;2021-04-23;CZ080;447.254186200000;334.389009900000;0.792106158557;;0.348694316436
2021-04-25;2021-04-24;CZ010;274.589464000000;198.331957100000;0.817759421786;;0.382113821138
2021-04-25;2021-04-24;CZ020;315.379789700000;198.710113800000;0.824232081911;;0.374677002583
2021-04-25;2021-04-24;CZ031;489.937860400000;333.534797300000;0.873182082606;;0.339622641509
2021-04-25;2021-04-24;CZ032;228.410550100000;184.157520400000;0.910846953937;;0.553846153846
2021-04-25;2021-04-24;CZ041;119.327266900000;93.774677500000;0.707920792079;;0.516666666666
2021-04-25;2021-04-24;CZ042;471.356321300000;378.023110900000;0.784134615384;;0.416279069767
2021-04-25;2021-04-24;CZ051;330.639401900000;253.250971700000;0.860215053763;;0.532467532467
2021-04-25;2021-04-24;CZ052;144.516278900000;99.859701200000;0.744394618834;;0.395348837209
2021-04-25;2021-04-24;CZ053;394.181189400000;276.871904900000;0.715611814345;;0.339130434782
2021-04-25;2021-04-24;CZ063;477.938575400000;322.464727400000;0.736051502145;;0.419491525423
2021-04-25;2021-04-24;CZ064;347.352649100000;263.748620200000;0.877972184836;;0.440074906367
2021-04-25;2021-04-24;CZ071;462.315351400000;297.630260300000;0.876486129458;;0.462462462462
2021-04-25;2021-04-24;CZ072;557.127072200000;417.850031000000;0.912865497076;;0.349740932642
2021-04-25;2021-04-24;CZ080;442.391816400000;323.283839900000;0.851598993891;;0.352112676056
2021-04-26;2021-04-25;CZ010;270.844381300000;193.590954100000;0.851041110517;;0.377521613832
2021-04-26;2021-04-25;CZ020;312.089367800000;195.635295800000;0.860579064587;;0.378666666666
2021-04-26;2021-04-25;CZ031;487.917818400000;332.042471500000;0.957474226804;;0.342105263157
2021-04-26;2021-04-25;CZ032;225.703462100000;184.157520400000;0.948837209302;;0.560606060606
2021-04-26;2021-04-25;CZ041;114.554176200000;85.548828600000;0.904109589041;;0.517241379310
2021-04-26;2021-04-25;CZ042;469.887540300000;368.204328800000;0.856627127385;;0.424242424242
2021-04-26;2021-04-25;CZ051;326.571384600000;249.947698100000;0.904694167852;;0.532051282051
2021-04-26;2021-04-25;CZ052;137.798813700000;94.907980500000;0.752427184466;;0.415730337078
2021-04-26;2021-04-25;CZ053;392.077359700000;275.013704200000;0.834661354581;;0.355555555555
2021-04-26;2021-04-25;CZ063;474.597721900000;318.682150000000;0.776416539050;;0.442477876106
2021-04-26;2021-04-25;CZ064;354.547333000000;262.921822000000;0.965485074626;;0.448543689320
2021-04-26;2021-04-25;CZ071;461.680956400000;289.341822700000;0.884303112313;;0.456869009584
2021-04-26;2021-04-25;CZ072;558.333721100000;416.217804300000;0.979113924050;;0.370370370370
2021-04-26;2021-04-25;CZ080;441.134307000000;319.170813900000;0.864532936360;;0.349206349206
2021-04-27;2021-04-26;CZ010;259.908739800000;186.084366100000;0.863661971830;;0.379518072289
2021-04-27;2021-04-26;CZ020;304.936276600000;187.563898500000;0.920825335892;;0.378378378378
2021-04-27;2021-04-26;CZ031;483.722346700000;323.834680100000;0.890734824281;;0.334448160535
2021-04-27;2021-04-26;CZ032;216.397847100000;172.647675400000;0.915407854984;;0.552631578947
2021-04-27;2021-04-26;CZ041;107.735475300000;85.548828600000;0.651428571428;;0.549019607843
2021-04-27;2021-04-26;CZ042;444.918262300000;373.113719900000;0.832886984467;;0.433649289099
2021-04-27;2021-04-26;CZ051;305.779296500000;224.622600900000;0.872492836676;;0.506756756756
2021-04-27;2021-04-26;CZ052;139.614344800000;95.733267300000;0.872972972972;;0.433333333333
2021-04-27;2021-04-26;CZ053;378.498095000000;257.360797500000;0.794794794794;;0.363636363636
2021-04-27;2021-04-26;CZ063;469.488181200000;300.714907100000;0.847733105218;;0.439024390243
2021-04-27;2021-04-26;CZ064;348.691194900000;257.134234800000;0.935359382537;;0.450199203187
2021-04-27;2021-04-26;CZ071;435.036366600000;271.257958700000;0.903012490815;;0.454545454545
2021-04-27;2021-04-26;CZ072;553.679503600000;414.585577600000;0.908650937689;;0.376963350785
2021-04-27;2021-04-26;CZ080;417.493129800000;298.605684200000;0.878800000000;;0.350758853288
2021-04-28;2021-04-27;CZ010;249.572311500000;170.676106500000;0.850728862973;;0.356495468277
2021-04-28;2021-04-27;CZ020;288.555697900000;173.727217500000;0.874389051808;;0.387931034482
2021-04-28;2021-04-27;CZ031;461.035722100000;308.165260100000;0.933377308707;;0.328767123287
2021-04-28;2021-04-27;CZ032;208.107390100000;161.959962100000;0.909797822706;;0.544943820224
2021-04-28;2021-04-27;CZ041;86.597502300000;67.451961000000;0.720000000000;;0.530612244897
2021-04-28;2021-04-27;CZ042;422.764148000000;346.725743000000;0.861774744027;;0.432432432432
2021-04-28;2021-04-27;CZ051;288.151221700000;219.117145000000;0.882716049382;;0.482269503546
2021-04-28;2021-04-27;CZ052;128.721158000000;85.829825800000;0.855907780979;;0.416666666666
2021-04-28;2021-04-27;CZ053;331.831326400000;220.196783400000;0.786867599569;;0.348039215686
2021-04-28;2021-04-27;CZ063;445.905685700000;282.747664200000;0.880255941499;;0.453658536585
2021-04-28;2021-04-27;CZ064;336.142327500000;245.972459300000;0.907945736434;;0.449392712550
2021-04-28;2021-04-27;CZ071;420.445281800000;268.997475700000;0.877337322363;;0.451388888888
2021-04-28;2021-04-27;CZ072;525.409441800000;403.976104200000;0.896762370189;;0.379310344827
2021-04-28;2021-04-27;CZ080;408.019892100000;288.323119300000;0.897858319604;;0.336860670194
2021-04-29;2021-04-28;CZ010;240.059801400000;162.774434900000;0.886546807191;;0.328125000000
2021-04-29;2021-04-28;CZ020;275.823195600000;159.121831900000;0.914344685242;;0.380191693290
2021-04-29;2021-04-28;CZ031;454.043269200000;305.180608700000;0.891590013140;;0.329787234042
2021-04-29;2021-04-28;CZ032;210.137706100000;161.959962100000;0.957095709570;;0.541666666666
2021-04-29;2021-04-28;CZ041;97.507423800000;70.742300600000;0.860465116279;;0.545454545454
2021-04-29;2021-04-28;CZ042;410.524305800000;335.679613100000;0.889354066985;;0.433915211970
2021-04-29;2021-04-28;CZ051;279.337184300000;209.207324400000;0.847244094488;;0.489361702127
2021-04-29;2021-04-28;CZ052;121.822139600000;77.576957900000;0.898507462686;;0.413333333333
2021-04-29;2021-04-28;CZ053;313.661887700000;212.763980600000;0.718609865470;;0.349206349206
2021-04-29;2021-04-28;CZ063;411.514546400000;257.215266400000;0.875118259224;;0.452127659574
2021-04-29;2021-04-28;CZ064;326.437870100000;236.877679300000;0.897448478900;;0.445344129554
2021-04-29;2021-04-28;CZ071;398.400055800000;257.695060800000;0.869335347432;;0.462121212121
2021-04-29;2021-04-28;CZ072;518.686683200000;386.021610600000;0.842759477936;;0.364864864864
2021-04-29;2021-04-28;CZ080;392.929778900000;264.056266100000;0.939432989690;;0.335727109515
2021-04-30;2021-04-29;CZ010;237.138636900000;159.613766200000;0.916035353535;;0.328990228013
2021-04-30;2021-04-29;CZ020;266.166522500000;154.893957200000;0.866977225672;;0.377483443708
2021-04-30;2021-04-29;CZ031;438.970648700000;299.957468700000;0.872085276482;;0.333333333333
2021-04-30;2021-04-29;CZ032;204.046758100000;158.671435000000;0.918433931484;;0.547619047619
2021-04-30;2021-04-29;CZ041;90.347787800000;67.451961000000;0.804195804195;;0.590909090909
2021-04-30;2021-04-29;CZ042;396.938081000000;324.019809300000;0.910484365419;;0.438287153652
2021-04-30;2021-04-29;CZ051;264.873123000000;204.802959700000;0.818750000000;;0.477941176470
2021-04-30;2021-04-29;CZ052;120.732820900000;75.926384400000;0.957831325301;;0.410958904109
2021-04-30;2021-04-29;CZ053;299.317594100000;200.685676000000;0.750000000000;;0.353932584269
2021-04-30;2021-04-29;CZ063;406.601526500000;253.432689000000;0.947521865889;;0.447513812154
2021-04-30;2021-04-29;CZ064;315.311207700000;226.956101100000;0.871231476750;;0.440162271805
2021-04-30;2021-04-29;CZ071;391.421710800000;248.653128800000;0.852298417483;;0.453488372093
2021-04-30;2021-04-29;CZ072;506.964950200000;366.434890400000;0.835361947469;;0.382608695652
2021-04-30;2021-04-29;CZ080;377.588163900000;250.894583100000;0.875949367088;;0.335185185185
2021-05-01;2021-04-30;CZ010;227.401421900000;155.267846900000;0.892722710163;;0.306122448979
2021-05-01;2021-04-30;CZ020;257.153627600000;144.900798600000;0.857660455486;;0.374570446735
2021-05-01;2021-04-30;CZ031;425.451906600000;284.288048700000;0.818304172274;;0.324723247232
2021-05-01;2021-04-30;CZ032;194.571950100000;145.517326400000;0.888888888888;;0.532051282051
2021-05-01;2021-04-30;CZ041;82.847216700000;59.226112100000;0.863636363636;;0.648648648648
2021-05-01;2021-04-30;CZ042;385.922223100000;318.496744400000;0.891631547260;;0.435013262599
2021-05-01;2021-04-30;CZ051;257.189090400000;197.095321400000;0.790880503144;;0.492424242424
2021-05-01;2021-04-30;CZ052;119.098842900000;75.101097600000;1.035483870967;;0.416666666666
2021-05-01;2021-04-30;CZ053;281.721927200000;174.670866200000;0.693317422434;;0.351851851851
2021-05-01;2021-04-30;CZ063;394.613758000000;245.867534100000;0.937869822485;;0.457142857142
2021-05-01;2021-04-30;CZ064;316.398776200000;225.302504700000;0.842512077294;;0.442622950819
2021-05-01;2021-04-30;CZ071;370.645274800000;232.076253600000;0.775057383320;;0.441295546558
2021-05-01;2021-04-30;CZ072;488.692837100000;347.664283600000;0.792501616031;;0.381656804733
2021-05-01;2021-04-30;CZ080;367.779590400000;238.966807800000;0.886353852776;;0.336538461538
2021-05-02;2021-05-01;CZ010;221.783797800000;149.736676700000;0.898238747553;;0.297945205479
2021-05-02;2021-05-01;CZ020;251.359623800000;141.441628400000;0.824387701928;;0.378091872791
2021-05-02;2021-05-01;CZ031;428.093499900000;282.795722900000;0.899569583931;;0.312727272727
2021-05-02;2021-05-01;CZ032;193.218406100000;147.983721700000;0.872937293729;;0.516556291390
2021-05-02;2021-05-01;CZ041;91.029657900000;65.806791200000;1.087719298245;;0.656250000000
2021-05-02;2021-05-01;CZ042;383.351856200000;313.587353400000;0.965273311897;;0.430555555555
2021-05-02;2021-05-01;CZ051;252.443070300000;194.893139100000;0.783251231527;;0.507692307692
2021-05-02;2021-05-01;CZ052;118.554183600000;72.625237200000;0.993808049535;;0.400000000000
2021-05-02;2021-05-01;CZ053;271.011521300000;165.379862600000;0.716624685138;;0.355704697986
2021-05-02;2021-05-01;CZ063;396.185924300000;242.084956600000;0.995963673057;;0.453488372093
2021-05-02;2021-05-01;CZ064;310.208001600000;219.514917500000;0.903042805569;;0.442060085836
2021-05-02;2021-05-01;CZ071;368.266293600000;232.076253600000;0.809601301871;;0.442148760330
2021-05-02;2021-05-01;CZ072;485.417647000000;344.399830200000;0.835552596537;;0.397515527950
2021-05-02;2021-05-01;CZ080;363.923228200000;234.853781900000;0.897132453345;;0.335271317829
2021-05-03;2021-05-02;CZ010;220.735174700000;149.736676700000;0.927347498286;;0.284210526315
2021-05-03;2021-05-02;CZ020;249.428289100000;141.825980600000;0.869200670765;;0.379699248120
2021-05-03;2021-05-02;CZ031;431.201256700000;279.811071500000;0.910954063604;;0.296296296296
2021-05-03;2021-05-02;CZ032;191.864862100000;144.695194600000;0.892307692307;;0.513698630136
2021-05-03;2021-05-02;CZ041;87.620307400000;64.161621400000;1.157407407407;;0.677419354838
2021-05-03;2021-05-02;CZ042;378.211122500000;308.677962300000;0.943234323432;;0.428571428571
2021-05-03;2021-05-02;CZ051;251.765067400000;195.994230200000;0.835664335664;;0.526717557251
2021-05-03;2021-05-02;CZ052;113.289143300000;67.673516500000;1.057239057239;;0.377049180327
2021-05-03;2021-05-02;CZ053;267.186376300000;159.805260500000;0.764705882352;;0.379310344827
2021-05-03;2021-05-02;CZ063;391.862466800000;235.465446100000;1.017653167185;;0.464285714285
2021-05-03;2021-05-02;CZ064;310.458979000000;219.101518400000;0.875667022411;;0.444924406047
2021-05-03;2021-05-02;CZ071;367.314701100000;232.076253600000;0.860187553282;;0.442060085836
2021-05-03;2021-05-02;CZ072;468.696939700000;336.238696800000;0.798365122615;;0.384615384615
2021-05-03;2021-05-02;CZ080;358.138684800000;229.506848100000;0.894036697247;;0.334685598377
2021-05-04;2021-05-03;CZ010;220.360666400000;141.835005100000;0.985314685314;;0.286764705882
2021-05-04;2021-05-03;CZ020;244.421125300000;139.904219400000;0.845372460496;;0.361940298507
2021-05-04;2021-05-03;CZ031;413.642430800000;275.334094400000;0.934414148857;;0.299270072992
2021-05-04;2021-05-03;CZ032;178.329422100000;132.363217800000;0.772413793103;;0.503448275862
2021-05-04;2021-05-03;CZ041;75.687580700000;62.516451600000;0.972972972972;;0.718750000000
2021-05-04;2021-05-03;CZ042;368.174452000000;292.108767500000;0.977135171486;;0.444126074498
2021-05-04;2021-05-03;CZ051;243.629032900000;184.983318400000;0.871747211895;;0.483870967741
2021-05-04;2021-05-03;CZ052;110.747399700000;62.721795800000;0.953488372093;;0.393442622950
2021-05-04;2021-05-03;CZ053;256.667227600000;156.088859100000;0.854914196567;;0.384615384615
2021-05-04;2021-05-03;CZ063;370.245179300000;215.606914500000;0.965405405405;;0.472392638036
2021-05-04;2021-05-03;CZ064;292.472269000000;205.045949300000;0.851284855112;;0.436619718309
2021-05-04;2021-05-03;CZ071;345.745271300000;228.308781900000;0.826238053866;;0.424892703862
2021-05-04;2021-05-03;CZ072;459.905640000000;324.813110000000;0.859882005899;;0.380000000000
2021-05-04;2021-05-03;CZ080;348.078609400000;228.684242900000;0.893918609967;;0.331300813008
2021-05-05;2021-05-04;CZ010;206.428958700000;131.957915600000;0.893866299104;;0.285156250000
2021-05-05;2021-05-04;CZ020;231.617092100000;136.829401400000;0.865074626865;;0.368000000000
2021-05-05;2021-05-04;CZ031;402.765282000000;262.649325800000;0.899159663865;;0.301886792452
2021-05-05;2021-05-04;CZ032;173.592018100000;132.363217800000;0.783303730017;;0.521428571428
2021-05-05;2021-05-04;CZ041;80.801606400000;59.226112100000;1.121739130434;;0.680000000000
2021-05-05;2021-05-04;CZ042;354.343430300000;287.813050300000;0.929292929292;;0.431192660550
2021-05-05;2021-05-04;CZ051;231.650982200000;169.568041900000;0.864503816793;;0.457627118644
2021-05-05;2021-05-04;CZ052;104.756146900000;56.944788300000;0.880503144654;;0.383333333333
2021-05-05;2021-05-04;CZ053;234.672644000000;144.939654900000;0.779874213836;;0.390243902439
2021-05-05;2021-05-04;CZ063;355.899161200000;214.661270100000;0.869743589743;;0.503401360544
2021-05-05;2021-05-04;CZ064;279.003151400000;193.057375600000;0.856891495601;;0.424096385542
2021-05-05;2021-05-04;CZ071;319.259280400000;212.485401000000;0.742705570291;;0.451327433628
2021-05-05;2021-05-04;CZ072;445.425852200000;299.513596400000;0.855828220858;;0.371621621621
2021-05-05;2021-05-04;CZ080;335.252013200000;226.216427400000;0.876204238921;;0.328293736501
2021-05-06;2021-05-05;CZ010;199.463104900000;128.402163400000;0.866479269149;;0.291497975708
2021-05-06;2021-05-05;CZ020;223.462568200000;130.679765300000;0.815932407966;;0.393162393162
2021-05-06;2021-05-05;CZ031;384.274129000000;251.456882900000;0.917763157894;;0.296153846153
2021-05-06;2021-05-05;CZ032;165.809140100000;120.853372700000;0.735294117647;;0.535433070866
2021-05-06;2021-05-05;CZ041;77.733191000000;54.290602700000;1.026315789473;;0.652173913043
2021-05-06;2021-05-05;CZ042;339.166026100000;267.561812300000;0.866981769074;;0.413793103448
2021-05-06;2021-05-05;CZ051;220.350934200000;157.456038900000;0.868787276341;;0.486486486486
2021-05-06;2021-05-05;CZ052;103.666828200000;57.770075100000;0.841121495327;;0.407407407407
2021-05-06;2021-05-05;CZ053;218.798292400000;134.719551000000;0.865748709122;;0.404958677685
2021-05-06;2021-05-05;CZ063;358.257410700000;208.041759600000;0.944269190325;;0.500000000000
2021-05-06;2021-05-05;CZ064;272.561399500000;186.029591100000;0.819380733944;;0.423558897243
2021-05-06;2021-05-05;CZ071;302.923609300000;210.978412300000;0.749259624876;;0.463768115942
2021-05-06;2021-05-05;CZ072;414.742492400000;279.110762900000;0.856443719412;;0.394052044609
2021-05-06;2021-05-05;CZ080;327.623122700000;226.216427400000;0.835842642059;;0.326797385620
2021-05-07;2021-05-06;CZ010;196.392137100000;122.870993300000;0.850399419026;;0.307692307692
2021-05-07;2021-05-06;CZ020;212.589869600000;125.683186100000;0.819848293299;;0.415887850467
2021-05-07;2021-05-06;CZ031;365.161424600000;230.564322900000;0.830143540669;;0.281250000000
2021-05-07;2021-05-06;CZ032;161.917701100000;113.454186700000;0.744801512287;;0.504132231404
2021-05-07;2021-05-06;CZ041;79.096931200000;52.645433000000;0.943548387096;;0.739130434782
2021-05-07;2021-05-06;CZ042;331.087730200000;260.197725700000;0.812791472351;;0.405144694533
2021-05-07;2021-05-06;CZ051;214.474909300000;150.849491800000;0.890985324947;;0.464285714285
2021-05-07;2021-05-06;CZ052;100.217319000000;52.818354300000;0.728971962616;;0.431372549019
2021-05-07;2021-05-06;CZ053;210.191716200000;131.932250000000;0.813708260105;;0.436974789915
2021-05-07;2021-05-06;CZ063;346.269642200000;197.639671600000;0.797365754812;;0.475806451612
2021-05-07;2021-05-06;CZ064;258.673986200000;174.041017400000;0.792118789263;;0.426395939086
2021-05-07;2021-05-06;CZ071;288.966919400000;202.689974700000;0.694472361809;;0.472636815920
2021-05-07;2021-05-06;CZ072;394.401838200000;257.891816000000;0.784063745019;;0.403921568627
2021-05-07;2021-05-06;CZ080;316.892375600000;222.926006600000;0.864535768645;;0.313333333333
2021-05-08;2021-05-07;CZ010;192.422349400000;117.734906800000;0.847006651884;;0.302631578947
2021-05-08;2021-05-07;CZ020;206.080556600000;119.149197800000;0.787138263665;;0.416666666666
2021-05-08;2021-05-07;CZ031;351.487294700000;217.133391500000;0.811481768813;;0.276000000000
2021-05-08;2021-05-07;CZ032;157.518683100000;102.766473400000;0.741379310344;;0.525862068965
2021-05-08;2021-05-07;CZ041;78.074126000000;59.226112100000;0.920000000000;;0.703703703703
2021-05-08;2021-05-07;CZ042;314.808740200000;243.628530900000;0.763470958712;;0.408163265306
2021-05-08;2021-05-07;CZ051;203.852864300000;153.051674200000;0.834728033472;;0.478991596638
2021-05-08;2021-05-07;CZ052;100.580425300000;49.517207200000;0.742038216560;;0.380000000000
2021-05-08;2021-05-07;CZ053;194.126107300000;120.783045700000;0.776386404293;;0.457142857142
2021-05-08;2021-05-07;CZ063;346.466163000000;184.400650600000;0.828571428571;;0.454545454545
2021-05-08;2021-05-07;CZ064;255.160303400000;176.108012900000;0.795856185252;;0.411764705882
2021-05-08;2021-05-07;CZ071;260.736342200000;186.113099400000;0.625371655104;;0.486772486772
2021-05-08;2021-05-07;CZ072;371.820264400000;248.914569200000;0.794368600682;;0.403162055335
2021-05-08;2021-05-07;CZ080;309.431153000000;216.345165100000;0.837352488455;;0.294784580498
2021-05-09;2021-05-08;CZ010;186.729823700000;111.413569500000;0.792051100070;;0.306666666666
2021-05-09;2021-05-08;CZ020;199.142058200000;116.843084300000;0.802403204272;;0.426395939086
2021-05-09;2021-05-08;CZ031;347.136435100000;215.641065800000;0.772870662460;;0.269387755102
2021-05-09;2021-05-08;CZ032;151.258542100000;97.833682700000;0.814732142857;;0.537735849056
2021-05-09;2021-05-08;CZ041;75.687580700000;60.871281900000;0.907407407407;;0.692307692307
2021-05-09;2021-05-08;CZ042;311.626381200000;238.105465900000;0.719201651754;;0.411347517730
2021-05-09;2021-05-08;CZ051;199.784847000000;150.849491800000;0.867803837953;;0.487603305785
2021-05-09;2021-05-08;CZ052;95.496938100000;46.216060000000;0.714285714285;;0.355555555555
2021-05-09;2021-05-08;CZ053;191.639763100000;119.853945400000;0.790145985401;;0.466019417475
2021-05-09;2021-05-08;CZ063;341.749663900000;184.400650600000;0.842105263157;;0.439655172413
2021-05-09;2021-05-08;CZ064;252.901507200000;176.108012900000;0.816955684007;;0.410389610389
2021-05-09;2021-05-08;CZ071;253.916596000000;184.606110800000;0.637223974763;;0.494565217391
2021-05-09;2021-05-08;CZ072;364.580370500000;249.730682500000;0.737564322469;;0.416326530612
2021-05-09;2021-05-08;CZ080;299.622579500000;208.530415800000;0.819948849104;;0.281105990783
2021-05-10;2021-05-09;CZ010;183.284347600000;109.043068000000;0.843484965304;;0.299539170506
2021-05-10;2021-05-09;CZ020;194.993265300000;116.458732000000;0.808143547273;;0.412698412698
2021-05-10;2021-05-09;CZ031;345.893332400000;212.656414300000;0.796091758708;;0.266666666666
2021-05-10;2021-05-09;CZ032;151.258542100000;93.723023800000;0.843537414965;;0.535353535353
2021-05-10;2021-05-09;CZ041;76.028515800000;60.871281900000;0.759689922480;;0.680000000000
2021-05-10;2021-05-09;CZ042;299.631335900000;229.514031600000;0.738405797101;;0.407272727272
2021-05-10;2021-05-09;CZ051;196.620833600000;144.242944700000;0.865342163355;;0.500000000000
2021-05-10;2021-05-09;CZ052;95.678491200000;45.390773200000;0.760714285714;;0.355555555555
2021-05-10;2021-05-09;CZ053;189.727190600000;117.995744700000;0.872983870967;;0.455445544554
2021-05-10;2021-05-09;CZ063;341.749663900000;185.346294900000;0.895047169811;;0.424778761061
2021-05-10;2021-05-09;CZ064;244.200959200000;172.800820100000;0.874743326488;;0.416666666666
2021-05-10;2021-05-09;CZ071;254.392392300000;184.606110800000;0.708333333333;;0.513812154696
2021-05-10;2021-05-09;CZ072;351.824367000000;241.569549100000;0.778673835125;;0.398373983739
2021-05-10;2021-05-09;CZ080;296.688390800000;204.417389800000;0.874106652006;;0.292857142857
2021-05-11;2021-05-10;CZ010;178.565543400000;105.487315800000;0.790754257907;;0.312500000000
2021-05-11;2021-05-10;CZ020;179.184933800000;104.928164500000;0.744822485207;;0.428571428571
2021-05-11;2021-05-10;CZ031;341.076309400000;205.940948600000;0.830645161290;;0.265486725663
2021-05-11;2021-05-10;CZ032;139.245839100000;86.323837700000;0.937500000000;;0.541666666666
2021-05-11;2021-05-10;CZ041;76.369450800000;62.516451600000;0.991452991452;;0.740740740740
2021-05-11;2021-05-10;CZ042;292.409829000000;218.467901700000;0.728971962616;;0.418326693227
2021-05-11;2021-05-10;CZ051;185.320785700000;140.939671200000;0.803203661327;;0.509090909090
2021-05-11;2021-05-10;CZ052;88.234813500000;41.264339300000;0.737037037037;;0.326086956521
2021-05-11;2021-05-10;CZ053;172.705295500000;110.562941900000;0.705765407554;;0.456310679611
2021-05-11;2021-05-10;CZ063;321.311501100000;175.889851300000;0.826280623608;;0.424528301886
2021-05-11;2021-05-10;CZ064;233.743569700000;162.465842900000;0.865640307907;;0.425474254742
2021-05-11;2021-05-10;CZ071;238.691116200000;176.317673200000;0.729907773386;;0.502923976608
2021-05-11;2021-05-10;CZ072;340.619769300000;227.695622300000;0.771428571428;;0.392712550607
2021-05-11;2021-05-10;CZ080;294.844043600000;202.772179400000;0.907611853573;;0.289473684210
2021-05-12;2021-05-11;CZ010;167.704803500000;97.585644200000;0.804440649017;;0.329842931937
2021-05-12;2021-05-11;CZ020;169.957446200000;98.778528500000;0.714726291441;;0.403409090909
2021-05-12;2021-05-11;CZ031;313.883437300000;191.763854300000;0.809798270893;;0.275362318840
2021-05-12;2021-05-11;CZ032;128.417487100000;73.991860800000;0.807106598984;;0.549450549450
2021-05-12;2021-05-11;CZ041;77.392256000000;65.806791200000;0.837606837606;;0.740740740740
2021-05-12;2021-05-11;CZ042;265.849371600000;204.353402500000;0.649180327868;;0.415254237288
2021-05-12;2021-05-11;CZ051;179.896762700000;132.130941700000;0.807058823529;;0.523809523809
2021-05-12;2021-05-11;CZ052;84.966857400000;42.914912900000;0.803418803418;;0.367346938775
2021-05-12;2021-05-11;CZ053;163.716204800000;111.492042200000;0.777537796976;;0.477777777777
2021-05-12;2021-05-11;CZ063;301.462900800000;158.868252800000;0.871664548919;;0.373737373737
2021-05-12;2021-05-11;CZ064;219.270542700000;157.091654700000;0.836337418889;;0.416666666666
2021-05-12;2021-05-11;CZ071;217.756081400000;163.508269600000;0.771345875542;;0.506097560975
2021-05-12;2021-05-11;CZ072;324.243818900000;208.108902100000;0.777439024390;;0.389610389610
2021-05-12;2021-05-11;CZ080;275.310730500000;189.610496400000;0.859741784037;;0.294403892944
2021-05-13;2021-05-12;CZ010;161.263261300000;91.659390500000;0.802792321116;;0.357954545454
2021-05-13;2021-05-12;CZ020;161.016082200000;90.707131200000;0.734477124183;;0.397727272727
2021-05-13;2021-05-12;CZ031;291.973751800000;171.617457200000;0.729445506692;;0.274111675126
2021-05-13;2021-05-12;CZ032;117.758328100000;64.948411200000;0.764857881136;;0.561797752808
2021-05-13;2021-05-12;CZ041;69.891684900000;60.871281900000;0.765217391304;;0.769230769230
2021-05-13;2021-05-12;CZ042;248.591194100000;185.943186000000;0.684692942254;;0.400000000000
2021-05-13;2021-05-12;CZ051;173.342734900000;127.726577000000;0.827067669172;;0.510869565217
2021-05-13;2021-05-12;CZ052;80.246476500000;43.740199700000;0.738197424892;;0.380000000000
2021-05-13;2021-05-12;CZ053;157.213458300000;102.201038700000;0.735023041474;;0.472527472527
2021-05-13;2021-05-12;CZ063;295.370756100000;153.194386600000;0.745073891625;;0.370000000000
2021-05-13;2021-05-12;CZ064;212.661472500000;151.717466500000;0.852220520673;;0.435028248587
2021-05-13;2021-05-12;CZ071;201.261811600000;153.712843300000;0.808240887480;;0.532544378698
2021-05-13;2021-05-12;CZ072;301.834623500000;191.786635300000;0.752953813104;;0.395555555555
2021-05-13;2021-05-12;CZ080;257.705598500000;179.327931500000;0.829044117647;;0.278772378516
2021-05-14;2021-05-13;CZ010;151.600947900000;85.338053200000;0.764336917562;;0.339285714285
2021-05-14;2021-05-13;CZ020;155.150547500000;84.173143000000;0.725457570715;;0.402439024390
2021-05-14;2021-05-13;CZ031;271.617944800000;152.217222900000;0.721428571428;;0.262295081967
2021-05-14;2021-05-13;CZ032;112.513345000000;56.727093300000;0.742465753424;;0.525641025641
2021-05-14;2021-05-13;CZ041;70.914490000000;62.516451600000;0.928571428571;;0.730769230769
2021-05-14;2021-05-13;CZ042;232.679399300000;174.897056200000;0.651674641148;;0.391509433962
2021-05-14;2021-05-13;CZ051;163.398692800000;120.018938700000;0.732186732186;;0.517241379310
2021-05-14;2021-05-13;CZ052;75.162989300000;37.963192200000;0.878048780487;;0.369565217391
2021-05-14;2021-05-13;CZ053;148.224367700000;97.555536900000;0.720554272517;;0.500000000000
2021-05-14;2021-05-13;CZ063;268.250886300000;133.335855000000;0.768617021276;;0.343137254901
2021-05-14;2021-05-13;CZ064;203.877265300000;143.862883700000;0.825471698113;;0.454545454545
2021-05-14;2021-05-13;CZ071;188.891109200000;146.931394300000;0.825082508250;;0.553459119496
2021-05-14;2021-05-13;CZ072;288.561484700000;197.499428700000;0.802325581395;;0.390909090909
2021-05-14;2021-05-13;CZ080;258.795440100000;179.327931500000;0.862757330006;;0.283018867924
2021-05-15;2021-05-14;CZ010;144.709995700000;78.621632400000;0.718464351005;;0.350000000000
2021-05-15;2021-05-14;CZ020;147.067554500000;78.023506900000;0.710503842869;;0.390728476821
2021-05-15;2021-05-14;CZ031;259.963856700000;146.247920000000;0.669156883671;;0.274853801169
2021-05-15;2021-05-14;CZ032;104.730467000000;53.438566200000;0.623655913978;;0.552631578947
2021-05-15;2021-05-14;CZ041;67.846074600000;64.161621400000;0.857142857142;;0.703703703703
2021-05-15;2021-05-14;CZ042;214.931628200000;156.486839700000;0.652600588812;;0.374384236453
2021-05-15;2021-05-14;CZ051;156.618664000000;109.008026900000;0.750000000000;;0.545454545454
2021-05-15;2021-05-14;CZ052;71.895033200000;33.011471400000;0.765258215962;;0.372093023255
2021-05-15;2021-05-14;CZ053;141.339106700000;96.626436600000;0.704387990762;;0.481481481481
2021-05-15;2021-05-14;CZ063;252.332701800000;121.988122700000;0.621870882740;;0.336734693877
2021-05-15;2021-05-14;CZ064;188.483988000000;136.008301000000;0.741001564945;;0.458860759493
2021-05-15;2021-05-14;CZ071;177.471999300000;138.642956700000;0.820168067226;;0.572368421052
2021-05-15;2021-05-14;CZ072;274.771210700000;186.889955200000;0.762945914844;;0.387850467289
2021-05-15;2021-05-14;CZ080;247.645523100000;169.045366600000;0.831446540880;;0.282191780821
2021-05-16;2021-05-15;CZ010;141.114716300000;72.695378700000;0.787692307692;;0.371621621621
2021-05-16;2021-05-15;CZ020;143.777132500000;73.411279900000;0.802383316782;;0.376811594202
2021-05-16;2021-05-15;CZ031;250.795974200000;144.755594300000;0.683926645091;;0.290322580645
2021-05-16;2021-05-15;CZ032;100.669835000000;50.972170800000;0.613333333333;;0.577464788732
2021-05-16;2021-05-15;CZ041;64.095789100000;64.161621400000;0.775862068965;;0.692307692307
2021-05-16;2021-05-15;CZ042;205.262152900000;147.895405400000;0.675213675213;;0.371859296482
2021-05-16;2021-05-15;CZ051;158.652672600000;107.906935700000;0.840455840455;;0.546666666666
2021-05-16;2021-05-15;CZ052;66.629992900000;32.186184600000;0.814070351758;;0.372093023255
2021-05-16;2021-05-15;CZ053;137.513961700000;96.626436600000;0.805633802816;;0.506172839506
2021-05-16;2021-05-15;CZ063;240.541454000000;112.531679000000;0.636118598382;;0.360465116279
2021-05-16;2021-05-15;CZ064;186.643487500000;133.941305500000;0.775262732417;;0.462500000000
2021-05-16;2021-05-15;CZ071;175.568814400000;136.382473700000;0.904332129963;;0.597315436241
2021-05-16;2021-05-15;CZ072;256.326719100000;168.119348400000;0.774074074074;;0.384615384615
2021-05-16;2021-05-15;CZ080;242.280149600000;163.698432900000;0.823943661971;;0.271929824561
2021-05-17;2021-05-16;CZ010;137.968846900000;69.534710000000;0.794055201698;;0.387323943661
2021-05-17;2021-05-16;CZ020;140.629772400000;69.567757400000;0.857605177993;;0.379562043795
2021-05-17;2021-05-16;CZ031;243.958909200000;144.755594300000;0.750889679715;;0.294520547945
2021-05-17;2021-05-16;CZ032;99.993063000000;48.505775400000;0.688679245283;;0.600000000000
2021-05-17;2021-05-16;CZ041;63.754854000000;64.161621400000;0.908163265306;;0.680000000000
2021-05-17;2021-05-16;CZ042;202.202192400000;143.599688200000;0.799242424242;;0.378238341968
2021-05-17;2021-05-16;CZ051;154.584655400000;102.401479800000;0.851311953352;;0.528571428571
2021-05-17;2021-05-16;CZ052;66.811546000000;35.487331800000;0.824468085106;;0.380952380952
2021-05-17;2021-05-16;CZ053;136.366418200000;93.839135500000;0.777777777777;;0.520000000000
2021-05-17;2021-05-16;CZ063;238.183204500000;110.640390300000;0.660349854227;;0.349397590361
2021-05-17;2021-05-16;CZ064;185.974214500000;129.807314600000;0.814655172413;;0.456026058631
2021-05-17;2021-05-16;CZ071;172.555438100000;130.354519000000;0.924953095684;;0.608391608391
2021-05-17;2021-05-16;CZ072;255.464827000000;166.487121700000;0.801307189542;;0.385000000000
2021-05-17;2021-05-16;CZ080;240.268134500000;162.464525100000;0.870989761092;;0.280966767371
2021-05-18;2021-05-17;CZ010;127.707320200000;65.188790600000;0.793478260869;;0.365671641791
2021-05-18;2021-05-17;CZ020;129.256357400000;64.571178100000;0.889877641824;;0.404761904761
2021-05-18;2021-05-17;CZ031;235.101802300000;127.593848600000;0.768020969855;;0.291338582677
2021-05-18;2021-05-17;CZ032;99.147098000000;50.972170800000;0.712837837837;;0.606557377049
2021-05-18;2021-05-17;CZ041;66.141399400000;59.226112100000;0.886363636363;;0.680000000000
2021-05-18;2021-05-17;CZ042;186.167999100000;134.394580000000;0.783132530120;;0.396449704142
2021-05-18;2021-05-17;CZ051;143.736609400000;90.289476800000;0.863636363636;;0.548387096774
2021-05-18;2021-05-17;CZ052;65.722227300000;35.487331800000;0.947674418604;;0.358974358974
2021-05-18;2021-05-17;CZ053;118.196979600000;76.186228800000;0.824451410658;;0.534246575342
2021-05-18;2021-05-17;CZ063;231.894539000000;108.749101600000;0.723966942148;;0.333333333333
2021-05-18;2021-05-17;CZ064;177.022689100000;119.472337300000;0.789757412398;;0.444444444444
2021-05-18;2021-05-17;CZ071;160.184735800000;117.545115400000;0.894117647058;;0.646153846153
2021-05-18;2021-05-17;CZ072;242.708823500000;162.406555000000;0.853067047075;;0.373684210526
2021-05-18;2021-05-17;CZ080;226.351696800000;145.601118700000;0.841093865484;;0.287625418060
2021-05-19;2021-05-18;CZ010;124.112040800000;58.867453400000;0.838218053927;;0.371212121212
2021-05-19;2021-05-18;CZ020;118.240597000000;56.115428600000;0.832568807339;;0.409836065573
2021-05-19;2021-05-18;CZ031;207.598154600000;120.132220000000;0.697312588401;;0.322314049586
2021-05-19;2021-05-18;CZ032;89.333904000000;40.284457500000;0.774907749077;;0.632653061224
2021-05-19;2021-05-18;CZ041;64.095789100000;64.161621400000;0.989010989010;;0.692307692307
2021-05-19;2021-05-18;CZ042;165.360267500000;111.074972500000;0.820851688693;;0.402597402597
2021-05-19;2021-05-18;CZ051;134.244569100000;84.784020900000;0.842281879194;;0.573770491803
2021-05-19;2021-05-18;CZ052;64.088249300000;37.137905400000;0.916666666666;;0.416666666666
2021-05-19;2021-05-18;CZ053;115.136863600000;73.398927800000;0.775641025641;;0.563380281690
2021-05-19;2021-05-18;CZ063;209.098126700000;97.401369200000;0.653979238754;;0.347222222222
2021-05-19;2021-05-18;CZ064;165.728708500000;115.338346400000;0.781904761904;;0.463414634146
2021-05-19;2021-05-18;CZ071;155.902569600000;114.531138100000;0.900000000000;;0.666666666666
2021-05-19;2021-05-18;CZ072;222.023412400000;153.429308200000;0.757971014492;;0.389830508474
2021-05-19;2021-05-18;CZ080;214.614942200000;132.439435600000;0.791757049891;;0.299651567944
2021-05-20;2021-05-19;CZ010;118.794023400000;54.916617600000;0.847328244274;;0.350427350427
2021-05-20;2021-05-19;CZ020;111.445160400000;51.118849400000;0.792067307692;;0.381818181818
2021-05-20;2021-05-19;CZ031;190.350104300000;111.924428600000;0.736842105263;;0.324786324786
2021-05-20;2021-05-19;CZ032;83.242956000000;38.640194000000;0.844827586206;;0.632653061224
2021-05-20;2021-05-19;CZ041;54.890542800000;54.290602700000;0.869047619047;;0.708333333333
2021-05-20;2021-05-19;CZ042;152.141237900000;100.642516500000;0.745864661654;;0.455172413793
2021-05-20;2021-05-19;CZ051;130.628553800000;82.581838600000;0.843537414965;;0.534482758620
2021-05-20;2021-05-19;CZ052;57.370784100000;30.535611100000;0.883435582822;;0.416666666666
2021-05-20;2021-05-19;CZ053;102.131370700000;71.540727100000;0.704918032786;;0.611940298507
2021-05-20;2021-05-19;CZ063;187.873880800000;90.781858700000;0.743644067796;;0.375000000000
2021-05-20;2021-05-19;CZ064;157.864751600000;106.656965500000;0.817317845828;;0.463601532567
2021-05-20;2021-05-19;CZ071;150.351613400000;104.735711800000;0.897540983606;;0.675675675675
2021-05-20;2021-05-19;CZ072;202.199893400000;140.371494700000;0.711915535444;;0.373563218390
2021-05-20;2021-05-19;CZ080;200.530836600000;120.100357800000;0.785930408472;;0.297397769516
2021-05-21;2021-05-20;CZ010;111.004251400000;53.336283200000;0.819010416666;;0.357142857142
2021-05-21;2021-05-20;CZ020;102.503796500000;46.122270100000;0.694306930693;;0.361904761904
2021-05-21;2021-05-20;CZ031;172.791278300000;100.731985700000;0.638801261829;;0.339449541284
2021-05-21;2021-05-20;CZ032;78.674745000000;35.351666800000;0.843478260869;;0.613636363636
2021-05-21;2021-05-20;CZ041;52.163062400000;52.645433000000;0.688888888888;;0.636363636363
2021-05-21;2021-05-20;CZ042;139.044606800000;87.755365000000;0.719936708860;;0.459854014598
2021-05-21;2021-05-20;CZ051;126.560536600000;74.874200300000;0.888135593220;;0.615384615384
2021-05-21;2021-05-20;CZ052;56.644571600000;30.535611100000;0.814814814814;;0.416666666666
2021-05-21;2021-05-20;CZ053;96.011138800000;64.107924200000;0.664335664335;;0.564516129032
2021-05-21;2021-05-20;CZ063;175.886112200000;83.216703800000;0.671610169491;;0.389830508474
2021-05-21;2021-05-20;CZ064;146.570771000000;101.282777300000;0.732012513034;;0.473469387755
2021-05-21;2021-05-20;CZ071;147.338237200000;99.461251500000;0.856287425149;;0.686274509803
2021-05-21;2021-05-20;CZ072;194.615242700000;137.107041400000;0.700159489633;;0.379518072289
2021-05-21;2021-05-20;CZ080;192.398942300000;108.995187700000;0.708624708624;;0.306451612903
2021-05-22;2021-05-21;CZ010;103.439184300000;48.990363900000;0.795454545454;;0.352380952380
2021-05-22;2021-05-21;CZ020;95.565298000000;40.741338600000;0.633962264150;;0.343434343434
2021-05-22;2021-05-21;CZ031;158.806372700000;91.778031400000;0.624012638230;;0.363636363636
2021-05-22;2021-05-21;CZ032;71.737832000000;32.885271500000;0.876712328767;;0.619047619047
2021-05-22;2021-05-21;CZ041;49.094646900000;47.709923600000;0.674157303370;;0.631578947368
2021-05-22;2021-05-21;CZ042;129.007936300000;83.459647800000;0.614533965244;;0.454545454545
2021-05-22;2021-05-21;CZ051;123.848525100000;69.368744400000;0.869863013698;;0.595744680851
2021-05-22;2021-05-21;CZ052;51.379531300000;28.885037500000;0.774193548387;;0.448275862068
2021-05-22;2021-05-21;CZ053;91.229707600000;62.249723500000;0.614285714285;;0.559322033898
2021-05-22;2021-05-21;CZ063;148.962763200000;79.434126400000;0.631346578366;;0.389830508474
2021-05-22;2021-05-21;CZ064;136.615336200000;94.254992800000;0.725925925925;;0.497757847533
2021-05-22;2021-05-21;CZ071;143.373268400000;96.447274200000;0.843813387423;;0.723404255319
2021-05-22;2021-05-21;CZ072;187.030591900000;133.026474700000;0.688417618270;;0.371951219512
2021-05-22;2021-05-21;CZ080;179.404678200000;103.236951400000;0.641065830721;;0.323144104803
2021-05-23;2021-05-22;CZ010;100.967429700000;48.990363900000;0.794520547945;;0.354166666666
2021-05-23;2021-05-22;CZ020;90.701196000000;36.897816100000;0.575000000000;;0.329670329670
2021-05-23;2021-05-22;CZ031;157.563270000000;91.778031400000;0.648464163822;;0.376344086021
2021-05-23;2021-05-22;CZ032;71.230253000000;32.063139700000;0.905213270142;;0.627906976744
2021-05-23;2021-05-22;CZ041;45.685296400000;42.774414300000;0.564102564102;;0.611111111111
2021-05-23;2021-05-22;CZ042;121.419234100000;77.322909000000;0.615384615384;;0.465116279069
2021-05-23;2021-05-22;CZ051;124.752528900000;69.368744400000;0.901754385964;;0.600000000000
2021-05-23;2021-05-22;CZ052;51.197978200000;27.234463900000;0.736196319018;;0.448275862068
2021-05-23;2021-05-22;CZ053;88.169591600000;63.178823900000;0.665399239543;;0.578947368421
2021-05-23;2021-05-22;CZ063;142.870618500000;76.597193300000;0.582191780821;;0.406779661016
2021-05-23;2021-05-22;CZ064;132.014084800000;90.947800000000;0.704209328782;;0.504587155963
2021-05-23;2021-05-22;CZ071;144.483459700000;96.447274200000;0.899122807017;;0.736263736263
2021-05-23;2021-05-22;CZ072;177.377400100000;123.233114600000;0.672240802675;;0.350000000000
2021-05-23;2021-05-22;CZ080;174.542308400000;98.712622800000;0.698594024604;;0.341121495327
2021-05-24;2021-05-23;CZ010;98.870183400000;46.224778800000;0.800000000000;;0.363636363636
2021-05-24;2021-05-23;CZ020;89.199046900000;34.976054800000;0.622589531680;;0.333333333333
2021-05-24;2021-05-23;CZ031;157.563270000000;90.285705700000;0.772819472616;;0.367816091954
2021-05-24;2021-05-23;CZ032;69.707516000000;32.063139700000;0.919047619047;;0.641025641025
2021-05-24;2021-05-23;CZ041;45.344361400000;42.774414300000;0.488888888888;;0.611111111111
2021-05-24;2021-05-23;CZ042;121.419234100000;78.550256800000;0.642218246869;;0.450000000000
2021-05-24;2021-05-23;CZ051;124.074526000000;68.267653200000;1.023904382470;;0.571428571428
2021-05-24;2021-05-23;CZ052;48.656234600000;23.933316800000;0.684848484848;;0.434782608695
2021-05-24;2021-05-23;CZ053;85.300732800000;60.391522800000;0.685950413223;;0.563636363636
2021-05-24;2021-05-23;CZ063;139.333244200000;72.814615800000;0.677248677248;;0.396551724137
2021-05-24;2021-05-23;CZ064;129.169674900000;89.707602800000;0.729598051157;;0.490196078431
2021-05-24;2021-05-23;CZ071;144.324860900000;94.186791200000;0.926666666666;;0.710843373493
2021-05-24;2021-05-23;CZ072;174.791723700000;122.417001200000;0.766730401529;;0.358108108108
2021-05-24;2021-05-23;CZ080;172.194957500000;97.067412400000;0.710502283105;;0.323529411764
2021-05-25;2021-05-24;CZ010;93.851772600000;40.693608700000;0.785285285285;;0.326086956521
2021-05-25;2021-05-24;CZ020;86.337810400000;33.438645800000;0.617602427921;;0.312500000000
2021-05-25;2021-05-24;CZ031;140.936771100000;84.316402800000;0.694805194805;;0.329113924050
2021-05-25;2021-05-24;CZ032;67.169621000000;26.308217200000;0.948979591836;;0.588235294117
2021-05-25;2021-05-24;CZ041;37.161920200000;34.548565400000;0.424657534246;;0.428571428571
2021-05-25;2021-05-24;CZ042;111.260165100000;63.822083600000;0.653225806451;;0.467289719626
2021-05-25;2021-05-24;CZ051;116.842495400000;64.964379700000;0.935483870967;;0.540540540540
2021-05-25;2021-05-24;CZ052;47.203809700000;23.108030000000;0.673611111111;;0.421052631578
2021-05-25;2021-05-24;CZ053;78.032957400000;57.604221800000;0.674418604651;;0.571428571428
2021-05-25;2021-05-24;CZ063;132.651537100000;69.977682700000;0.675213675213;;0.392857142857
2021-05-25;2021-05-24;CZ064;120.218149500000;80.199423700000;0.720930232558;;0.465608465608
2021-05-25;2021-05-24;CZ071;131.636961100000;82.130881900000;0.853881278538;;0.734177215189
2021-05-25;2021-05-24;CZ072;168.586100400000;113.439754500000;0.805084745762;;0.354330708661
2021-05-25;2021-05-24;CZ080;157.440180200000;86.784847600000;0.712223291626;;0.338624338624
2021-05-26;2021-05-25;CZ010;87.709836900000;37.928023600000;0.724960254372;;0.321428571428
2021-05-26;2021-05-25;CZ020;75.822766400000;31.132532300000;0.595365418894;;0.347222222222
2021-05-26;2021-05-25;CZ031;124.931823500000;69.393145700000;0.767901234567;;0.328767123287
2021-05-26;2021-05-25;CZ032;65.646884000000;23.841821800000;0.917525773195;;0.580645161290
2021-05-26;2021-05-25;CZ041;35.116309900000;31.258225800000;0.209677419354;;0.461538461538
2021-05-26;2021-05-25;CZ042;104.650650400000;61.981062000000;0.650549450549;;0.466666666666
2021-05-26;2021-05-25;CZ051;108.480459900000;68.267653200000;0.874045801526;;0.540540540540
2021-05-26;2021-05-25;CZ052;44.480512900000;20.632169600000;0.606060606060;;0.333333333333
2021-05-26;2021-05-25;CZ053;69.617638500000;48.313218300000;0.642105263157;;0.574468085106
2021-05-26;2021-05-25;CZ063;112.213374400000;61.466883500000;0.608832807570;;0.400000000000
2021-05-26;2021-05-25;CZ064;107.669282100000;72.758240000000;0.663817663817;;0.490797546012
2021-05-26;2021-05-25;CZ071;125.927406100000;80.623893300000;0.801864801864;;0.756756756756
2021-05-26;2021-05-25;CZ072;154.278691000000;106.910847700000;0.847380410022;;0.335937500000
2021-05-26;2021-05-25;CZ080;144.110580300000;79.792703400000;0.684210526315;;0.327586206896
2021-05-27;2021-05-26;CZ010;82.017311200000;35.162438600000;0.721008403361;;0.285714285714
2021-05-27;2021-05-26;CZ020;70.100293400000;30.363827800000;0.636904761904;;0.370967741935
2021-05-27;2021-05-26;CZ031;115.453165300000;67.154657100000;0.711392405063;;0.308823529411
2021-05-27;2021-05-26;CZ032;61.755445000000;24.663953600000;0.880208333333;;0.612903225806
2021-05-27;2021-05-26;CZ041;29.320414100000;27.967886200000;0.216666666666;;0.461538461538
2021-05-27;2021-05-26;CZ042;94.981175100000;55.230649300000;0.719794344473;;0.479166666666
2021-05-27;2021-05-26;CZ051;103.960440700000;67.166562000000;0.834645669291;;0.476190476190
2021-05-27;2021-05-26;CZ052;41.575663100000;18.981596100000;0.708333333333;;0.384615384615
2021-05-27;2021-05-26;CZ053;61.967348500000;47.384117900000;0.633720930232;;0.600000000000
2021-05-27;2021-05-26;CZ063;107.300354500000;57.684306000000;0.681818181818;;0.387755102040
2021-05-27;2021-05-26;CZ064;99.470688700000;65.730455500000;0.604956268221;;0.467532467532
2021-05-27;2021-05-26;CZ071;120.852246200000;78.363410300000;0.778846153846;;0.765625000000
2021-05-27;2021-05-26;CZ072;141.522687500000;102.830281000000;0.827014218009;;0.365853658536
2021-05-27;2021-05-26;CZ080;137.068527500000;72.800559300000;0.728606356968;;0.339506172839
2021-05-28;2021-05-27;CZ010;77.972621900000;32.396853500000;0.710344827586;;0.315068493150
2021-05-28;2021-05-27;CZ020;63.447918700000;28.826418800000;0.708695652173;;0.392857142857
2021-05-28;2021-05-27;CZ031;106.596058400000;61.185354300000;0.739473684210;;0.306451612903
2021-05-28;2021-05-27;CZ032;60.740287000000;24.663953600000;0.863874345549;;0.593750000000
2021-05-28;2021-05-27;CZ041;26.251998700000;23.032376900000;0.340909090909;;0.600000000000
2021-05-28;2021-05-27;CZ042;88.738855600000;47.866562700000;0.750000000000;;0.493975903614
2021-05-28;2021-05-27;CZ051;101.474430200000;59.458923700000;0.727626459143;;0.463414634146
2021-05-28;2021-05-27;CZ052;37.218388400000;18.981596100000;0.608333333333;;0.363636363636
2021-05-28;2021-05-27;CZ053;55.655859300000;40.880415400000;0.577142857142;;0.636363636363
2021-05-28;2021-05-27;CZ063;98.260397900000;50.119151100000;0.717647058823;;0.428571428571
2021-05-28;2021-05-27;CZ064;94.032846200000;63.250060900000;0.681744749596;;0.431506849315
2021-05-28;2021-05-27;CZ071;116.411481200000;70.074972600000;0.743902439024;;0.754385964912
2021-05-28;2021-05-27;CZ072;128.077170300000;87.324127500000;0.756218905472;;0.336206896551
2021-05-28;2021-05-27;CZ080;123.655093600000;66.631020400000;0.708176100628;;0.342281879194
2021-05-29;2021-05-28;CZ010;73.478522600000;29.236184900000;0.674825174825;;0.323529411764
2021-05-29;2021-05-28;CZ020;57.653914800000;24.214191800000;0.668141592920;;0.396226415094
2021-05-29;2021-05-28;CZ031;104.109852900000;58.946865700000;0.721784776902;;0.307692307692
2021-05-29;2021-05-28;CZ032;60.063515000000;26.308217200000;0.844559585492;;0.620689655172
2021-05-29;2021-05-28;CZ041;25.911063600000;21.387207100000;0.363636363636;;0.700000000000
2021-05-29;2021-05-28;CZ042;81.150153400000;41.729823900000;0.763231197771;;0.506493506493
2021-05-29;2021-05-28;CZ051;94.920402400000;59.458923700000;0.645914396887;;0.444444444444
2021-05-29;2021-05-28;CZ052;35.402857200000;18.981596100000;0.663716814159;;0.333333333333
2021-05-29;2021-05-28;CZ053;49.153112900000;38.093114400000;0.512048192771;;0.656250000000
2021-05-29;2021-05-28;CZ063;88.827399700000;43.499640600000;0.648437500000;;0.395348837209
2021-05-29;2021-05-28;CZ064;88.009389800000;57.462473600000;0.611018363939;;0.424242424242
2021-05-29;2021-05-28;CZ071;110.384728800000;67.814489600000;0.671462829736;;0.781818181818
2021-05-29;2021-05-28;CZ072;124.284845000000;85.691900800000;0.745635910224;;0.342592592592
2021-05-29;2021-05-28;CZ080;113.343516300000;62.106691800000;0.686375321336;;0.338345864661
2021-05-30;2021-05-29;CZ010;70.482456500000;28.050934100000;0.690248565965;;0.301587301587
2021-05-30;2021-05-29;CZ020;54.792678300000;23.445487300000;0.751842751842;;0.400000000000
2021-05-30;2021-05-29;CZ031;99.448217700000;54.469888500000;0.809968847352;;0.300000000000
2021-05-30;2021-05-29;CZ032;60.232708000000;26.308217200000;0.887096774193;;0.653846153846
2021-05-30;2021-05-29;CZ041;20.456102900000;14.806528000000;0.516129032258;;0.600000000000
2021-05-30;2021-05-29;CZ042;77.845396100000;38.047780600000;0.851851851851;;0.513888888888
2021-05-30;2021-05-29;CZ051;94.468400500000;59.458923700000;0.693965517241;;0.431818181818
2021-05-30;2021-05-29;CZ052;33.768879200000;18.156309300000;0.680412371134;;0.375000000000
2021-05-30;2021-05-29;CZ053;50.300656300000;39.022214700000;0.606896551724;;0.655172413793
2021-05-30;2021-05-29;CZ063;81.556130200000;40.662707500000;0.675105485232;;0.418604651162
2021-05-30;2021-05-29;CZ064;81.985933500000;53.328482700000;0.646953405017;;0.425000000000
2021-05-30;2021-05-29;CZ071;110.701926300000;66.307501000000;0.770053475935;;0.740000000000
2021-05-30;2021-05-29;CZ072;117.734464800000;77.530767400000;0.739473684210;;0.346938775510
2021-05-30;2021-05-29;CZ080;107.223637100000;60.050178900000;0.654054054054;;0.348484848484
2021-05-31;2021-05-30;CZ010;70.182849900000;27.655850500000;0.800438596491;;0.327868852459
2021-05-31;2021-05-30;CZ020;54.291961900000;23.445487300000;0.919161676646;;0.433962264150
2021-05-31;2021-05-30;CZ031;99.603605600000;51.485237100000;0.836012861736;;0.306122448979
2021-05-31;2021-05-30;CZ032;58.879164000000;27.130348900000;0.870786516853;;0.653846153846
2021-05-31;2021-05-30;CZ041;20.456102900000;14.806528000000;1.230769230769;;0.600000000000
2021-05-31;2021-05-30;CZ042;75.519826000000;38.661454500000;0.871621621621;;0.531250000000
2021-05-31;2021-05-30;CZ051;93.338395700000;57.256741400000;0.681222707423;;0.428571428571
2021-05-31;2021-05-30;CZ052;31.408688700000;14.855162100000;0.750000000000;;0.375000000000
2021-05-31;2021-05-30;CZ053;48.961855600000;36.234913700000;0.737704918032;;0.620689655172
2021-05-31;2021-05-30;CZ063;81.359609400000;40.662707500000;0.818652849740;;0.439024390243
2021-05-31;2021-05-30;CZ064;77.802977700000;52.088285500000;0.710300429184;;0.410714285714
2021-05-31;2021-05-30;CZ071;109.274537600000;67.814489600000;0.790697674418;;0.739130434782
2021-05-31;2021-05-30;CZ072;117.734464800000;79.162994100000;0.758064516129;;0.364583333333
2021-05-31;2021-05-30;CZ080;105.295456000000;57.582363300000;0.766025641025;;0.336000000000
2021-06-01;2021-05-31;CZ010;64.265619200000;25.285349100000;0.780885780885;;0.344827586206
2021-06-01;2021-05-31;CZ020;50.429292700000;21.523726000000;0.928348909657;;0.441860465116
2021-06-01;2021-05-31;CZ031;90.435723000000;51.485237100000;0.928825622775;;0.297872340425
2021-06-01;2021-05-31;CZ032;55.495304000000;23.019690000000;0.840236686390;;0.727272727272
2021-06-01;2021-05-31;CZ041;15.683012200000;13.161358200000;1.153846153846;;0.428571428571
2021-06-01;2021-05-31;CZ042;68.665514400000;31.911041800000;0.846428571428;;0.483870967741
2021-06-01;2021-05-31;CZ051;87.688371700000;55.054559000000;0.735849056603;;0.450000000000
2021-06-01;2021-05-31;CZ052;27.959179500000;12.379301800000;0.670588235294;;0.500000000000
2021-06-01;2021-05-31;CZ053;46.092996900000;39.022214700000;0.880733944954;;0.703703703703
2021-06-01;2021-05-31;CZ063;76.446589500000;39.717063200000;0.779487179487;;0.473684210526
2021-06-01;2021-05-31;CZ064;74.205635700000;48.781092700000;0.792771084337;;0.417475728155
2021-06-01;2021-05-31;CZ071;99.282816400000;61.786535000000;0.777777777777;;0.738095238095
2021-06-01;2021-05-31;CZ072;109.115543500000;74.266314100000;0.724928366762;;0.382022471910
2021-06-01;2021-05-31;CZ080;97.415063600000;51.412824400000;0.708053691275;;0.344827586206
2021-06-02;2021-06-01;CZ010;58.048781900000;22.519764000000;0.774271844660;;0.346153846153
2021-06-02;2021-06-01;CZ020;44.921412500000;16.911499000000;0.901840490797;;0.400000000000
2021-06-02;2021-06-01;CZ031;83.443270200000;39.546631400000;0.804270462633;;0.175000000000
2021-06-02;2021-06-01;CZ032;54.649339000000;20.553294600000;0.878787878787;;0.761904761904
2021-06-02;2021-06-01;CZ041;9.546181300000;4.935509300000;1.000000000000;;0.333333333333
2021-06-02;2021-06-01;CZ042;63.157585500000;31.297367900000;0.814814814814;;0.484375000000
2021-06-02;2021-06-01;CZ051;87.914372700000;55.054559000000;0.855614973262;;0.447368421052
2021-06-02;2021-06-01;CZ052;24.509670400000;9.078154600000;0.753424657534;;0.400000000000
2021-06-02;2021-06-01;CZ053;38.633964200000;35.305813300000;0.792079207920;;0.615384615384
2021-06-02;2021-06-01;CZ063;67.799674500000;35.934485700000;0.830601092896;;0.486486486486
2021-06-02;2021-06-01;CZ064;63.497268900000;39.686312700000;0.694312796208;;0.416666666666
2021-06-02;2021-06-01;CZ071;88.973897800000;55.758580400000;0.711475409836;;0.710526315789
2021-06-02;2021-06-01;CZ072;106.012731800000;67.737407300000;0.799342105263;;0.373493975903
2021-06-02;2021-06-01;CZ080;86.265146700000;49.356311400000;0.719360568383;;0.313725490196
2021-06-03;2021-06-02;CZ010;54.453502500000;21.334513300000;0.772020725388;;0.387755102040
2021-06-03;2021-06-02;CZ020;43.490794300000;16.527146700000;0.950331125827;;0.394736842105
2021-06-03;2021-06-02;CZ031;78.470859300000;30.592677100000;0.814545454545;;0.222222222222
2021-06-03;2021-06-02;CZ032;52.619023000000;18.909031100000;0.871165644171;;0.684210526315
2021-06-03;2021-06-02;CZ041;9.546181300000;4.935509300000;0.937500000000;;0.333333333333
2021-06-03;2021-06-02;CZ042;58.506445500000;29.456346300000;0.722627737226;;0.472727272727
2021-06-03;2021-06-02;CZ051;83.394353500000;50.650194300000;0.945783132530;;0.432432432432
2021-06-03;2021-06-02;CZ052;24.509670400000;9.078154600000;0.666666666666;;0.333333333333
2021-06-03;2021-06-02;CZ053;36.530134400000;30.660311600000;0.964705882352;;0.500000000000
2021-06-03;2021-06-02;CZ063;60.921446700000;33.097552600000;0.692771084337;;0.463414634146
2021-06-03;2021-06-02;CZ064;57.808449000000;38.032716400000;0.754098360655;;0.423913043478
2021-06-03;2021-06-02;CZ071;78.664979100000;46.716648400000;0.614285714285;;0.666666666666
2021-06-03;2021-06-02;CZ072;103.254677000000;62.024613900000;0.836120401337;;0.349397590361
2021-06-03;2021-06-02;CZ080;81.235108900000;48.122403600000;0.698501872659;;0.294736842105
2021-06-04;2021-06-03;CZ010;55.352322400000;20.149262500000;0.905817174515;;0.400000000000
2021-06-04;2021-06-03;CZ020;43.133139700000;15.758442200000;0.905228758169;;0.416666666666
2021-06-04;2021-06-03;CZ031;84.064821500000;31.338840000000;1.000000000000;;0.233333333333
2021-06-04;2021-06-03;CZ032;51.942251000000;18.909031100000;0.860606060606;;0.764705882352
2021-06-04;2021-06-03;CZ041;9.205246300000;4.935509300000;0.750000000000;;0.400000000000
2021-06-04;2021-06-03;CZ042;55.079289600000;26.387976900000;0.652173913043;;0.509803921568
2021-06-04;2021-06-03;CZ051;77.518328600000;45.144738400000;0.968944099378;;0.411764705882
2021-06-04;2021-06-03;CZ052;22.149479900000;10.728728200000;0.742424242424;;0.333333333333
2021-06-04;2021-06-03;CZ053;35.765105400000;32.518512300000;0.977272727272;;0.521739130434
2021-06-04;2021-06-03;CZ063;54.829302000000;30.260619500000;0.600000000000;;0.512820512820
2021-06-04;2021-06-03;CZ064;55.549652900000;34.312124500000;0.670360110803;;0.388235294117
2021-06-04;2021-06-03;CZ071;73.114022900000;43.702671100000;0.541666666666;;0.647058823529
2021-06-04;2021-06-03;CZ072;92.050079300000;48.150687100000;0.818505338078;;0.337500000000
2021-06-04;2021-06-03;CZ080;76.121237300000;46.477193200000;0.712809917355;;0.309523809523
2021-06-05;2021-06-04;CZ010;52.955469400000;18.173844600000;0.879452054794;;0.413043478260
2021-06-05;2021-06-04;CZ020;39.556594100000;13.836681000000;0.817589576547;;0.483870967741
2021-06-05;2021-06-04;CZ031;78.626247100000;32.085002800000;0.888461538461;;0.214285714285
2021-06-05;2021-06-04;CZ032;52.449830000000;18.086899300000;0.948387096774;;0.750000000000
2021-06-05;2021-06-04;CZ041;8.182441100000;1.645169700000;0.500000000000;;0.500000000000
2021-06-05;2021-06-04;CZ042;52.019329100000;24.546955200000;0.585271317829;;0.619047619047
2021-06-05;2021-06-04;CZ051;73.902313300000;42.942556000000;1.032051282051;;0.366666666666
2021-06-05;2021-06-04;CZ052;21.423267400000;11.554015000000;0.716666666666;;0.500000000000
2021-06-05;2021-06-04;CZ053;34.235047500000;29.731211200000;1.044444444444;;0.523809523809
2021-06-05;2021-06-04;CZ063;48.933678100000;25.532397700000;0.525316455696;;0.500000000000
2021-06-05;2021-06-04;CZ064;51.115719700000;31.831730000000;0.740181268882;;0.371794871794
2021-06-05;2021-06-04;CZ071;67.721665500000;38.428210800000;0.540441176470;;0.628571428571
2021-06-05;2021-06-04;CZ072;87.395861800000;41.621780400000;0.737588652482;;0.357142857142
2021-06-05;2021-06-04;CZ080;72.935546700000;46.477193200000;0.702928870292;;0.303797468354
2021-06-06;2021-06-05;CZ010;50.633518100000;16.593510300000;0.940298507462;;0.425531914893
2021-06-06;2021-06-05;CZ020;39.198939600000;13.836681000000;0.812080536912;;0.483870967741
2021-06-06;2021-06-05;CZ031;77.538532200000;29.846514300000;0.915708812260;;0.185185185185
2021-06-06;2021-06-05;CZ032;51.942251000000;18.086899300000;1.000000000000;;0.687500000000
2021-06-06;2021-06-05;CZ041;8.523376200000;1.645169700000;0.600000000000;;0.500000000000
2021-06-06;2021-06-05;CZ042;52.876118100000;26.387976900000;0.658227848101;;0.609756097560
2021-06-06;2021-06-05;CZ051;70.738299900000;41.841464800000;0.974358974358;;0.266666666666
2021-06-06;2021-06-05;CZ052;19.970842500000;11.554015000000;0.771929824561;;0.500000000000
2021-06-06;2021-06-05;CZ053;33.852533000000;28.802110900000;0.927083333333;;0.550000000000
2021-06-06;2021-06-05;CZ063;46.968470200000;23.641109000000;0.519736842105;;0.470588235294
2021-06-06;2021-06-05;CZ064;49.860833000000;30.178133600000;0.714285714285;;0.380281690140
2021-06-06;2021-06-05;CZ071;67.245869200000;37.674716400000;0.539682539682;;0.636363636363
2021-06-06;2021-06-05;CZ072;80.845481700000;39.173440400000;0.743083003952;;0.365079365079
2021-06-06;2021-06-05;CZ080;68.324678800000;43.598075100000;0.784360189573;;0.298701298701
2021-06-07;2021-06-06;CZ010;50.633518100000;16.593510300000;0.974921630094;;0.428571428571
2021-06-07;2021-06-06;CZ020;40.128841400000;13.067976500000;0.863945578231;;0.464285714285
2021-06-07;2021-06-06;CZ031;76.916980900000;29.846514300000;1.039823008849;;0.206896551724
2021-06-07;2021-06-06;CZ032;51.096286000000;18.086899300000;1.013793103448;;0.687500000000
2021-06-07;2021-06-06;CZ041;9.205246300000;1.645169700000;0.733333333333;;0.500000000000
2021-06-07;2021-06-06;CZ042;50.550548100000;24.546955200000;0.704545454545;;0.615384615384
2021-06-07;2021-06-06;CZ051;71.416302800000;40.740373700000;1.000000000000;;0.300000000000
2021-06-07;2021-06-06;CZ052;18.336864500000;11.554015000000;0.745454545454;;0.500000000000
2021-06-07;2021-06-06;CZ053;34.235047500000;27.873010500000;1.112500000000;;0.562500000000
2021-06-07;2021-06-06;CZ063;46.182387000000;22.695464600000;0.506578947368;;0.500000000000
2021-06-07;2021-06-06;CZ064;47.016423100000;28.937936300000;0.788395904436;;0.400000000000
2021-06-07;2021-06-06;CZ071;63.756696800000;36.921222100000;0.599078341013;;0.588235294117
2021-06-07;2021-06-06;CZ072;79.983589500000;38.357327000000;0.748971193415;;0.375000000000
2021-06-07;2021-06-06;CZ080;66.899501500000;42.775469900000;0.790123456790;;0.273972602739
2021-06-08;2021-06-07;CZ010;48.311566900000;15.408259600000;1.040268456375;;0.444444444444
2021-06-08;2021-06-07;CZ020;37.053012200000;11.146215200000;0.766550522648;;0.481481481481
2021-06-08;2021-06-07;CZ031;74.741551100000;24.623374200000;0.982142857142;;0.240000000000
2021-06-08;2021-06-07;CZ032;47.881619000000;16.442635700000;0.992957746478;;0.692307692307
2021-06-08;2021-06-07;CZ041;10.228051400000;1.645169700000;1.000000000000;;0.666666666666
2021-06-08;2021-06-07;CZ042;44.797822200000;25.774303000000;0.651515151515;;0.600000000000
2021-06-08;2021-06-07;CZ051;66.670282600000;33.032735400000;0.885350318471;;0.300000000000
2021-06-08;2021-06-07;CZ052;17.065992700000;11.554015000000;0.740000000000;;0.500000000000
2021-06-08;2021-06-07;CZ053;32.131217700000;22.298408400000;0.878048780487;;0.529411764705
2021-06-08;2021-06-07;CZ063;44.020658200000;21.749820300000;0.626086956521;;0.483870967741
2021-06-08;2021-06-07;CZ064;44.004694900000;28.524537300000;0.713768115942;;0.415384615384
2021-06-08;2021-06-07;CZ071;56.936950600000;35.414233500000;0.622093023255;;0.545454545454
2021-06-08;2021-06-07;CZ072;72.571317200000;39.173440400000;0.672000000000;;0.350877192982
2021-06-08;2021-06-07;CZ080;60.360452500000;39.485049100000;0.798927613941;;0.265625000000
2021-06-09;2021-06-08;CZ010;47.188042100000;14.223008800000;0.951070336391;;0.473684210526
2021-06-09;2021-06-08;CZ020;36.909950400000;10.761863000000;0.801444043321;;0.500000000000
2021-06-09;2021-06-08;CZ031;73.343060600000;27.608025700000;0.946153846153;;0.222222222222
2021-06-09;2021-06-08;CZ032;46.189689000000;15.620503900000;0.901408450704;;0.666666666666
2021-06-09;2021-06-08;CZ041;9.546181300000;1.645169700000;1.083333333333;;0.666666666666
2021-06-09;2021-06-08;CZ042;41.370666400000;22.092259700000;0.655555555555;;0.540540540540
2021-06-09;2021-06-08;CZ051;62.828266300000;23.122914800000;0.756410256410;;0.269230769230
2021-06-09;2021-06-08;CZ052;15.613567800000;9.903441400000;0.632653061224;;0.500000000000
2021-06-09;2021-06-08;CZ053;30.027388000000;20.440207700000;0.895348837209;;0.526315789473
2021-06-09;2021-06-08;CZ063;45.592824600000;22.695464600000;0.833333333333;;0.500000000000
2021-06-09;2021-06-08;CZ064;40.574671100000;22.736950000000;0.793388429752;;0.392857142857
2021-06-09;2021-06-08;CZ071;50.751599400000;30.139773100000;0.660256410256;;0.440000000000
2021-06-09;2021-06-08;CZ072;65.331423300000;34.276760300000;0.591304347826;;0.386363636363
2021-06-09;2021-06-08;CZ080;55.330414700000;35.372023100000;0.739130434782;;0.288135593220
2021-06-10;2021-06-09;CZ010;44.416680800000;12.642674500000;0.919003115264;;0.484848484848
2021-06-10;2021-06-09;CZ020;35.479332200000;10.377510700000;0.832669322709;;0.434782608695
2021-06-10;2021-06-09;CZ031;72.410733500000;25.369537100000;1.047619047619;;0.192307692307
2021-06-10;2021-06-09;CZ032;46.358882000000;13.154108600000;0.897959183673;;0.545454545454
2021-06-10;2021-06-09;CZ041;9.887116400000;1.645169700000;1.750000000000;;0.666666666666
2021-06-10;2021-06-09;CZ042;37.943510600000;23.319607400000;0.741721854304;;0.527777777777
2021-06-10;2021-06-09;CZ051;62.602265400000;19.819641200000;0.745341614906;;0.300000000000
2021-06-10;2021-06-09;CZ052;13.798036600000;8.252867800000;0.604651162790;;0.500000000000
2021-06-10;2021-06-09;CZ053;29.453616200000;17.652906600000;0.765957446808;;0.500000000000
2021-06-10;2021-06-09;CZ063;37.731992700000;19.858531600000;0.927710843373;;0.461538461538
2021-06-10;2021-06-09;CZ064;37.060988300000;21.496752700000;0.681632653061;;0.400000000000
2021-06-10;2021-06-09;CZ071;43.138859500000;24.865312800000;0.680272108843;;0.363636363636
2021-06-10;2021-06-09;CZ072;63.607639100000;32.644533600000;0.572115384615;;0.289473684210
2021-06-10;2021-06-09;CZ080;51.557886500000;32.904207600000;0.720238095238;;0.339622641509
2021-06-11;2021-06-10;CZ010;42.843746100000;11.062340200000;0.777777777777;;0.482758620689
2021-06-11;2021-06-10;CZ020;33.190343000000;8.455749500000;0.772727272727;;0.384615384615
2021-06-11;2021-06-10;CZ031;68.681425400000;24.623374200000;0.761506276150;;0.185185185185
2021-06-11;2021-06-10;CZ032;43.990180000000;13.154108600000;0.830985915492;;0.625000000000
2021-06-11;2021-06-10;CZ041;10.228051400000;4.935509300000;2.000000000000;;0.500000000000
2021-06-11;2021-06-10;CZ042;35.250745400000;25.160629100000;0.692307692307;;0.472222222222
2021-06-11;2021-06-10;CZ051;62.828266300000;19.819641200000;0.802631578947;;0.300000000000
2021-06-11;2021-06-10;CZ052;12.345611700000;6.602294200000;0.431818181818;;0.666666666666
2021-06-11;2021-06-10;CZ053;27.349786500000;17.652906600000;0.640449438202;;0.437500000000
2021-06-11;2021-06-10;CZ063;33.998097600000;19.858531600000;0.974683544303;;0.461538461538
2021-06-11;2021-06-10;CZ064;33.212669000000;20.256555400000;0.659574468085;;0.414634146341
2021-06-11;2021-06-10;CZ071;38.698094500000;24.111818500000;0.647058823529;;0.428571428571
2021-06-11;2021-06-10;CZ072;58.263907900000;31.012306900000;0.574468085106;;0.305555555555
2021-06-11;2021-06-10;CZ080;46.276346900000;27.968576400000;0.625377643504;;0.340425531914
2021-06-12;2021-06-11;CZ010;41.046106400000;9.086922300000;0.729903536977;;0.500000000000
2021-06-12;2021-06-11;CZ020;31.115946600000;7.302692700000;0.724409448818;;0.416666666666
2021-06-12;2021-06-11;CZ031;63.864402300000;21.638722800000;0.765957446808;;0.241379310344
2021-06-12;2021-06-11;CZ032;42.975022000000;9.865581400000;0.727891156462;;0.500000000000
2021-06-12;2021-06-11;CZ041;8.864311200000;3.290339500000;1.636363636363;;0.000000000000
2021-06-12;2021-06-11;CZ042;30.722003800000;24.546955200000;0.645161290322;;0.457142857142
2021-06-12;2021-06-11;CZ051;59.664252900000;19.819641200000;0.643750000000;;0.400000000000
2021-06-12;2021-06-11;CZ052;10.530080600000;5.777007500000;0.365853658536;;0.666666666666
2021-06-12;2021-06-11;CZ053;26.202243000000;14.865605600000;0.483146067415;;0.466666666666
2021-06-12;2021-06-11;CZ063;30.657244100000;17.967242800000;0.948051948051;;0.550000000000
2021-06-12;2021-06-11;CZ064;32.292418700000;18.189560000000;0.610389610389;;0.394736842105
2021-06-12;2021-06-11;CZ071;37.112107100000;21.097841200000;0.669230769230;;0.388888888888
2021-06-12;2021-06-11;CZ072;51.368770800000;23.667286900000;0.494505494505;;0.333333333333
2021-06-12;2021-06-11;CZ080;43.342158200000;24.266853100000;0.565625000000;;0.372093023255
2021-06-13;2021-06-12;CZ010;39.323368400000;8.296755100000;0.677419354838;;0.482758620689
2021-06-13;2021-06-12;CZ020;29.756859200000;7.302692700000;0.790909090909;;0.409090909090
2021-06-13;2021-06-12;CZ031;63.398238800000;21.638722800000;0.768181818181;;0.310344827586
2021-06-13;2021-06-12;CZ032;41.452285000000;8.221317800000;0.730496453900;;0.500000000000
2021-06-13;2021-06-12;CZ041;8.864311200000;3.290339500000;1.133333333333;;
2021-06-13;2021-06-12;CZ042;28.763629000000;23.319607400000;0.612403100775;;0.411764705882
2021-06-13;2021-06-12;CZ051;57.178242400000;19.819641200000;0.726618705035;;0.428571428571
2021-06-13;2021-06-12;CZ052;10.893186800000;5.777007500000;0.432432432432;;0.666666666666
2021-06-13;2021-06-12;CZ053;25.819728500000;14.865605600000;0.638888888888;;0.466666666666
2021-06-13;2021-06-12;CZ063;29.674640100000;17.967242800000;1.000000000000;;0.526315789473
2021-06-13;2021-06-12;CZ064;31.037531900000;16.949362700000;0.690355329949;;0.382352941176
2021-06-13;2021-06-12;CZ071;34.098730800000;20.344346900000;0.738317757009;;0.411764705882
2021-06-13;2021-06-12;CZ072;47.404067000000;22.035060200000;0.517857142857;;0.312500000000
2021-06-13;2021-06-12;CZ080;42.839154400000;21.799037500000;0.604026845637;;0.348837209302
2021-06-14;2021-06-13;CZ010;38.124941900000;8.691838700000;0.636655948553;;0.428571428571
2021-06-14;2021-06-13;CZ020;29.399204700000;8.071397200000;0.707207207207;;0.388888888888
2021-06-14;2021-06-13;CZ031;62.465911700000;21.638722800000;0.678861788617;;0.307692307692
2021-06-14;2021-06-13;CZ032;41.283092000000;7.399186000000;0.757812500000;;0.400000000000
2021-06-14;2021-06-13;CZ041;9.205246300000;3.290339500000;1.230769230769;;
2021-06-14;2021-06-13;CZ042;28.641230600000;22.092259700000;0.669491525423;;0.354838709677
2021-06-14;2021-06-13;CZ051;56.274238600000;19.819641200000;0.754237288135;;0.375000000000
2021-06-14;2021-06-13;CZ052;10.348527500000;5.777007500000;0.516129032258;;0.666666666666
2021-06-14;2021-06-13;CZ053;25.054699500000;14.865605600000;0.545454545454;;0.461538461538
2021-06-14;2021-06-13;CZ063;29.085077700000;16.075954100000;0.887500000000;;0.526315789473
2021-06-14;2021-06-13;CZ064;30.786554600000;17.776160900000;0.713541666666;;0.333333333333
2021-06-14;2021-06-13;CZ071;33.147138400000;18.837358200000;0.766990291262;;0.437500000000
2021-06-14;2021-06-13;CZ072;46.369796500000;20.402833500000;0.639705882352;;0.285714285714
2021-06-14;2021-06-13;CZ080;41.665479000000;21.799037500000;0.694117647058;;0.380952380952
2021-06-15;2021-06-14;CZ010;36.626908800000;8.296755100000;0.606779661016;;0.481481481481
2021-06-15;2021-06-14;CZ020;26.251844600000;7.687045000000;0.703349282296;;0.375000000000
2021-06-15;2021-06-14;CZ031;59.513542800000;22.384885700000;0.673553719008;;0.333333333333
2021-06-15;2021-06-14;CZ032;38.237618000000;5.754922500000;0.643939393939;;0.500000000000
2021-06-15;2021-06-14;CZ041;9.205246300000;3.290339500000;0.857142857142;;
2021-06-15;2021-06-14;CZ042;24.602082700000;22.705933600000;0.642857142857;;0.360000000000
2021-06-15;2021-06-14;CZ051;52.206221300000;15.415276500000;0.766666666666;;0.333333333333
2021-06-15;2021-06-14;CZ052;10.166974300000;4.951720700000;0.730769230769;;0.500000000000
2021-06-15;2021-06-14;CZ053;20.847040100000;10.220103800000;0.513888888888;;0.300000000000
2021-06-15;2021-06-14;CZ063;26.333786600000;13.239021000000;0.805194805194;;0.473684210526
2021-06-15;2021-06-14;CZ064;26.854576100000;16.949362700000;0.742514970059;;0.360000000000
2021-06-15;2021-06-14;CZ071;28.389175900000;14.316392200000;0.720000000000;;0.428571428571
2021-06-15;2021-06-14;CZ072;42.405092700000;15.506153400000;0.655462184873;;0.208333333333
2021-06-15;2021-06-14;CZ080;37.306113000000;20.153827100000;0.607438016528;;0.294117647058
2021-06-16;2021-06-15;CZ010;35.278679000000;8.296755100000;0.653061224489;;0.461538461538
2021-06-16;2021-06-15;CZ020;25.107350000000;8.071397200000;0.689839572192;;0.428571428571
2021-06-16;2021-06-15;CZ031;58.270440100000;23.877211400000;0.708791208791;;0.363636363636
2021-06-16;2021-06-15;CZ032;34.684565000000;5.754922500000;0.652542372881;;0.400000000000
2021-06-16;2021-06-15;CZ041;9.887116400000;3.290339500000;0.888888888888;;
2021-06-16;2021-06-15;CZ042;21.297325300000;20.251238000000;0.518518518518;;0.285714285714
2021-06-16;2021-06-15;CZ051;47.234200200000;15.415276500000;0.745901639344;;0.375000000000
2021-06-16;2021-06-15;CZ052;9.077655700000;4.126433900000;1.000000000000;;0.600000000000
2021-06-16;2021-06-15;CZ053;19.890753800000;11.149204200000;0.473684210526;;0.333333333333
2021-06-16;2021-06-15;CZ063;25.744224200000;12.293376700000;0.662337662337;;0.444444444444
2021-06-16;2021-06-15;CZ064;24.344802700000;14.882367200000;0.638709677419;;0.380952380952
2021-06-16;2021-06-15;CZ071;25.534398400000;12.055909200000;0.659090909090;;0.461538461538
2021-06-16;2021-06-15;CZ072;34.648063500000;12.241700100000;0.601851851851;;0.173913043478
2021-06-16;2021-06-15;CZ080;32.779079000000;16.452103800000;0.657004830917;;0.322580645161
2021-06-17;2021-06-16;CZ010;34.230055900000;9.877089400000;0.713656387665;;0.384615384615
2021-06-17;2021-06-16;CZ020;23.462139000000;8.455749500000;0.646739130434;;0.461538461538
2021-06-17;2021-06-16;CZ031;55.162683200000;25.369537100000;0.627777777777;;0.368421052631
2021-06-17;2021-06-16;CZ032;32.654249000000;4.932790700000;0.570093457943;;0.500000000000
2021-06-17;2021-06-16;CZ041;8.864311200000;3.290339500000;0.666666666666;;
2021-06-17;2021-06-16;CZ042;19.828544200000;18.410216400000;0.500000000000;;0.304347826086
2021-06-17;2021-06-16;CZ051;44.748189700000;16.516367700000;0.757281553398;;0.384615384615
2021-06-17;2021-06-16;CZ052;7.806783900000;4.951720700000;1.133333333333;;0.750000000000
2021-06-17;2021-06-16;CZ053;18.169438600000;9.291003500000;0.534883720930;;0.428571428571
2021-06-17;2021-06-16;CZ063;24.761620200000;10.402087900000;0.671232876712;;0.428571428571
2021-06-17;2021-06-16;CZ064;21.835029200000;12.815371800000;0.666666666666;;0.533333333333
2021-06-17;2021-06-16;CZ071;23.472614700000;9.795426200000;0.551724137931;;0.500000000000
2021-06-17;2021-06-16;CZ072;29.476710800000;12.241700100000;0.577777777777;;0.187500000000
2021-06-17;2021-06-16;CZ080;29.844890400000;14.395590800000;0.629834254143;;0.384615384615
2021-06-18;2021-06-17;CZ010;32.282612900000;9.086922300000;0.885714285714;;0.342857142857
2021-06-18;2021-06-17;CZ020;22.460706200000;8.840101700000;0.729885057471;;0.466666666666
2021-06-18;2021-06-17;CZ031;45.373249300000;18.654071400000;0.650887573964;;0.363636363636
2021-06-18;2021-06-17;CZ032;29.439582000000;3.288527100000;0.543689320388;;0.500000000000
2021-06-18;2021-06-17;CZ041;8.864311200000;3.290339500000;0.470588235294;;
2021-06-18;2021-06-17;CZ042;18.237364800000;18.410216400000;0.518987341772;;0.227272727272
2021-06-18;2021-06-17;CZ051;40.906173400000;17.617458900000;0.584158415841;;0.272727272727
2021-06-18;2021-06-17;CZ052;6.717465200000;3.301147100000;1.125000000000;;0.800000000000
2021-06-18;2021-06-17;CZ053;15.683094300000;6.503702400000;0.543478260869;;0.333333333333
2021-06-18;2021-06-17;CZ063;22.599891500000;7.565154800000;0.527777777777;;0.333333333333
2021-06-18;2021-06-17;CZ064;19.659892200000;10.748376300000;0.588235294117;;0.600000000000
2021-06-18;2021-06-17;CZ071;20.935034700000;9.041931900000;0.556962025316;;0.583333333333
2021-06-18;2021-06-17;CZ072;26.718655900000;10.609473400000;0.540229885057;;0.285714285714
2021-06-18;2021-06-17;CZ080;27.413705500000;11.105170000000;0.666666666666;;0.347826086956
2021-06-19;2021-06-18;CZ010;31.533596300000;8.296755100000;0.979797979797;;0.354838709677
2021-06-19;2021-06-18;CZ020;22.603768100000;10.377510700000;0.840764331210;;0.375000000000
2021-06-19;2021-06-18;CZ031;41.333165500000;15.669420000000;0.514970059880;;0.388888888888
2021-06-19;2021-06-18;CZ032;26.224915000000;3.288527100000;0.494845360824;;0.400000000000
2021-06-19;2021-06-18;CZ041;8.523376200000;3.290339500000;0.437500000000;;
2021-06-19;2021-06-18;CZ042;17.258177400000;17.182868600000;0.518987341772;;0.190476190476
2021-06-19;2021-06-18;CZ051;36.160153300000;13.213094100000;0.640449438202;;0.300000000000
2021-06-19;2021-06-18;CZ052;5.809699600000;3.301147100000;1.062500000000;;0.750000000000
2021-06-19;2021-06-18;CZ053;13.388007400000;6.503702400000;0.642857142857;;0.333333333333
2021-06-19;2021-06-18;CZ063;20.438162700000;7.565154800000;0.436619718309;;0.363636363636
2021-06-19;2021-06-18;CZ064;18.488664600000;10.334977200000;0.583941605839;;0.538461538461
2021-06-19;2021-06-18;CZ071;19.824843500000;10.548920600000;0.481012658227;;0.666666666666
2021-06-19;2021-06-18;CZ072;23.960601100000;10.609473400000;0.563218390804;;0.363636363636
2021-06-19;2021-06-18;CZ080;25.066354500000;8.226051900000;0.666666666666;;0.285714285714
2021-06-20;2021-06-19;CZ010;30.934383100000;9.086922300000;1.134078212290;;0.321428571428
2021-06-20;2021-06-19;CZ020;21.888458900000;9.608806200000;0.897959183673;;0.333333333333
2021-06-20;2021-06-19;CZ031;39.313123500000;15.669420000000;0.515337423312;;0.368421052631
2021-06-20;2021-06-19;CZ032;25.717336000000;3.288527100000;0.576470588235;;0.500000000000
2021-06-20;2021-06-19;CZ041;8.182441100000;3.290339500000;0.583333333333;;
2021-06-20;2021-06-19;CZ042;15.055005800000;15.341847000000;0.611111111111;;0.190476190476
2021-06-20;2021-06-19;CZ051;35.708151400000;12.112002900000;0.619565217391;;0.428571428571
2021-06-20;2021-06-19;CZ052;5.628146500000;3.301147100000;0.789473684210;;0.750000000000
2021-06-20;2021-06-19;CZ053;13.388007400000;6.503702400000;0.648648648648;;0.200000000000
2021-06-20;2021-06-19;CZ063;21.617287500000;7.565154800000;0.612903225806;;0.444444444444
2021-06-20;2021-06-19;CZ064;17.066459600000;10.334977200000;0.548387096774;;0.461538461538
2021-06-20;2021-06-19;CZ071;18.397454800000;11.302414900000;0.513888888888;;0.555555555555
2021-06-20;2021-06-19;CZ072;23.788222700000;8.977246700000;0.653846153846;;0.416666666666
2021-06-20;2021-06-19;CZ080;23.976513000000;8.226051900000;0.721088435374;;0.360000000000
2021-06-21;2021-06-20;CZ010;31.009284800000;9.482005900000;1.350000000000;;0.333333333333
2021-06-21;2021-06-20;CZ020;20.815495300000;9.224454000000;1.038759689922;;0.333333333333
2021-06-21;2021-06-20;CZ031;39.157735700000;15.669420000000;0.658914728682;;0.352941176470
2021-06-21;2021-06-20;CZ032;24.702178000000;3.288527100000;0.636363636363;;0.500000000000
2021-06-21;2021-06-20;CZ041;7.500571000000;3.290339500000;0.375000000000;;
2021-06-21;2021-06-20;CZ042;14.932607400000;15.341847000000;0.767857142857;;0.190476190476
2021-06-21;2021-06-20;CZ051;34.126144600000;12.112002900000;0.681318681318;;0.400000000000
2021-06-21;2021-06-20;CZ052;5.628146500000;3.301147100000;0.789473684210;;0.750000000000
2021-06-21;2021-06-20;CZ053;13.005492900000;6.503702400000;0.962962962962;;0.200000000000
2021-06-21;2021-06-20;CZ063;21.420766700000;7.565154800000;0.745098039215;;0.333333333333
2021-06-21;2021-06-20;CZ064;17.066459600000;9.921578100000;0.676767676767;;0.416666666666
2021-06-21;2021-06-20;CZ071;17.604461000000;11.302414900000;0.551724137931;;0.714285714285
2021-06-21;2021-06-20;CZ072;23.960601100000;8.977246700000;0.800000000000;;0.400000000000
2021-06-21;2021-06-20;CZ080;23.641177200000;8.637354500000;0.772058823529;;0.360000000000
2021-06-22;2021-06-21;CZ010;30.634776500000;8.691838700000;1.419753086419;;0.357142857142
2021-06-22;2021-06-21;CZ020;19.241815200000;8.071397200000;1.025210084033;;0.250000000000
2021-06-22;2021-06-21;CZ031;36.671530300000;14.177094200000;0.646017699115;;0.352941176470
2021-06-22;2021-06-21;CZ032;22.164283000000;3.288527100000;0.754098360655;;0.500000000000
2021-06-22;2021-06-21;CZ041;6.136830800000;3.290339500000;0.500000000000;;
2021-06-22;2021-06-21;CZ042;12.607037400000;12.887151500000;0.620000000000;;0.181818181818
2021-06-22;2021-06-21;CZ051;32.770138900000;13.213094100000;0.679487179487;;0.500000000000
2021-06-22;2021-06-21;CZ052;5.446593400000;2.475860300000;0.647058823529;;0.750000000000
2021-06-22;2021-06-21;CZ053;12.049206600000;7.432802800000;1.130434782608;;0.250000000000
2021-06-22;2021-06-21;CZ063;18.472954800000;6.619510500000;0.653061224489;;0.444444444444
2021-06-22;2021-06-21;CZ064;15.811572900000;9.508179100000;0.691489361702;;0.500000000000
2021-06-22;2021-06-21;CZ071;15.701276000000;9.795426200000;0.562500000000;;0.714285714285
2021-06-22;2021-06-21;CZ072;21.719681600000;7.345020000000;0.923076923076;;0.400000000000
2021-06-22;2021-06-21;CZ080;21.209992300000;8.637354500000;0.929824561403;;0.384615384615
2021-06-23;2021-06-22;CZ010;28.762235100000;10.272173000000;1.204301075268;;0.333333333333
2021-06-23;2021-06-22;CZ020;17.024356900000;7.302692700000;0.858267716535;;0.250000000000
2021-06-23;2021-06-22;CZ031;28.746750400000;11.192442800000;0.509090909090;;0.416666666666
2021-06-23;2021-06-22;CZ032;18.272844000000;3.288527100000;0.553571428571;;0.500000000000
2021-06-23;2021-06-22;CZ041;6.136830800000;3.290339500000;0.250000000000;;
2021-06-23;2021-06-22;CZ042;10.771061000000;14.114499200000;0.780487804878;;0.142857142857
2021-06-23;2021-06-22;CZ051;29.832126400000;12.112002900000;0.694915254237;;0.500000000000
2021-06-23;2021-06-22;CZ052;4.720380900000;2.475860300000;0.388888888888;;0.750000000000
2021-06-23;2021-06-22;CZ053;9.180347900000;7.432802800000;0.840000000000;;0.000000000000
2021-06-23;2021-06-22;CZ063;15.132101200000;5.673866100000;0.684210526315;;0.444444444444
2021-06-23;2021-06-22;CZ064;13.803754100000;9.921578100000;0.825000000000;;0.444444444444
2021-06-23;2021-06-22;CZ071;12.370702300000;6.027954600000;0.454545454545;;0.714285714285
2021-06-23;2021-06-22;CZ072;19.306383600000;6.528906700000;1.000000000000;;0.454545454545
2021-06-23;2021-06-22;CZ080;19.533313100000;8.637354500000;0.808333333333;;0.461538461538
2021-06-24;2021-06-23;CZ010;28.387726900000;9.877089400000;1.118556701030;;0.333333333333
2021-06-24;2021-06-23;CZ020;15.951393300000;6.149636000000;0.787878787878;;0.333333333333
2021-06-24;2021-06-23;CZ031;24.706666600000;11.192442800000;0.534883720930;;0.416666666666
2021-06-24;2021-06-23;CZ032;15.227370000000;1.644263500000;0.604166666666;;0.666666666666
2021-06-24;2021-06-23;CZ041;5.114025700000;3.290339500000;0.428571428571;;
2021-06-24;2021-06-23;CZ042;9.424678400000;11.659803700000;0.658536585365;;0.181818181818
2021-06-24;2021-06-23;CZ051;26.668113000000;11.010911800000;0.701754385964;;0.400000000000
2021-06-24;2021-06-23;CZ052;4.175721600000;2.475860300000;0.352941176470;;0.500000000000
2021-06-24;2021-06-23;CZ053;9.945376900000;7.432802800000;1.074074074074;;0.000000000000
2021-06-24;2021-06-23;CZ063;13.559934900000;4.728221800000;0.645161290322;;0.444444444444
2021-06-24;2021-06-23;CZ064;12.883503800000;10.334977200000;0.750000000000;;0.500000000000
2021-06-24;2021-06-23;CZ071;10.626116100000;3.767471600000;0.500000000000;;0.600000000000
2021-06-24;2021-06-23;CZ072;18.272113100000;7.345020000000;1.102040816326;;0.545454545454
2021-06-24;2021-06-23;CZ080;17.772799900000;8.226051900000;0.830508474576;;0.454545454545
2021-06-25;2021-06-24;CZ010;29.211645100000;9.482005900000;1.004926108374;;0.347826086956
2021-06-25;2021-06-24;CZ020;16.309047800000;6.149636000000;0.765151515151;;0.500000000000
2021-06-25;2021-06-24;CZ031;22.065073300000;9.700117100000;0.380952380952;;0.454545454545
2021-06-25;2021-06-24;CZ032;13.704633000000;0.822131700000;0.510204081632;;0.666666666666
2021-06-25;2021-06-24;CZ041;3.750285500000;0.000000000000;0.428571428571;;
2021-06-25;2021-06-24;CZ042;8.078295800000;9.205108200000;0.568181818181;;0.222222222222
2021-06-25;2021-06-24;CZ051;22.148093900000;8.808729400000;0.684210526315;;0.400000000000
2021-06-25;2021-06-24;CZ052;3.994168500000;2.475860300000;0.266666666666;;0.500000000000
2021-06-25;2021-06-24;CZ053;10.710405900000;7.432802800000;1.291666666666;;0.000000000000
2021-06-25;2021-06-24;CZ063;10.808643700000;2.836933000000;0.447368421052;;0.428571428571
2021-06-25;2021-06-24;CZ064;11.879594400000;9.094780000000;0.911764705882;;0.500000000000
2021-06-25;2021-06-24;CZ071;9.833122300000;3.767471600000;0.486486486486;;0.500000000000
2021-06-25;2021-06-24;CZ072;16.893085700000;5.712793300000;1.000000000000;;0.555555555555
2021-06-25;2021-06-24;CZ080;16.682958300000;7.814749300000;0.745283018867;;0.476190476190
2021-06-26;2021-06-25;CZ010;30.484973200000;9.482005900000;0.986111111111;;0.360000000000
2021-06-26;2021-06-25;CZ020;17.739666100000;6.533988200000;0.865671641791;;0.428571428571
2021-06-26;2021-06-25;CZ031;17.403438100000;8.207791400000;0.305882352941;;0.333333333333
2021-06-26;2021-06-25;CZ032;11.335931000000;0.822131700000;0.387755102040;;
2021-06-26;2021-06-25;CZ041;3.068415400000;0.000000000000;0.333333333333;;
2021-06-26;2021-06-25;CZ042;7.955897400000;7.977760400000;0.558139534883;;0.222222222222
2021-06-26;2021-06-25;CZ051;21.244090000000;6.606547000000;0.596774193548;;0.250000000000
2021-06-26;2021-06-25;CZ052;3.812615300000;2.475860300000;0.266666666666;;0.500000000000
2021-06-26;2021-06-25;CZ053;11.092920400000;7.432802800000;1.192307692307;;0.000000000000
2021-06-26;2021-06-25;CZ063;9.432998100000;2.836933000000;0.447368421052;;0.428571428571
2021-06-26;2021-06-25;CZ064;11.126662400000;9.094780000000;0.791044776119;;0.454545454545
2021-06-26;2021-06-25;CZ071;8.088536100000;3.767471600000;0.406250000000;;0.333333333333
2021-06-26;2021-06-25;CZ072;16.203572000000;5.712793300000;0.865384615384;;0.714285714285
2021-06-26;2021-06-25;CZ080;16.515290400000;7.403446700000;0.752380952380;;0.428571428571
2021-06-27;2021-06-26;CZ010;31.983006300000;9.877089400000;0.973913043478;;0.375000000000
2021-06-27;2021-06-26;CZ020;17.882727900000;6.533988200000;0.967213114754;;0.500000000000
2021-06-27;2021-06-26;CZ031;16.471111000000;8.207791400000;0.301369863013;;0.166666666666
2021-06-27;2021-06-26;CZ032;11.335931000000;0.822131700000;0.391304347826;;0.666666666666
2021-06-27;2021-06-26;CZ041;3.750285500000;0.000000000000;0.666666666666;;
2021-06-27;2021-06-26;CZ042;8.200694200000;7.977760400000;0.741935483870;;0.250000000000
2021-06-27;2021-06-26;CZ051;21.470091000000;6.606547000000;0.716981132075;;0.250000000000
2021-06-27;2021-06-26;CZ052;3.449509100000;2.475860300000;0.363636363636;;0.500000000000
2021-06-27;2021-06-26;CZ053;10.710405900000;7.432802800000;1.230769230769;;0.250000000000
2021-06-27;2021-06-26;CZ063;9.432998100000;2.836933000000;0.312500000000;;0.428571428571
2021-06-27;2021-06-26;CZ064;10.457389400000;9.094780000000;0.876923076923;;0.454545454545
2021-06-27;2021-06-26;CZ071;7.929937400000;3.767471600000;0.481481481481;;0.333333333333
2021-06-27;2021-06-26;CZ072;15.686436700000;6.528906700000;0.833333333333;;0.714285714285
2021-06-27;2021-06-26;CZ080;15.593116800000;7.814749300000;0.754716981132;;0.444444444444
2021-06-28;2021-06-27;CZ010;33.331236000000;9.482005900000;1.022321428571;;0.391304347826
2021-06-28;2021-06-27;CZ020;17.739666100000;5.765283700000;1.045871559633;;0.500000000000
2021-06-28;2021-06-27;CZ031;16.471111000000;8.207791400000;0.375000000000;;0.166666666666
2021-06-28;2021-06-27;CZ032;11.505124000000;0.822131700000;0.612903225806;;0.666666666666
2021-06-28;2021-06-27;CZ041;3.409350400000;0.000000000000;2.000000000000;;
2021-06-28;2021-06-27;CZ042;8.078295800000;7.977760400000;0.718750000000;;0.250000000000
2021-06-28;2021-06-27;CZ051;22.148093900000;6.606547000000;0.878048780487;;0.500000000000
2021-06-28;2021-06-27;CZ052;3.631062200000;2.475860300000;0.714285714285;;0.500000000000
2021-06-28;2021-06-27;CZ053;11.092920400000;7.432802800000;1.523809523809;;0.250000000000
2021-06-28;2021-06-27;CZ063;9.432998100000;2.836933000000;0.384615384615;;0.333333333333
2021-06-28;2021-06-27;CZ064;10.457389400000;7.854582700000;0.878787878787;;0.500000000000
2021-06-28;2021-06-27;CZ071;6.978344900000;3.013977300000;0.600000000000;;0.333333333333
2021-06-28;2021-06-27;CZ072;16.375950400000;6.528906700000;0.914893617021;;0.714285714285
2021-06-28;2021-06-27;CZ080;15.425448900000;7.403446700000;0.814432989690;;0.388888888888
2021-06-29;2021-06-28;CZ010;36.851613800000;10.667256600000;1.207373271889;;0.333333333333
2021-06-29;2021-06-28;CZ020;17.167418800000;4.996579200000;1.134615384615;;0.500000000000
2021-06-29;2021-06-28;CZ031;14.295681300000;5.969302800000;0.413043478260;;0.166666666666
2021-06-29;2021-06-28;CZ032;10.489966000000;0.822131700000;0.551724137931;;0.666666666666
2021-06-29;2021-06-28;CZ041;4.091220500000;0.000000000000;2.000000000000;;
2021-06-29;2021-06-28;CZ042;6.976710000000;6.136738800000;0.962962962962;;0.333333333333
2021-06-29;2021-06-28;CZ051;19.436082400000;6.606547000000;0.825000000000;;0.500000000000
2021-06-29;2021-06-28;CZ052;3.267956000000;2.475860300000;1.166666666666;;0.750000000000
2021-06-29;2021-06-28;CZ053;10.710405900000;6.503702400000;1.034482758620;;0.250000000000
2021-06-29;2021-06-28;CZ063;8.450394200000;1.891288700000;0.550000000000;;0.250000000000
2021-06-29;2021-06-28;CZ064;10.541048600000;8.267981800000;1.016666666666;;0.500000000000
2021-06-29;2021-06-28;CZ071;5.550956100000;3.013977300000;0.421052631578;;0.333333333333
2021-06-29;2021-06-28;CZ072;15.169301400000;5.712793300000;0.740740740740;;0.714285714285
2021-06-29;2021-06-28;CZ080;15.425448900000;7.403446700000;0.795918367346;;0.411764705882
2021-06-30;2021-06-29;CZ010;38.349646900000;10.667256600000;1.411764705882;;0.272727272727
2021-06-30;2021-06-29;CZ020;16.809764200000;4.612227000000;1.247524752475;;0.500000000000
2021-06-30;2021-06-29;CZ031;11.032536600000;4.476977100000;0.468750000000;;0.200000000000
2021-06-30;2021-06-29;CZ032;10.489966000000;0.822131700000;1.240000000000;;0.000000000000
2021-06-30;2021-06-29;CZ041;3.409350400000;0.000000000000;2.666666666666;;
2021-06-30;2021-06-29;CZ042;6.119921000000;4.909391000000;0.720000000000;;0.333333333333
2021-06-30;2021-06-29;CZ051;16.724070900000;4.404364700000;0.846153846153;;0.000000000000
2021-06-30;2021-06-29;CZ052;2.541743500000;2.475860300000;1.750000000000;;0.666666666666
2021-06-30;2021-06-29;CZ053;10.136634100000;4.645501700000;1.032258064516;;0.250000000000
2021-06-30;2021-06-29;CZ063;7.271269400000;0.945644300000;0.647058823529;;0.250000000000
2021-06-30;2021-06-29;CZ064;10.541048600000;7.854582700000;0.967741935483;;0.500000000000
2021-06-30;2021-06-29;CZ071;4.757962400000;2.260482900000;0.555555555555;;0.333333333333
2021-06-30;2021-06-29;CZ072;14.996923000000;5.712793300000;0.784313725490;;0.833333333333
2021-06-30;2021-06-29;CZ080;14.922445200000;7.403446700000;1.025316455696;;0.437500000000
2021-07-01;2021-06-30;CZ010;40.971204800000;7.506588000000;1.549295774647;;0.347826086956
2021-07-01;2021-06-30;CZ020;17.238949700000;4.227874700000;1.181034482758;;0.500000000000
2021-07-01;2021-06-30;CZ031;9.167882500000;2.984651400000;0.500000000000;;0.200000000000
2021-07-01;2021-06-30;CZ032;11.674317000000;0.822131700000;2.105263157894;;
2021-07-01;2021-06-30;CZ041;4.091220500000;0.000000000000;4.500000000000;;
2021-07-01;2021-06-30;CZ042;5.507928900000;3.682043200000;0.750000000000;;
2021-07-01;2021-06-30;CZ051;16.046068000000;3.303273500000;0.837837837837;;0.000000000000
2021-07-01;2021-06-30;CZ052;2.360190400000;1.650573500000;1.750000000000;;0.666666666666
2021-07-01;2021-06-30;CZ053;10.327891400000;4.645501700000;0.806451612903;;0.250000000000
2021-07-01;2021-06-30;CZ063;6.092144600000;0.000000000000;0.647058823529;;0.333333333333
2021-07-01;2021-06-30;CZ064;9.704457400000;7.854582700000;1.056603773584;;0.388888888888
2021-07-01;2021-06-30;CZ071;4.440764900000;2.260482900000;0.692307692307;;0.333333333333
2021-07-01;2021-06-30;CZ072;14.479787700000;4.896680000000;0.666666666666;;0.833333333333
2021-07-01;2021-06-30;CZ080;14.754777200000;6.992144100000;0.987341772151;;0.333333333333
2021-07-02;2021-07-01;CZ010;42.244532900000;6.321337200000;1.607142857142;;0.384615384615
2021-07-02;2021-07-01;CZ020;17.382011500000;4.612227000000;1.203389830508;;0.571428571428
2021-07-02;2021-07-01;CZ031;7.303228400000;2.984651400000;0.681818181818;;0.000000000000
2021-07-02;2021-07-01;CZ032;13.366247000000;0.822131700000;3.000000000000;;0.000000000000
2021-07-02;2021-07-01;CZ041;4.091220500000;0.000000000000;2.250000000000;;
2021-07-02;2021-07-01;CZ042;5.140733700000;3.068369400000;0.739130434782;;0.250000000000
2021-07-02;2021-07-01;CZ051;16.498069900000;1.101091100000;0.894736842105;;0.000000000000
2021-07-02;2021-07-01;CZ052;2.541743500000;1.650573500000;2.500000000000;;0.500000000000
2021-07-02;2021-07-01;CZ053;10.901663100000;5.574602100000;0.812500000000;;0.333333333333
2021-07-02;2021-07-01;CZ063;6.092144600000;0.000000000000;1.400000000000;;0.250000000000
2021-07-02;2021-07-01;CZ064;9.955434700000;7.854582700000;1.000000000000;;0.388888888888
2021-07-02;2021-07-01;CZ071;4.599363700000;2.260482900000;0.846153846153;;0.000000000000
2021-07-02;2021-07-01;CZ072;13.617895600000;4.896680000000;0.700000000000;;0.666666666666
2021-07-02;2021-07-01;CZ080;13.916437600000;7.403446700000;1.087500000000;;0.352941176470
2021-07-03;2021-07-02;CZ010;43.892369300000;6.716420800000;1.628820960698;;0.416666666666
2021-07-03;2021-07-02;CZ020;17.668135100000;3.459170200000;1.149122807017;;0.800000000000
2021-07-03;2021-07-02;CZ031;6.992452800000;2.984651400000;0.904761904761;;0.000000000000
2021-07-03;2021-07-02;CZ032;15.396563000000;0.822131700000;3.789473684210;;0.000000000000
2021-07-03;2021-07-02;CZ041;4.432155600000;0.000000000000;2.750000000000;;
2021-07-03;2021-07-02;CZ042;5.263132100000;3.068369400000;0.826086956521;;0.333333333333
2021-07-03;2021-07-02;CZ051;16.498069900000;1.101091100000;1.000000000000;;0.000000000000
2021-07-03;2021-07-02;CZ052;2.541743500000;0.000000000000;2.000000000000;;0.500000000000
2021-07-03;2021-07-02;CZ053;10.327891400000;4.645501700000;0.718750000000;;0.250000000000
2021-07-03;2021-07-02;CZ063;6.288665400000;0.000000000000;1.500000000000;;0.400000000000
2021-07-03;2021-07-02;CZ064;8.951525300000;5.374188100000;0.931034482758;;0.411764705882
2021-07-03;2021-07-02;CZ071;3.647771200000;0.753494300000;0.833333333333;;0.000000000000
2021-07-03;2021-07-02;CZ072;13.617895600000;4.080566700000;0.790697674418;;0.600000000000
2021-07-03;2021-07-02;CZ080;13.916437600000;7.403446700000;1.101265822784;;0.400000000000
2021-07-04;2021-07-03;CZ010;46.214320500000;6.716420800000;1.500000000000;;0.416666666666
2021-07-04;2021-07-03;CZ020;18.598037000000;4.227874700000;1.203389830508;;0.800000000000
2021-07-04;2021-07-03;CZ031;6.837064900000;2.984651400000;1.157894736842;;
2021-07-04;2021-07-03;CZ032;16.242528000000;0.822131700000;4.875000000000;;0.000000000000
2021-07-04;2021-07-03;CZ041;5.454960700000;0.000000000000;2.000000000000;;
2021-07-04;2021-07-03;CZ042;5.140733700000;3.068369400000;0.730769230769;;0.250000000000
2021-07-04;2021-07-03;CZ051;16.724070900000;1.101091100000;1.090909090909;;0.000000000000
2021-07-04;2021-07-03;CZ052;2.723296700000;0.000000000000;1.571428571428;;0.500000000000
2021-07-04;2021-07-03;CZ053;10.519148600000;3.716401400000;0.766666666666;;0.250000000000
2021-07-04;2021-07-03;CZ063;5.306061400000;0.000000000000;1.545454545454;;0.400000000000
2021-07-04;2021-07-03;CZ064;9.871775600000;5.374188100000;1.000000000000;;0.437500000000
2021-07-04;2021-07-03;CZ071;4.282166200000;0.000000000000;1.750000000000;;0.000000000000
2021-07-04;2021-07-03;CZ072;12.238868200000;4.896680000000;0.775000000000;;0.500000000000
2021-07-04;2021-07-03;CZ080;14.503275300000;7.814749300000;1.192307692307;;0.363636363636
2021-07-05;2021-07-04;CZ010;49.435091700000;8.296755100000;1.496527777777;;0.500000000000
2021-07-05;2021-07-04;CZ020;19.456407900000;4.227874700000;1.253968253968;;0.800000000000
2021-07-05;2021-07-04;CZ031;6.992452800000;2.984651400000;1.600000000000;;
2021-07-05;2021-07-04;CZ032;16.919300000000;0.822131700000;2.612903225806;;
2021-07-05;2021-07-04;CZ041;5.454960700000;0.000000000000;1.500000000000;;
2021-07-05;2021-07-04;CZ042;5.385530500000;3.068369400000;1.166666666666;;0.250000000000
2021-07-05;2021-07-04;CZ051;15.368065100000;1.101091100000;0.969696969696;;0.000000000000
2021-07-05;2021-07-04;CZ052;2.904849800000;0.000000000000;1.571428571428;;0.500000000000
2021-07-05;2021-07-04;CZ053;10.901663100000;3.716401400000;0.781250000000;;0.250000000000
2021-07-05;2021-07-04;CZ063;5.699103000000;0.945644300000;1.727272727272;;0.500000000000
2021-07-05;2021-07-04;CZ064;9.788116500000;4.960789000000;0.983333333333;;0.437500000000
2021-07-05;2021-07-04;CZ071;4.123567400000;0.000000000000;1.400000000000;;0.000000000000
2021-07-05;2021-07-04;CZ072;12.066489800000;4.896680000000;0.675000000000;;0.500000000000
2021-07-05;2021-07-04;CZ080;14.000271600000;6.992144100000;1.086419753086;;0.363636363636
2021-07-06;2021-07-05;CZ010;50.708419800000;7.506588000000;1.257575757575;;0.428571428571
2021-07-06;2021-07-05;CZ020;20.243248000000;3.459170200000;1.204379562043;;0.800000000000
2021-07-06;2021-07-05;CZ031;6.526289200000;2.984651400000;1.769230769230;;
2021-07-06;2021-07-05;CZ032;19.118809000000;0.822131700000;2.425000000000;;
2021-07-06;2021-07-05;CZ041;5.454960700000;0.000000000000;1.111111111111;;
2021-07-06;2021-07-05;CZ042;5.630327300000;3.068369400000;1.111111111111;;0.250000000000
2021-07-06;2021-07-05;CZ051;14.464061300000;0.000000000000;1.000000000000;;0.000000000000
2021-07-06;2021-07-05;CZ052;3.267956000000;0.000000000000;1.571428571428;;0.500000000000
2021-07-06;2021-07-05;CZ053;10.327891400000;2.787301000000;0.960000000000;;0.250000000000
2021-07-06;2021-07-05;CZ063;5.699103000000;0.945644300000;1.636363636363;;0.333333333333
2021-07-06;2021-07-05;CZ064;9.369820900000;4.547390000000;0.910714285714;;0.400000000000
2021-07-06;2021-07-05;CZ071;3.806369900000;0.000000000000;1.777777777777;;
2021-07-06;2021-07-05;CZ072;10.687462300000;4.080566700000;0.733333333333;;0.500000000000
2021-07-06;2021-07-05;CZ080;13.245765900000;5.758236300000;1.025641025641;;0.300000000000
2021-07-07;2021-07-06;CZ010;51.831944600000;5.926253600000;1.122222222222;;0.428571428571
2021-07-07;2021-07-06;CZ020;21.173149800000;3.074818000000;1.197183098591;;0.800000000000
2021-07-07;2021-07-06;CZ031;5.749350000000;1.492325700000;1.466666666666;;
2021-07-07;2021-07-06;CZ032;20.303160000000;0.822131700000;1.648148148148;;
2021-07-07;2021-07-06;CZ041;6.136830800000;0.000000000000;1.111111111111;;
2021-07-07;2021-07-06;CZ042;4.895936800000;0.613673800000;1.294117647058;;0.000000000000
2021-07-07;2021-07-06;CZ051;14.464061300000;0.000000000000;0.911764705882;;0.000000000000
2021-07-07;2021-07-06;CZ052;3.631062200000;0.000000000000;1.300000000000;;0.500000000000
2021-07-07;2021-07-06;CZ053;10.519148600000;2.787301000000;0.884615384615;;0.333333333333
2021-07-07;2021-07-06;CZ063;5.306061400000;0.945644300000;1.142857142857;;0.500000000000
2021-07-07;2021-07-06;CZ064;8.616888900000;3.307192700000;0.754385964912;;0.428571428571
2021-07-07;2021-07-06;CZ071;4.123567400000;0.000000000000;1.454545454545;;
2021-07-07;2021-07-06;CZ072;8.963678100000;4.080566700000;0.428571428571;;0.333333333333
2021-07-07;2021-07-06;CZ080;12.323592300000;4.935631100000;0.758620689655;;0.142857142857
2021-07-08;2021-07-07;CZ010;57.449568700000;6.716420800000;1.171581769436;;0.461538461538
2021-07-08;2021-07-07;CZ020;23.462139000000;3.459170200000;1.458015267175;;0.800000000000
2021-07-08;2021-07-07;CZ031;5.749350000000;1.492325700000;1.263157894736;;
2021-07-08;2021-07-07;CZ032;26.224915000000;1.644263500000;1.597222222222;;
2021-07-08;2021-07-07;CZ041;6.477765900000;0.000000000000;0.909090909090;;
2021-07-08;2021-07-07;CZ042;5.752725800000;1.227347700000;1.526315789473;;0.000000000000
2021-07-08;2021-07-07;CZ051;14.012059400000;0.000000000000;0.861111111111;;
2021-07-08;2021-07-07;CZ052;3.994168500000;0.000000000000;1.500000000000;;1.000000000000
2021-07-08;2021-07-07;CZ053;8.989090600000;3.716401400000;0.956521739130;;0.250000000000
2021-07-08;2021-07-07;CZ063;9.039956600000;0.945644300000;2.333333333333;;0.666666666666
2021-07-08;2021-07-07;CZ064;8.867866200000;3.720591800000;0.925925925925;;0.400000000000
2021-07-08;2021-07-07;CZ071;4.757962400000;0.000000000000;2.100000000000;;
2021-07-08;2021-07-07;CZ072;8.791299700000;3.264453300000;0.617647058823;;0.333333333333
2021-07-08;2021-07-07;CZ080;12.826596100000;4.524328500000;0.862068965517;;0.250000000000
2021-07-09;2021-07-08;CZ010;61.044848100000;7.901671500000;1.157760814249;;0.400000000000
2021-07-09;2021-07-08;CZ020;24.535102700000;3.843522500000;1.415492957746;;0.750000000000
2021-07-09;2021-07-08;CZ031;6.060125700000;0.746162800000;1.090909090909;;1.000000000000
2021-07-09;2021-07-08;CZ032;30.623933000000;1.644263500000;1.628205128205;;
2021-07-09;2021-07-08;CZ041;6.818700900000;0.000000000000;0.916666666666;;
2021-07-09;2021-07-08;CZ042;6.731913100000;1.841021600000;2.000000000000;;0.000000000000
2021-07-09;2021-07-08;CZ051;15.594066100000;0.000000000000;0.972222222222;;
2021-07-09;2021-07-08;CZ052;6.354358900000;0.000000000000;2.272727272727;;1.000000000000
2021-07-09;2021-07-08;CZ053;9.562862400000;3.716401400000;1.043478260869;;0.250000000000
2021-07-09;2021-07-08;CZ063;11.987768500000;1.891288700000;2.764705882352;;0.666666666666
2021-07-09;2021-07-08;CZ064;9.035184500000;3.307192700000;0.836065573770;;0.384615384615
2021-07-09;2021-07-08;CZ071;6.185351100000;0.000000000000;2.000000000000;;
2021-07-09;2021-07-08;CZ072;8.791299700000;2.448340000000;0.741935483870;;0.333333333333
2021-07-09;2021-07-08;CZ080;13.161932000000;4.935631100000;0.752688172043;;0.333333333333
2021-07-10;2021-07-09;CZ010;64.565225800000;8.691838700000;1.134570765661;;0.428571428571
2021-07-10;2021-07-09;CZ020;25.321942700000;4.227874700000;1.411392405063;;0.666666666666
2021-07-10;2021-07-09;CZ031;7.458616300000;1.492325700000;1.208333333333;;1.000000000000
2021-07-10;2021-07-09;CZ032;37.222460000000;1.644263500000;1.827160493827;;
2021-07-10;2021-07-09;CZ041;7.500571000000;0.000000000000;0.916666666666;;
2021-07-10;2021-07-09;CZ042;7.099108400000;1.841021600000;1.857142857142;;0.000000000000
2021-07-10;2021-07-09;CZ051;16.046068000000;0.000000000000;1.093750000000;;
2021-07-10;2021-07-09;CZ052;6.535912100000;0.000000000000;2.363636363636;;1.000000000000
2021-07-10;2021-07-09;CZ053;11.284177600000;4.645501700000;1.440000000000;;0.250000000000
2021-07-10;2021-07-09;CZ063;13.166893300000;1.891288700000;2.736842105263;;0.666666666666
2021-07-10;2021-07-09;CZ064;9.620798300000;2.893793600000;1.033898305084;;0.461538461538
2021-07-10;2021-07-09;CZ071;6.185351100000;0.000000000000;2.071428571428;;
2021-07-10;2021-07-09;CZ072;9.997948600000;2.448340000000;0.888888888888;;0.333333333333
2021-07-10;2021-07-09;CZ080;13.832603600000;4.935631100000;0.886363636363;;0.428571428571
2021-07-11;2021-07-10;CZ010;65.314242300000;9.086922300000;1.154216867469;;0.428571428571
2021-07-11;2021-07-10;CZ020;27.396339100000;4.612227000000;1.460606060606;;0.600000000000
2021-07-11;2021-07-10;CZ031;8.080167600000;1.492325700000;1.304347826086;;1.000000000000
2021-07-11;2021-07-10;CZ032;40.606320000000;1.644263500000;1.670103092783;;
2021-07-11;2021-07-10;CZ041;7.159636000000;0.000000000000;0.900000000000;;
2021-07-11;2021-07-10;CZ042;7.099108400000;1.841021600000;1.950000000000;;0.000000000000
2021-07-11;2021-07-10;CZ051;16.498069900000;0.000000000000;1.193548387096;;
2021-07-11;2021-07-10;CZ052;6.899018300000;0.000000000000;2.454545454545;;0.500000000000
2021-07-11;2021-07-10;CZ053;13.005492900000;4.645501700000;1.875000000000;;0.000000000000
2021-07-11;2021-07-10;CZ063;14.739059600000;1.891288700000;3.222222222222;;0.666666666666
2021-07-11;2021-07-10;CZ064;9.704457400000;2.893793600000;1.078431372549;;0.428571428571
2021-07-11;2021-07-10;CZ071;6.343949900000;0.000000000000;1.625000000000;;
2021-07-11;2021-07-10;CZ072;9.997948600000;1.632226600000;1.227272727272;;0.333333333333
2021-07-11;2021-07-10;CZ080;14.167939500000;4.524328500000;0.950000000000;;0.428571428571
2021-07-12;2021-07-11;CZ010;68.235406900000;9.482005900000;1.188118811881;;0.428571428571
2021-07-12;2021-07-11;CZ020;29.184611900000;4.612227000000;1.470588235294;;0.600000000000
2021-07-12;2021-07-11;CZ031;8.080167600000;1.492325700000;1.272727272727;;1.000000000000
2021-07-12;2021-07-11;CZ032;43.651794000000;1.644263500000;1.988764044943;;
2021-07-12;2021-07-11;CZ041;7.159636000000;0.000000000000;0.900000000000;;
2021-07-12;2021-07-11;CZ042;7.221506800000;1.841021600000;1.727272727272;;0.000000000000
2021-07-12;2021-07-11;CZ051;15.594066100000;0.000000000000;1.193548387096;;
2021-07-12;2021-07-11;CZ052;7.443677600000;0.000000000000;2.307692307692;;0.500000000000
2021-07-12;2021-07-11;CZ053;14.726808100000;5.574602100000;2.260869565217;;0.000000000000
2021-07-12;2021-07-11;CZ063;14.739059600000;1.891288700000;3.500000000000;;
2021-07-12;2021-07-11;CZ064;9.369820900000;2.893793600000;1.232558139534;;0.357142857142
2021-07-12;2021-07-11;CZ071;6.502548600000;0.000000000000;1.687500000000;;
2021-07-12;2021-07-11;CZ072;9.480813400000;1.632226600000;2.333333333333;;0.333333333333
2021-07-12;2021-07-11;CZ080;14.503275300000;4.935631100000;1.287878787878;;0.555555555555
2021-07-13;2021-07-12;CZ010;68.759718400000;9.086922300000;1.151029748283;;0.538461538461
2021-07-13;2021-07-12;CZ020;31.044415600000;4.996579200000;1.408376963350;;0.333333333333
2021-07-13;2021-07-12;CZ031;9.012494700000;2.984651400000;1.458333333333;;1.000000000000
2021-07-13;2021-07-12;CZ032;49.404356000000;2.466395300000;1.695652173913;;1.000000000000
2021-07-13;2021-07-12;CZ041;7.159636000000;0.000000000000;1.100000000000;;1.000000000000
2021-07-13;2021-07-12;CZ042;7.833498900000;2.454695500000;1.517241379310;;0.000000000000
2021-07-13;2021-07-12;CZ051;15.368065100000;0.000000000000;1.193548387096;;
2021-07-13;2021-07-12;CZ052;7.443677600000;0.000000000000;2.000000000000;;0.000000000000
2021-07-13;2021-07-12;CZ053;16.639380600000;8.361903100000;2.863636363636;;0.000000000000
2021-07-13;2021-07-12;CZ063;15.918184400000;2.836933000000;1.800000000000;;
2021-07-13;2021-07-12;CZ064;9.286161800000;2.066995400000;1.200000000000;;0.307692307692
2021-07-13;2021-07-12;CZ071;7.136943600000;0.000000000000;1.380952380952;;
2021-07-13;2021-07-12;CZ072;9.136056500000;1.632226600000;1.476190476190;;0.333333333333
2021-07-13;2021-07-12;CZ080;14.587109300000;6.992144100000;1.253333333333;;0.555555555555
2021-07-14;2021-07-13;CZ010;72.879309400000;8.691838700000;1.250549450549;;0.583333333333
2021-07-14;2021-07-13;CZ020;32.761157500000;4.996579200000;1.432835820895;;0.333333333333
2021-07-14;2021-07-13;CZ031;10.100209600000;3.730814200000;1.791666666666;;1.000000000000
2021-07-14;2021-07-13;CZ032;52.619023000000;4.110658900000;1.748031496062;;1.000000000000
2021-07-14;2021-07-13;CZ041;7.159636000000;0.000000000000;1.000000000000;;1.000000000000
2021-07-14;2021-07-13;CZ042;10.159068900000;3.682043200000;1.605263157894;;0.000000000000
2021-07-14;2021-07-13;CZ051;15.368065100000;0.000000000000;1.057142857142;;
2021-07-14;2021-07-13;CZ052;9.440761900000;0.000000000000;1.560000000000;;0.000000000000
2021-07-14;2021-07-13;CZ053;19.699496600000;10.220103800000;3.333333333333;;0.000000000000
2021-07-14;2021-07-13;CZ063;17.293830000000;2.836933000000;1.531914893617;;
2021-07-14;2021-07-13;CZ064;9.118843600000;2.480394500000;1.294117647058;;0.307692307692
2021-07-14;2021-07-13;CZ071;8.088536100000;0.753494300000;1.250000000000;;
2021-07-14;2021-07-13;CZ072;8.101786000000;1.632226600000;1.521739130434;;0.333333333333
2021-07-14;2021-07-13;CZ080;15.341615000000;6.992144100000;1.671428571428;;0.555555555555
2021-07-15;2021-07-14;CZ010;74.152637500000;9.482005900000;1.130879345603;;0.600000000000
2021-07-15;2021-07-14;CZ020;34.835554000000;6.149636000000;1.327354260089;;0.333333333333
2021-07-15;2021-07-14;CZ031;10.721760900000;4.476977100000;1.551724137931;;1.000000000000
2021-07-15;2021-07-14;CZ032;56.510462000000;6.577054300000;1.479729729729;;1.000000000000
2021-07-15;2021-07-14;CZ041;7.159636000000;0.000000000000;1.000000000000;;1.000000000000
2021-07-15;2021-07-14;CZ042;11.260654700000;3.682043200000;1.615384615384;;0.000000000000
2021-07-15;2021-07-14;CZ051;15.820067000000;0.000000000000;1.114285714285;;
2021-07-15;2021-07-14;CZ052;10.348527500000;0.000000000000;1.615384615384;;0.500000000000
2021-07-15;2021-07-14;CZ053;20.655782800000;12.078304500000;2.388888888888;;0.000000000000
2021-07-15;2021-07-14;CZ063;19.848600300000;2.836933000000;1.269230769230;;
2021-07-15;2021-07-14;CZ064;10.373730300000;2.066995400000;1.213114754098;;0.444444444444
2021-07-15;2021-07-14;CZ071;8.247134900000;0.753494300000;1.068965517241;;
2021-07-15;2021-07-14;CZ072;9.308434900000;1.632226600000;1.375000000000;;0.250000000000
2021-07-15;2021-07-14;CZ080;14.922445200000;6.580841500000;1.320512820512;;0.714285714285
2021-07-16;2021-07-15;CZ010;75.425965700000;9.482005900000;1.152400835073;;0.500000000000
2021-07-16;2021-07-15;CZ020;35.622394000000;4.996579200000;1.232365145228;;0.333333333333
2021-07-16;2021-07-15;CZ031;10.877148800000;4.476977100000;1.533333333333;;
2021-07-16;2021-07-15;CZ032;58.709971000000;6.577054300000;1.358024691358;;1.000000000000
2021-07-16;2021-07-15;CZ041;7.841506100000;1.645169700000;1.333333333333;;1.000000000000
2021-07-16;2021-07-15;CZ042;11.383053200000;4.295717100000;1.410256410256;;0.000000000000
2021-07-16;2021-07-15;CZ051;16.272068900000;0.000000000000;1.000000000000;;
2021-07-16;2021-07-15;CZ052;11.619399300000;0.825286700000;1.444444444444;;0.500000000000
2021-07-16;2021-07-15;CZ053;21.803326300000;13.007404900000;2.000000000000;;0.000000000000
2021-07-16;2021-07-15;CZ063;19.848600300000;2.836933000000;0.931034482758;;
2021-07-16;2021-07-15;CZ064;10.708366800000;2.066995400000;1.400000000000;;0.428571428571
2021-07-16;2021-07-15;CZ071;8.564332400000;0.753494300000;1.000000000000;;
2021-07-16;2021-07-15;CZ072;9.997948600000;1.632226600000;1.296296296296;;0.250000000000
2021-07-16;2021-07-15;CZ080;14.000271600000;6.169538900000;1.276315789473;;0.555555555555
2021-07-17;2021-07-16;CZ010;77.598113600000;9.877089400000;1.139583333333;;0.500000000000
2021-07-17;2021-07-16;CZ020;37.339135900000;5.765283700000;1.196000000000;;0.444444444444
2021-07-17;2021-07-16;CZ031;11.187924500000;5.223140000000;1.535714285714;;
2021-07-17;2021-07-16;CZ032;59.048357000000;6.577054300000;1.135593220338;;0.666666666666
2021-07-17;2021-07-16;CZ041;7.841506100000;1.645169700000;1.333333333333;;1.000000000000
2021-07-17;2021-07-16;CZ042;11.383053200000;4.295717100000;1.421052631578;;0.000000000000
2021-07-17;2021-07-16;CZ051;16.272068900000;0.000000000000;1.000000000000;;
2021-07-17;2021-07-16;CZ052;11.800952400000;0.825286700000;1.300000000000;;0.500000000000
2021-07-17;2021-07-16;CZ053;22.950869800000;13.007404900000;1.615384615384;;0.000000000000
2021-07-17;2021-07-16;CZ063;20.045121100000;4.728221800000;0.892857142857;;
2021-07-17;2021-07-16;CZ064;11.126662400000;2.066995400000;1.358490566037;;0.375000000000
2021-07-17;2021-07-16;CZ071;9.991721100000;0.753494300000;1.259259259259;;
2021-07-17;2021-07-16;CZ072;9.308434900000;2.448340000000;1.071428571428;;0.250000000000
2021-07-17;2021-07-16;CZ080;14.251773500000;6.169538900000;1.082352941176;;0.500000000000
2021-07-18;2021-07-17;CZ010;79.470655000000;10.272173000000;1.157057654075;;0.461538461538
2021-07-18;2021-07-17;CZ020;38.269037700000;6.149636000000;1.092936802973;;0.400000000000
2021-07-18;2021-07-17;CZ031;11.343312300000;5.969302800000;1.228571428571;;
2021-07-18;2021-07-17;CZ032;63.616568000000;6.577054300000;1.097435897435;;0.666666666666
2021-07-18;2021-07-17;CZ041;9.205246300000;3.290339500000;1.636363636363;;1.000000000000
2021-07-18;2021-07-17;CZ042;11.383053200000;4.295717100000;1.227272727272;;
2021-07-18;2021-07-17;CZ051;16.046068000000;0.000000000000;0.918918918918;;
2021-07-18;2021-07-17;CZ052;12.345611700000;0.825286700000;1.366666666666;;0.333333333333
2021-07-18;2021-07-17;CZ053;23.142127000000;13.007404900000;1.206349206349;;0.000000000000
2021-07-18;2021-07-17;CZ063;20.634683500000;4.728221800000;0.746031746031;;0.750000000000
2021-07-18;2021-07-17;CZ064;10.792025900000;2.066995400000;1.233333333333;;0.375000000000
2021-07-18;2021-07-17;CZ071;9.674523600000;0.753494300000;1.206896551724;;
2021-07-18;2021-07-17;CZ072;9.997948600000;1.632226600000;1.000000000000;;0.250000000000
2021-07-18;2021-07-17;CZ080;14.084105500000;5.758236300000;0.978723404255;;0.444444444444
2021-07-19;2021-07-18;CZ010;78.496933500000;8.296755100000;0.998242530755;;0.333333333333
2021-07-19;2021-07-18;CZ020;38.125975900000;6.918340500000;0.982638888888;;0.400000000000
2021-07-19;2021-07-18;CZ031;11.187924500000;5.969302800000;1.023255813953;;
2021-07-19;2021-07-18;CZ032;64.970112000000;6.577054300000;0.932432432432;;0.666666666666
2021-07-19;2021-07-18;CZ041;9.887116400000;3.290339500000;1.818181818181;;1.000000000000
2021-07-19;2021-07-18;CZ042;12.239842100000;4.295717100000;1.016393442622;;
2021-07-19;2021-07-18;CZ051;16.498069900000;0.000000000000;0.972972972972;;
2021-07-19;2021-07-18;CZ052;12.527164800000;0.825286700000;1.000000000000;;0.333333333333
2021-07-19;2021-07-18;CZ053;22.568355300000;13.007404900000;0.825000000000;;0.000000000000
2021-07-19;2021-07-18;CZ063;20.241641900000;3.782577400000;0.652777777777;;0.750000000000
2021-07-19;2021-07-18;CZ064;10.624707700000;2.066995400000;1.121212121212;;0.285714285714
2021-07-19;2021-07-18;CZ071;9.833122300000;0.753494300000;1.000000000000;;
2021-07-19;2021-07-18;CZ072;10.342705500000;2.448340000000;0.914285714285;;0.400000000000
2021-07-19;2021-07-18;CZ080;14.754777200000;6.169538900000;0.777777777777;;0.444444444444
2021-07-20;2021-07-19;CZ010;79.994966600000;8.691838700000;1.021699819168;;0.384615384615
2021-07-20;2021-07-19;CZ020;39.055877800000;6.918340500000;0.935810810810;;0.363636363636
2021-07-20;2021-07-19;CZ031;12.586415000000;5.969302800000;1.022222222222;;
2021-07-20;2021-07-19;CZ032;67.000428000000;8.221317800000;0.917808219178;;0.333333333333
2021-07-20;2021-07-19;CZ041;10.228051400000;3.290339500000;1.727272727272;;1.000000000000
2021-07-20;2021-07-19;CZ042;12.484638900000;5.523064900000;0.920634920634;;1.000000000000
2021-07-20;2021-07-19;CZ051;16.272068900000;0.000000000000;0.897435897435;;
2021-07-20;2021-07-19;CZ052;12.708717900000;0.825286700000;0.952380952380;;0.333333333333
2021-07-20;2021-07-19;CZ053;23.715898800000;14.865605600000;0.709302325581;;0.000000000000
2021-07-20;2021-07-19;CZ063;20.045121100000;3.782577400000;0.590909090909;;0.750000000000
2021-07-20;2021-07-19;CZ064;11.461298800000;2.480394500000;1.040540540540;;0.375000000000
2021-07-20;2021-07-19;CZ071;10.626116100000;0.753494300000;1.225806451612;;
2021-07-20;2021-07-19;CZ072;11.032219200000;2.448340000000;1.000000000000;;0.400000000000
2021-07-20;2021-07-19;CZ080;15.425448900000;5.758236300000;0.873786407766;;0.400000000000
2021-07-21;2021-07-20;CZ010;84.039655900000;9.482005900000;1.001811594202;;0.384615384615
2021-07-21;2021-07-20;CZ020;41.559459700000;7.302692700000;0.986531986531;;0.363636363636
2021-07-21;2021-07-20;CZ031;13.052578500000;5.969302800000;0.891304347826;;
2021-07-21;2021-07-20;CZ032;71.568639000000;9.865581400000;0.913636363636;;0.375000000000
2021-07-21;2021-07-20;CZ041;10.909921500000;3.290339500000;1.750000000000;;1.000000000000
2021-07-21;2021-07-20;CZ042;13.463826300000;5.523064900000;0.890909090909;;1.000000000000
2021-07-21;2021-07-20;CZ051;17.402073700000;0.000000000000;1.081081081081;;
2021-07-21;2021-07-20;CZ052;13.798036600000;0.825286700000;0.948717948717;;0.333333333333
2021-07-21;2021-07-20;CZ053;24.863442300000;14.865605600000;0.555555555555;;0.000000000000
2021-07-21;2021-07-20;CZ063;21.813808300000;4.728221800000;0.722222222222;;0.600000000000
2021-07-21;2021-07-20;CZ064;12.381549100000;2.480394500000;1.064935064935;;0.333333333333
2021-07-21;2021-07-20;CZ071;11.260511100000;1.506988600000;1.384615384615;;
2021-07-21;2021-07-20;CZ072;12.066489800000;2.448340000000;1.000000000000;;0.400000000000
2021-07-21;2021-07-20;CZ080;16.599124400000;6.169538900000;0.835051546391;;0.400000000000
2021-07-22;2021-07-21;CZ010;81.268294700000;9.086922300000;0.972577696526;;0.333333333333
2021-07-22;2021-07-21;CZ020;40.558026900000;6.918340500000;0.906354515050;;0.272727272727
2021-07-22;2021-07-21;CZ031;14.295681300000;7.461628500000;1.093023255813;;
2021-07-22;2021-07-21;CZ032;72.245411000000;11.509845000000;1.034825870646;;0.333333333333
2021-07-22;2021-07-21;CZ041;13.978336900000;3.290339500000;2.500000000000;;1.000000000000
2021-07-22;2021-07-21;CZ042;13.341427900000;4.909391000000;0.851851851851;;1.000000000000
2021-07-22;2021-07-21;CZ051;18.080076600000;1.101091100000;1.108108108108;;
2021-07-22;2021-07-21;CZ052;14.342696000000;0.825286700000;0.948717948717;;0.333333333333
2021-07-22;2021-07-21;CZ053;24.863442300000;13.936505200000;0.523809523809;;0.000000000000
2021-07-22;2021-07-21;CZ063;19.652079500000;5.673866100000;0.680000000000;;0.750000000000
2021-07-22;2021-07-21;CZ064;12.548867300000;2.066995400000;1.055555555555;;0.250000000000
2021-07-22;2021-07-21;CZ071;11.101912300000;1.506988600000;1.147058823529;;
2021-07-22;2021-07-21;CZ072;11.204597600000;1.632226600000;1.066666666666;;0.250000000000
2021-07-22;2021-07-21;CZ080;16.263788500000;5.346933700000;0.989130434782;;0.333333333333
2021-07-23;2021-07-22;CZ010;79.620458300000;7.901671500000;0.878006872852;;0.333333333333
2021-07-23;2021-07-22;CZ020;39.985779600000;6.918340500000;0.891156462585;;0.272727272727
2021-07-23;2021-07-22;CZ031;14.917232600000;7.461628500000;1.162790697674;;0.666666666666
2021-07-23;2021-07-22;CZ032;70.215095000000;12.331976800000;0.911214953271;;0.300000000000
2021-07-23;2021-07-22;CZ041;15.001142100000;3.290339500000;1.777777777777;;1.000000000000
2021-07-23;2021-07-22;CZ042;12.974232600000;4.295717100000;0.944444444444;;1.000000000000
2021-07-23;2021-07-22;CZ051;17.402073700000;2.202182300000;1.176470588235;;
2021-07-23;2021-07-22;CZ052;12.890271100000;0.825286700000;0.780487804878;;0.333333333333
2021-07-23;2021-07-22;CZ053;24.672185000000;13.936505200000;0.513157894736;;
2021-07-23;2021-07-22;CZ063;17.293830000000;4.728221800000;0.723404255319;;0.750000000000
2021-07-23;2021-07-22;CZ064;13.134481100000;2.066995400000;1.081081081081;;0.250000000000
2021-07-23;2021-07-22;CZ071;9.674523600000;1.506988600000;1.000000000000;;
2021-07-23;2021-07-22;CZ072;12.583625000000;2.448340000000;1.225806451612;;0.250000000000
2021-07-23;2021-07-22;CZ080;16.347622500000;5.346933700000;1.065217391304;;0.222222222222
2021-07-24;2021-07-23;CZ010;76.998900400000;8.691838700000;0.846830985915;;0.266666666666
2021-07-24;2021-07-23;CZ020;39.127408700000;6.149636000000;0.876325088339;;0.200000000000
2021-07-24;2021-07-23;CZ031;14.761844800000;7.461628500000;1.181818181818;;0.666666666666
2021-07-24;2021-07-23;CZ032;68.184779000000;14.798372100000;0.975845410628;;0.272727272727
2021-07-24;2021-07-23;CZ041;14.660207000000;3.290339500000;1.550000000000;;0.666666666666
2021-07-24;2021-07-23;CZ042;12.851834200000;4.295717100000;0.822580645161;;1.000000000000
2021-07-24;2021-07-23;CZ051;18.306077600000;2.202182300000;1.222222222222;;
2021-07-24;2021-07-23;CZ052;12.527164800000;0.825286700000;0.769230769230;;0.333333333333
2021-07-24;2021-07-23;CZ053;22.759612500000;13.007404900000;0.530303030303;;
2021-07-24;2021-07-23;CZ063;16.704267600000;5.673866100000;0.744680851063;;0.750000000000
2021-07-24;2021-07-23;CZ064;12.548867300000;2.066995400000;1.054054054054;;0.142857142857
2021-07-24;2021-07-23;CZ071;10.150319800000;1.506988600000;0.857142857142;;
2021-07-24;2021-07-23;CZ072;11.721732900000;3.264453300000;1.187500000000;;0.250000000000
2021-07-24;2021-07-23;CZ080;15.257781000000;4.935631100000;0.989010989010;;0.222222222222
2021-07-25;2021-07-24;CZ010;76.998900400000;7.901671500000;0.789380530973;;0.235294117647
2021-07-25;2021-07-24;CZ020;38.555161400000;5.765283700000;0.884476534296;;0.181818181818
2021-07-25;2021-07-24;CZ031;14.451069100000;7.461628500000;1.086956521739;;0.500000000000
2021-07-25;2021-07-24;CZ032;66.492849000000;16.442635700000;0.890547263681;;0.250000000000
2021-07-25;2021-07-24;CZ041;15.342077100000;4.935509300000;1.421052631578;;0.666666666666
2021-07-25;2021-07-24;CZ042;13.219029500000;4.295717100000;0.931034482758;;1.000000000000
2021-07-25;2021-07-24;CZ051;17.854075700000;2.202182300000;1.285714285714;;1.000000000000
2021-07-25;2021-07-24;CZ052;12.164058600000;0.825286700000;0.650000000000;;0.500000000000
2021-07-25;2021-07-24;CZ053;20.847040100000;12.078304500000;0.540983606557;;0.000000000000
2021-07-25;2021-07-24;CZ063;15.328622000000;5.673866100000;0.794871794871;;0.750000000000
2021-07-25;2021-07-24;CZ064;13.385458500000;2.480394500000;1.116883116883;;0.166666666666
2021-07-25;2021-07-24;CZ071;10.308918600000;1.506988600000;0.789473684210;;
2021-07-25;2021-07-24;CZ072;11.721732900000;4.080566700000;1.121212121212;;0.250000000000
2021-07-25;2021-07-24;CZ080;14.754777200000;4.935631100000;0.933333333333;;0.222222222222
2021-07-26;2021-07-25;CZ010;74.302440800000;7.506588000000;0.766726943942;;0.235294117647
2021-07-26;2021-07-25;CZ020;36.981481300000;6.149636000000;0.798634812286;;0.181818181818
2021-07-26;2021-07-25;CZ031;14.761844800000;7.461628500000;1.243902439024;;0.400000000000
2021-07-26;2021-07-25;CZ032;63.954954000000;16.442635700000;0.850746268656;;0.230769230769
2021-07-26;2021-07-25;CZ041;15.683012200000;4.935509300000;1.238095238095;;0.750000000000
2021-07-26;2021-07-25;CZ042;13.219029500000;4.295717100000;0.938775510204;;1.000000000000
2021-07-26;2021-07-25;CZ051;18.984080400000;2.202182300000;1.200000000000;;1.000000000000
2021-07-26;2021-07-25;CZ052;11.619399300000;0.825286700000;0.675675675675;;0.500000000000
2021-07-26;2021-07-25;CZ053;20.273268300000;11.149204200000;0.800000000000;;0.250000000000
2021-07-26;2021-07-25;CZ063;15.525142800000;5.673866100000;0.820512820512;;0.600000000000
2021-07-26;2021-07-25;CZ064;13.971072300000;2.480394500000;1.134146341463;;0.333333333333
2021-07-26;2021-07-25;CZ071;10.308918600000;1.506988600000;0.833333333333;;
2021-07-26;2021-07-25;CZ072;11.894111300000;4.080566700000;1.057142857142;;0.200000000000
2021-07-26;2021-07-25;CZ080;14.335607400000;4.524328500000;0.987654320987;;0.000000000000
2021-07-27;2021-07-26;CZ010;73.104014400000;7.111504400000;0.772556390977;;0.263157894736
2021-07-27;2021-07-26;CZ020;36.552295800000;6.918340500000;0.863468634686;;0.250000000000
2021-07-27;2021-07-26;CZ031;14.295681300000;5.223140000000;0.978723404255;;0.400000000000
2021-07-27;2021-07-26;CZ032;61.755445000000;18.086899300000;0.788461538461;;0.166666666666
2021-07-27;2021-07-26;CZ041;15.683012200000;4.935509300000;0.900000000000;;0.666666666666
2021-07-27;2021-07-26;CZ042;14.075818400000;4.295717100000;1.239130434782;;1.000000000000
2021-07-27;2021-07-26;CZ051;18.758079500000;2.202182300000;1.170731707317;;1.000000000000
2021-07-27;2021-07-26;CZ052;12.164058600000;1.650573500000;0.729729729729;;0.666666666666
2021-07-27;2021-07-26;CZ053;18.743210300000;9.291003500000;0.840909090909;;0.250000000000
2021-07-27;2021-07-26;CZ063;14.542538800000;4.728221800000;1.029411764705;;0.600000000000
2021-07-27;2021-07-26;CZ064;14.389367900000;2.893793600000;1.250000000000;;0.428571428571
2021-07-27;2021-07-26;CZ071;10.150319800000;1.506988600000;0.666666666666;;0.000000000000
2021-07-27;2021-07-26;CZ072;12.066489800000;4.080566700000;1.156250000000;;0.166666666666
2021-07-27;2021-07-26;CZ080;13.581101800000;3.290420700000;0.791208791208;;0.000000000000
2021-07-28;2021-07-27;CZ010;69.358931700000;6.716420800000;0.729941291585;;0.250000000000
2021-07-28;2021-07-27;CZ020;35.264739400000;7.302692700000;0.763358778625;;0.250000000000
2021-07-28;2021-07-27;CZ031;15.538784000000;4.476977100000;1.180000000000;;0.500000000000
2021-07-28;2021-07-27;CZ032;61.755445000000;16.442635700000;0.841025641025;;0.230769230769
2021-07-28;2021-07-27;CZ041;15.683012200000;6.580679100000;0.781250000000;;0.666666666666
2021-07-28;2021-07-27;CZ042;12.974232600000;3.682043200000;1.117647058823;;1.000000000000
2021-07-28;2021-07-27;CZ051;21.470091000000;3.303273500000;1.375000000000;;1.000000000000
2021-07-28;2021-07-27;CZ052;11.619399300000;1.650573500000;0.843750000000;;0.666666666666
2021-07-28;2021-07-27;CZ053;17.786924100000;7.432802800000;1.102564102564;;0.285714285714
2021-07-28;2021-07-27;CZ063;15.132101200000;6.619510500000;1.117647058823;;0.500000000000
2021-07-28;2021-07-27;CZ064;15.225959000000;2.480394500000;1.250000000000;;0.428571428571
2021-07-28;2021-07-27;CZ071;9.515924900000;0.753494300000;0.685714285714;;0.000000000000
2021-07-28;2021-07-27;CZ072;12.411246600000;4.080566700000;0.973684210526;;0.166666666666
2021-07-28;2021-07-27;CZ080;12.239758400000;2.879118100000;0.663265306122;;0.000000000000
2021-07-29;2021-07-28;CZ010;66.662472100000;6.321337200000;0.744282744282;;0.250000000000
2021-07-29;2021-07-28;CZ020;33.547997500000;6.149636000000;0.798387096774;;0.333333333333
2021-07-29;2021-07-28;CZ031;16.315723200000;4.476977100000;1.115384615384;;0.333333333333
2021-07-29;2021-07-28;CZ032;61.924638000000;14.798372100000;0.782178217821;;0.214285714285
2021-07-29;2021-07-28;CZ041;15.001142100000;6.580679100000;0.451612903225;;0.666666666666
2021-07-29;2021-07-28;CZ042;12.974232600000;4.909391000000;1.176470588235;;1.000000000000
2021-07-29;2021-07-28;CZ051;21.696091900000;4.404364700000;1.250000000000;;1.000000000000
2021-07-29;2021-07-28;CZ052;12.527164800000;1.650573500000;1.066666666666;;0.500000000000
2021-07-29;2021-07-28;CZ053;18.169438600000;5.574602100000;1.457142857142;;0.333333333333
2021-07-29;2021-07-28;CZ063;13.363414100000;6.619510500000;0.971428571428;;0.500000000000
2021-07-29;2021-07-28;CZ064;14.640345200000;2.480394500000;1.269230769230;;0.428571428571
2021-07-29;2021-07-28;CZ071;9.515924900000;0.753494300000;0.700000000000;;0.000000000000
2021-07-29;2021-07-28;CZ072;11.204597600000;4.080566700000;0.868421052631;;0.333333333333
2021-07-29;2021-07-28;CZ080;12.323592300000;2.879118100000;0.622222222222;;0.000000000000
2021-07-30;2021-07-29;CZ010;63.142094400000;7.901671500000;0.744394618834;;0.263157894736
2021-07-30;2021-07-29;CZ020;33.333404800000;6.533988200000;0.832653061224;;0.333333333333
2021-07-30;2021-07-29;CZ031;16.781886700000;5.223140000000;1.160000000000;;0.250000000000
2021-07-30;2021-07-29;CZ032;62.601410000000;14.798372100000;0.977653631284;;0.250000000000
2021-07-30;2021-07-29;CZ041;15.342077100000;4.935509300000;0.481481481481;;0.666666666666
2021-07-30;2021-07-29;CZ042;13.341427900000;4.909391000000;1.074074074074;;0.600000000000
2021-07-30;2021-07-29;CZ051;22.148093900000;6.606547000000;1.288888888888;;1.000000000000
2021-07-30;2021-07-29;CZ052;13.253377300000;1.650573500000;1.576923076923;;0.666666666666
2021-07-30;2021-07-29;CZ053;18.934467600000;3.716401400000;1.818181818181;;0.333333333333
2021-07-30;2021-07-29;CZ063;13.756455700000;6.619510500000;1.161290322580;;0.600000000000
2021-07-30;2021-07-29;CZ064;14.556686100000;2.893793600000;1.093023255813;;0.428571428571
2021-07-30;2021-07-29;CZ071;9.198727400000;0.753494300000;0.766666666666;;0.000000000000
2021-07-30;2021-07-29;CZ072;11.549354500000;4.896680000000;0.783783783783;;0.400000000000
2021-07-30;2021-07-29;CZ080;12.658928200000;2.879118100000;0.630952380952;;0.000000000000
2021-07-31;2021-07-30;CZ010;58.647995100000;7.506588000000;0.712264150943;;0.263157894736
2021-07-31;2021-07-30;CZ020;31.115946600000;5.380931500000;0.799145299145;;0.142857142857
2021-07-31;2021-07-30;CZ031;16.937274500000;4.476977100000;1.117647058823;;0.250000000000
2021-07-31;2021-07-30;CZ032;63.278182000000;15.620503900000;1.005847953216;;0.266666666666
2021-07-31;2021-07-30;CZ041;15.001142100000;4.935509300000;0.500000000000;;0.666666666666
2021-07-31;2021-07-30;CZ042;13.219029500000;5.523064900000;1.239130434782;;0.571428571428
2021-07-31;2021-07-30;CZ051;21.244090000000;6.606547000000;1.041666666666;;1.000000000000
2021-07-31;2021-07-30;CZ052;13.979589700000;2.475860300000;1.880000000000;;0.666666666666
2021-07-31;2021-07-30;CZ053;18.360695800000;3.716401400000;1.525000000000;;0.400000000000
2021-07-31;2021-07-30;CZ063;13.952976500000;4.728221800000;1.125000000000;;0.666666666666
2021-07-31;2021-07-30;CZ064;14.807663500000;3.307192700000;1.064516129032;;0.500000000000
2021-07-31;2021-07-30;CZ071;8.564332400000;0.753494300000;0.800000000000;;0.000000000000
2021-07-31;2021-07-30;CZ072;11.204597600000;4.080566700000;0.729729729729;;0.400000000000
2021-07-31;2021-07-30;CZ080;11.904422500000;2.467815500000;0.650000000000;;0.000000000000
2021-08-01;2021-07-31;CZ010;55.502125700000;6.321337200000;0.717761557177;;0.300000000000
2021-08-01;2021-07-31;CZ020;30.543699300000;4.227874700000;0.777777777777;;0.166666666666
2021-08-01;2021-07-31;CZ031;16.471111000000;3.730814200000;1.217391304347;;0.125000000000
2021-08-01;2021-07-31;CZ032;59.217550000000;15.620503900000;1.042682926829;;0.250000000000
2021-08-01;2021-07-31;CZ041;13.296466800000;3.290339500000;0.444444444444;;0.666666666666
2021-08-01;2021-07-31;CZ042;13.341427900000;5.523064900000;0.964912280701;;0.571428571428
2021-08-01;2021-07-31;CZ051;21.470091000000;6.606547000000;1.041666666666;;1.000000000000
2021-08-01;2021-07-31;CZ052;13.979589700000;2.475860300000;1.888888888888;;1.000000000000
2021-08-01;2021-07-31;CZ053;19.125724800000;3.716401400000;1.810810810810;;0.400000000000
2021-08-01;2021-07-31;CZ063;14.149497200000;5.673866100000;1.171428571428;;0.500000000000
2021-08-01;2021-07-31;CZ064;14.724004300000;4.133990900000;0.947368421052;;0.500000000000
2021-08-01;2021-07-31;CZ071;8.564332400000;0.753494300000;0.923076923076;;0.000000000000
2021-08-01;2021-07-31;CZ072;10.515083900000;4.080566700000;0.648648648648;;0.400000000000
2021-08-01;2021-07-31;CZ080;11.736754600000;2.467815500000;0.777777777777;;0.000000000000
2021-08-02;2021-08-01;CZ010;53.329977700000;6.321337200000;0.772117962466;;0.300000000000
2021-08-02;2021-08-01;CZ020;29.828390100000;4.227874700000;0.915000000000;;0.166666666666
2021-08-02;2021-08-01;CZ031;16.471111000000;3.730814200000;0.932203389830;;0.125000000000
2021-08-02;2021-08-01;CZ032;58.709971000000;15.620503900000;1.073170731707;;0.250000000000
2021-08-02;2021-08-01;CZ041;12.614596700000;3.290339500000;0.440000000000;;0.666666666666
2021-08-02;2021-08-01;CZ042;12.362240500000;5.523064900000;0.964912280701;;0.571428571428
2021-08-02;2021-08-01;CZ051;21.470091000000;6.606547000000;0.854545454545;;1.000000000000
2021-08-02;2021-08-01;CZ052;14.887355300000;2.475860300000;2.111111111111;;1.000000000000
2021-08-02;2021-08-01;CZ053;21.038297300000;3.716401400000;1.627906976744;;0.400000000000
2021-08-02;2021-08-01;CZ063;15.132101200000;5.673866100000;1.184210526315;;0.500000000000
2021-08-02;2021-08-01;CZ064;14.891322600000;4.547390000000;0.850000000000;;0.625000000000
2021-08-02;2021-08-01;CZ071;8.564332400000;0.753494300000;1.000000000000;;0.000000000000
2021-08-02;2021-08-01;CZ072;10.342705500000;3.264453300000;0.621621621621;;0.250000000000
2021-08-02;2021-08-01;CZ080;11.066082900000;2.056512900000;0.800000000000;;0.166666666666
2021-08-03;2021-08-02;CZ010;51.382534700000;5.926253600000;0.768156424581;;0.294117647058
2021-08-03;2021-08-02;CZ020;28.898488300000;5.380931500000;0.858585858585;;0.166666666666
2021-08-03;2021-08-02;CZ031;16.160335300000;3.730814200000;1.000000000000;;0.125000000000
2021-08-03;2021-08-02;CZ032;56.510462000000;18.086899300000;1.075949367088;;0.266666666666
2021-08-03;2021-08-02;CZ041;11.932726600000;3.290339500000;0.571428571428;;0.666666666666
2021-08-03;2021-08-02;CZ042;12.484638900000;4.295717100000;0.750000000000;;0.428571428571
2021-08-03;2021-08-02;CZ051;21.696091900000;6.606547000000;0.872727272727;;1.000000000000
2021-08-03;2021-08-02;CZ052;15.250461500000;2.475860300000;1.781250000000;;1.000000000000
2021-08-03;2021-08-02;CZ053;20.273268300000;2.787301000000;1.352941176470;;0.400000000000
2021-08-03;2021-08-02;CZ063;15.918184400000;6.619510500000;1.352941176470;;0.571428571428
2021-08-03;2021-08-02;CZ064;14.807663500000;4.133990900000;0.828282828282;;0.400000000000
2021-08-03;2021-08-02;CZ071;8.088536100000;0.753494300000;1.190476190476;;0.000000000000
2021-08-03;2021-08-02;CZ072;10.342705500000;4.080566700000;0.696969696969;;0.250000000000
2021-08-03;2021-08-02;CZ080;10.143909300000;2.467815500000;0.875000000000;;0.200000000000
2021-08-04;2021-08-03;CZ010;48.611173500000;5.136086500000;0.831325301204;;0.277777777777
2021-08-04;2021-08-03;CZ020;27.396339100000;5.765283700000;0.897058823529;;0.166666666666
2021-08-04;2021-08-03;CZ031;16.937274500000;4.476977100000;0.862068965517;;0.125000000000
2021-08-04;2021-08-03;CZ032;54.480146000000;18.909031100000;0.902857142857;;0.230769230769
2021-08-04;2021-08-03;CZ041;11.591791600000;3.290339500000;0.692307692307;;0.500000000000
2021-08-04;2021-08-03;CZ042;12.239842100000;4.295717100000;0.741379310344;;0.428571428571
2021-08-04;2021-08-03;CZ051;20.340086200000;6.606547000000;0.603448275862;;1.000000000000
2021-08-04;2021-08-03;CZ052;14.887355300000;3.301147100000;1.341463414634;;1.000000000000
2021-08-04;2021-08-03;CZ053;21.229554600000;3.716401400000;1.133333333333;;0.400000000000
2021-08-04;2021-08-03;CZ063;16.114705200000;6.619510500000;1.222222222222;;0.666666666666
2021-08-04;2021-08-03;CZ064;15.476936400000;4.133990900000;0.904255319148;;0.454545454545
2021-08-04;2021-08-03;CZ071;9.040128600000;0.000000000000;1.434782608695;;0.000000000000
2021-08-04;2021-08-03;CZ072;9.653191800000;4.080566700000;0.655172413793;;0.250000000000
2021-08-04;2021-08-03;CZ080;9.808573500000;2.056512900000;0.981132075471;;0.200000000000
2021-08-05;2021-08-04;CZ010;47.412747000000;5.136086500000;0.910596026490;;0.294117647058
2021-08-05;2021-08-04;CZ020;27.110215500000;6.149636000000;0.967914438502;;0.166666666666
2021-08-05;2021-08-04;CZ031;17.403438100000;2.984651400000;0.947368421052;;0.090909090909
2021-08-05;2021-08-04;CZ032;49.573549000000;18.086899300000;0.784883720930;;0.200000000000
2021-08-05;2021-08-04;CZ041;8.182441100000;3.290339500000;0.769230769230;;0.666666666666
2021-08-05;2021-08-04;CZ042;12.362240500000;4.295717100000;0.719298245614;;0.428571428571
2021-08-05;2021-08-04;CZ051;19.436082400000;5.505455900000;0.620000000000;;1.000000000000
2021-08-05;2021-08-04;CZ052;16.702886500000;4.126433900000;1.276595744680;;1.000000000000
2021-08-05;2021-08-04;CZ053;22.377098000000;3.716401400000;1.081967213114;;0.400000000000
2021-08-05;2021-08-04;CZ063;17.097309200000;5.673866100000;1.472222222222;;0.666666666666
2021-08-05;2021-08-04;CZ064;16.648164000000;4.547390000000;1.010101010101;;0.500000000000
2021-08-05;2021-08-04;CZ071;10.308918600000;0.000000000000;1.833333333333;;0.000000000000
2021-08-05;2021-08-04;CZ072;8.963678100000;4.080566700000;0.703703703703;;0.500000000000
2021-08-05;2021-08-04;CZ080;9.557071600000;2.056512900000;1.115384615384;;0.285714285714
2021-08-06;2021-08-05;CZ010;45.165697400000;6.321337200000;0.918644067796;;0.333333333333
2021-08-06;2021-08-05;CZ020;26.609499100000;5.765283700000;0.923076923076;;0.142857142857
2021-08-06;2021-08-05;CZ031;18.957316500000;2.984651400000;1.142857142857;;0.100000000000
2021-08-06;2021-08-05;CZ032;48.896777000000;18.086899300000;0.666666666666;;0.266666666666
2021-08-06;2021-08-05;CZ041;7.841506100000;4.935509300000;0.833333333333;;0.666666666666
2021-08-06;2021-08-05;CZ042;11.627850000000;4.295717100000;0.672727272727;;0.428571428571
2021-08-06;2021-08-05;CZ051;20.114085200000;4.404364700000;0.620000000000;;1.000000000000
2021-08-06;2021-08-05;CZ052;16.521333300000;4.126433900000;0.980392156862;;1.000000000000
2021-08-06;2021-08-05;CZ053;22.185840800000;3.716401400000;0.835820895522;;0.400000000000
2021-08-06;2021-08-05;CZ063;18.276434000000;5.673866100000;1.390243902439;;0.600000000000
2021-08-06;2021-08-05;CZ064;16.899141400000;4.547390000000;1.200000000000;;0.454545454545
2021-08-06;2021-08-05;CZ071;11.101912300000;0.000000000000;1.958333333333;;0.000000000000
2021-08-06;2021-08-05;CZ072;7.584650700000;3.264453300000;0.625000000000;;0.500000000000
2021-08-06;2021-08-05;CZ080;9.389403700000;2.056512900000;1.053571428571;;0.333333333333
2021-08-07;2021-08-06;CZ010;43.967270900000;5.926253600000;0.989583333333;;0.375000000000
2021-08-07;2021-08-06;CZ020;25.894190000000;5.765283700000;0.956284153005;;0.166666666666
2021-08-07;2021-08-06;CZ031;19.734255700000;2.238488500000;1.272727272727;;0.090909090909
2021-08-07;2021-08-06;CZ032;45.851303000000;16.442635700000;0.562500000000;;0.285714285714
2021-08-07;2021-08-06;CZ041;8.182441100000;4.935509300000;1.000000000000;;1.000000000000
2021-08-07;2021-08-06;CZ042;11.260654700000;4.909391000000;0.636363636363;;0.428571428571
2021-08-07;2021-08-06;CZ051;19.888084300000;4.404364700000;0.808510638297;;1.000000000000
2021-08-07;2021-08-06;CZ052;17.610652000000;4.951720700000;0.877192982456;;0.666666666666
2021-08-07;2021-08-06;CZ053;22.568355300000;4.645501700000;0.814285714285;;0.400000000000
2021-08-07;2021-08-06;CZ063;18.865996300000;5.673866100000;1.333333333333;;0.500000000000
2021-08-07;2021-08-06;CZ064;17.568414300000;4.960789000000;1.305882352941;;0.500000000000
2021-08-07;2021-08-06;CZ071;12.529301100000;0.753494300000;2.291666666666;;0.000000000000
2021-08-07;2021-08-06;CZ072;7.757029100000;3.264453300000;0.782608695652;;0.666666666666
2021-08-07;2021-08-06;CZ080;9.221735700000;2.056512900000;1.115384615384;;0.333333333333
2021-08-08;2021-08-07;CZ010;44.791189100000;5.926253600000;1.101818181818;;0.411764705882
2021-08-08;2021-08-07;CZ020;25.822659100000;6.533988200000;1.052941176470;;0.200000000000
2021-08-08;2021-08-07;CZ031;20.200419200000;2.984651400000;1.275862068965;;0.181818181818
2021-08-08;2021-08-07;CZ032;44.836145000000;14.798372100000;0.552941176470;;0.307692307692
2021-08-08;2021-08-07;CZ041;7.841506100000;3.290339500000;1.375000000000;;0.666666666666
2021-08-08;2021-08-07;CZ042;11.383053200000;4.909391000000;0.844444444444;;
2021-08-08;2021-08-07;CZ051;19.662083300000;4.404364700000;0.770833333333;;1.000000000000
2021-08-08;2021-08-07;CZ052;17.973758300000;4.951720700000;0.842105263157;;0.666666666666
2021-08-08;2021-08-07;CZ053;22.950869800000;4.645501700000;0.768115942028;;0.400000000000
2021-08-08;2021-08-07;CZ063;20.241641900000;5.673866100000;1.347826086956;;0.500000000000
2021-08-08;2021-08-07;CZ064;17.066459600000;4.547390000000;1.390243902439;;0.538461538461
2021-08-08;2021-08-07;CZ071;14.273887300000;0.753494300000;2.640000000000;;0.000000000000
2021-08-08;2021-08-07;CZ072;7.929407500000;2.448340000000;0.956521739130;;0.666666666666
2021-08-08;2021-08-07;CZ080;9.640905600000;2.056512900000;1.204081632653;;0.333333333333
2021-08-09;2021-08-08;CZ010;44.866090800000;6.716420800000;1.126811594202;;0.411764705882
2021-08-09;2021-08-08;CZ020;26.609499100000;6.149636000000;1.032786885245;;0.200000000000
2021-08-09;2021-08-08;CZ031;20.355807000000;2.984651400000;1.520000000000;;0.272727272727
2021-08-09;2021-08-08;CZ032;44.328566000000;14.798372100000;0.544303797468;;0.307692307692
2021-08-09;2021-08-08;CZ041;7.500571000000;3.290339500000;1.222222222222;;0.500000000000
2021-08-09;2021-08-08;CZ042;12.117443700000;5.523064900000;1.023255813953;;
2021-08-09;2021-08-08;CZ051;18.984080400000;4.404364700000;1.057142857142;;1.000000000000
2021-08-09;2021-08-08;CZ052;18.336864500000;4.951720700000;0.800000000000;;0.666666666666
2021-08-09;2021-08-08;CZ053;22.185840800000;4.645501700000;0.676470588235;;0.250000000000
2021-08-09;2021-08-08;CZ063;20.241641900000;5.673866100000;1.318181818181;;0.600000000000
2021-08-09;2021-08-08;CZ064;16.815482200000;4.547390000000;1.364705882352;;0.500000000000
2021-08-09;2021-08-08;CZ071;17.445862300000;0.753494300000;2.606060606060;;0.000000000000
2021-08-09;2021-08-08;CZ072;7.929407500000;2.448340000000;1.210526315789;;0.800000000000
2021-08-09;2021-08-08;CZ080;9.557071600000;2.056512900000;1.192307692307;;0.400000000000
2021-08-10;2021-08-09;CZ010;43.592762700000;6.716420800000;1.116363636363;;0.375000000000
2021-08-10;2021-08-09;CZ020;25.178880900000;5.765283700000;1.005524861878;;0.200000000000
2021-08-10;2021-08-09;CZ031;21.288134100000;3.730814200000;1.462962962962;;0.333333333333
2021-08-10;2021-08-09;CZ032;41.959864000000;15.620503900000;0.577777777777;;0.285714285714
2021-08-10;2021-08-09;CZ041;6.818700900000;3.290339500000;1.200000000000;;0.500000000000
2021-08-10;2021-08-09;CZ042;11.505451600000;4.295717100000;1.195121951219;;0.375000000000
2021-08-10;2021-08-09;CZ051;18.984080400000;4.404364700000;1.161290322580;;1.000000000000
2021-08-10;2021-08-09;CZ052;17.973758300000;4.126433900000;0.700000000000;;0.500000000000
2021-08-10;2021-08-09;CZ053;22.950869800000;3.716401400000;0.772727272727;;1.000000000000
2021-08-10;2021-08-09;CZ063;21.617287500000;5.673866100000;1.207547169811;;0.600000000000
2021-08-10;2021-08-09;CZ064;16.982800500000;4.547390000000;1.210000000000;;0.545454545454
2021-08-10;2021-08-09;CZ071;18.238856000000;0.753494300000;2.045454545454;;0.000000000000
2021-08-10;2021-08-09;CZ072;7.929407500000;3.264453300000;1.210526315789;;1.000000000000
2021-08-10;2021-08-09;CZ080;9.976241400000;1.233907700000;1.206896551724;;0.666666666666
2021-08-11;2021-08-10;CZ010;45.540205700000;7.901671500000;1.225092250922;;0.470588235294
2021-08-11;2021-08-10;CZ020;25.894190000000;5.380931500000;1.065476190476;;0.200000000000
2021-08-11;2021-08-10;CZ031;22.065073300000;3.730814200000;1.437500000000;;0.272727272727
2021-08-11;2021-08-10;CZ032;38.068425000000;14.798372100000;0.587719298245;;0.214285714285
2021-08-11;2021-08-10;CZ041;9.546181300000;1.645169700000;1.900000000000;;0.333333333333
2021-08-11;2021-08-10;CZ042;11.627850000000;4.295717100000;1.405405405405;;0.333333333333
2021-08-11;2021-08-10;CZ051;16.724070900000;3.303273500000;1.258064516129;;1.000000000000
2021-08-11;2021-08-10;CZ052;17.065992700000;4.126433900000;0.780000000000;;0.500000000000
2021-08-11;2021-08-10;CZ053;21.420811800000;4.645501700000;0.785714285714;;1.000000000000
2021-08-11;2021-08-10;CZ063;22.599891500000;4.728221800000;1.245614035087;;0.500000000000
2021-08-11;2021-08-10;CZ064;16.397186700000;4.133990900000;1.027777777777;;0.500000000000
2021-08-11;2021-08-10;CZ071;18.238856000000;0.753494300000;1.744680851063;;0.000000000000
2021-08-11;2021-08-10;CZ072;7.239893800000;3.264453300000;1.533333333333;;1.000000000000
2021-08-11;2021-08-10;CZ080;10.814581000000;2.056512900000;1.305084745762;;0.666666666666
2021-08-12;2021-08-11;CZ010;45.989615600000;8.296755100000;1.189473684210;;0.500000000000
2021-08-12;2021-08-11;CZ020;26.824091800000;6.149636000000;1.108571428571;;0.000000000000
2021-08-12;2021-08-11;CZ031;23.618951700000;3.730814200000;1.400000000000;;0.444444444444
2021-08-12;2021-08-11;CZ032;33.331021000000;13.976240300000;0.626262626262;;0.230769230769
2021-08-12;2021-08-11;CZ041;12.614596700000;1.645169700000;2.454545454545;;0.333333333333
2021-08-12;2021-08-11;CZ042;10.771061000000;3.068369400000;1.342857142857;;0.333333333333
2021-08-12;2021-08-11;CZ051;15.594066100000;2.202182300000;1.000000000000;;1.000000000000
2021-08-12;2021-08-11;CZ052;16.158227100000;4.126433900000;0.580000000000;;0.666666666666
2021-08-12;2021-08-11;CZ053;20.273268300000;6.503702400000;0.701754385964;;1.000000000000
2021-08-12;2021-08-11;CZ063;23.779016200000;6.619510500000;1.133333333333;;0.571428571428
2021-08-12;2021-08-11;CZ064;17.568414300000;4.960789000000;0.990990990990;;0.500000000000
2021-08-12;2021-08-11;CZ071;19.349047200000;1.506988600000;1.418181818181;;0.000000000000
2021-08-12;2021-08-11;CZ072;7.929407500000;3.264453300000;1.500000000000;;1.000000000000
2021-08-12;2021-08-11;CZ080;11.485252700000;2.056512900000;1.362068965517;;0.500000000000
2021-08-13;2021-08-12;CZ010;47.337845400000;7.506588000000;1.191419141914;;0.550000000000
2021-08-13;2021-08-12;CZ020;26.466437300000;6.149636000000;1.128491620111;;0.000000000000
2021-08-13;2021-08-12;CZ031;24.395890900000;3.730814200000;1.256756756756;;0.444444444444
2021-08-13;2021-08-12;CZ032;29.777968000000;13.976240300000;0.659574468085;;0.100000000000
2021-08-13;2021-08-12;CZ041;13.296466800000;1.645169700000;2.636363636363;;0.333333333333
2021-08-13;2021-08-12;CZ042;10.771061000000;2.454695500000;1.342105263157;;0.400000000000
2021-08-13;2021-08-12;CZ051;15.594066100000;1.101091100000;1.027027027027;;
2021-08-13;2021-08-12;CZ052;15.068908400000;3.301147100000;0.687500000000;;0.500000000000
2021-08-13;2021-08-12;CZ053;18.360695800000;6.503702400000;0.754716981132;;1.000000000000
2021-08-13;2021-08-12;CZ063;24.172057800000;6.619510500000;1.064516129032;;0.500000000000
2021-08-13;2021-08-12;CZ064;17.652073400000;4.133990900000;0.903508771929;;0.500000000000
2021-08-13;2021-08-12;CZ071;19.824843500000;2.260482900000;1.181818181818;;0.000000000000
2021-08-13;2021-08-12;CZ072;7.239893800000;3.264453300000;1.227272727272;;1.000000000000
2021-08-13;2021-08-12;CZ080;11.820588600000;2.056512900000;1.389830508474;;0.500000000000
2021-08-14;2021-08-13;CZ010;51.157829700000;8.691838700000;1.279742765273;;0.523809523809
2021-08-14;2021-08-13;CZ020;27.753993700000;7.302692700000;1.126984126984;;0.000000000000
2021-08-14;2021-08-13;CZ031;25.483605800000;3.730814200000;1.236842105263;;0.444444444444
2021-08-14;2021-08-13;CZ032;27.578459000000;13.154108600000;0.744186046511;;0.100000000000
2021-08-14;2021-08-13;CZ041;14.660207000000;1.645169700000;2.909090909090;;0.333333333333
2021-08-14;2021-08-13;CZ042;11.260654700000;2.454695500000;1.295454545454;;0.400000000000
2021-08-14;2021-08-13;CZ051;16.272068900000;1.101091100000;0.918918918918;;
2021-08-14;2021-08-13;CZ052;15.068908400000;2.475860300000;0.750000000000;;0.500000000000
2021-08-14;2021-08-13;CZ053;17.978181300000;8.361903100000;0.804347826086;;1.000000000000
2021-08-14;2021-08-13;CZ063;24.172057800000;6.619510500000;1.086206896551;;0.285714285714
2021-08-14;2021-08-13;CZ064;18.070369000000;3.720591800000;0.905172413793;;0.461538461538
2021-08-14;2021-08-13;CZ071;19.824843500000;2.260482900000;0.813953488372;;0.000000000000
2021-08-14;2021-08-13;CZ072;7.929407500000;3.264453300000;1.217391304347;;1.000000000000
2021-08-14;2021-08-13;CZ080;11.569086700000;2.056512900000;1.290322580645;;0.400000000000
2021-08-15;2021-08-14;CZ010;51.532338000000;9.482005900000;1.254071661237;;0.434782608695
2021-08-15;2021-08-14;CZ020;27.682462800000;7.302692700000;1.142857142857;;0.000000000000
2021-08-15;2021-08-14;CZ031;27.037484200000;3.730814200000;1.265822784810;;0.500000000000
2021-08-15;2021-08-14;CZ032;26.901687000000;14.798372100000;0.833333333333;;0.272727272727
2021-08-15;2021-08-14;CZ041;15.342077100000;1.645169700000;2.833333333333;;0.333333333333
2021-08-15;2021-08-14;CZ042;12.117443700000;2.454695500000;1.244897959183;;0.285714285714
2021-08-15;2021-08-14;CZ051;17.402073700000;1.101091100000;1.111111111111;;1.000000000000
2021-08-15;2021-08-14;CZ052;14.524249100000;2.475860300000;0.761904761904;;0.500000000000
2021-08-15;2021-08-14;CZ053;16.830637800000;8.361903100000;0.686274509803;;1.000000000000
2021-08-15;2021-08-14;CZ063;23.385974700000;5.673866100000;0.890625000000;;0.333333333333
2021-08-15;2021-08-14;CZ064;18.655982800000;2.893793600000;0.900826446280;;0.461538461538
2021-08-15;2021-08-14;CZ071;20.142041000000;2.260482900000;0.677777777777;;0.000000000000
2021-08-15;2021-08-14;CZ072;8.446542800000;3.264453300000;1.173913043478;;1.000000000000
2021-08-15;2021-08-14;CZ080;11.904422500000;2.056512900000;1.185714285714;;0.400000000000
2021-08-16;2021-08-15;CZ010;51.906846300000;9.877089400000;1.150602409638;;0.454545454545
2021-08-16;2021-08-15;CZ020;27.682462800000;6.918340500000;1.106145251396;;0.000000000000
2021-08-16;2021-08-15;CZ031;27.192872000000;4.476977100000;1.076086956521;;0.555555555555
2021-08-16;2021-08-15;CZ032;25.886529000000;14.798372100000;1.000000000000;;0.272727272727
2021-08-16;2021-08-15;CZ041;15.342077100000;1.645169700000;1.789473684210;;0.333333333333
2021-08-16;2021-08-15;CZ042;12.117443700000;2.454695500000;1.057692307692;;0.200000000000
2021-08-16;2021-08-15;CZ051;20.792088100000;2.202182300000;1.410256410256;;1.000000000000
2021-08-16;2021-08-15;CZ052;13.616483500000;2.475860300000;0.794871794871;;0.500000000000
2021-08-16;2021-08-15;CZ053;14.918065300000;8.361903100000;0.727272727272;;1.000000000000
2021-08-16;2021-08-15;CZ063;22.796412300000;5.673866100000;0.816901408450;;0.285714285714
2021-08-16;2021-08-15;CZ064;18.405005400000;2.480394500000;0.936936936936;;0.333333333333
2021-08-16;2021-08-15;CZ071;20.142041000000;2.260482900000;0.500000000000;;0.500000000000
2021-08-16;2021-08-15;CZ072;8.446542800000;4.080566700000;1.130434782608;;1.000000000000
2021-08-16;2021-08-15;CZ080;12.407426300000;2.056512900000;1.116883116883;;0.250000000000
2021-08-17;2021-08-16;CZ010;53.704486000000;11.062340200000;1.209439528023;;0.400000000000
2021-08-17;2021-08-16;CZ020;27.181746400000;5.765283700000;1.020618556701;;0.000000000000
2021-08-17;2021-08-16;CZ031;28.125199000000;4.476977100000;1.040816326530;;0.555555555555
2021-08-17;2021-08-16;CZ032;25.378950000000;12.331976800000;1.161290322580;;0.363636363636
2021-08-17;2021-08-16;CZ041;15.683012200000;1.645169700000;1.259259259259;;0.333333333333
2021-08-17;2021-08-16;CZ042;12.362240500000;3.068369400000;1.106382978723;;0.125000000000
2021-08-17;2021-08-16;CZ051;23.504099600000;2.202182300000;1.789473684210;;1.000000000000
2021-08-17;2021-08-16;CZ052;14.161142900000;4.951720700000;1.241379310344;;0.500000000000
2021-08-17;2021-08-16;CZ053;15.300579800000;7.432802800000;0.725000000000;;1.000000000000
2021-08-17;2021-08-16;CZ063;24.565099400000;4.728221800000;0.897058823529;;0.166666666666
2021-08-17;2021-08-16;CZ064;18.739641900000;3.307192700000;0.936363636363;;0.500000000000
2021-08-17;2021-08-16;CZ071;20.617837200000;2.260482900000;0.512820512820;;1.000000000000
2021-08-17;2021-08-16;CZ072;8.274164400000;3.264453300000;0.925925925925;;1.000000000000
2021-08-17;2021-08-16;CZ080;13.078098000000;2.056512900000;1.088607594936;;0.200000000000
2021-08-18;2021-08-17;CZ010;53.779387600000;13.037758100000;1.069252077562;;0.384615384615
2021-08-18;2021-08-17;CZ020;27.038684600000;5.380931500000;0.985148514851;;0.000000000000
2021-08-18;2021-08-17;CZ031;31.854507200000;4.476977100000;1.215053763440;;0.600000000000
2021-08-18;2021-08-17;CZ032;23.856213000000;11.509845000000;1.193548387096;;0.363636363636
2021-08-18;2021-08-17;CZ041;18.410492600000;1.645169700000;1.206896551724;;0.333333333333
2021-08-18;2021-08-17;CZ042;13.219029500000;3.068369400000;1.098039215686;;0.125000000000
2021-08-18;2021-08-17;CZ051;28.024118800000;4.404364700000;2.236842105263;;1.000000000000
2021-08-18;2021-08-17;CZ052;14.342696000000;4.126433900000;1.212121212121;;0.333333333333
2021-08-18;2021-08-17;CZ053;13.770521900000;8.361903100000;0.700000000000;;0.750000000000
2021-08-18;2021-08-17;CZ063;25.154661800000;3.782577400000;0.863636363636;;0.166666666666
2021-08-18;2021-08-17;CZ064;19.074278400000;3.307192700000;1.135922330097;;0.444444444444
2021-08-18;2021-08-17;CZ071;20.935034700000;2.260482900000;0.641025641025;;1.000000000000
2021-08-18;2021-08-17;CZ072;8.963678100000;3.264453300000;1.074074074074;;1.000000000000
2021-08-18;2021-08-17;CZ080;13.832603600000;3.701723300000;1.073170731707;;0.166666666666
2021-08-19;2021-08-18;CZ010;54.153895900000;13.432841700000;0.964824120603;;0.413793103448
2021-08-19;2021-08-18;CZ020;27.825524600000;4.996579200000;0.915492957746;;0.000000000000
2021-08-19;2021-08-18;CZ031;32.786834200000;5.223140000000;1.202127659574;;0.777777777777
2021-08-19;2021-08-18;CZ032;22.333476000000;10.687713200000;1.093750000000;;0.500000000000
2021-08-19;2021-08-18;CZ041;20.115167800000;1.645169700000;1.000000000000;;0.000000000000
2021-08-19;2021-08-18;CZ042;12.851834200000;3.682043200000;1.017543859649;;0.125000000000
2021-08-19;2021-08-18;CZ051;30.284128400000;5.505455900000;2.823529411764;;1.000000000000
2021-08-19;2021-08-18;CZ052;13.071824200000;3.301147100000;1.303030303030;;0.333333333333
2021-08-19;2021-08-18;CZ053;13.770521900000;9.291003500000;0.864864864864;;0.750000000000
2021-08-19;2021-08-18;CZ063;24.368578600000;3.782577400000;0.888888888888;;0.166666666666
2021-08-19;2021-08-18;CZ064;18.237687200000;2.893793600000;1.028571428571;;0.500000000000
2021-08-19;2021-08-18;CZ071;19.983442200000;3.767471600000;0.685714285714;;1.000000000000
2021-08-19;2021-08-18;CZ072;9.136056500000;4.080566700000;0.928571428571;;0.750000000000
2021-08-19;2021-08-18;CZ080;13.916437600000;4.113025900000;1.087500000000;;0.000000000000
2021-08-20;2021-08-19;CZ010;55.726830600000;12.247590900000;0.994805194805;;0.387096774193
2021-08-20;2021-08-19;CZ020;27.897055500000;4.996579200000;0.903846153846;;0.000000000000
2021-08-20;2021-08-19;CZ031;32.009895000000;5.223140000000;1.130000000000;;0.800000000000
2021-08-20;2021-08-19;CZ032;21.318318000000;9.865581400000;0.984615384615;;0.428571428571
2021-08-20;2021-08-19;CZ041;19.774232800000;0.000000000000;0.852941176470;;0.000000000000
2021-08-20;2021-08-19;CZ042;13.463826300000;3.682043200000;0.967213114754;;0.111111111111
2021-08-20;2021-08-19;CZ051;30.058127400000;6.606547000000;2.375000000000;;1.000000000000
2021-08-20;2021-08-19;CZ052;12.345611700000;3.301147100000;1.093750000000;;0.333333333333
2021-08-20;2021-08-19;CZ053;13.388007400000;9.291003500000;0.857142857142;;0.750000000000
2021-08-20;2021-08-19;CZ063;23.385974700000;3.782577400000;0.929824561403;;0.142857142857
2021-08-20;2021-08-19;CZ064;17.484755200000;2.893793600000;0.972477064220;;0.555555555555
2021-08-20;2021-08-19;CZ071;19.349047200000;4.520965900000;0.721311475409;;0.666666666666
2021-08-20;2021-08-19;CZ072;9.997948600000;4.080566700000;1.148148148148;;0.750000000000
2021-08-20;2021-08-19;CZ080;14.670943300000;4.113025900000;1.120481927710;;0.166666666666
2021-08-21;2021-08-20;CZ010;57.524470300000;12.642674500000;0.968586387434;;0.357142857142
2021-08-21;2021-08-20;CZ020;28.183179200000;5.380931500000;0.914141414141;;0.333333333333
2021-08-21;2021-08-20;CZ031;32.476058600000;6.715465700000;1.161616161616;;0.888888888888
2021-08-21;2021-08-20;CZ032;19.964774000000;9.043449600000;0.805970149253;;0.375000000000
2021-08-21;2021-08-20;CZ041;21.478908000000;0.000000000000;0.911764705882;;0.333333333333
2021-08-21;2021-08-20;CZ042;13.586224700000;3.068369400000;0.981818181818;;
2021-08-21;2021-08-20;CZ051;29.606125500000;6.606547000000;1.763636363636;;1.000000000000
2021-08-21;2021-08-20;CZ052;11.619399300000;2.475860300000;1.000000000000;;0.500000000000
2021-08-21;2021-08-20;CZ053;12.431721100000;9.291003500000;0.875000000000;;0.750000000000
2021-08-21;2021-08-20;CZ063;22.206849900000;2.836933000000;0.862068965517;;0.142857142857
2021-08-21;2021-08-20;CZ064;17.233777800000;2.480394500000;0.971153846153;;0.444444444444
2021-08-21;2021-08-20;CZ071;17.763059800000;3.767471600000;1.024390243902;;0.750000000000
2021-08-21;2021-08-20;CZ072;9.997948600000;3.264453300000;1.153846153846;;0.500000000000
2021-08-21;2021-08-20;CZ080;14.503275300000;4.524328500000;1.081395348837;;0.200000000000
2021-08-22;2021-08-21;CZ010;56.925257100000;13.432841700000;0.914634146341;;0.370370370370
2021-08-22;2021-08-21;CZ020;27.539401000000;4.612227000000;0.893939393939;;0.333333333333
2021-08-22;2021-08-21;CZ031;32.631446400000;6.715465700000;1.078431372549;;0.875000000000
2021-08-22;2021-08-21;CZ032;19.626388000000;9.043449600000;0.708333333333;;0.375000000000
2021-08-22;2021-08-21;CZ041;22.501713100000;0.000000000000;0.941176470588;;0.333333333333
2021-08-22;2021-08-21;CZ042;14.320615300000;3.068369400000;1.076923076923;;
2021-08-22;2021-08-21;CZ051;30.058127400000;6.606547000000;1.367647058823;;1.000000000000
2021-08-22;2021-08-21;CZ052;11.437846100000;2.475860300000;0.861111111111;;0.500000000000
2021-08-22;2021-08-21;CZ053;12.814235600000;9.291003500000;1.103448275862;;0.600000000000
2021-08-22;2021-08-21;CZ063;21.617287500000;2.836933000000;0.868852459016;;0.142857142857
2021-08-22;2021-08-21;CZ064;17.066459600000;2.480394500000;0.922330097087;;0.444444444444
2021-08-22;2021-08-21;CZ071;16.335671000000;4.520965900000;1.050000000000;;0.750000000000
2021-08-22;2021-08-21;CZ072;10.342705500000;4.080566700000;1.320000000000;;0.500000000000
2021-08-22;2021-08-21;CZ080;14.251773500000;5.758236300000;1.011627906976;;0.200000000000
2021-08-23;2021-08-22;CZ010;57.824076900000;13.037758100000;1.010362694300;;0.379310344827
2021-08-23;2021-08-22;CZ020;27.897055500000;5.380931500000;0.964824120603;;0.400000000000
2021-08-23;2021-08-22;CZ031;33.097609900000;6.715465700000;1.008849557522;;0.857142857142
2021-08-23;2021-08-22;CZ032;19.795581000000;9.043449600000;0.675675675675;;0.428571428571
2021-08-23;2021-08-22;CZ041;22.501713100000;0.000000000000;0.914285714285;;0.500000000000
2021-08-23;2021-08-22;CZ042;14.565412100000;3.068369400000;1.142857142857;;
2021-08-23;2021-08-22;CZ051;29.380124500000;6.606547000000;0.882352941176;;1.000000000000
2021-08-23;2021-08-22;CZ052;11.437846100000;3.301147100000;0.800000000000;;0.500000000000
2021-08-23;2021-08-22;CZ053;12.431721100000;9.291003500000;1.178571428571;;0.600000000000
2021-08-23;2021-08-22;CZ063;21.420766700000;2.836933000000;0.894736842105;;0.250000000000
2021-08-23;2021-08-22;CZ064;17.233777800000;2.480394500000;0.871794871794;;0.444444444444
2021-08-23;2021-08-22;CZ071;13.163696100000;4.520965900000;0.840000000000;;0.750000000000
2021-08-23;2021-08-22;CZ072;9.997948600000;4.080566700000;1.103448275862;;0.500000000000
2021-08-23;2021-08-22;CZ080;14.419441400000;5.758236300000;0.977272727272;;0.200000000000
2021-08-24;2021-08-23;CZ010;58.722896800000;12.247590900000;0.973958333333;;0.370370370370
2021-08-24;2021-08-23;CZ020;29.756859200000;5.765283700000;1.117948717948;;0.500000000000
2021-08-24;2021-08-23;CZ031;33.563773500000;5.969302800000;1.008849557522;;0.833333333333
2021-08-24;2021-08-23;CZ032;19.288002000000;5.754922500000;0.600000000000;;0.428571428571
2021-08-24;2021-08-23;CZ041;24.206388400000;0.000000000000;1.156250000000;;0.500000000000
2021-08-24;2021-08-23;CZ042;14.443013700000;3.068369400000;1.137931034482;;
2021-08-24;2021-08-23;CZ051;31.414133100000;8.808729400000;0.739583333333;;1.000000000000
2021-08-24;2021-08-23;CZ052;11.619399300000;3.301147100000;0.651162790697;;0.500000000000
2021-08-24;2021-08-23;CZ053;10.710405900000;8.361903100000;0.843750000000;;0.500000000000
2021-08-24;2021-08-23;CZ063;20.045121100000;3.782577400000;0.732142857142;;0.200000000000
2021-08-24;2021-08-23;CZ064;18.405005400000;3.307192700000;1.083333333333;;0.500000000000
2021-08-24;2021-08-23;CZ071;12.212103600000;4.520965900000;0.770833333333;;0.750000000000
2021-08-24;2021-08-23;CZ072;9.997948600000;3.264453300000;1.269230769230;;0.500000000000
2021-08-24;2021-08-23;CZ080;14.335607400000;6.169538900000;0.977011494252;;0.166666666666
2021-08-25;2021-08-24;CZ010;57.749175300000;13.037758100000;1.005221932114;;0.285714285714
2021-08-25;2021-08-24;CZ020;29.542266500000;6.149636000000;1.138297872340;;0.500000000000
2021-08-25;2021-08-24;CZ031;33.563773500000;6.715465700000;0.911504424778;;0.833333333333
2021-08-25;2021-08-24;CZ032;18.611230000000;5.754922500000;0.562500000000;;0.428571428571
2021-08-25;2021-08-24;CZ041;24.206388400000;0.000000000000;1.241379310344;;0.666666666666
2021-08-25;2021-08-24;CZ042;13.463826300000;2.454695500000;0.915254237288;;0.111111111111
2021-08-25;2021-08-24;CZ051;33.222140800000;8.808729400000;0.652631578947;;1.000000000000
2021-08-25;2021-08-24;CZ052;12.164058600000;3.301147100000;0.771428571428;;0.500000000000
2021-08-25;2021-08-24;CZ053;11.092920400000;9.291003500000;1.000000000000;;0.500000000000
2021-08-25;2021-08-24;CZ063;18.079913200000;3.782577400000;0.660377358490;;0.166666666666
2021-08-25;2021-08-24;CZ064;19.576233100000;5.374188100000;1.103773584905;;0.545454545454
2021-08-25;2021-08-24;CZ071;12.212103600000;4.520965900000;0.613636363636;;0.750000000000
2021-08-25;2021-08-24;CZ072;11.032219200000;4.080566700000;1.129032258064;;0.500000000000
2021-08-25;2021-08-24;CZ080;13.581101800000;5.758236300000;0.795698924731;;0.142857142857
2021-08-26;2021-08-25;CZ010;59.247208400000;15.013176000000;1.100000000000;;0.285714285714
2021-08-26;2021-08-25;CZ020;28.755426500000;5.380931500000;1.143646408839;;0.428571428571
2021-08-26;2021-08-25;CZ031;32.320670700000;5.969302800000;0.826086956521;;0.571428571428
2021-08-26;2021-08-25;CZ032;18.611230000000;5.754922500000;0.740740740740;;0.500000000000
2021-08-26;2021-08-25;CZ041;22.501713100000;1.645169700000;1.096774193548;;0.666666666666
2021-08-26;2021-08-25;CZ042;14.810209000000;3.068369400000;1.166666666666;;0.153846153846
2021-08-26;2021-08-25;CZ051;34.126144600000;8.808729400000;0.567010309278;;1.000000000000
2021-08-26;2021-08-25;CZ052;11.982505500000;3.301147100000;0.741935483870;;0.000000000000
2021-08-26;2021-08-25;CZ053;11.857949400000;7.432802800000;1.071428571428;;0.333333333333
2021-08-26;2021-08-25;CZ063;19.848600300000;2.836933000000;0.900000000000;;0.090909090909
2021-08-26;2021-08-25;CZ064;19.408914800000;6.200986300000;1.227722772277;;0.545454545454
2021-08-26;2021-08-25;CZ071;11.419109800000;3.767471600000;0.571428571428;;0.750000000000
2021-08-26;2021-08-25;CZ072;11.721732900000;4.896680000000;1.400000000000;;0.500000000000
2021-08-26;2021-08-25;CZ080;14.167939500000;6.992144100000;0.881720430107;;0.153846153846
2021-08-27;2021-08-26;CZ010;59.846421600000;14.223008800000;1.109333333333;;0.269230769230
2021-08-27;2021-08-26;CZ020;29.542266500000;5.765283700000;1.271186440677;;0.428571428571
2021-08-27;2021-08-26;CZ031;32.476058600000;5.969302800000;0.872727272727;;0.571428571428
2021-08-27;2021-08-26;CZ032;17.765265000000;5.754922500000;0.803921568627;;0.444444444444
2021-08-27;2021-08-26;CZ041;21.478908000000;1.645169700000;1.062500000000;;0.666666666666
2021-08-27;2021-08-26;CZ042;14.687810500000;3.682043200000;1.089285714285;;0.200000000000
2021-08-27;2021-08-26;CZ051;34.126144600000;7.707638200000;0.602150537634;;1.000000000000
2021-08-27;2021-08-26;CZ052;11.800952400000;3.301147100000;0.967741935483;;0.000000000000
2021-08-27;2021-08-26;CZ053;11.666692100000;8.361903100000;0.968750000000;;0.333333333333
2021-08-27;2021-08-26;CZ063;20.045121100000;2.836933000000;0.924528301886;;0.090909090909
2021-08-27;2021-08-26;CZ064;20.496483300000;7.441183600000;1.463157894736;;0.583333333333
2021-08-27;2021-08-26;CZ071;11.260511100000;3.767471600000;0.642857142857;;0.750000000000
2021-08-27;2021-08-26;CZ072;11.721732900000;4.080566700000;1.121212121212;;0.000000000000
2021-08-27;2021-08-26;CZ080;14.084105500000;7.403446700000;0.862068965517;;0.133333333333
2021-08-28;2021-08-27;CZ010;57.374667000000;13.432841700000;1.015384615384;;0.280000000000
2021-08-28;2021-08-27;CZ020;29.399204700000;4.612227000000;1.197916666666;;0.571428571428
2021-08-28;2021-08-27;CZ031;32.320670700000;5.969302800000;0.815789473684;;0.625000000000
2021-08-28;2021-08-27;CZ032;16.750107000000;5.754922500000;0.900000000000;;0.444444444444
2021-08-28;2021-08-27;CZ041;22.160778100000;3.290339500000;1.062500000000;;0.666666666666
2021-08-28;2021-08-27;CZ042;14.687810500000;4.295717100000;1.031250000000;;0.214285714285
2021-08-28;2021-08-27;CZ051;34.804147500000;8.808729400000;0.760000000000;;1.000000000000
2021-08-28;2021-08-27;CZ052;10.711633700000;3.301147100000;0.875000000000;;0.000000000000
2021-08-28;2021-08-27;CZ053;11.475434900000;6.503702400000;0.969696969696;;0.333333333333
2021-08-28;2021-08-27;CZ063;20.241641900000;2.836933000000;1.039215686274;;0.111111111111
2021-08-28;2021-08-27;CZ064;20.329165100000;8.267981800000;1.392156862745;;0.500000000000
2021-08-28;2021-08-27;CZ071;11.577708600000;3.767471600000;0.738095238095;;0.800000000000
2021-08-28;2021-08-27;CZ072;12.066489800000;4.896680000000;1.250000000000;;0.000000000000
2021-08-28;2021-08-27;CZ080;14.670943300000;7.814749300000;0.953488372093;;0.200000000000
2021-08-29;2021-08-28;CZ010;57.374667000000;12.642674500000;1.045454545454;;0.318181818181
2021-08-29;2021-08-28;CZ020;29.470735600000;5.765283700000;1.077981651376;;0.555555555555
2021-08-29;2021-08-28;CZ031;31.388343700000;5.969302800000;0.807017543859;;0.555555555555
2021-08-29;2021-08-28;CZ032;17.088493000000;4.932790700000;1.190476190476;;0.285714285714
2021-08-29;2021-08-28;CZ041;21.819843100000;4.935509300000;0.864864864864;;0.666666666666
2021-08-29;2021-08-28;CZ042;14.198216800000;4.909391000000;0.909090909090;;0.230769230769
2021-08-29;2021-08-28;CZ051;34.126144600000;8.808729400000;0.816901408450;;1.000000000000
2021-08-29;2021-08-28;CZ052;11.074739900000;3.301147100000;1.071428571428;;0.000000000000
2021-08-29;2021-08-28;CZ053;11.666692100000;6.503702400000;1.074074074074;;0.333333333333
2021-08-29;2021-08-28;CZ063;20.045121100000;2.836933000000;1.195121951219;;0.111111111111
2021-08-29;2021-08-28;CZ064;20.078187800000;8.681380900000;1.239316239316;;0.466666666666
2021-08-29;2021-08-28;CZ071;11.736307300000;3.767471600000;0.864864864864;;0.800000000000
2021-08-29;2021-08-28;CZ072;12.928381900000;4.896680000000;1.272727272727;;0.000000000000
2021-08-29;2021-08-28;CZ080;14.335607400000;7.814749300000;0.988235294117;;0.200000000000
2021-08-30;2021-08-29;CZ010;57.075060400000;12.247590900000;0.966233766233;;0.304347826086
2021-08-30;2021-08-29;CZ020;30.186044700000;5.765283700000;1.074766355140;;0.500000000000
2021-08-30;2021-08-29;CZ031;31.854507200000;5.223140000000;0.883495145631;;0.500000000000
2021-08-30;2021-08-29;CZ032;16.750107000000;5.754922500000;1.361111111111;;0.375000000000
2021-08-30;2021-08-29;CZ041;22.842648200000;4.935509300000;0.972222222222;;0.666666666666
2021-08-30;2021-08-29;CZ042;14.565412100000;4.909391000000;1.018518518518;;0.230769230769
2021-08-30;2021-08-29;CZ051;31.414133100000;7.707638200000;1.032258064516;;1.000000000000
2021-08-30;2021-08-29;CZ052;10.711633700000;3.301147100000;1.000000000000;;0.000000000000
2021-08-30;2021-08-29;CZ053;12.240463900000;6.503702400000;1.033333333333;;0.000000000000
2021-08-30;2021-08-29;CZ063;20.045121100000;2.836933000000;1.457142857142;;0.125000000000
2021-08-30;2021-08-29;CZ064;20.245506000000;8.681380900000;1.196581196581;;0.500000000000
2021-08-30;2021-08-29;CZ071;11.894906100000;3.767471600000;1.222222222222;;0.750000000000
2021-08-30;2021-08-29;CZ072;12.928381900000;4.080566700000;1.228571428571;;0.000000000000
2021-08-30;2021-08-29;CZ080;14.251773500000;8.226051900000;1.135135135135;;0.200000000000
2021-08-31;2021-08-30;CZ010;56.475847200000;12.247590900000;0.933660933660;;0.350000000000
2021-08-31;2021-08-30;CZ020;31.759724800000;5.765283700000;1.091787439613;;0.500000000000
2021-08-31;2021-08-30;CZ031;32.942222100000;5.223140000000;1.031578947368;;0.500000000000
2021-08-31;2021-08-30;CZ032;15.565756000000;4.932790700000;1.250000000000;;0.333333333333
2021-08-31;2021-08-30;CZ041;27.274803800000;8.225848900000;1.264705882352;;0.666666666666
2021-08-31;2021-08-30;CZ042;16.156591600000;6.136738800000;1.047619047619;;0.153846153846
2021-08-31;2021-08-30;CZ051;28.928122600000;7.707638200000;1.036363636363;;1.000000000000
2021-08-31;2021-08-30;CZ052;9.622315000000;0.825286700000;1.086956521739;;0.000000000000
2021-08-31;2021-08-30;CZ053;11.666692100000;6.503702400000;1.133333333333;;0.000000000000
2021-08-31;2021-08-30;CZ063;17.883392400000;2.836933000000;1.111111111111;;0.125000000000
2021-08-31;2021-08-30;CZ064;20.245506000000;8.267981800000;1.008064516129;;0.461538461538
2021-08-31;2021-08-30;CZ071;12.370702300000;3.767471600000;1.708333333333;;0.500000000000
2021-08-31;2021-08-30;CZ072;13.790274000000;5.712793300000;1.119047619047;;0.000000000000
2021-08-31;2021-08-30;CZ080;14.922445200000;7.814749300000;1.134146341463;;0.214285714285
2021-09-01;2021-08-31;CZ010;56.625650500000;11.852507300000;0.891826923076;;0.368421052631
2021-09-01;2021-08-31;CZ020;30.758292000000;6.533988200000;0.960000000000;;0.461538461538
2021-09-01;2021-08-31;CZ031;32.631446400000;5.969302800000;1.114583333333;;0.375000000000
2021-09-01;2021-08-31;CZ032;15.565756000000;3.288527100000;1.365853658536;;0.333333333333
2021-09-01;2021-08-31;CZ041;28.979479100000;8.225848900000;1.441176470588;;0.750000000000
2021-09-01;2021-08-31;CZ042;15.789396300000;6.750412600000;1.229508196721;;0.142857142857
2021-09-01;2021-08-31;CZ051;25.538108200000;5.505455900000;0.910714285714;;1.000000000000
2021-09-01;2021-08-31;CZ052;9.622315000000;0.825286700000;0.866666666666;;
2021-09-01;2021-08-31;CZ053;12.431721100000;4.645501700000;1.129032258064;;0.000000000000
2021-09-01;2021-08-31;CZ063;17.883392400000;3.782577400000;1.142857142857;;0.125000000000
2021-09-01;2021-08-31;CZ064;20.245506000000;8.681380900000;0.899280575539;;0.538461538461
2021-09-01;2021-08-31;CZ071;12.687899800000;4.520965900000;1.962962962962;;0.428571428571
2021-09-01;2021-08-31;CZ072;14.135030900000;6.528906700000;1.270270270270;;0.000000000000
2021-09-01;2021-08-31;CZ080;15.341615000000;6.580841500000;1.453333333333;;0.230769230769
2021-09-02;2021-09-01;CZ010;56.550748800000;13.432841700000;0.878787878787;;0.312500000000
2021-09-02;2021-09-01;CZ020;30.543699300000;7.687045000000;0.956521739130;;0.461538461538
2021-09-02;2021-09-01;CZ031;32.631446400000;5.223140000000;1.236559139784;;0.285714285714
2021-09-02;2021-09-01;CZ032;17.426879000000;2.466395300000;1.400000000000;;0.428571428571
2021-09-02;2021-09-01;CZ041;31.706959500000;8.225848900000;1.735294117647;;0.750000000000
2021-09-02;2021-09-01;CZ042;17.380575800000;6.136738800000;1.196969696969;;0.142857142857
2021-09-02;2021-09-01;CZ051;24.860105400000;11.010911800000;0.964912280701;;1.000000000000
2021-09-02;2021-09-01;CZ052;8.532996300000;0.825286700000;0.857142857142;;0.000000000000
2021-09-02;2021-09-01;CZ053;12.049206600000;4.645501700000;1.031250000000;;0.333333333333
2021-09-02;2021-09-01;CZ063;18.669475600000;3.782577400000;0.943396226415;;0.125000000000
2021-09-02;2021-09-01;CZ064;22.253324800000;11.575174500000;1.000000000000;;0.500000000000
2021-09-02;2021-09-01;CZ071;13.798091100000;3.767471600000;2.032258064516;;0.555555555555
2021-09-02;2021-09-01;CZ072;14.652166100000;5.712793300000;1.075000000000;;0.500000000000
2021-09-02;2021-09-01;CZ080;15.257781000000;6.169538900000;1.219512195121;;0.230769230769
2021-09-03;2021-09-02;CZ010;56.775453800000;15.408259600000;0.874680306905;;0.333333333333
2021-09-03;2021-09-02;CZ020;32.117379300000;8.455749500000;0.953191489361;;0.571428571428
2021-09-03;2021-09-02;CZ031;34.340712700000;5.223140000000;1.358695652173;;0.166666666666
2021-09-03;2021-09-02;CZ032;18.442037000000;2.466395300000;1.360000000000;;0.428571428571
2021-09-03;2021-09-02;CZ041;38.866595500000;8.225848900000;2.500000000000;;0.750000000000
2021-09-03;2021-09-02;CZ042;18.114966300000;7.364086500000;1.450000000000;;0.133333333333
2021-09-03;2021-09-02;CZ051;26.216111100000;9.909820600000;1.034482758620;;0.666666666666
2021-09-03;2021-09-02;CZ052;10.348527500000;1.650573500000;0.900000000000;;
2021-09-03;2021-09-02;CZ053;14.918065300000;4.645501700000;1.620689655172;;0.333333333333
2021-09-03;2021-09-02;CZ063;19.652079500000;4.728221800000;1.040816326530;;0.222222222222
2021-09-03;2021-09-02;CZ064;24.010166200000;12.815371800000;1.020689655172;;0.470588235294
2021-09-03;2021-09-02;CZ071;14.591084800000;3.013977300000;2.031250000000;;0.625000000000
2021-09-03;2021-09-02;CZ072;15.514058300000;7.345020000000;1.261904761904;;0.333333333333
2021-09-03;2021-09-02;CZ080;15.593116800000;6.169538900000;1.321428571428;;0.181818181818
2021-09-04;2021-09-03;CZ010;56.251142200000;15.803343100000;0.954301075268;;0.312500000000
2021-09-04;2021-09-03;CZ020;33.047281200000;9.224454000000;1.008695652173;;0.533333333333
2021-09-04;2021-09-03;CZ031;34.962264000000;5.223140000000;1.450549450549;;0.375000000000
2021-09-04;2021-09-03;CZ032;19.457195000000;3.288527100000;1.428571428571;;0.571428571428
2021-09-04;2021-09-03;CZ041;40.571270700000;8.225848900000;2.428571428571;;0.666666666666
2021-09-04;2021-09-03;CZ042;19.461349000000;8.591434300000;1.690909090909;;0.166666666666
2021-09-04;2021-09-03;CZ051;25.764109200000;9.909820600000;0.890625000000;;0.750000000000
2021-09-04;2021-09-03;CZ052;10.893186800000;2.475860300000;1.185185185185;;
2021-09-04;2021-09-03;CZ053;16.256866100000;4.645501700000;1.709677419354;;0.333333333333
2021-09-04;2021-09-03;CZ063;22.206849900000;5.673866100000;1.176470588235;;0.250000000000
2021-09-04;2021-09-03;CZ064;25.599689400000;14.055569100000;1.171428571428;;0.550000000000
2021-09-04;2021-09-03;CZ071;15.542677300000;3.767471600000;2.030303030303;;0.500000000000
2021-09-04;2021-09-03;CZ072;19.134005200000;13.873926800000;1.651162790697;;0.250000000000
2021-09-04;2021-09-03;CZ080;18.694973400000;6.992144100000;1.678571428571;;0.250000000000
2021-09-05;2021-09-04;CZ010;56.176240500000;16.198426700000;0.944736842105;;0.312500000000
2021-09-05;2021-09-04;CZ020;33.691059400000;9.608806200000;1.044247787610;;0.500000000000
2021-09-05;2021-09-04;CZ031;36.205366700000;4.476977100000;1.438775510204;;0.375000000000
2021-09-05;2021-09-04;CZ032;18.949616000000;3.288527100000;1.240000000000;;0.571428571428
2021-09-05;2021-09-04;CZ041;43.298751100000;9.871018600000;2.209302325581;;1.000000000000
2021-09-05;2021-09-04;CZ042;20.807731600000;9.818782100000;1.666666666666;;0.166666666666
2021-09-05;2021-09-04;CZ051;25.990110100000;11.010911800000;1.000000000000;;0.666666666666
2021-09-05;2021-09-04;CZ052;11.256293000000;2.475860300000;1.280000000000;;
2021-09-05;2021-09-04;CZ053;17.595666800000;4.645501700000;1.852941176470;;0.500000000000
2021-09-05;2021-09-04;CZ063;21.813808300000;5.673866100000;1.240000000000;;0.250000000000
2021-09-05;2021-09-04;CZ064;27.272871700000;14.882367200000;1.448000000000;;0.526315789473
2021-09-05;2021-09-04;CZ071;15.384078500000;3.013977300000;1.585365853658;;0.555555555555
2021-09-05;2021-09-04;CZ072;20.340654200000;14.690040100000;1.617021276595;;0.500000000000
2021-09-05;2021-09-04;CZ080;19.365645100000;6.580841500000;1.580645161290;;0.222222222222
2021-09-06;2021-09-05;CZ010;55.127617400000;17.383677500000;0.981132075471;;0.352941176470
2021-09-06;2021-09-05;CZ020;33.190343000000;9.224454000000;1.083333333333;;0.500000000000
2021-09-06;2021-09-05;CZ031;37.137693800000;4.476977100000;1.383177570093;;0.333333333333
2021-09-06;2021-09-05;CZ032;19.626388000000;3.288527100000;1.196428571428;;0.571428571428
2021-09-06;2021-09-05;CZ041;44.321556300000;9.871018600000;1.938775510204;;0.500000000000
2021-09-06;2021-09-05;CZ042;20.562934800000;9.818782100000;1.506666666666;;0.181818181818
2021-09-06;2021-09-05;CZ051;28.702121600000;12.112002900000;1.235294117647;;0.666666666666
2021-09-06;2021-09-05;CZ052;11.437846100000;1.650573500000;1.384615384615;;
2021-09-06;2021-09-05;CZ053;18.169438600000;4.645501700000;1.828571428571;;0.500000000000
2021-09-06;2021-09-05;CZ063;22.599891500000;5.673866100000;1.142857142857;;0.142857142857
2021-09-06;2021-09-05;CZ064;28.360440200000;14.882367200000;1.592000000000;;0.550000000000
2021-09-06;2021-09-05;CZ071;15.859874800000;3.013977300000;1.264150943396;;0.555555555555
2021-09-06;2021-09-05;CZ072;21.374924700000;17.138380100000;1.723404255319;;0.444444444444
2021-09-06;2021-09-05;CZ080;19.617147000000;6.580841500000;1.376146788990;;0.200000000000
2021-09-07;2021-09-06;CZ010;58.348388500000;18.964011800000;1.146551724137;;0.380952380952
2021-09-07;2021-09-06;CZ020;33.190343000000;9.224454000000;1.081818181818;;0.461538461538
2021-09-07;2021-09-06;CZ031;36.982305900000;4.476977100000;1.217391304347;;0.333333333333
2021-09-07;2021-09-06;CZ032;20.303160000000;3.288527100000;1.111111111111;;0.666666666666
2021-09-07;2021-09-06;CZ041;48.071841800000;11.516188400000;1.661016949152;;0.500000000000
2021-09-07;2021-09-06;CZ042;23.745293700000;12.273477600000;1.620253164556;;0.266666666666
2021-09-07;2021-09-06;CZ051;28.928122600000;11.010911800000;1.290909090909;;0.750000000000
2021-09-07;2021-09-06;CZ052;12.345611700000;1.650573500000;1.791666666666;;
2021-09-07;2021-09-06;CZ053;20.464525600000;4.645501700000;2.212121212121;;0.333333333333
2021-09-07;2021-09-06;CZ063;24.958141000000;6.619510500000;1.540000000000;;0.333333333333
2021-09-07;2021-09-06;CZ064;30.117281700000;14.882367200000;1.654929577464;;0.473684210526
2021-09-07;2021-09-06;CZ071;16.970066000000;3.767471600000;1.047619047619;;0.555555555555
2021-09-07;2021-09-06;CZ072;23.960601100000;21.218946800000;2.139534883720;;0.363636363636
2021-09-07;2021-09-06;CZ080;21.712996100000;7.403446700000;1.660000000000;;0.300000000000
2021-09-08;2021-09-07;CZ010;63.741307600000;20.544346100000;1.403508771929;;0.421052631578
2021-09-08;2021-09-07;CZ020;37.839852300000;10.377510700000;1.397321428571;;0.461538461538
2021-09-08;2021-09-07;CZ031;40.867001900000;5.223140000000;1.248000000000;;0.333333333333
2021-09-08;2021-09-07;CZ032;22.333476000000;4.932790700000;1.117647058823;;0.800000000000
2021-09-08;2021-09-07;CZ041;55.572412800000;14.806528000000;1.425000000000;;0.500000000000
2021-09-08;2021-09-07;CZ042;26.682855800000;12.887151500000;1.643678160919;;0.250000000000
2021-09-08;2021-09-07;CZ051;28.024118800000;15.415276500000;1.216666666666;;0.600000000000
2021-09-08;2021-09-07;CZ052;13.616483500000;2.475860300000;1.814814814814;;0.500000000000
2021-09-08;2021-09-07;CZ053;24.672185000000;3.716401400000;2.000000000000;;0.333333333333
2021-09-08;2021-09-07;CZ063;25.547703400000;6.619510500000;1.450980392156;;0.833333333333
2021-09-08;2021-09-07;CZ064;31.874123100000;14.882367200000;1.729729729729;;0.523809523809
2021-09-08;2021-09-07;CZ071;18.397454800000;3.767471600000;0.969230769230;;0.555555555555
2021-09-08;2021-09-07;CZ072;25.856763800000;21.218946800000;1.943396226415;;0.307692307692
2021-09-08;2021-09-07;CZ080;25.737026200000;7.814749300000;1.783783783783;;0.375000000000
2021-09-09;2021-09-08;CZ010;63.516602700000;20.544346100000;1.408450704225;;0.318181818181
2021-09-09;2021-09-08;CZ020;38.483630500000;11.146215200000;1.370689655172;;0.461538461538
2021-09-09;2021-09-08;CZ031;42.576268200000;7.461628500000;1.204545454545;;0.500000000000
2021-09-09;2021-09-08;CZ032;23.687020000000;5.754922500000;1.100000000000;;0.750000000000
2021-09-09;2021-09-08;CZ041;62.391113800000;16.451697800000;1.458823529411;;0.666666666666
2021-09-09;2021-09-08;CZ042;27.294848000000;12.887151500000;1.548387096774;;0.250000000000
2021-09-09;2021-09-08;CZ051;27.120114900000;15.415276500000;1.140350877192;;0.500000000000
2021-09-09;2021-09-08;CZ052;16.702886500000;3.301147100000;2.125000000000;;0.333333333333
2021-09-09;2021-09-08;CZ053;25.437214000000;3.716401400000;1.886792452830;;0.333333333333
2021-09-09;2021-09-08;CZ063;28.102473800000;8.510799200000;1.550000000000;;0.714285714285
2021-09-09;2021-09-08;CZ064;32.376077800000;13.228770900000;1.493902439024;;0.478260869565
2021-09-09;2021-09-08;CZ071;20.142041000000;3.767471600000;0.955223880597;;0.555555555555
2021-09-09;2021-09-08;CZ072;27.408169700000;22.035060200000;1.633802816901;;0.307692307692
2021-09-09;2021-09-08;CZ080;28.168211100000;7.403446700000;1.673758865248;;0.300000000000
2021-09-10;2021-09-09;CZ010;65.389144000000;21.729596800000;1.479108635097;;0.291666666666
2021-09-10;2021-09-09;CZ020;39.485063200000;11.146215200000;1.389830508474;;0.466666666666
2021-09-10;2021-09-09;CZ031;43.663983100000;6.715465700000;1.106382978723;;0.500000000000
2021-09-10;2021-09-09;CZ032;24.702178000000;5.754922500000;1.258064516129;;1.000000000000
2021-09-10;2021-09-09;CZ041;69.891684900000;19.742037300000;1.315789473684;;0.666666666666
2021-09-10;2021-09-09;CZ042;29.253222700000;14.728173100000;1.381818181818;;0.200000000000
2021-09-10;2021-09-09;CZ051;26.894114000000;17.617458900000;1.035087719298;;0.500000000000
2021-09-10;2021-09-09;CZ052;17.973758300000;3.301147100000;2.250000000000;;0.333333333333
2021-09-10;2021-09-09;CZ053;29.071101700000;2.787301000000;1.666666666666;;0.333333333333
2021-09-10;2021-09-09;CZ063;28.692036100000;9.456443600000;1.532258064516;;0.625000000000
2021-09-10;2021-09-09;CZ064;34.132919200000;13.642170000000;1.436464088397;;0.500000000000
2021-09-10;2021-09-09;CZ071;20.935034700000;3.767471600000;1.030769230769;;0.555555555555
2021-09-10;2021-09-09;CZ072;30.683359700000;22.035060200000;1.644736842105;;0.307692307692
2021-09-10;2021-09-09;CZ080;31.856905400000;8.637354500000;1.829931972789;;0.300000000000
2021-09-11;2021-09-10;CZ010;67.186783700000;24.890265500000;1.489010989010;;0.269230769230
2021-09-11;2021-09-10;CZ020;41.988645100000;12.683624200000;1.517094017094;;0.500000000000
2021-09-11;2021-09-10;CZ031;46.305576400000;8.953954200000;1.121621621621;;0.428571428571
2021-09-11;2021-09-10;CZ032;26.563301000000;7.399186000000;1.298507462686;;1.000000000000
2021-09-11;2021-09-10;CZ041;73.982905500000;18.096867500000;1.389473684210;;0.666666666666
2021-09-11;2021-09-10;CZ042;30.599605300000;14.114499200000;1.389380530973;;0.166666666666
2021-09-11;2021-09-10;CZ051;27.120114900000;19.819641200000;1.000000000000;;0.625000000000
2021-09-11;2021-09-10;CZ052;20.333948700000;3.301147100000;2.222222222222;;0.333333333333
2021-09-11;2021-09-10;CZ053;33.278761200000;3.716401400000;1.890625000000;;0.400000000000
2021-09-11;2021-09-10;CZ063;32.229410500000;12.293376700000;1.625000000000;;0.666666666666
2021-09-11;2021-09-10;CZ064;36.810010900000;14.882367200000;1.386934673366;;0.576923076923
2021-09-11;2021-09-10;CZ071;21.252232200000;3.767471600000;1.000000000000;;0.444444444444
2021-09-11;2021-09-10;CZ072;34.130928300000;22.851173500000;1.567901234567;;0.307692307692
2021-09-11;2021-09-10;CZ080;35.377931800000;8.637354500000;1.873333333333;;0.222222222222
2021-09-12;2021-09-11;CZ010;67.935800200000;26.865683400000;1.373433583959;;0.259259259259
2021-09-12;2021-09-11;CZ020;42.632423300000;11.530567500000;1.512605042016;;0.470588235294
2021-09-12;2021-09-11;CZ031;47.237903400000;8.953954200000;1.164285714285;;0.500000000000
2021-09-12;2021-09-11;CZ032;26.732494000000;6.577054300000;1.371428571428;;1.000000000000
2021-09-12;2021-09-11;CZ041;80.119736300000;16.451697800000;1.428571428571;;0.750000000000
2021-09-12;2021-09-11;CZ042;30.844402200000;14.114499200000;1.109375000000;;0.166666666666
2021-09-12;2021-09-11;CZ051;26.668113000000;19.819641200000;0.859154929577;;0.625000000000
2021-09-12;2021-09-11;CZ052;21.060161200000;3.301147100000;1.953488372093;;0.333333333333
2021-09-12;2021-09-11;CZ053;35.956362700000;5.574602100000;1.712328767123;;0.400000000000
2021-09-12;2021-09-11;CZ063;33.605056000000;12.293376700000;1.415584415584;;0.666666666666
2021-09-12;2021-09-11;CZ064;37.897579400000;15.709165400000;1.157446808510;;0.615384615384
2021-09-12;2021-09-11;CZ071;21.093633500000;3.767471600000;1.030303030303;;0.500000000000
2021-09-12;2021-09-11;CZ072;34.992820400000;22.851173500000;1.380434782608;;0.266666666666
2021-09-12;2021-09-11;CZ080;38.060618600000;9.048657000000;1.849397590361;;0.181818181818
2021-09-13;2021-09-12;CZ010;68.834620100000;27.655850500000;1.156250000000;;0.233333333333
2021-09-13;2021-09-12;CZ020;42.632423300000;11.146215200000;1.156549520766;;0.500000000000
2021-09-13;2021-09-12;CZ031;47.393291200000;8.953954200000;1.006410256410;;0.500000000000
2021-09-13;2021-09-12;CZ032;27.070880000000;5.754922500000;1.223684210526;;1.000000000000
2021-09-13;2021-09-12;CZ041;80.801606400000;16.451697800000;1.245614035087;;0.666666666666
2021-09-13;2021-09-12;CZ042;31.456394300000;14.728173100000;1.006993006993;;0.166666666666
2021-09-13;2021-09-12;CZ051;25.086106300000;19.819641200000;0.657534246575;;0.555555555555
2021-09-13;2021-09-12;CZ052;22.331033000000;4.126433900000;1.775510204081;;0.333333333333
2021-09-13;2021-09-12;CZ053;36.530134400000;5.574602100000;1.351063829787;;0.400000000000
2021-09-13;2021-09-12;CZ063;33.605056000000;12.293376700000;1.445945945945;;0.666666666666
2021-09-13;2021-09-12;CZ064;38.734170600000;15.709165400000;1.031250000000;;0.615384615384
2021-09-13;2021-09-12;CZ071;21.886627200000;5.274460300000;1.126984126984;;0.545454545454
2021-09-13;2021-09-12;CZ072;35.337577200000;22.851173500000;1.203883495145;;0.250000000000
2021-09-13;2021-09-12;CZ080;39.066626200000;9.048657000000;1.595959595959;;0.210526315789
2021-09-14;2021-09-13;CZ010;71.456178000000;31.606686300000;1.110000000000;;0.218750000000
2021-09-14;2021-09-13;CZ020;45.279067100000;12.299272000000;1.242138364779;;0.526315789473
2021-09-14;2021-09-13;CZ031;47.548679100000;9.700117100000;1.044025157232;;0.500000000000
2021-09-14;2021-09-13;CZ032;30.285547000000;5.754922500000;1.415584415584;;1.000000000000
2021-09-14;2021-09-13;CZ041;80.801606400000;16.451697800000;1.120967741935;;0.625000000000
2021-09-14;2021-09-13;CZ042;31.333995900000;13.500825300000;0.888888888888;;0.125000000000
2021-09-14;2021-09-13;CZ051;25.538108200000;20.920732400000;0.646153846153;;0.600000000000
2021-09-14;2021-09-13;CZ052;24.146564100000;4.126433900000;1.323529411764;;0.500000000000
2021-09-14;2021-09-13;CZ053;39.016478700000;6.503702400000;1.310000000000;;0.500000000000
2021-09-14;2021-09-13;CZ063;36.749388800000;13.239021000000;1.182795698924;;0.727272727272
2021-09-14;2021-09-13;CZ064;41.745898800000;16.949362700000;1.077551020408;;0.586206896551
2021-09-14;2021-09-13;CZ071;22.362423500000;5.274460300000;1.171875000000;;0.700000000000
2021-09-14;2021-09-13;CZ072;39.129902600000;24.483400200000;1.163793103448;;0.235294117647
2021-09-14;2021-09-13;CZ080;43.845162000000;13.161683000000;1.512711864406;;0.320000000000
2021-09-15;2021-09-14;CZ010;75.650670600000;35.952605700000;0.998116760828;;0.277777777777
2021-09-15;2021-09-14;CZ020;48.569489000000;11.914919700000;1.115853658536;;0.526315789473
2021-09-15;2021-09-14;CZ031;48.014842600000;10.446280000000;0.980769230769;;0.600000000000
2021-09-15;2021-09-14;CZ032;34.007793000000;8.221317800000;1.602564102564;;0.666666666666
2021-09-15;2021-09-14;CZ041;79.096931200000;16.451697800000;0.944000000000;;0.444444444444
2021-09-15;2021-09-14;CZ042;33.047573800000;14.114499200000;0.835526315789;;0.125000000000
2021-09-15;2021-09-14;CZ051;25.086106300000;22.021823600000;0.644067796610;;0.545454545454
2021-09-15;2021-09-14;CZ052;25.054329700000;4.951720700000;1.236111111111;;0.500000000000
2021-09-15;2021-09-14;CZ053;41.885337400000;7.432802800000;1.190476190476;;0.428571428571
2021-09-15;2021-09-14;CZ063;35.963305600000;13.239021000000;1.147368421052;;0.750000000000
2021-09-15;2021-09-14;CZ064;44.172013100000;17.362761800000;1.046153846153;;0.600000000000
2021-09-15;2021-09-14;CZ071;22.996818500000;6.781448900000;1.223880597014;;0.777777777777
2021-09-15;2021-09-14;CZ072;44.128877000000;25.299513500000;1.224000000000;;0.222222222222
2021-09-15;2021-09-14;CZ080;48.456029900000;18.097314100000;1.412639405204;;0.387096774193
2021-09-16;2021-09-15;CZ010;80.369474800000;35.557522100000;1.057195571955;;0.285714285714
2021-09-16;2021-09-15;CZ020;51.073070900000;11.914919700000;1.115492957746;;0.500000000000
2021-09-16;2021-09-15;CZ031;47.859454800000;11.938605700000;0.897590361445;;0.750000000000
2021-09-16;2021-09-15;CZ032;36.038109000000;9.865581400000;1.563218390804;;0.571428571428
2021-09-16;2021-09-15;CZ041;83.870021900000;16.451697800000;0.924242424242;;0.444444444444
2021-09-16;2021-09-15;CZ042;34.271558000000;14.728173100000;0.866242038216;;0.133333333333
2021-09-16;2021-09-15;CZ051;24.182102500000;15.415276500000;0.666666666666;;0.454545454545
2021-09-16;2021-09-15;CZ052;27.051414000000;6.602294200000;1.012500000000;;0.500000000000
2021-09-16;2021-09-15;CZ053;44.562938900000;9.291003500000;1.099173553719;;0.454545454545
2021-09-16;2021-09-15;CZ063;35.570264000000;14.184665400000;0.846153846153;;0.750000000000
2021-09-16;2021-09-15;CZ064;45.343240800000;16.122564500000;1.076086956521;;0.633333333333
2021-09-16;2021-09-15;CZ071;22.996818500000;6.781448900000;1.208955223880;;0.750000000000
2021-09-16;2021-09-15;CZ072;46.886931800000;25.299513500000;1.228346456692;;0.187500000000
2021-09-16;2021-09-15;CZ080;54.408241200000;19.742524500000;1.469750889679;;0.411764705882
2021-09-17;2021-09-16;CZ010;85.088279000000;35.557522100000;1.104014598540;;0.307692307692
2021-09-17;2021-09-16;CZ020;53.791245600000;12.299272000000;1.177777777777;;0.450000000000
2021-09-17;2021-09-16;CZ031;48.947169600000;13.430931400000;0.975460122699;;0.600000000000
2021-09-17;2021-09-16;CZ032;41.452285000000;13.154108600000;1.739583333333;;0.571428571428
2021-09-17;2021-09-16;CZ041;82.165346600000;16.451697800000;0.828571428571;;0.500000000000
2021-09-17;2021-09-16;CZ042;35.985135900000;14.728173100000;1.000000000000;;0.187500000000
2021-09-17;2021-09-16;CZ051;23.052097700000;16.516367700000;0.704918032786;;0.500000000000
2021-09-17;2021-09-16;CZ052;26.869860900000;6.602294200000;0.904761904761;;0.500000000000
2021-09-17;2021-09-16;CZ053;44.945453400000;10.220103800000;1.040000000000;;0.416666666666
2021-09-17;2021-09-16;CZ063;36.159826400000;14.184665400000;0.816513761467;;0.727272727272
2021-09-17;2021-09-16;CZ064;48.103991600000;17.362761800000;1.158088235294;;0.655172413793
2021-09-17;2021-09-16;CZ071;25.217200900000;7.534943200000;1.352941176470;;0.714285714285
2021-09-17;2021-09-16;CZ072;48.265959200000;24.483400200000;1.220472440944;;0.222222222222
2021-09-17;2021-09-16;CZ080;58.096935500000;21.387734900000;1.381107491856;;0.405405405405
2021-09-18;2021-09-17;CZ010;85.987098900000;34.767355000000;1.091891891891;;0.315789473684
2021-09-18;2021-09-17;CZ020;55.007271100000;13.836681000000;1.143646408839;;0.481481481481
2021-09-18;2021-09-17;CZ031;50.190272400000;12.684768500000;1.000000000000;;0.333333333333
2021-09-18;2021-09-17;CZ032;42.129057000000;13.154108600000;1.741935483870;;0.428571428571
2021-09-18;2021-09-17;CZ041;81.142541500000;18.096867500000;0.746478873239;;0.545454545454
2021-09-18;2021-09-17;CZ042;36.964323300000;15.955520900000;1.006944444444;;0.187500000000
2021-09-18;2021-09-17;CZ051;23.730100600000;19.819641200000;0.875000000000;;0.444444444444
2021-09-18;2021-09-17;CZ052;28.322285800000;9.078154600000;0.873563218390;;0.714285714285
2021-09-18;2021-09-17;CZ053;45.901739600000;13.007404900000;0.937007874015;;0.470588235294
2021-09-18;2021-09-17;CZ063;36.552868000000;17.021598500000;0.766355140186;;0.733333333333
2021-09-18;2021-09-17;CZ064;49.777173900000;18.602959100000;1.208333333333;;0.607142857142
2021-09-18;2021-09-17;CZ071;25.851595900000;7.534943200000;1.352112676056;;0.714285714285
2021-09-18;2021-09-17;CZ072;48.265959200000;19.586720200000;1.233870967741;;0.277777777777
2021-09-18;2021-09-17;CZ080;61.869463800000;23.032945300000;1.446202531645;;0.410256410256
2021-09-19;2021-09-18;CZ010;87.560033600000;34.372271400000;1.118918918918;;0.297297297297
2021-09-19;2021-09-18;CZ020;56.294827500000;14.221033200000;1.081012658227;;0.518518518518
2021-09-19;2021-09-18;CZ031;49.257945300000;12.684768500000;0.927710843373;;0.333333333333
2021-09-19;2021-09-18;CZ032;43.313408000000;13.154108600000;1.467889908256;;0.428571428571
2021-09-19;2021-09-18;CZ041;79.096931200000;19.742037300000;0.661870503597;;0.583333333333
2021-09-19;2021-09-18;CZ042;36.107534300000;14.728173100000;1.195312500000;;0.235294117647
2021-09-19;2021-09-18;CZ051;23.504099600000;19.819641200000;1.023809523809;;0.444444444444
2021-09-19;2021-09-18;CZ052;29.048498200000;9.078154600000;0.844444444444;;0.714285714285
2021-09-19;2021-09-18;CZ053;46.666768600000;13.936505200000;0.908396946564;;0.470588235294
2021-09-19;2021-09-18;CZ063;37.338951200000;17.021598500000;0.736363636363;;0.764705882352
2021-09-19;2021-09-18;CZ064;50.195469500000;19.429757200000;1.242424242424;;0.607142857142
2021-09-19;2021-09-18;CZ071;29.975163400000;9.795426200000;1.613333333333;;0.666666666666
2021-09-19;2021-09-18;CZ072;48.610716000000;17.954493500000;1.148148148148;;0.187500000000
2021-09-19;2021-09-18;CZ080;63.629977000000;22.210340100000;1.266106442577;;0.390243902439
2021-09-20;2021-09-19;CZ010;89.282771700000;33.977187800000;1.201886792452;;0.257142857142
2021-09-20;2021-09-19;CZ020;56.509420200000;14.605385500000;1.169398907103;;0.500000000000
2021-09-20;2021-09-19;CZ031;48.636394000000;13.430931400000;1.019607843137;;0.500000000000
2021-09-20;2021-09-19;CZ032;43.482601000000;13.154108600000;1.312000000000;;0.375000000000
2021-09-20;2021-09-19;CZ041;80.119736300000;23.032376900000;0.788135593220;;0.666666666666
2021-09-20;2021-09-19;CZ042;36.964323300000;15.341847000000;1.244094488188;;0.235294117647
2021-09-20;2021-09-19;CZ051;22.374094800000;19.819641200000;1.342105263157;;0.444444444444
2021-09-20;2021-09-19;CZ052;28.503838900000;9.903441400000;0.786516853932;;0.625000000000
2021-09-20;2021-09-19;CZ053;46.858025900000;13.936505200000;0.944000000000;;0.470588235294
2021-09-20;2021-09-19;CZ063;37.142430400000;17.967242800000;0.752293577981;;0.764705882352
2021-09-20;2021-09-19;CZ064;49.777173900000;19.843156300000;1.216911764705;;0.580645161290
2021-09-20;2021-09-19;CZ071;29.816564600000;10.548920600000;1.426829268292;;0.666666666666
2021-09-20;2021-09-19;CZ072;47.921202300000;15.506153400000;1.006535947712;;0.266666666666
2021-09-20;2021-09-19;CZ080;66.061161900000;23.444247900000;1.242105263157;;0.395348837209
2021-09-21;2021-09-20;CZ010;90.481198100000;35.557522100000;1.139616055846;;0.212121212121
2021-09-21;2021-09-20;CZ020;58.726878500000;14.989737700000;1.075757575757;;0.548387096774
2021-09-21;2021-09-20;CZ031;50.967211600000;17.161745700000;1.087248322147;;0.666666666666
2021-09-21;2021-09-20;CZ032;46.697268000000;14.798372100000;1.227941176470;;0.375000000000
2021-09-21;2021-09-20;CZ041;76.369450800000;21.387207100000;0.696721311475;;0.666666666666
2021-09-21;2021-09-20;CZ042;35.617940600000;12.887151500000;1.198529411764;;0.125000000000
2021-09-21;2021-09-20;CZ051;20.114085200000;20.920732400000;1.119047619047;;0.375000000000
2021-09-21;2021-09-20;CZ052;27.596073300000;9.903441400000;0.765432098765;;0.714285714285
2021-09-21;2021-09-20;CZ053;48.388083900000;14.865605600000;0.917293233082;;0.555555555555
2021-09-21;2021-09-20;CZ063;35.570264000000;17.021598500000;0.806818181818;;0.750000000000
2021-09-21;2021-09-20;CZ064;49.107901000000;19.429757200000;1.087542087542;;0.600000000000
2021-09-21;2021-09-20;CZ071;29.499367100000;9.795426200000;1.370370370370;;0.666666666666
2021-09-21;2021-09-20;CZ072;47.059310200000;13.057813400000;0.884615384615;;0.307692307692
2021-09-21;2021-09-20;CZ080;71.007365600000;26.734668600000;1.186440677966;;0.425531914893
2021-09-22;2021-09-21;CZ010;88.833361700000;34.372271400000;1.084297520661;;0.205882352941
2021-09-22;2021-09-21;CZ020;57.510853000000;15.374090000000;1.033018867924;;0.515151515151
2021-09-22;2021-09-21;CZ031;49.102557500000;17.161745700000;1.025157232704;;0.500000000000
2021-09-22;2021-09-21;CZ032;47.543233000000;13.154108600000;0.934131736526;;0.363636363636
2021-09-22;2021-09-21;CZ041;71.255425100000;24.677546700000;0.784482758620;;0.666666666666
2021-09-22;2021-09-21;CZ042;35.617940600000;13.500825300000;1.154929577464;;0.133333333333
2021-09-22;2021-09-21;CZ051;20.792088100000;18.718550000000;1.255813953488;;0.428571428571
2021-09-22;2021-09-21;CZ052;27.232967100000;11.554015000000;0.802631578947;;0.714285714285
2021-09-22;2021-09-21;CZ053;48.196826600000;14.865605600000;0.976923076923;;0.600000000000
2021-09-22;2021-09-21;CZ063;37.535472000000;17.967242800000;0.921348314606;;0.692307692307
2021-09-22;2021-09-21;CZ064;49.275219200000;18.189560000000;1.006349206349;;0.562500000000
2021-09-22;2021-09-21;CZ071;30.450959600000;9.795426200000;1.195652173913;;0.666666666666
2021-09-22;2021-09-21;CZ072;48.093580700000;13.873926800000;0.812903225806;;0.333333333333
2021-09-22;2021-09-21;CZ080;74.947561800000;31.258997200000;1.212264150943;;0.411764705882
2021-09-23;2021-09-22;CZ010;92.129034500000;35.557522100000;1.084158415841;;0.233333333333
2021-09-23;2021-09-22;CZ020;60.872805800000;16.142794500000;1.099033816425;;0.545454545454
2021-09-23;2021-09-22;CZ031;50.656435900000;16.415582800000;1.127388535031;;0.500000000000
2021-09-23;2021-09-22;CZ032;48.558391000000;14.798372100000;0.932098765432;;0.416666666666
2021-09-23;2021-09-22;CZ041;67.846074600000;27.967886200000;0.726415094339;;0.636363636363
2021-09-23;2021-09-22;CZ042;35.250745400000;13.500825300000;1.048275862068;;0.117647058823
2021-09-23;2021-09-22;CZ051;21.244090000000;18.718550000000;1.238095238095;;0.500000000000
2021-09-23;2021-09-22;CZ052;25.780542200000;10.728728200000;0.802631578947;;0.833333333333
2021-09-23;2021-09-22;CZ053;49.918141800000;16.723806300000;1.075630252100;;0.600000000000
2021-09-23;2021-09-22;CZ063;34.391139200000;17.021598500000;1.060975609756;;0.692307692307
2021-09-23;2021-09-22;CZ064;50.613765100000;19.016358200000;0.965517241379;;0.600000000000
2021-09-23;2021-09-22;CZ071;29.975163400000;9.795426200000;1.125000000000;;0.750000000000
2021-09-23;2021-09-22;CZ072;48.783094500000;14.690040100000;0.830065359477;;0.333333333333
2021-09-23;2021-09-22;CZ080;78.552422200000;33.315510200000;1.146608315098;;0.392857142857
2021-09-24;2021-09-23;CZ010;93.627067600000;37.532940000000;1.038647342995;;0.222222222222
2021-09-24;2021-09-23;CZ020;62.160362200000;16.142794500000;1.042154566744;;0.531250000000
2021-09-24;2021-09-23;CZ031;51.277987200000;17.907908500000;1.110389610389;;0.428571428571
2021-09-24;2021-09-23;CZ032;49.911935000000;14.798372100000;0.800000000000;;0.300000000000
2021-09-24;2021-09-23;CZ041;62.732048900000;26.322716500000;0.739130434782;;0.642857142857
2021-09-24;2021-09-23;CZ042;35.373143800000;11.046129800000;0.960784313725;;0.157894736842
2021-09-24;2021-09-23;CZ051;20.792088100000;17.617458900000;1.139534883720;;0.500000000000
2021-09-24;2021-09-23;CZ052;24.509670400000;10.728728200000;0.776315789473;;0.833333333333
2021-09-24;2021-09-23;CZ053;47.623054900000;19.511107300000;1.000000000000;;0.600000000000
2021-09-24;2021-09-23;CZ063;33.801576800000;16.075954100000;1.024691358024;;0.714285714285
2021-09-24;2021-09-23;CZ064;51.115719700000;18.189560000000;0.902439024390;;0.576923076923
2021-09-24;2021-09-23;CZ071;31.561150900000;9.041931900000;0.884297520661;;0.600000000000
2021-09-24;2021-09-23;CZ072;47.748823900000;14.690040100000;0.787096774193;;0.333333333333
2021-09-24;2021-09-23;CZ080;82.157282500000;34.138115400000;1.230088495575;;0.448275862068
2021-09-25;2021-09-24;CZ010;95.799215600000;37.137856500000;1.056514913657;;0.352941176470
2021-09-25;2021-09-24;CZ020;63.447918700000;16.527146700000;1.105140186915;;0.516129032258
2021-09-25;2021-09-24;CZ031;51.899538600000;17.161745700000;1.134615384615;;0.428571428571
2021-09-25;2021-09-24;CZ032;50.081128000000;14.798372100000;0.817073170731;;0.333333333333
2021-09-25;2021-09-24;CZ041;57.958958200000;29.613056000000;0.688172043010;;0.642857142857
2021-09-25;2021-09-24;CZ042;35.617940600000;11.659803700000;0.924050632911;;0.222222222222
2021-09-25;2021-09-24;CZ051;18.984080400000;14.314185300000;0.823529411764;;0.250000000000
2021-09-25;2021-09-24;CZ052;22.694139200000;11.554015000000;0.700000000000;;0.714285714285
2021-09-25;2021-09-24;CZ053;45.710482400000;20.440207700000;1.016949152542;;0.611111111111
2021-09-25;2021-09-24;CZ063;32.425931300000;16.075954100000;1.012195121951;;0.692307692307
2021-09-25;2021-09-24;CZ064;52.370606500000;18.189560000000;0.927492447129;;0.571428571428
2021-09-25;2021-09-24;CZ071;32.829940900000;9.795426200000;0.948717948717;;0.600000000000
2021-09-25;2021-09-24;CZ072;45.507904400000;13.873926800000;0.720779220779;;0.352941176470
2021-09-25;2021-09-24;CZ080;85.678308900000;35.372023100000;1.197033898305;;0.453125000000
2021-09-26;2021-09-25;CZ010;98.046265200000;39.113274400000;1.053598774885;;0.371428571428
2021-09-26;2021-09-25;CZ020;64.878536900000;17.680203500000;1.126760563380;;0.535714285714
2021-09-26;2021-09-25;CZ031;55.318071100000;18.654071400000;1.246913580246;;0.400000000000
2021-09-26;2021-09-25;CZ032;51.265479000000;17.264767500000;0.856287425149;;0.307692307692
2021-09-26;2021-09-25;CZ041;54.549607700000;29.613056000000;0.800000000000;;0.615384615384
2021-09-26;2021-09-25;CZ042;37.453916900000;11.659803700000;0.938650306748;;0.222222222222
2021-09-26;2021-09-25;CZ051;19.436082400000;14.314185300000;0.914893617021;;0.250000000000
2021-09-26;2021-09-25;CZ052;22.149479900000;12.379301800000;0.741935483870;;0.714285714285
2021-09-26;2021-09-25;CZ053;44.371681600000;19.511107300000;0.926229508196;;0.611111111111
2021-09-26;2021-09-25;CZ063;34.194618400000;17.021598500000;1.309859154929;;0.733333333333
2021-09-26;2021-09-25;CZ064;54.462084400000;18.189560000000;1.000000000000;;0.586206896551
2021-09-26;2021-09-25;CZ071;36.160514600000;10.548920600000;0.963963963963;;0.600000000000
2021-09-26;2021-09-25;CZ072;48.955472900000;15.506153400000;0.934782608695;;0.437500000000
2021-09-26;2021-09-25;CZ080;86.684316500000;35.783325700000;1.187755102040;;0.434782608695
2021-09-27;2021-09-26;CZ010;99.993708200000;40.693608700000;1.064024390243;;0.424242424242
2021-09-27;2021-09-26;CZ020;66.523747900000;18.448908000000;1.146118721461;;0.551724137931
2021-09-27;2021-09-26;CZ031;56.405786000000;19.400234200000;1.269938650306;;0.538461538461
2021-09-27;2021-09-26;CZ032;53.295795000000;17.264767500000;0.967948717948;;0.357142857142
2021-09-27;2021-09-26;CZ041;52.844932500000;29.613056000000;0.681318681318;;0.636363636363
2021-09-27;2021-09-26;CZ042;37.576315400000;11.659803700000;0.908536585365;;0.222222222222
2021-09-27;2021-09-26;CZ051;19.888084300000;15.415276500000;0.685185185185;;0.250000000000
2021-09-27;2021-09-26;CZ052;21.604820500000;12.379301800000;0.803278688524;;0.625000000000
2021-09-27;2021-09-26;CZ053;43.989167100000;19.511107300000;0.881889763779;;0.611111111111
2021-09-27;2021-09-26;CZ063;35.570264000000;17.021598500000;1.207317073170;;0.736842105263
2021-09-27;2021-09-26;CZ064;56.135266700000;19.016358200000;1.072555205047;;0.586206896551
2021-09-27;2021-09-26;CZ071;36.794909600000;11.302414900000;1.045454545454;;0.555555555555
2021-09-27;2021-09-26;CZ072;50.506878700000;15.506153400000;1.103174603174;;0.437500000000
2021-09-27;2021-09-26;CZ080;87.774158000000;36.194628300000;1.118677042801;;0.444444444444
2021-09-28;2021-09-27;CZ010;101.117233000000;38.718190800000;1.060882800608;;0.457142857142
2021-09-28;2021-09-27;CZ020;67.882835200000;19.601964800000;1.149450549450;;0.555555555555
2021-09-28;2021-09-27;CZ031;61.844360400000;20.892560000000;1.333333333333;;0.631578947368
2021-09-28;2021-09-27;CZ032;53.803374000000;24.663953600000;1.000000000000;;0.500000000000
2021-09-28;2021-09-27;CZ041;50.117452100000;26.322716500000;0.805194805194;;0.600000000000
2021-09-28;2021-09-27;CZ042;39.779487000000;11.659803700000;1.065789473684;;0.357142857142
2021-09-28;2021-09-27;CZ051;20.566087200000;16.516367700000;0.846153846153;;0.000000000000
2021-09-28;2021-09-27;CZ052;21.060161200000;13.204588500000;0.885245901639;;0.500000000000
2021-09-28;2021-09-27;CZ053;43.224138100000;19.511107300000;0.812500000000;;0.625000000000
2021-09-28;2021-09-27;CZ063;35.766784800000;17.967242800000;1.275862068965;;0.705882352941
2021-09-28;2021-09-27;CZ064;59.816267800000;21.496752700000;1.272727272727;;0.571428571428
2021-09-28;2021-09-27;CZ071;38.539495800000;13.562897900000;1.222222222222;;0.500000000000
2021-09-28;2021-09-27;CZ072;50.334500300000;14.690040100000;1.212598425196;;0.437500000000
2021-09-28;2021-09-27;CZ080;91.630520200000;34.549418000000;1.150763358778;;0.400000000000
2021-09-29;2021-09-28;CZ010;98.420773500000;35.952605700000;1.020155038759;;0.406250000000
2021-09-29;2021-09-28;CZ020;68.598144300000;20.370669300000;1.170786516853;;0.600000000000
2021-09-29;2021-09-28;CZ031;59.047379300000;20.146397100000;1.269005847953;;0.650000000000
2021-09-29;2021-09-28;CZ032;51.265479000000;22.197558200000;1.148437500000;;0.555555555555
2021-09-29;2021-09-28;CZ041;50.117452100000;26.322716500000;0.823529411764;;0.666666666666
2021-09-29;2021-09-28;CZ042;41.003471200000;12.273477600000;1.163265306122;;0.384615384615
2021-09-29;2021-09-28;CZ051;19.436082400000;15.415276500000;0.653061224489;;0.000000000000
2021-09-29;2021-09-28;CZ052;20.333948700000;12.379301800000;0.864406779661;;0.444444444444
2021-09-29;2021-09-28;CZ053;43.797909900000;20.440207700000;0.857142857142;;0.666666666666
2021-09-29;2021-09-28;CZ063;36.159826400000;17.967242800000;1.228915662650;;0.687500000000
2021-09-29;2021-09-28;CZ064;59.397972200000;21.083353600000;1.327702702702;;0.527777777777
2021-09-29;2021-09-28;CZ071;39.808285800000;12.809403600000;1.317757009345;;0.500000000000
2021-09-29;2021-09-28;CZ072;47.921202300000;13.873926800000;1.245901639344;;0.437500000000
2021-09-29;2021-09-28;CZ080;90.205342900000;30.436392000000;1.010791366906;;0.366666666666
2021-09-30;2021-09-29;CZ010;101.641544600000;39.113274400000;1.040118870728;;0.348837209302
2021-09-30;2021-09-29;CZ020;70.171824400000;19.986317000000;1.112050739957;;0.625000000000
2021-09-30;2021-09-29;CZ031;63.709014500000;21.638722800000;1.316384180790;;0.640000000000
2021-09-30;2021-09-29;CZ032;53.126602000000;23.841821800000;1.216417910447;;0.578947368421
2021-09-30;2021-09-29;CZ041;41.935010900000;26.322716500000;0.718750000000;;0.666666666666
2021-09-30;2021-09-29;CZ042;43.451439600000;12.887151500000;1.390410958904;;0.428571428571
2021-09-30;2021-09-29;CZ051;21.470091000000;18.718550000000;1.023809523809;;0.000000000000
2021-09-30;2021-09-29;CZ052;19.789289400000;10.728728200000;0.979591836734;;0.444444444444
2021-09-30;2021-09-29;CZ053;44.754196100000;17.652906600000;0.883333333333;;0.700000000000
2021-09-30;2021-09-29;CZ063;36.552868000000;19.858531600000;1.192771084337;;0.687500000000
2021-09-30;2021-09-29;CZ064;64.919473900000;22.736950000000;1.524429967426;;0.609756097560
2021-09-30;2021-09-29;CZ071;42.187267000000;12.809403600000;1.423423423423;;0.375000000000
2021-09-30;2021-09-29;CZ072;49.472608200000;16.322266800000;1.441441441441;;0.411764705882
2021-09-30;2021-09-29;CZ080;91.043682500000;31.670299800000;0.994690265486;;0.338709677419
2021-10-01;2021-09-30;CZ010;103.139577700000;42.669026600000;1.063953488372;;0.333333333333
2021-10-01;2021-09-30;CZ020;73.962962700000;21.523726000000;1.227083333333;;0.629629629629
2021-10-01;2021-09-30;CZ031;69.302976700000;25.369537100000;1.361386138613;;0.666666666666
2021-10-01;2021-09-30;CZ032;52.788216000000;22.197558200000;1.286713286713;;0.578947368421
2021-10-01;2021-09-30;CZ041;37.843790300000;27.967886200000;0.632352941176;;0.666666666666
2021-10-01;2021-09-30;CZ042;47.245790700000;13.500825300000;1.562091503267;;0.411764705882
2021-10-01;2021-09-30;CZ051;22.826096700000;20.920732400000;1.209302325581;;0.000000000000
2021-10-01;2021-09-30;CZ052;22.512586100000;12.379301800000;1.413043478260;;0.444444444444
2021-10-01;2021-09-30;CZ053;44.371681600000;17.652906600000;1.000000000000;;0.818181818181
2021-10-01;2021-09-30;CZ063;38.321555100000;21.749820300000;1.204301075268;;0.705882352941
2021-10-01;2021-09-30;CZ064;70.608293700000;23.563748200000;1.696594427244;;0.617021276595
2021-10-01;2021-09-30;CZ071;48.214019400000;15.823380900000;1.841121495327;;0.444444444444
2021-10-01;2021-09-30;CZ072;51.713527700000;17.138380100000;1.379844961240;;0.466666666666
2021-10-01;2021-09-30;CZ080;98.421071100000;35.372023100000;1.061855670103;;0.333333333333
2021-10-02;2021-10-01;CZ010;108.307791800000;46.224778800000;1.107449856733;;0.333333333333
2021-10-02;2021-10-01;CZ020;78.827064700000;23.445487300000;1.252988047808;;0.545454545454
2021-10-02;2021-10-01;CZ031;77.383144400000;32.085002800000;1.550724637681;;0.607142857142
2021-10-02;2021-10-01;CZ032;58.879164000000;25.486085400000;1.417218543046;;0.478260869565
2021-10-02;2021-10-01;CZ041;35.798180000000;27.967886200000;0.661290322580;;0.625000000000
2021-10-02;2021-10-01;CZ042;49.326563800000;12.887151500000;1.724832214765;;0.388888888888
2021-10-02;2021-10-01;CZ051;25.538108200000;24.224005900000;1.918918918918;;0.000000000000
2021-10-02;2021-10-01;CZ052;23.420351700000;10.728728200000;1.632653061224;;0.166666666666
2021-10-02;2021-10-01;CZ053;45.327967900000;13.936505200000;1.044642857142;;1.000000000000
2021-10-02;2021-10-01;CZ063;40.286763100000;20.804175900000;1.232323232323;;0.692307692307
2021-10-02;2021-10-01;CZ064;72.448794300000;23.150349100000;1.644117647058;;0.600000000000
2021-10-02;2021-10-01;CZ071;53.923574400000;20.344346900000;1.991304347826;;0.555555555555
2021-10-02;2021-10-01;CZ072;54.988717800000;19.586720200000;1.496402877697;;0.466666666666
2021-10-02;2021-10-01;CZ080;101.690595600000;37.839838700000;1.126956521739;;0.343750000000
2021-10-03;2021-10-02;CZ010;111.678366300000;50.175614600000;1.152080344332;;0.320000000000
2021-10-03;2021-10-02;CZ020;81.545239300000;24.982896300000;1.261950286806;;0.523809523809
2021-10-03;2021-10-02;CZ031;82.200167500000;37.308142800000;1.385593220338;;0.566666666666
2021-10-03;2021-10-02;CZ032;61.417059000000;26.308217200000;1.456953642384;;0.478260869565
2021-10-03;2021-10-02;CZ041;34.434439800000;24.677546700000;0.532258064516;;0.500000000000
2021-10-03;2021-10-02;CZ042;51.774532300000;14.728173100000;1.666666666666;;0.333333333333
2021-10-03;2021-10-02;CZ051;25.990110100000;23.122914800000;1.636363636363;;0.000000000000
2021-10-03;2021-10-02;CZ052;23.238798600000;10.728728200000;1.518518518518;;0.142857142857
2021-10-03;2021-10-02;CZ053;44.371681600000;13.007404900000;1.144230769230;;1.000000000000
2021-10-03;2021-10-02;CZ063;41.269367100000;21.749820300000;1.054054054054;;0.636363636363
2021-10-03;2021-10-02;CZ064;76.129795400000;23.150349100000;1.497448979591;;0.611111111111
2021-10-03;2021-10-02;CZ071;53.764975600000;18.083863900000;1.757575757575;;0.600000000000
2021-10-03;2021-10-02;CZ072;57.229637300000;22.035060200000;1.318181818181;;0.437500000000
2021-10-03;2021-10-02;CZ080;105.966127700000;43.186772500000;1.131011608623;;0.366197183098
2021-10-04;2021-10-03;CZ010;112.726989400000;54.126450400000;1.226443768996;;0.351851851851
2021-10-04;2021-10-03;CZ020;82.403610300000;24.982896300000;1.247600767754;;0.500000000000
2021-10-04;2021-10-03;CZ031;83.443270200000;38.800468500000;1.520737327188;;0.593750000000
2021-10-04;2021-10-03;CZ032;61.924638000000;28.774612500000;1.462585034013;;0.500000000000
2021-10-04;2021-10-03;CZ041;33.411634700000;21.387207100000;0.642857142857;;0.428571428571
2021-10-04;2021-10-03;CZ042;52.019329100000;14.114499200000;1.614035087719;;0.333333333333
2021-10-04;2021-10-03;CZ051;26.442112100000;23.122914800000;2.500000000000;;0.250000000000
2021-10-04;2021-10-03;CZ052;24.328117300000;9.903441400000;1.666666666666;;0.166666666666
2021-10-04;2021-10-03;CZ053;47.240540400000;13.007404900000;1.323529411764;;1.000000000000
2021-10-04;2021-10-03;CZ063;42.055450300000;20.804175900000;1.127450980392;;0.636363636363
2021-10-04;2021-10-03;CZ064;77.886636800000;22.736950000000;1.503816793893;;0.618181818181
2021-10-04;2021-10-03;CZ071;55.033765600000;17.330369500000;1.645390070921;;0.571428571428
2021-10-04;2021-10-03;CZ072;59.470556900000;26.115626900000;1.355263157894;;0.333333333333
2021-10-04;2021-10-03;CZ080;108.145810700000;42.775469900000;1.272241992882;;0.366197183098
2021-10-05;2021-10-04;CZ010;114.524629100000;54.521534000000;1.188571428571;;0.419354838709
2021-10-05;2021-10-04;CZ020;83.405043000000;26.520305300000;1.222433460076;;0.440000000000
2021-10-05;2021-10-04;CZ031;88.260293200000;39.546631400000;1.424892703862;;0.542857142857
2021-10-05;2021-10-04;CZ032;66.662042000000;28.774612500000;1.490797546012;;0.440000000000
2021-10-05;2021-10-04;CZ041;34.093504800000;23.032376900000;0.826086956521;;0.428571428571
2021-10-05;2021-10-04;CZ042;54.100102300000;14.114499200000;1.379310344827;;0.391304347826
2021-10-05;2021-10-04;CZ051;29.832126400000;23.122914800000;2.046511627906;;0.200000000000
2021-10-05;2021-10-04;CZ052;27.051414000000;11.554015000000;1.979166666666;;0.166666666666
2021-10-05;2021-10-04;CZ053;47.623054900000;14.865605600000;1.367924528301;;1.000000000000
2021-10-05;2021-10-04;CZ063;45.592824600000;23.641109000000;1.222222222222;;0.583333333333
2021-10-05;2021-10-04;CZ064;83.324479400000;25.217344500000;1.290598290598;;0.596491228070
2021-10-05;2021-10-04;CZ071;61.536314300000;21.097841200000;1.620253164556;;0.588235294117
2021-10-05;2021-10-04;CZ072;62.573368500000;26.115626900000;1.306250000000;;0.294117647058
2021-10-05;2021-10-04;CZ080;110.409327700000;45.243285400000;1.270462633451;;0.328571428571
2021-10-06;2021-10-05;CZ010;118.269711800000;61.237954800000;1.258196721311;;0.485294117647
2021-10-06;2021-10-05;CZ020;87.983021400000;33.054293500000;1.203735144312;;0.551724137931
2021-10-06;2021-10-05;CZ031;101.157484000000;44.023608500000;1.578181818181;;0.513513513513
2021-10-06;2021-10-05;CZ032;71.061060000000;33.707403200000;1.483695652173;;0.478260869565
2021-10-06;2021-10-05;CZ041;31.706959500000;16.451697800000;0.860465116279;;0.428571428571
2021-10-06;2021-10-05;CZ042;55.936078600000;15.341847000000;1.196652719665;;0.391304347826
2021-10-06;2021-10-05;CZ051;29.380124500000;23.122914800000;1.884615384615;;0.333333333333
2021-10-06;2021-10-05;CZ052;29.230051300000;10.728728200000;1.692307692307;;0.000000000000
2021-10-06;2021-10-05;CZ053;49.344370100000;15.794705900000;1.380530973451;;0.875000000000
2021-10-06;2021-10-05;CZ063;47.361511700000;23.641109000000;1.241071428571;;0.615384615384
2021-10-06;2021-10-05;CZ064;89.515253900000;30.178133600000;1.235401459854;;0.600000000000
2021-10-06;2021-10-05;CZ071;65.818480500000;26.372301500000;1.390862944162;;0.611111111111
2021-10-06;2021-10-05;CZ072;68.951370300000;29.380080300000;1.393258426966;;0.294117647058
2021-10-06;2021-10-05;CZ080;120.217901200000;44.831982800000;1.411003236245;;0.352112676056
2021-10-07;2021-10-06;CZ010;120.067351500000;62.818289200000;1.168175937904;;0.440000000000
2021-10-07;2021-10-06;CZ020;92.274876100000;36.129111600000;1.214626391096;;0.575757575757
2021-10-07;2021-10-06;CZ031;107.683773300000;47.754422800000;1.433021806853;;0.538461538461
2021-10-07;2021-10-06;CZ032;74.783306000000;32.063139700000;1.303738317757;;0.454545454545
2021-10-07;2021-10-06;CZ041;30.343219300000;13.161358200000;1.048780487804;;0.428571428571
2021-10-07;2021-10-06;CZ042;60.097624900000;16.569194700000;1.120622568093;;0.360000000000
2021-10-07;2021-10-06;CZ051;35.934152300000;28.628370700000;1.633802816901;;0.428571428571
2021-10-07;2021-10-06;CZ052;29.956263800000;14.855162100000;1.462500000000;;0.166666666666
2021-10-07;2021-10-06;CZ053;49.918141800000;14.865605600000;1.324786324786;;0.777777777777
2021-10-07;2021-10-06;CZ063;51.488448500000;24.586753400000;1.336065573770;;0.666666666666
2021-10-07;2021-10-06;CZ064;96.542619700000;36.379120000000;1.227191413237;;0.628205128205
2021-10-07;2021-10-06;CZ071;77.078991600000;34.660739100000;1.432314410480;;0.555555555555
2021-10-07;2021-10-06;CZ072;73.777966200000;35.908987000000;1.288461538461;;0.409090909090
2021-10-07;2021-10-06;CZ080;129.188135100000;50.178916600000;1.510802469135;;0.351351351351
2021-10-08;2021-10-07;CZ010;123.662630900000;64.003539900000;1.144458281444;;0.435897435897
2021-10-08;2021-10-07;CZ020;95.922952600000;39.972634100000;1.139393939393;;0.606060606060
2021-10-08;2021-10-07;CZ031;118.871697800000;52.231400000000;1.498470948012;;0.500000000000
2021-10-08;2021-10-07;CZ032;78.843938000000;32.885271500000;1.281818181818;;0.478260869565
2021-10-08;2021-10-07;CZ041;31.025089400000;14.806528000000;1.454545454545;;0.250000000000
2021-10-08;2021-10-07;CZ042;61.933601300000;19.637564200000;0.988888888888;;0.347826086956
2021-10-08;2021-10-07;CZ051;38.194161900000;31.931644200000;1.625000000000;;0.428571428571
2021-10-08;2021-10-07;CZ052;31.590241800000;17.331022500000;1.329268292682;;0.166666666666
2021-10-08;2021-10-07;CZ053;53.743286800000;13.936505200000;1.411764705882;;0.727272727272
2021-10-08;2021-10-07;CZ063;56.204947600000;25.532397700000;1.487179487179;;0.750000000000
2021-10-08;2021-10-07;CZ064;100.976552800000;40.099711800000;1.122657580919;;0.621951219512
2021-10-08;2021-10-07;CZ071;85.801922800000;42.949176800000;1.482758620689;;0.636363636363
2021-10-08;2021-10-07;CZ072;81.879752200000;44.070120400000;1.463054187192;;0.480000000000
2021-10-08;2021-10-07;CZ080;135.391848300000;54.703245100000;1.461876832844;;0.282051282051
2021-10-09;2021-10-08;CZ010;129.879468200000;72.695378700000;1.190830235439;;0.397260273972
2021-10-09;2021-10-08;CZ020;97.496632600000;40.741338600000;1.129230769230;;0.575000000000
2021-10-09;2021-10-08;CZ031;129.438070900000;56.708377100000;1.551515151515;;0.450980392156
2021-10-09;2021-10-08;CZ032;83.412149000000;32.885271500000;1.297674418604;;0.476190476190
2021-10-09;2021-10-08;CZ041;35.116309900000;16.451697800000;1.722222222222;;0.250000000000
2021-10-09;2021-10-08;CZ042;63.769577600000;19.637564200000;0.956521739130;;0.318181818181
2021-10-09;2021-10-08;CZ051;41.584176300000;35.234917800000;1.412500000000;;0.428571428571
2021-10-09;2021-10-08;CZ052;32.316454300000;16.505735700000;1.152941176470;;0.285714285714
2021-10-09;2021-10-08;CZ053;55.464602100000;13.007404900000;1.281481481481;;0.692307692307
2021-10-09;2021-10-08;CZ063;58.759717900000;23.641109000000;1.539130434782;;0.750000000000
2021-10-09;2021-10-08;CZ064;107.669282100000;44.233702700000;1.231810490693;;0.637362637362
2021-10-09;2021-10-08;CZ071;90.401286500000;43.702671100000;1.469827586206;;0.692307692307
2021-10-09;2021-10-08;CZ072;86.878726600000;48.966800500000;1.436893203883;;0.461538461538
2021-10-09;2021-10-08;CZ080;144.781252000000;60.461481500000;1.509090909090;;0.256410256410
2021-10-10;2021-10-09;CZ010;133.324944300000;71.115044300000;1.174278846153;;0.397260273972
2021-10-10;2021-10-09;CZ020;100.572461800000;39.588281800000;1.160186625194;;0.560975609756
2021-10-10;2021-10-09;CZ031;127.107253300000;55.216051400000;1.478915662650;;0.460000000000
2021-10-10;2021-10-09;CZ032;87.811167000000;32.063139700000;1.230452674897;;0.478260869565
2021-10-10;2021-10-09;CZ041;35.798180000000;21.387207100000;1.894736842105;;0.250000000000
2021-10-10;2021-10-09;CZ042;64.503968100000;20.251238000000;0.917857142857;;0.318181818181
2021-10-10;2021-10-09;CZ051;41.810177200000;35.234917800000;1.284090909090;;0.375000000000
2021-10-10;2021-10-09;CZ052;34.495091700000;16.505735700000;1.136842105263;;0.375000000000
2021-10-10;2021-10-09;CZ053;60.246033300000;13.007404900000;1.351724137931;;0.642857142857
2021-10-10;2021-10-09;CZ063;57.384072300000;23.641109000000;1.446280991735;;0.727272727272
2021-10-10;2021-10-09;CZ064;108.924168800000;43.820303600000;1.183774834437;;0.645161290322
2021-10-10;2021-10-09;CZ071;91.828675200000;44.456165400000;1.355468750000;;0.666666666666
2021-10-10;2021-10-09;CZ072;87.223483400000;47.334573800000;1.449760765550;;0.444444444444
2021-10-10;2021-10-09;CZ080;151.990972700000;66.219717800000;1.584033613445;;0.256410256410
2021-10-11;2021-10-10;CZ010;133.699452600000;70.324877200000;1.061889250814;;0.379746835443
2021-10-11;2021-10-10;CZ020;99.928683600000;39.203929600000;1.053596614950;;0.571428571428
2021-10-11;2021-10-10;CZ031;127.884192500000;55.216051400000;1.135944700460;;0.423076923076
2021-10-11;2021-10-10;CZ032;86.288430000000;32.885271500000;1.080586080586;;0.461538461538
2021-10-11;2021-10-10;CZ041;35.798180000000;21.387207100000;1.864864864864;;0.250000000000
2021-10-11;2021-10-10;CZ042;66.339944400000;20.251238000000;0.930069930069;;0.318181818181
2021-10-11;2021-10-10;CZ051;43.392183900000;34.133826600000;1.142857142857;;0.428571428571
2021-10-11;2021-10-10;CZ052;35.947516600000;16.505735700000;1.027272727272;;0.428571428571
2021-10-11;2021-10-10;CZ053;63.879921000000;13.936505200000;1.275641025641;;0.642857142857
2021-10-11;2021-10-10;CZ063;56.401468400000;23.641109000000;1.237410071942;;0.714285714285
2021-10-11;2021-10-10;CZ064;109.677100900000;45.887299100000;1.063515509601;;0.645833333333
2021-10-11;2021-10-10;CZ071;91.987274000000;43.702671100000;1.270072992700;;0.666666666666
2021-10-11;2021-10-10;CZ072;86.706348100000;47.334573800000;1.197580645161;;0.500000000000
2021-10-11;2021-10-10;CZ080;155.595833100000;67.864928200000;1.308486238532;;0.259259259259
2021-10-12;2021-10-11;CZ010;141.564126300000;72.300295100000;1.171650055370;;0.382716049382
2021-10-12;2021-10-11;CZ020;103.433698300000;40.741338600000;1.051047120418;;0.604166666666
2021-10-12;2021-10-11;CZ031;137.984402100000;56.708377100000;1.208695652173;;0.380000000000
2021-10-12;2021-10-11;CZ032;95.594045000000;29.596744300000;1.154121863799;;0.380952380952
2021-10-12;2021-10-11;CZ041;39.207530500000;23.032376900000;1.790697674418;;0.333333333333
2021-10-12;2021-10-11;CZ042;70.379092300000;22.705933600000;1.024305555555;;0.206896551724
2021-10-12;2021-10-11;CZ051;44.296187800000;31.931644200000;0.931034482758;;0.428571428571
2021-10-12;2021-10-11;CZ052;38.489260200000;18.156309300000;1.000000000000;;0.571428571428
2021-10-12;2021-10-11;CZ053;67.896323200000;19.511107300000;1.354838709677;;0.666666666666
2021-10-12;2021-10-11;CZ063;58.759717900000;22.695464600000;1.092024539877;;0.600000000000
2021-10-12;2021-10-11;CZ064;116.871784800000;53.328482700000;1.155976676384;;0.680000000000
2021-10-12;2021-10-11;CZ071;103.882180100000;46.716648400000;1.216463414634;;0.685714285714
2021-10-12;2021-10-11;CZ072;91.360565600000;49.782913800000;1.197761194029;;0.500000000000
2021-10-12;2021-10-11;CZ080;165.236738700000;72.389256700000;1.283963227783;;0.292134831460
2021-10-13;2021-10-12;CZ010;148.829586700000;74.670796600000;1.159956474428;;0.386363636363
2021-10-13;2021-10-12;CZ020;108.655454900000;43.816156600000;1.077127659574;;0.600000000000
2021-10-13;2021-10-12;CZ031;162.691068700000;65.662331400000;1.251020408163;;0.381818181818
2021-10-13;2021-10-12;CZ032;109.975450000000;35.351666800000;1.336879432624;;0.434782608695
2021-10-13;2021-10-12;CZ041;43.639686200000;26.322716500000;1.895833333333;;0.666666666666
2021-10-13;2021-10-12;CZ042;73.071857600000;23.319607400000;1.164794007490;;0.250000000000
2021-10-13;2021-10-12;CZ051;50.172212700000;33.032735400000;1.059829059829;;0.500000000000
2021-10-13;2021-10-12;CZ052;43.028088000000;19.806882800000;1.165137614678;;0.666666666666
2021-10-13;2021-10-12;CZ053;71.338953700000;23.227508800000;1.291666666666;;0.666666666666
2021-10-13;2021-10-12;CZ063;63.083175400000;24.586753400000;1.045977011494;;0.583333333333
2021-10-13;2021-10-12;CZ064;126.157946700000;62.836661800000;1.261001517450;;0.694444444444
2021-10-13;2021-10-12;CZ071;118.949061200000;49.730625700000;1.383720930232;;0.692307692307
2021-10-13;2021-10-12;CZ072;102.909920200000;51.415140500000;1.175084175084;;0.447368421052
2021-10-13;2021-10-12;CZ080;183.764044200000;78.147493100000;1.323971915747;;0.282608695652
2021-10-14;2021-10-13;CZ010;154.147604100000;78.621632400000;1.201873048907;;0.385542168674
2021-10-14;2021-10-13;CZ020;114.735582400000;46.122270100000;1.144414168937;;0.566037735849
2021-10-14;2021-10-13;CZ031;182.580712300000;66.408494300000;1.396484375000;;0.381818181818
2021-10-14;2021-10-13;CZ032;119.619451100000;38.640194000000;1.534050179211;;0.363636363636
2021-10-14;2021-10-13;CZ041;45.344361400000;27.967886200000;1.451612903225;;0.500000000000
2021-10-14;2021-10-13;CZ042;73.439052900000;23.319607400000;1.181818181818;;0.250000000000
2021-10-14;2021-10-13;CZ051;49.268208800000;31.931644200000;0.902654867256;;0.400000000000
2021-10-14;2021-10-13;CZ052;44.843619200000;21.457456400000;1.326530612244;;0.500000000000
2021-10-14;2021-10-13;CZ053;76.694156700000;32.518512300000;1.421965317919;;0.619047619047
2021-10-14;2021-10-13;CZ063;70.747486400000;22.695464600000;1.112994350282;;0.615384615384
2021-10-14;2021-10-13;CZ064;129.336993100000;66.970652700000;1.181318681318;;0.650943396226
2021-10-14;2021-10-13;CZ071;135.760528500000;57.265569000000;1.548387096774;;0.707317073170
2021-10-14;2021-10-13;CZ072;107.219380800000;55.495707200000;1.195945945945;;0.475000000000
2021-10-14;2021-10-13;CZ080;198.686489400000;88.018755300000;1.289156626506;;0.309090909090
2021-10-15;2021-10-14;CZ010;158.791506700000;76.251130900000;1.229273285568;;0.400000000000
2021-10-15;2021-10-14;CZ020;117.382226100000;47.659679100000;1.191689008042;;0.580000000000
2021-10-15;2021-10-14;CZ031;190.660880000000;65.662331400000;1.501018329938;;0.385964912280
2021-10-15;2021-10-14;CZ032;131.293768100000;41.106589300000;1.652173913043;;0.444444444444
2021-10-15;2021-10-14;CZ041;52.503997400000;37.838904900000;1.472222222222;;0.400000000000
2021-10-15;2021-10-14;CZ042;74.173443400000;23.319607400000;1.319066147859;;0.250000000000
2021-10-15;2021-10-14;CZ051;51.754219400000;29.729461800000;0.991150442477;;0.500000000000
2021-10-15;2021-10-14;CZ052;44.480512900000;19.806882800000;1.259259259259;;0.444444444444
2021-10-15;2021-10-14;CZ053;84.726961100000;35.305813300000;1.403061224489;;0.600000000000
2021-10-15;2021-10-14;CZ063;74.677902400000;25.532397700000;1.177142857142;;0.692307692307
2021-10-15;2021-10-14;CZ064;135.695085900000;76.065432800000;1.346853146853;;0.654545454545
2021-10-15;2021-10-14;CZ071;149.875817100000;65.554006700000;1.731988472622;;0.666666666666
2021-10-15;2021-10-14;CZ072;113.942139400000;57.127933900000;1.201320132013;;0.418604651162
2021-10-15;2021-10-14;CZ080;206.902217700000;88.430057900000;1.300618921308;;0.327433628318
2021-10-16;2021-10-15;CZ010;165.307950600000;76.646214500000;1.274028629856;;0.393258426966
2021-10-16;2021-10-15;CZ020;120.672648000000;50.350144900000;1.275769745649;;0.588235294117
2021-10-16;2021-10-15;CZ031;206.355051800000;68.646982800000;1.655172413793;;0.390625000000
2021-10-16;2021-10-15;CZ032;143.306471100000;46.861511900000;1.925423728813;;0.520000000000
2021-10-16;2021-10-15;CZ041;58.299893200000;37.838904900000;1.579710144927;;0.428571428571
2021-10-16;2021-10-15;CZ042;76.866208700000;23.933281300000;1.368421052631;;0.257142857142
2021-10-16;2021-10-15;CZ051;50.850215600000;25.325097100000;1.000000000000;;0.500000000000
2021-10-16;2021-10-15;CZ052;45.569831600000;18.981596100000;1.353982300884;;0.444444444444
2021-10-16;2021-10-15;CZ053;91.994736600000;43.667716500000;1.547738693467;;0.571428571428
2021-10-16;2021-10-15;CZ063;91.382170000000;26.478042100000;1.674418604651;;0.692307692307
2021-10-16;2021-10-15;CZ064;143.810020100000;84.746813700000;1.376388888888;;0.634782608695
2021-10-16;2021-10-15;CZ071;167.956074400000;77.609915900000;2.063218390804;;0.571428571428
2021-10-16;2021-10-15;CZ072;121.009654900000;55.495707200000;1.367003367003;;0.375000000000
2021-10-16;2021-10-15;CZ080;226.770866600000;105.704766900000;1.425065731814;;0.319327731092
2021-10-17;2021-10-16;CZ010;171.374984600000;75.065880100000;1.239130434782;;0.402298850574
2021-10-17;2021-10-16;CZ020;124.535317300000;49.581440300000;1.239103362391;;0.576923076923
2021-10-17;2021-10-16;CZ031;212.570565500000;67.154657100000;1.577338129496;;0.402777777777
2021-10-17;2021-10-16;CZ032;150.581770100000;48.505775400000;1.835403726708;;0.520000000000
2021-10-17;2021-10-16;CZ041;65.459529300000;37.838904900000;1.558441558441;;0.500000000000
2021-10-17;2021-10-16;CZ042;77.722997600000;24.546955200000;1.281355932203;;0.264705882352
2021-10-17;2021-10-16;CZ051;51.076216500000;25.325097100000;1.046296296296;;0.500000000000
2021-10-17;2021-10-16;CZ052;45.751384700000;19.806882800000;1.230769230769;;0.500000000000
2021-10-17;2021-10-16;CZ053;98.114968500000;49.242318600000;1.509523809523;;0.550000000000
2021-10-17;2021-10-16;CZ063;95.116065100000;28.369330800000;1.735955056179;;0.692307692307
2021-10-17;2021-10-16;CZ064;149.415180900000;90.121001900000;1.350567465321;;0.614035087719
2021-10-17;2021-10-16;CZ071;183.022955500000;90.419319500000;2.022556390977;;0.560000000000
2021-10-17;2021-10-16;CZ072;126.525764500000;59.576273900000;1.342679127725;;0.411764705882
2021-10-17;2021-10-16;CZ080;236.160270400000;108.583885100000;1.341288782816;;0.305084745762
