WSI,EG_EL_ABBREVIATION,TIME,DT,VALUE,FLAG1,QUALITY
0-203-0-11201020001,SCE,06:00,1961-01-01T06:00Z,2.0,,0.0
0-203-0-11201020001,SCE,06:00,1961-01-02T06:00Z,1.0,,0.0
0-203-0-11201020001,SCE,06:00,1961-01-03T06:00Z,0.0,N,0.0
0-203-0-11201020001,SCE,06:00,1961-01-04T06:00Z,0.0,N,0.0
0-203-0-11201020001,SCE,06:00,1961-01-05T06:00Z,0.0,,0.0
0-203-0-11201020001,SCE,06:00,1961-01-06T06:00Z,0.0,,0.0
0-203-0-11201020001,SCE,06:00,1961-01-07T06:00Z,0.0,,0.0
0-203-0-11201020001,SCE,06:00,1961-01-08T06:00Z,0.0,,0.0
0-203-0-11201020001,SCE,06:00,1961-01-09T06:00Z,0.0,,0.0
0-203-0-11201020001,SCE,06:00,1961-01-10T06:00Z,0.0,,0.0
0-203-0-11201020001,SCE,06:00,1961-01-11T06:00Z,0.0,,0.0
0-203-0-11201020001,SCE,06:00,1961-01-12T06:00Z,0.0,,0.0
0-203-0-11201020001,SCE,06:00,1961-01-13T06:00Z,0.0,,0.0
0-203-0-11201020001,SCE,06:00,1961-01-14T06:00Z,0.0,,0.0
0-203-0-11201020001,SCE,06:00,1961-01-15T06:00Z,0.0,P,0.0
0-203-0-11201020001,SCE,06:00,1961-01-16T06:00Z,0.0,,0.0
0-203-0-11201020001,SCE,06:00,1961-01-17T06:00Z,0.0,P,0.0
0-203-0-11201020001,SCE,06:00,1961-01-18T06:00Z,0.0,,0.0
0-203-0-11201020001,SCE,06:00,1961-01-19T06:00Z,0.0,,0.0
0-203-0-11201020001,SCE,06:00,1961-01-20T06:00Z,0.0,,0.0
0-203-0-11201020001,SCE,06:00,1961-01-21T06:00Z,0.0,,0.0
0-203-0-11201020001,SCE,06:00,1961-01-22T06:00Z,0.0,,0.0
0-203-0-11201020001,SCE,06:00,1961-01-23T06:00Z,0.0,P,0.0
0-203-0-11201020001,SCE,06:00,1961-01-24T06:00Z,2.0,,0.0
0-203-0-11201020001,SCE,06:00,1961-01-25T06:00Z,1.0,,0.0
0-203-0-11201020001,SCE,06:00,1961-01-26T06:00Z,1.0,,0.0
0-203-0-11201020001,SCE,06:00,1961-01-27T06:00Z,1.0,,0.0
0-203-0-11201020001,SCE,06:00,1961-01-28T06:00Z,1.0,,0.0
0-203-0-11201020001,SCE,06:00,1961-01-29T06:00Z,0.0,N,0.0
0-203-0-11201020001,SCE,06:00,1961-01-30T06:00Z,0.0,N,0.0
0-203-0-11201020001,SCE,06:00,1961-01-31T06:00Z,0.0,,0.0
0-203-0-11201020001,SCE,06:00,1961-02-01T06:00Z,0.0,,0.0
0-203-0-11201020001,SCE,06:00,1961-02-02T06:00Z,0.0,,0.0
0-203-0-11201020001,SCE,06:00,1961-02-03T06:00Z,0.0,,0.0
0-203-0-11201020001,SCE,06:00,1961-02-04T06:00Z,0.0,,0.0
0-203-0-11201020001,SCE,06:00,1961-02-05T06:00Z,3.0,,0.0
0-203-0-11201020001,SCE,06:00,1961-02-06T06:00Z,1.0,,0.0
0-203-0-11201020001,SCE,06:00,1961-02-07T06:00Z,0.0,,0.0
0-203-0-11201020001,SCE,06:00,1961-02-08T06:00Z,0.0,,0.0
0-203-0-11201020001,SCE,06:00,1961-02-09T06:00Z,0.0,,0.0
0-203-0-11201020001,SCE,06:00,1961-02-10T06:00Z,0.0,,0.0
0-203-0-11201020001,SCE,06:00,1961-02-11T06:00Z,0.0,,0.0
0-203-0-11201020001,SCE,06:00,1961-02-12T06:00Z,0.0,,0.0
0-203-0-11201020001,SCE,06:00,1961-02-13T06:00Z,0.0,,0.0
0-203-0-11201020001,SCE,06:00,1961-02-14T06:00Z,0.0,,0.0
0-203-0-11201020001,SCE,06:00,1961-02-15T06:00Z,0.0,,0.0
0-203-0-11201020001,SCE,06:00,1961-02-16T06:00Z,0.0,,0.0
0-203-0-11201020001,SCE,06:00,1961-02-17T06:00Z,0.0,,0.0
0-203-0-11201020001,SCE,06:00,1961-02-18T06:00Z,0.0,,0.0
0-203-0-11201020001,SCE,06:00,1961-02-19T06:00Z,0.0,,0.0
0-203-0-11201020001,SCE,06:00,1961-02-20T06:00Z,0.0,,0.0
0-203-0-11201020001,SCE,06:00,1961-02-21T06:00Z,0.0,,0.0
0-203-0-11201020001,SCE,06:00,1961-02-22T06:00Z,0.0,,0.0
0-203-0-11201020001,SCE,06:00,1961-02-23T06:00Z,0.0,,0.0
0-203-0-11201020001,SCE,06:00,1961-02-24T06:00Z,0.0,,0.0
0-203-0-11201020001,SCE,06:00,1961-02-25T06:00Z,0.0,,0.0
0-203-0-11201020001,SCE,06:00,1961-02-26T06:00Z,0.0,,0.0
0-203-0-11201020001,SCE,06:00,1961-02-27T06:00Z,0.0,,0.0
0-203-0-11201020001,SCE,06:00,1961-02-28T06:00Z,0.0,,0.0
0-203-0-11201020001,SCE,06:00,1961-03-01T06:00Z,0.0,,0.0
0-203-0-11201020001,SCE,06:00,1961-03-02T06:00Z,0.0,,0.0
0-203-0-11201020001,SCE,06:00,1961-03-03T06:00Z,0.0,,0.0
0-203-0-11201020001,SCE,06:00,1961-03-04T06:00Z,0.0,,0.0
0-203-0-11201020001,SCE,06:00,1961-03-05T06:00Z,0.0,,0.0
0-203-0-11201020001,SCE,06:00,1961-03-06T06:00Z,0.0,,0.0
0-203-0-11201020001,SCE,06:00,1961-03-07T06:00Z,0.0,,0.0
0-203-0-11201020001,SCE,06:00,1961-03-08T06:00Z,0.0,,0.0
0-203-0-11201020001,SCE,06:00,1961-03-09T06:00Z,0.0,,0.0
0-203-0-11201020001,SCE,06:00,1961-03-10T06:00Z,0.0,,0.0
0-203-0-11201020001,SCE,06:00,1961-03-11T06:00Z,0.0,,0.0
0-203-0-11201020001,SCE,06:00,1961-03-12T06:00Z,0.0,,0.0
0-203-0-11201020001,SCE,06:00,1961-03-13T06:00Z,0.0,,0.0
0-203-0-11201020001,SCE,06:00,1961-03-14T06:00Z,0.0,,0.0
0-203-0-11201020001,SCE,06:00,1961-03-15T06:00Z,0.0,,0.0
0-203-0-11201020001,SCE,06:00,1961-03-16T06:00Z,0.0,,0.0
0-203-0-11201020001,SCE,06:00,1961-03-17T06:00Z,0.0,,0.0
0-203-0-11201020001,SCE,06:00,1961-03-18T06:00Z,0.0,,0.0
0-203-0-11201020001,SCE,06:00,1961-03-19T06:00Z,0.0,,0.0
0-203-0-11201020001,SCE,06:00,1961-03-20T06:00Z,0.0,,0.0
0-203-0-11201020001,SCE,06:00,1961-03-21T06:00Z,0.0,,0.0
0-203-0-11201020001,SCE,06:00,1961-03-22T06:00Z,2.0,,0.0
0-203-0-11201020001,SCE,06:00,1961-03-23T06:00Z,0.0,,0.0
0-203-0-11201020001,SCE,06:00,1961-03-24T06:00Z,0.0,,0.0
0-203-0-11201020001,SCE,06:00,1961-03-25T06:00Z,0.0,,0.0
0-203-0-11201020001,SCE,06:00,1961-03-26T06:00Z,0.0,,0.0
0-203-0-11201020001,SCE,06:00,1961-03-27T06:00Z,0.0,,0.0
0-203-0-11201020001,SCE,06:00,1961-03-28T06:00Z,0.0,,0.0
0-203-0-11201020001,SCE,06:00,1961-03-29T06:00Z,0.0,,0.0
0-203-0-11201020001,SCE,06:00,1961-03-30T06:00Z,0.0,,0.0
0-203-0-11201020001,SCE,06:00,1961-03-31T06:00Z,0.0,,0.0
0-203-0-11201020001,SCE,06:00,1961-04-01T06:00Z,0.0,,0.0
0-203-0-11201020001,SCE,06:00,1961-04-02T06:00Z,0.0,,0.0
0-203-0-11201020001,SCE,06:00,1961-04-03T06:00Z,0.0,,0.0
0-203-0-11201020001,SCE,06:00,1961-04-04T06:00Z,0.0,,0.0
0-203-0-11201020001,SCE,06:00,1961-04-05T06:00Z,0.0,,0.0
0-203-0-11201020001,SCE,06:00,1961-04-06T06:00Z,0.0,,0.0
0-203-0-11201020001,SCE,06:00,1961-04-07T06:00Z,0.0,,0.0
0-203-0-11201020001,SCE,06:00,1961-04-08T06:00Z,0.0,,0.0
0-203-0-11201020001,SCE,06:00,1961-04-09T06:00Z,0.0,,0.0
0-203-0-11201020001,SCE,06:00,1961-04-10T06:00Z,0.0,,0.0
0-203-0-11201020001,SCE,06:00,1961-04-11T06:00Z,0.0,,0.0
0-203-0-11201020001,SCE,06:00,1961-04-12T06:00Z,0.0,,0.0
0-203-0-11201020001,SCE,06:00,1961-04-13T06:00Z,0.0,,0.0
0-203-0-11201020001,SCE,06:00,1961-04-14T06:00Z,0.0,,0.0
0-203-0-11201020001,SCE,06:00,1961-04-15T06:00Z,0.0,,0.0
0-203-0-11201020001,SCE,06:00,1961-04-16T06:00Z,0.0,,0.0
0-203-0-11201020001,SCE,06:00,1961-04-17T06:00Z,0.0,,0.0
0-203-0-11201020001,SCE,06:00,1961-04-18T06:00Z,0.0,,0.0
0-203-0-11201020001,SCE,06:00,1961-04-19T06:00Z,0.0,,0.0
0-203-0-11201020001,SCE,06:00,1961-04-20T06:00Z,0.0,,0.0
0-203-0-11201020001,SCE,06:00,1961-04-21T06:00Z,0.0,,0.0
0-203-0-11201020001,SCE,06:00,1961-04-22T06:00Z,0.0,,0.0
0-203-0-11201020001,SCE,06:00,1961-04-23T06:00Z,0.0,,0.0
0-203-0-11201020001,SCE,06:00,1961-04-24T06:00Z,0.0,,0.0
0-203-0-11201020001,SCE,06:00,1961-04-25T06:00Z,0.0,,0.0
0-203-0-11201020001,SCE,06:00,1961-04-26T06:00Z,0.0,,0.0
0-203-0-11201020001,SCE,06:00,1961-04-27T06:00Z,0.0,,0.0
0-203-0-11201020001,SCE,06:00,1961-04-28T06:00Z,0.0,,0.0
0-203-0-11201020001,SCE,06:00,1961-04-29T06:00Z,0.0,,0.0
0-203-0-11201020001,SCE,06:00,1961-04-30T06:00Z,0.0,,0.0
0-203-0-11201020001,SCE,06:00,1961-05-01T06:00Z,0.0,,0.0
0-203-0-11201020001,SCE,06:00,1961-05-02T06:00Z,0.0,,0.0
0-203-0-11201020001,SCE,06:00,1961-05-03T06:00Z,0.0,,0.0
0-203-0-11201020001,SCE,06:00,1961-05-04T06:00Z,0.0,,0.0
0-203-0-11201020001,SCE,06:00,1961-05-05T06:00Z,0.0,,0.0
0-203-0-11201020001,SCE,06:00,1961-05-06T06:00Z,0.0,,0.0
0-203-0-11201020001,SCE,06:00,1961-05-07T06:00Z,0.0,,0.0
0-203-0-11201020001,SCE,06:00,1961-05-08T06:00Z,0.0,,0.0
0-203-0-11201020001,SCE,06:00,1961-05-09T06:00Z,0.0,,0.0
0-203-0-11201020001,SCE,06:00,1961-05-10T06:00Z,0.0,,0.0
0-203-0-11201020001,SCE,06:00,1961-05-11T06:00Z,0.0,,0.0
0-203-0-11201020001,SCE,06:00,1961-05-12T06:00Z,0.0,,0.0
0-203-0-11201020001,SCE,06:00,1961-05-13T06:00Z,0.0,,0.0
0-203-0-11201020001,SCE,06:00,1961-05-14T06:00Z,0.0,,0.0
0-203-0-11201020001,SCE,06:00,1961-05-15T06:00Z,0.0,,0.0
0-203-0-11201020001,SCE,06:00,1961-05-16T06:00Z,0.0,,0.0
0-203-0-11201020001,SCE,06:00,1961-05-17T06:00Z,0.0,,0.0
0-203-0-11201020001,SCE,06:00,1961-05-18T06:00Z,0.0,,0.0
0-203-0-11201020001,SCE,06:00,1961-05-19T06:00Z,0.0,,0.0
0-203-0-11201020001,SCE,06:00,1961-05-20T06:00Z,0.0,,0.0
0-203-0-11201020001,SCE,06:00,1961-05-21T06:00Z,0.0,,0.0
0-203-0-11201020001,SCE,06:00,1961-05-22T06:00Z,0.0,,0.0
0-203-0-11201020001,SCE,06:00,1961-05-23T06:00Z,0.0,,0.0
0-203-0-11201020001,SCE,06:00,1961-05-24T06:00Z,0.0,,0.0
0-203-0-11201020001,SCE,06:00,1961-05-25T06:00Z,0.0,,0.0
0-203-0-11201020001,SCE,06:00,1961-05-26T06:00Z,0.0,,0.0
0-203-0-11201020001,SCE,06:00,1961-05-27T06:00Z,0.0,,0.0
0-203-0-11201020001,SCE,06:00,1961-05-28T06:00Z,0.0,,0.0
0-203-0-11201020001,SCE,06:00,1961-05-29T06:00Z,0.0,,0.0
0-203-0-11201020001,SCE,06:00,1961-05-30T06:00Z,0.0,,0.0
0-203-0-11201020001,SCE,06:00,1961-05-31T06:00Z,0.0,,0.0
0-203-0-11201020001,SCE,06:00,1961-06-01T06:00Z,0.0,,0.0
0-203-0-11201020001,SCE,06:00,1961-06-02T06:00Z,0.0,,0.0
0-203-0-11201020001,SCE,06:00,1961-06-03T06:00Z,0.0,,0.0
0-203-0-11201020001,SCE,06:00,1961-06-04T06:00Z,0.0,,0.0
0-203-0-11201020001,SCE,06:00,1961-06-05T06:00Z,0.0,,0.0
0-203-0-11201020001,SCE,06:00,1961-06-06T06:00Z,0.0,,0.0
0-203-0-11201020001,SCE,06:00,1961-06-07T06:00Z,0.0,,0.0
0-203-0-11201020001,SCE,06:00,1961-06-08T06:00Z,0.0,,0.0
0-203-0-11201020001,SCE,06:00,1961-06-09T06:00Z,0.0,,0.0
0-203-0-11201020001,SCE,06:00,1961-06-10T06:00Z,0.0,,0.0
0-203-0-11201020001,SCE,06:00,1961-06-11T06:00Z,0.0,,0.0
0-203-0-11201020001,SCE,06:00,1961-06-12T06:00Z,0.0,,0.0
0-203-0-11201020001,SCE,06:00,1961-06-13T06:00Z,0.0,,0.0
0-203-0-11201020001,SCE,06:00,1961-06-14T06:00Z,0.0,,0.0
0-203-0-11201020001,SCE,06:00,1961-06-15T06:00Z,0.0,,0.0
0-203-0-11201020001,SCE,06:00,1961-06-16T06:00Z,0.0,,0.0
0-203-0-11201020001,SCE,06:00,1961-06-17T06:00Z,0.0,,0.0
0-203-0-11201020001,SCE,06:00,1961-06-18T06:00Z,0.0,,0.0
0-203-0-11201020001,SCE,06:00,1961-06-19T06:00Z,0.0,,0.0
0-203-0-11201020001,SCE,06:00,1961-06-20T06:00Z,0.0,,0.0
0-203-0-11201020001,SCE,06:00,1961-06-21T06:00Z,0.0,,0.0
0-203-0-11201020001,SCE,06:00,1961-06-22T06:00Z,0.0,,0.0
0-203-0-11201020001,SCE,06:00,1961-06-23T06:00Z,0.0,,0.0
0-203-0-11201020001,SCE,06:00,1961-06-24T06:00Z,0.0,,0.0
0-203-0-11201020001,SCE,06:00,1961-06-25T06:00Z,0.0,,0.0
0-203-0-11201020001,SCE,06:00,1961-06-26T06:00Z,0.0,,0.0
0-203-0-11201020001,SCE,06:00,1961-06-27T06:00Z,0.0,,0.0
0-203-0-11201020001,SCE,06:00,1961-06-28T06:00Z,0.0,,0.0
0-203-0-11201020001,SCE,06:00,1961-06-29T06:00Z,0.0,,0.0
0-203-0-11201020001,SCE,06:00,1961-06-30T06:00Z,0.0,,0.0
0-203-0-11201020001,SCE,06:00,1961-07-01T06:00Z,0.0,,0.0
0-203-0-11201020001,SCE,06:00,1961-07-02T06:00Z,0.0,,0.0
0-203-0-11201020001,SCE,06:00,1961-07-03T06:00Z,0.0,,0.0
0-203-0-11201020001,SCE,06:00,1961-07-04T06:00Z,0.0,,0.0
0-203-0-11201020001,SCE,06:00,1961-07-05T06:00Z,0.0,,0.0
0-203-0-11201020001,SCE,06:00,1961-07-06T06:00Z,0.0,,0.0
0-203-0-11201020001,SCE,06:00,1961-07-07T06:00Z,0.0,,0.0
0-203-0-11201020001,SCE,06:00,1961-07-08T06:00Z,0.0,,0.0
0-203-0-11201020001,SCE,06:00,1961-07-09T06:00Z,0.0,,0.0
0-203-0-11201020001,SCE,06:00,1961-07-10T06:00Z,0.0,,0.0
0-203-0-11201020001,SCE,06:00,1961-07-11T06:00Z,0.0,,0.0
0-203-0-11201020001,SCE,06:00,1961-07-12T06:00Z,0.0,,0.0
0-203-0-11201020001,SCE,06:00,1961-07-13T06:00Z,0.0,,0.0
0-203-0-11201020001,SCE,06:00,1961-07-14T06:00Z,0.0,,0.0
0-203-0-11201020001,SCE,06:00,1961-07-15T06:00Z,0.0,,0.0
0-203-0-11201020001,SCE,06:00,1961-07-16T06:00Z,0.0,,0.0
0-203-0-11201020001,SCE,06:00,1961-07-17T06:00Z,0.0,,0.0
0-203-0-11201020001,SCE,06:00,1961-07-18T06:00Z,0.0,,0.0
0-203-0-11201020001,SCE,06:00,1961-07-19T06:00Z,0.0,,0.0
0-203-0-11201020001,SCE,06:00,1961-07-20T06:00Z,0.0,,0.0
0-203-0-11201020001,SCE,06:00,1961-07-21T06:00Z,0.0,,0.0
0-203-0-11201020001,SCE,06:00,1961-07-22T06:00Z,0.0,,0.0
0-203-0-11201020001,SCE,06:00,1961-07-23T06:00Z,0.0,,0.0
0-203-0-11201020001,SCE,06:00,1961-07-24T06:00Z,0.0,,0.0
0-203-0-11201020001,SCE,06:00,1961-07-25T06:00Z,0.0,,0.0
0-203-0-11201020001,SCE,06:00,1961-07-26T06:00Z,0.0,,0.0
0-203-0-11201020001,SCE,06:00,1961-07-27T06:00Z,0.0,,0.0
0-203-0-11201020001,SCE,06:00,1961-07-28T06:00Z,0.0,,0.0
0-203-0-11201020001,SCE,06:00,1961-07-29T06:00Z,0.0,,0.0
0-203-0-11201020001,SCE,06:00,1961-07-30T06:00Z,0.0,,0.0
0-203-0-11201020001,SCE,06:00,1961-07-31T06:00Z,0.0,,0.0
0-203-0-11201020001,SCE,06:00,1961-08-01T06:00Z,0.0,,0.0
0-203-0-11201020001,SCE,06:00,1961-08-02T06:00Z,0.0,,0.0
0-203-0-11201020001,SCE,06:00,1961-08-03T06:00Z,0.0,,0.0
0-203-0-11201020001,SCE,06:00,1961-08-04T06:00Z,0.0,,0.0
0-203-0-11201020001,SCE,06:00,1961-08-05T06:00Z,0.0,,0.0
0-203-0-11201020001,SCE,06:00,1961-08-06T06:00Z,0.0,,0.0
0-203-0-11201020001,SCE,06:00,1961-08-07T06:00Z,0.0,,0.0
0-203-0-11201020001,SCE,06:00,1961-08-08T06:00Z,0.0,,0.0
0-203-0-11201020001,SCE,06:00,1961-08-09T06:00Z,0.0,,0.0
0-203-0-11201020001,SCE,06:00,1961-08-10T06:00Z,0.0,,0.0
0-203-0-11201020001,SCE,06:00,1961-08-11T06:00Z,0.0,,0.0
0-203-0-11201020001,SCE,06:00,1961-08-12T06:00Z,0.0,,0.0
0-203-0-11201020001,SCE,06:00,1961-08-13T06:00Z,0.0,,0.0
0-203-0-11201020001,SCE,06:00,1961-08-14T06:00Z,0.0,,0.0
0-203-0-11201020001,SCE,06:00,1961-08-15T06:00Z,0.0,,0.0
0-203-0-11201020001,SCE,06:00,1961-08-16T06:00Z,0.0,,0.0
0-203-0-11201020001,SCE,06:00,1961-08-17T06:00Z,0.0,,0.0
0-203-0-11201020001,SCE,06:00,1961-08-18T06:00Z,0.0,,0.0
0-203-0-11201020001,SCE,06:00,1961-08-19T06:00Z,0.0,,0.0
0-203-0-11201020001,SCE,06:00,1961-08-20T06:00Z,0.0,,0.0
0-203-0-11201020001,SCE,06:00,1961-08-21T06:00Z,0.0,,0.0
0-203-0-11201020001,SCE,06:00,1961-08-22T06:00Z,0.0,,0.0
0-203-0-11201020001,SCE,06:00,1961-08-23T06:00Z,0.0,,0.0
0-203-0-11201020001,SCE,06:00,1961-08-24T06:00Z,0.0,,0.0
0-203-0-11201020001,SCE,06:00,1961-08-25T06:00Z,0.0,,0.0
0-203-0-11201020001,SCE,06:00,1961-08-26T06:00Z,0.0,,0.0
0-203-0-11201020001,SCE,06:00,1961-08-27T06:00Z,0.0,,0.0
0-203-0-11201020001,SCE,06:00,1961-08-28T06:00Z,0.0,,0.0
0-203-0-11201020001,SCE,06:00,1961-08-29T06:00Z,0.0,,0.0
0-203-0-11201020001,SCE,06:00,1961-08-30T06:00Z,0.0,,0.0
0-203-0-11201020001,SCE,06:00,1961-08-31T06:00Z,0.0,,0.0
0-203-0-11201020001,SCE,06:00,1961-09-01T06:00Z,0.0,,0.0
0-203-0-11201020001,SCE,06:00,1961-09-02T06:00Z,0.0,,0.0
0-203-0-11201020001,SCE,06:00,1961-09-03T06:00Z,0.0,,0.0
0-203-0-11201020001,SCE,06:00,1961-09-04T06:00Z,0.0,,0.0
0-203-0-11201020001,SCE,06:00,1961-09-05T06:00Z,0.0,,0.0
0-203-0-11201020001,SCE,06:00,1961-09-06T06:00Z,0.0,,0.0
0-203-0-11201020001,SCE,06:00,1961-09-07T06:00Z,0.0,,0.0
0-203-0-11201020001,SCE,06:00,1961-09-08T06:00Z,0.0,,0.0
0-203-0-11201020001,SCE,06:00,1961-09-09T06:00Z,0.0,,0.0
0-203-0-11201020001,SCE,06:00,1961-09-10T06:00Z,0.0,,0.0
0-203-0-11201020001,SCE,06:00,1961-09-11T06:00Z,0.0,,0.0
0-203-0-11201020001,SCE,06:00,1961-09-12T06:00Z,0.0,,0.0
0-203-0-11201020001,SCE,06:00,1961-09-13T06:00Z,0.0,,0.0
0-203-0-11201020001,SCE,06:00,1961-09-14T06:00Z,0.0,,0.0
0-203-0-11201020001,SCE,06:00,1961-09-15T06:00Z,0.0,,0.0
0-203-0-11201020001,SCE,06:00,1961-09-16T06:00Z,0.0,,0.0
0-203-0-11201020001,SCE,06:00,1961-09-17T06:00Z,0.0,,0.0
0-203-0-11201020001,SCE,06:00,1961-09-18T06:00Z,0.0,,0.0
0-203-0-11201020001,SCE,06:00,1961-09-19T06:00Z,0.0,,0.0
0-203-0-11201020001,SCE,06:00,1961-09-20T06:00Z,0.0,,0.0
0-203-0-11201020001,SCE,06:00,1961-09-21T06:00Z,0.0,,0.0
0-203-0-11201020001,SCE,06:00,1961-09-22T06:00Z,0.0,,0.0
0-203-0-11201020001,SCE,06:00,1961-09-23T06:00Z,0.0,,0.0
0-203-0-11201020001,SCE,06:00,1961-09-24T06:00Z,0.0,,0.0
0-203-0-11201020001,SCE,06:00,1961-09-25T06:00Z,0.0,,0.0
0-203-0-11201020001,SCE,06:00,1961-09-26T06:00Z,0.0,,0.0
0-203-0-11201020001,SCE,06:00,1961-09-27T06:00Z,0.0,,0.0
0-203-0-11201020001,SCE,06:00,1961-09-28T06:00Z,0.0,,0.0
0-203-0-11201020001,SCE,06:00,1961-09-29T06:00Z,0.0,,0.0
0-203-0-11201020001,SCE,06:00,1961-09-30T06:00Z,0.0,,0.0
0-203-0-11201020001,SCE,06:00,1961-10-01T06:00Z,0.0,,0.0
0-203-0-11201020001,SCE,06:00,1961-10-02T06:00Z,0.0,,0.0
0-203-0-11201020001,SCE,06:00,1961-10-03T06:00Z,0.0,,0.0
0-203-0-11201020001,SCE,06:00,1961-10-04T06:00Z,0.0,,0.0
0-203-0-11201020001,SCE,06:00,1961-10-05T06:00Z,0.0,,0.0
0-203-0-11201020001,SCE,06:00,1961-10-06T06:00Z,0.0,,0.0
0-203-0-11201020001,SCE,06:00,1961-10-07T06:00Z,0.0,,0.0
0-203-0-11201020001,SCE,06:00,1961-10-08T06:00Z,0.0,,0.0
0-203-0-11201020001,SCE,06:00,1961-10-09T06:00Z,0.0,,0.0
0-203-0-11201020001,SCE,06:00,1961-10-10T06:00Z,0.0,,0.0
0-203-0-11201020001,SCE,06:00,1961-10-11T06:00Z,0.0,,0.0
0-203-0-11201020001,SCE,06:00,1961-10-12T06:00Z,0.0,,0.0
0-203-0-11201020001,SCE,06:00,1961-10-13T06:00Z,0.0,,0.0
0-203-0-11201020001,SCE,06:00,1961-10-14T06:00Z,0.0,,0.0
0-203-0-11201020001,SCE,06:00,1961-10-15T06:00Z,0.0,,0.0
0-203-0-11201020001,SCE,06:00,1961-10-16T06:00Z,0.0,,0.0
0-203-0-11201020001,SCE,06:00,1961-10-17T06:00Z,0.0,,0.0
0-203-0-11201020001,SCE,06:00,1961-10-18T06:00Z,0.0,,0.0
0-203-0-11201020001,SCE,06:00,1961-10-19T06:00Z,0.0,,0.0
0-203-0-11201020001,SCE,06:00,1961-10-20T06:00Z,0.0,,0.0
0-203-0-11201020001,SCE,06:00,1961-10-21T06:00Z,0.0,,0.0
0-203-0-11201020001,SCE,06:00,1961-10-22T06:00Z,0.0,,0.0
0-203-0-11201020001,SCE,06:00,1961-10-23T06:00Z,0.0,,0.0
0-203-0-11201020001,SCE,06:00,1961-10-24T06:00Z,0.0,,0.0
0-203-0-11201020001,SCE,06:00,1961-10-25T06:00Z,0.0,,0.0
0-203-0-11201020001,SCE,06:00,1961-10-26T06:00Z,0.0,,0.0
0-203-0-11201020001,SCE,06:00,1961-10-27T06:00Z,0.0,,0.0
0-203-0-11201020001,SCE,06:00,1961-10-28T06:00Z,0.0,,0.0
0-203-0-11201020001,SCE,06:00,1961-10-29T06:00Z,0.0,,0.0
0-203-0-11201020001,SCE,06:00,1961-10-30T06:00Z,0.0,,0.0
0-203-0-11201020001,SCE,06:00,1961-10-31T06:00Z,0.0,,0.0
0-203-0-11201020001,SCE,06:00,1961-11-01T06:00Z,0.0,,0.0
0-203-0-11201020001,SCE,06:00,1961-11-02T06:00Z,0.0,,0.0
0-203-0-11201020001,SCE,06:00,1961-11-03T06:00Z,0.0,,0.0
0-203-0-11201020001,SCE,06:00,1961-11-04T06:00Z,0.0,,0.0
0-203-0-11201020001,SCE,06:00,1961-11-05T06:00Z,0.0,,0.0
0-203-0-11201020001,SCE,06:00,1961-11-06T06:00Z,0.0,,0.0
0-203-0-11201020001,SCE,06:00,1961-11-07T06:00Z,0.0,,0.0
0-203-0-11201020001,SCE,06:00,1961-11-08T06:00Z,0.0,,0.0
0-203-0-11201020001,SCE,06:00,1961-11-09T06:00Z,0.0,,0.0
0-203-0-11201020001,SCE,06:00,1961-11-10T06:00Z,0.0,,0.0
0-203-0-11201020001,SCE,06:00,1961-11-11T06:00Z,0.0,,0.0
0-203-0-11201020001,SCE,06:00,1961-11-12T06:00Z,0.0,,0.0
0-203-0-11201020001,SCE,06:00,1961-11-13T06:00Z,0.0,,0.0
0-203-0-11201020001,SCE,06:00,1961-11-14T06:00Z,0.0,,0.0
0-203-0-11201020001,SCE,06:00,1961-11-15T06:00Z,0.0,,0.0
0-203-0-11201020001,SCE,06:00,1961-11-16T06:00Z,0.0,,0.0
0-203-0-11201020001,SCE,06:00,1961-11-17T06:00Z,0.0,,0.0
0-203-0-11201020001,SCE,06:00,1961-11-18T06:00Z,0.0,,0.0
0-203-0-11201020001,SCE,06:00,1961-11-19T06:00Z,0.0,,0.0
0-203-0-11201020001,SCE,06:00,1961-11-20T06:00Z,0.0,,0.0
0-203-0-11201020001,SCE,06:00,1961-11-21T06:00Z,0.0,,0.0
0-203-0-11201020001,SCE,06:00,1961-11-22T06:00Z,0.0,,0.0
0-203-0-11201020001,SCE,06:00,1961-11-23T06:00Z,0.0,,0.0
0-203-0-11201020001,SCE,06:00,1961-11-24T06:00Z,0.0,,0.0
0-203-0-11201020001,SCE,06:00,1961-11-25T06:00Z,0.0,,0.0
0-203-0-11201020001,SCE,06:00,1961-11-26T06:00Z,0.0,,0.0
0-203-0-11201020001,SCE,06:00,1961-11-27T06:00Z,0.0,,0.0
0-203-0-11201020001,SCE,06:00,1961-11-28T06:00Z,0.0,,0.0
0-203-0-11201020001,SCE,06:00,1961-11-29T06:00Z,0.0,,0.0
0-203-0-11201020001,SCE,06:00,1961-11-30T06:00Z,0.0,,0.0
0-203-0-11201020001,SCE,06:00,1961-12-01T06:00Z,0.0,,0.0
0-203-0-11201020001,SCE,06:00,1961-12-02T06:00Z,0.0,,0.0
0-203-0-11201020001,SCE,06:00,1961-12-03T06:00Z,0.0,,0.0
0-203-0-11201020001,SCE,06:00,1961-12-04T06:00Z,0.0,,0.0
0-203-0-11201020001,SCE,06:00,1961-12-05T06:00Z,0.0,,0.0
0-203-0-11201020001,SCE,06:00,1961-12-06T06:00Z,0.0,,0.0
0-203-0-11201020001,SCE,06:00,1961-12-07T06:00Z,0.0,,0.0
0-203-0-11201020001,SCE,06:00,1961-12-08T06:00Z,0.0,,0.0
0-203-0-11201020001,SCE,06:00,1961-12-09T06:00Z,0.0,,0.0
0-203-0-11201020001,SCE,06:00,1961-12-10T06:00Z,0.0,,0.0
0-203-0-11201020001,SCE,06:00,1961-12-11T06:00Z,0.0,,0.0
0-203-0-11201020001,SCE,06:00,1961-12-12T06:00Z,0.0,,0.0
0-203-0-11201020001,SCE,06:00,1961-12-13T06:00Z,0.0,,0.0
0-203-0-11201020001,SCE,06:00,1961-12-14T06:00Z,0.0,,0.0
0-203-0-11201020001,SCE,06:00,1961-12-15T06:00Z,0.0,,0.0
0-203-0-11201020001,SCE,06:00,1961-12-16T06:00Z,0.0,P,0.0
0-203-0-11201020001,SCE,06:00,1961-12-17T06:00Z,0.0,P,0.0
0-203-0-11201020001,SCE,06:00,1961-12-18T06:00Z,0.0,P,0.0
0-203-0-11201020001,SCE,06:00,1961-12-19T06:00Z,0.0,P,0.0
0-203-0-11201020001,SCE,06:00,1961-12-20T06:00Z,0.0,P,0.0
0-203-0-11201020001,SCE,06:00,1961-12-21T06:00Z,0.0,,0.0
0-203-0-11201020001,SCE,06:00,1961-12-22T06:00Z,0.0,,0.0
0-203-0-11201020001,SCE,06:00,1961-12-23T06:00Z,1.0,,0.0
0-203-0-11201020001,SCE,06:00,1961-12-24T06:00Z,1.0,,0.0
0-203-0-11201020001,SCE,06:00,1961-12-25T06:00Z,1.0,,0.0
0-203-0-11201020001,SCE,06:00,1961-12-26T06:00Z,1.0,,0.0
0-203-0-11201020001,SCE,06:00,1961-12-27T06:00Z,1.0,,0.0
0-203-0-11201020001,SCE,06:00,1961-12-28T06:00Z,1.0,,0.0
0-203-0-11201020001,SCE,06:00,1961-12-29T06:00Z,1.0,,0.0
0-203-0-11201020001,SCE,06:00,1961-12-30T06:00Z,1.0,,0.0
0-203-0-11201020001,SCE,06:00,1961-12-31T06:00Z,0.0,N,0.0
0-203-0-11201020001,SCE,06:00,1962-01-01T06:00Z,0.0,N,0.0
0-203-0-11201020001,SCE,06:00,1962-01-02T06:00Z,0.0,N,0.0
0-203-0-11201020001,SCE,06:00,1962-01-03T06:00Z,0.0,N,0.0
0-203-0-11201020001,SCE,06:00,1962-01-04T06:00Z,0.0,N,0.0
0-203-0-11201020001,SCE,06:00,1962-01-05T06:00Z,0.0,N,0.0
0-203-0-11201020001,SCE,06:00,1962-01-06T06:00Z,0.0,N,0.0
0-203-0-11201020001,SCE,06:00,1962-01-07T06:00Z,0.0,N,0.0
0-203-0-11201020001,SCE,06:00,1962-01-08T06:00Z,0.0,,0.0
0-203-0-11201020001,SCE,06:00,1962-01-09T06:00Z,0.0,,0.0
0-203-0-11201020001,SCE,06:00,1962-01-10T06:00Z,0.0,P,0.0
0-203-0-11201020001,SCE,06:00,1962-01-11T06:00Z,0.0,,0.0
0-203-0-11201020001,SCE,06:00,1962-01-12T06:00Z,0.0,,0.0
0-203-0-11201020001,SCE,06:00,1962-01-13T06:00Z,0.0,,0.0
0-203-0-11201020001,SCE,06:00,1962-01-14T06:00Z,0.0,,0.0
0-203-0-11201020001,SCE,06:00,1962-01-15T06:00Z,0.0,,0.0
0-203-0-11201020001,SCE,06:00,1962-01-16T06:00Z,0.0,,0.0
0-203-0-11201020001,SCE,06:00,1962-01-17T06:00Z,0.0,,0.0
0-203-0-11201020001,SCE,06:00,1962-01-18T06:00Z,0.0,,0.0
0-203-0-11201020001,SCE,06:00,1962-01-19T06:00Z,0.0,,0.0
0-203-0-11201020001,SCE,06:00,1962-01-20T06:00Z,0.0,,0.0
0-203-0-11201020001,SCE,06:00,1962-01-21T06:00Z,0.0,,0.0
0-203-0-11201020001,SCE,06:00,1962-01-22T06:00Z,0.0,,0.0
0-203-0-11201020001,SCE,06:00,1962-01-23T06:00Z,0.0,,0.0
0-203-0-11201020001,SCE,06:00,1962-01-24T06:00Z,0.0,,0.0
0-203-0-11201020001,SCE,06:00,1962-01-25T06:00Z,0.0,,0.0
0-203-0-11201020001,SCE,06:00,1962-01-26T06:00Z,0.0,,0.0
0-203-0-11201020001,SCE,06:00,1962-01-27T06:00Z,0.0,,0.0
0-203-0-11201020001,SCE,06:00,1962-01-28T06:00Z,0.0,P,0.0
0-203-0-11201020001,SCE,06:00,1962-01-29T06:00Z,0.0,N,0.0
0-203-0-11201020001,SCE,06:00,1962-01-30T06:00Z,0.0,N,0.0
0-203-0-11201020001,SCE,06:00,1962-01-31T06:00Z,2.0,,0.0
0-203-0-11201020001,SCE,06:00,1962-02-01T06:00Z,1.0,,0.0
0-203-0-11201020001,SCE,06:00,1962-02-02T06:00Z,1.0,,0.0
0-203-0-11201020001,SCE,06:00,1962-02-03T06:00Z,1.0,,0.0
0-203-0-11201020001,SCE,06:00,1962-02-04T06:00Z,0.0,N,0.0
0-203-0-11201020001,SCE,06:00,1962-02-05T06:00Z,1.0,,0.0
0-203-0-11201020001,SCE,06:00,1962-02-06T06:00Z,0.0,,0.0
0-203-0-11201020001,SCE,06:00,1962-02-07T06:00Z,0.0,,0.0
0-203-0-11201020001,SCE,06:00,1962-02-08T06:00Z,0.0,,0.0
0-203-0-11201020001,SCE,06:00,1962-02-09T06:00Z,0.0,,0.0
0-203-0-11201020001,SCE,06:00,1962-02-10T06:00Z,0.0,,0.0
0-203-0-11201020001,SCE,06:00,1962-02-11T06:00Z,0.0,,0.0
0-203-0-11201020001,SCE,06:00,1962-02-12T06:00Z,0.0,,0.0
0-203-0-11201020001,SCE,06:00,1962-02-13T06:00Z,0.0,,0.0
0-203-0-11201020001,SCE,06:00,1962-02-14T06:00Z,2.0,,0.0
0-203-0-11201020001,SCE,06:00,1962-02-15T06:00Z,2.0,,0.0
0-203-0-11201020001,SCE,06:00,1962-02-16T06:00Z,1.0,,0.0
0-203-0-11201020001,SCE,06:00,1962-02-17T06:00Z,0.0,,0.0
0-203-0-11201020001,SCE,06:00,1962-02-18T06:00Z,1.0,,0.0
0-203-0-11201020001,SCE,06:00,1962-02-19T06:00Z,0.0,,0.0
0-203-0-11201020001,SCE,06:00,1962-02-20T06:00Z,0.0,,0.0
0-203-0-11201020001,SCE,06:00,1962-02-21T06:00Z,0.0,,0.0
0-203-0-11201020001,SCE,06:00,1962-02-22T06:00Z,0.0,,0.0
0-203-0-11201020001,SCE,06:00,1962-02-23T06:00Z,0.0,,0.0
0-203-0-11201020001,SCE,06:00,1962-02-24T06:00Z,0.0,P,0.0
0-203-0-11201020001,SCE,06:00,1962-02-25T06:00Z,2.0,,0.0
0-203-0-11201020001,SCE,06:00,1962-02-26T06:00Z,0.0,N,0.0
0-203-0-11201020001,SCE,06:00,1962-02-27T06:00Z,0.0,N,0.0
0-203-0-11201020001,SCE,06:00,1962-02-28T06:00Z,2.0,,0.0
0-203-0-11201020001,SCE,06:00,1962-03-01T06:00Z,1.0,,0.0
0-203-0-11201020001,SCE,06:00,1962-03-02T06:00Z,1.0,,0.0
0-203-0-11201020001,SCE,06:00,1962-03-03T06:00Z,0.0,,0.0
0-203-0-11201020001,SCE,06:00,1962-03-04T06:00Z,0.0,,0.0
0-203-0-11201020001,SCE,06:00,1962-03-05T06:00Z,0.0,,0.0
0-203-0-11201020001,SCE,06:00,1962-03-06T06:00Z,4.0,,0.0
0-203-0-11201020001,SCE,06:00,1962-03-07T06:00Z,4.0,,0.0
0-203-0-11201020001,SCE,06:00,1962-03-08T06:00Z,1.0,,0.0
0-203-0-11201020001,SCE,06:00,1962-03-09T06:00Z,0.0,,0.0
0-203-0-11201020001,SCE,06:00,1962-03-10T06:00Z,0.0,,0.0
0-203-0-11201020001,SCE,06:00,1962-03-11T06:00Z,0.0,,0.0
0-203-0-11201020001,SCE,06:00,1962-03-12T06:00Z,0.0,,0.0
0-203-0-11201020001,SCE,06:00,1962-03-13T06:00Z,1.0,,0.0
0-203-0-11201020001,SCE,06:00,1962-03-14T06:00Z,0.0,N,0.0
0-203-0-11201020001,SCE,06:00,1962-03-15T06:00Z,0.0,,0.0
0-203-0-11201020001,SCE,06:00,1962-03-16T06:00Z,0.0,,0.0
0-203-0-11201020001,SCE,06:00,1962-03-17T06:00Z,0.0,,0.0
0-203-0-11201020001,SCE,06:00,1962-03-18T06:00Z,0.0,,0.0
0-203-0-11201020001,SCE,06:00,1962-03-19T06:00Z,0.0,,0.0
0-203-0-11201020001,SCE,06:00,1962-03-20T06:00Z,0.0,,0.0
0-203-0-11201020001,SCE,06:00,1962-03-21T06:00Z,0.0,,0.0
0-203-0-11201020001,SCE,06:00,1962-03-22T06:00Z,0.0,,0.0
0-203-0-11201020001,SCE,06:00,1962-03-23T06:00Z,0.0,,0.0
0-203-0-11201020001,SCE,06:00,1962-03-24T06:00Z,0.0,,0.0
0-203-0-11201020001,SCE,06:00,1962-03-25T06:00Z,0.0,,0.0
0-203-0-11201020001,SCE,06:00,1962-03-26T06:00Z,0.0,,0.0
0-203-0-11201020001,SCE,06:00,1962-03-27T06:00Z,0.0,,0.0
0-203-0-11201020001,SCE,06:00,1962-03-28T06:00Z,0.0,,0.0
0-203-0-11201020001,SCE,06:00,1962-03-29T06:00Z,0.0,,0.0
0-203-0-11201020001,SCE,06:00,1962-03-30T06:00Z,0.0,,0.0
0-203-0-11201020001,SCE,06:00,1962-03-31T06:00Z,0.0,,0.0
0-203-0-11201020001,SCE,06:00,1962-04-01T06:00Z,0.0,,0.0
0-203-0-11201020001,SCE,06:00,1962-04-02T06:00Z,0.0,,0.0
0-203-0-11201020001,SCE,06:00,1962-04-03T06:00Z,0.0,,0.0
0-203-0-11201020001,SCE,06:00,1962-04-04T06:00Z,0.0,,0.0
0-203-0-11201020001,SCE,06:00,1962-04-05T06:00Z,0.0,,0.0
0-203-0-11201020001,SCE,06:00,1962-04-06T06:00Z,0.0,,0.0
0-203-0-11201020001,SCE,06:00,1962-04-07T06:00Z,0.0,,0.0
0-203-0-11201020001,SCE,06:00,1962-04-08T06:00Z,0.0,,0.0
0-203-0-11201020001,SCE,06:00,1962-04-09T06:00Z,0.0,,0.0
0-203-0-11201020001,SCE,06:00,1962-04-10T06:00Z,0.0,,0.0
0-203-0-11201020001,SCE,06:00,1962-04-11T06:00Z,0.0,,0.0
0-203-0-11201020001,SCE,06:00,1962-04-12T06:00Z,0.0,,0.0
0-203-0-11201020001,SCE,06:00,1962-04-13T06:00Z,0.0,,0.0
0-203-0-11201020001,SCE,06:00,1962-04-14T06:00Z,0.0,,0.0
0-203-0-11201020001,SCE,06:00,1962-04-15T06:00Z,0.0,,0.0
0-203-0-11201020001,SCE,06:00,1962-04-16T06:00Z,0.0,,0.0
0-203-0-11201020001,SCE,06:00,1962-04-17T06:00Z,0.0,,0.0
0-203-0-11201020001,SCE,06:00,1962-04-18T06:00Z,0.0,,0.0
0-203-0-11201020001,SCE,06:00,1962-04-19T06:00Z,0.0,,0.0
0-203-0-11201020001,SCE,06:00,1962-04-20T06:00Z,0.0,,0.0
0-203-0-11201020001,SCE,06:00,1962-04-21T06:00Z,0.0,,0.0
0-203-0-11201020001,SCE,06:00,1962-04-22T06:00Z,0.0,,0.0
0-203-0-11201020001,SCE,06:00,1962-04-23T06:00Z,0.0,,0.0
0-203-0-11201020001,SCE,06:00,1962-04-24T06:00Z,0.0,,0.0
0-203-0-11201020001,SCE,06:00,1962-04-25T06:00Z,0.0,,0.0
0-203-0-11201020001,SCE,06:00,1962-04-26T06:00Z,0.0,,0.0
0-203-0-11201020001,SCE,06:00,1962-04-27T06:00Z,0.0,,0.0
0-203-0-11201020001,SCE,06:00,1962-04-28T06:00Z,0.0,,0.0
0-203-0-11201020001,SCE,06:00,1962-04-29T06:00Z,0.0,,0.0
0-203-0-11201020001,SCE,06:00,1962-04-30T06:00Z,0.0,,0.0
0-203-0-11201020001,SCE,06:00,1962-05-01T06:00Z,0.0,,0.0
0-203-0-11201020001,SCE,06:00,1962-05-02T06:00Z,0.0,,0.0
0-203-0-11201020001,SCE,06:00,1962-05-03T06:00Z,0.0,,0.0
0-203-0-11201020001,SCE,06:00,1962-05-04T06:00Z,0.0,,0.0
0-203-0-11201020001,SCE,06:00,1962-05-05T06:00Z,0.0,,0.0
0-203-0-11201020001,SCE,06:00,1962-05-06T06:00Z,0.0,,0.0
0-203-0-11201020001,SCE,06:00,1962-05-07T06:00Z,0.0,,0.0
0-203-0-11201020001,SCE,06:00,1962-05-08T06:00Z,0.0,,0.0
0-203-0-11201020001,SCE,06:00,1962-05-09T06:00Z,0.0,,0.0
0-203-0-11201020001,SCE,06:00,1962-05-10T06:00Z,0.0,,0.0
0-203-0-11201020001,SCE,06:00,1962-05-11T06:00Z,0.0,,0.0
0-203-0-11201020001,SCE,06:00,1962-05-12T06:00Z,0.0,,0.0
0-203-0-11201020001,SCE,06:00,1962-05-13T06:00Z,0.0,,0.0
0-203-0-11201020001,SCE,06:00,1962-05-14T06:00Z,0.0,,0.0
0-203-0-11201020001,SCE,06:00,1962-05-15T06:00Z,0.0,,0.0
0-203-0-11201020001,SCE,06:00,1962-05-16T06:00Z,0.0,,0.0
0-203-0-11201020001,SCE,06:00,1962-05-17T06:00Z,0.0,,0.0
0-203-0-11201020001,SCE,06:00,1962-05-18T06:00Z,0.0,,0.0
0-203-0-11201020001,SCE,06:00,1962-05-19T06:00Z,0.0,,0.0
0-203-0-11201020001,SCE,06:00,1962-05-20T06:00Z,0.0,,0.0
0-203-0-11201020001,SCE,06:00,1962-05-21T06:00Z,0.0,,0.0
0-203-0-11201020001,SCE,06:00,1962-05-22T06:00Z,0.0,,0.0
0-203-0-11201020001,SCE,06:00,1962-05-23T06:00Z,0.0,,0.0
0-203-0-11201020001,SCE,06:00,1962-05-24T06:00Z,0.0,,0.0
0-203-0-11201020001,SCE,06:00,1962-05-25T06:00Z,0.0,,0.0
0-203-0-11201020001,SCE,06:00,1962-05-26T06:00Z,0.0,,0.0
0-203-0-11201020001,SCE,06:00,1962-05-27T06:00Z,0.0,,0.0
0-203-0-11201020001,SCE,06:00,1962-05-28T06:00Z,0.0,,0.0
0-203-0-11201020001,SCE,06:00,1962-05-29T06:00Z,0.0,,0.0
0-203-0-11201020001,SCE,06:00,1962-05-30T06:00Z,0.0,,0.0
0-203-0-11201020001,SCE,06:00,1962-05-31T06:00Z,0.0,,0.0
0-203-0-11201020001,SCE,06:00,1962-06-01T06:00Z,0.0,,0.0
0-203-0-11201020001,SCE,06:00,1962-06-02T06:00Z,0.0,,0.0
0-203-0-11201020001,SCE,06:00,1962-06-03T06:00Z,0.0,,0.0
0-203-0-11201020001,SCE,06:00,1962-06-04T06:00Z,0.0,,0.0
0-203-0-11201020001,SCE,06:00,1962-06-05T06:00Z,0.0,,0.0
0-203-0-11201020001,SCE,06:00,1962-06-06T06:00Z,0.0,,0.0
0-203-0-11201020001,SCE,06:00,1962-06-07T06:00Z,0.0,,0.0
0-203-0-11201020001,SCE,06:00,1962-06-08T06:00Z,0.0,,0.0
0-203-0-11201020001,SCE,06:00,1962-06-09T06:00Z,0.0,,0.0
0-203-0-11201020001,SCE,06:00,1962-06-10T06:00Z,0.0,,0.0
0-203-0-11201020001,SCE,06:00,1962-06-11T06:00Z,0.0,,0.0
0-203-0-11201020001,SCE,06:00,1962-06-12T06:00Z,0.0,,0.0
0-203-0-11201020001,SCE,06:00,1962-06-13T06:00Z,0.0,,0.0
0-203-0-11201020001,SCE,06:00,1962-06-14T06:00Z,0.0,,0.0
0-203-0-11201020001,SCE,06:00,1962-06-15T06:00Z,0.0,,0.0
0-203-0-11201020001,SCE,06:00,1962-06-16T06:00Z,0.0,,0.0
0-203-0-11201020001,SCE,06:00,1962-06-17T06:00Z,0.0,,0.0
0-203-0-11201020001,SCE,06:00,1962-06-18T06:00Z,0.0,,0.0
0-203-0-11201020001,SCE,06:00,1962-06-19T06:00Z,0.0,,0.0
0-203-0-11201020001,SCE,06:00,1962-06-20T06:00Z,0.0,,0.0
0-203-0-11201020001,SCE,06:00,1962-06-21T06:00Z,0.0,,0.0
0-203-0-11201020001,SCE,06:00,1962-06-22T06:00Z,0.0,,0.0
0-203-0-11201020001,SCE,06:00,1962-06-23T06:00Z,0.0,,0.0
0-203-0-11201020001,SCE,06:00,1962-06-24T06:00Z,0.0,,0.0
0-203-0-11201020001,SCE,06:00,1962-06-25T06:00Z,0.0,,0.0
0-203-0-11201020001,SCE,06:00,1962-06-26T06:00Z,0.0,,0.0
0-203-0-11201020001,SCE,06:00,1962-06-27T06:00Z,0.0,,0.0
0-203-0-11201020001,SCE,06:00,1962-06-28T06:00Z,0.0,,0.0
0-203-0-11201020001,SCE,06:00,1962-06-29T06:00Z,0.0,,0.0
0-203-0-11201020001,SCE,06:00,1962-06-30T06:00Z,0.0,,0.0
0-203-0-11201020001,SCE,06:00,1962-07-01T06:00Z,0.0,,0.0
0-203-0-11201020001,SCE,06:00,1962-07-02T06:00Z,0.0,,0.0
0-203-0-11201020001,SCE,06:00,1962-07-03T06:00Z,0.0,,0.0
0-203-0-11201020001,SCE,06:00,1962-07-04T06:00Z,0.0,,0.0
0-203-0-11201020001,SCE,06:00,1962-07-05T06:00Z,0.0,,0.0
0-203-0-11201020001,SCE,06:00,1962-07-06T06:00Z,0.0,,0.0
0-203-0-11201020001,SCE,06:00,1962-07-07T06:00Z,0.0,,0.0
0-203-0-11201020001,SCE,06:00,1962-07-08T06:00Z,0.0,,0.0
0-203-0-11201020001,SCE,06:00,1962-07-09T06:00Z,0.0,,0.0
0-203-0-11201020001,SCE,06:00,1962-07-10T06:00Z,0.0,,0.0
0-203-0-11201020001,SCE,06:00,1962-07-11T06:00Z,0.0,,0.0
0-203-0-11201020001,SCE,06:00,1962-07-12T06:00Z,0.0,,0.0
0-203-0-11201020001,SCE,06:00,1962-07-13T06:00Z,0.0,,0.0
0-203-0-11201020001,SCE,06:00,1962-07-14T06:00Z,0.0,,0.0
0-203-0-11201020001,SCE,06:00,1962-07-15T06:00Z,0.0,,0.0
0-203-0-11201020001,SCE,06:00,1962-07-16T06:00Z,0.0,,0.0
0-203-0-11201020001,SCE,06:00,1962-07-17T06:00Z,0.0,,0.0
0-203-0-11201020001,SCE,06:00,1962-07-18T06:00Z,0.0,,0.0
0-203-0-11201020001,SCE,06:00,1962-07-19T06:00Z,0.0,,0.0
0-203-0-11201020001,SCE,06:00,1962-07-20T06:00Z,0.0,,0.0
0-203-0-11201020001,SCE,06:00,1962-07-21T06:00Z,0.0,,0.0
0-203-0-11201020001,SCE,06:00,1962-07-22T06:00Z,0.0,,0.0
0-203-0-11201020001,SCE,06:00,1962-07-23T06:00Z,0.0,,0.0
0-203-0-11201020001,SCE,06:00,1962-07-24T06:00Z,0.0,,0.0
0-203-0-11201020001,SCE,06:00,1962-07-25T06:00Z,0.0,,0.0
0-203-0-11201020001,SCE,06:00,1962-07-26T06:00Z,0.0,,0.0
0-203-0-11201020001,SCE,06:00,1962-07-27T06:00Z,0.0,,0.0
0-203-0-11201020001,SCE,06:00,1962-07-28T06:00Z,0.0,,0.0
0-203-0-11201020001,SCE,06:00,1962-07-29T06:00Z,0.0,,0.0
0-203-0-11201020001,SCE,06:00,1962-07-30T06:00Z,0.0,,0.0
0-203-0-11201020001,SCE,06:00,1962-07-31T06:00Z,0.0,,0.0
0-203-0-11201020001,SCE,06:00,1962-08-01T06:00Z,0.0,,0.0
0-203-0-11201020001,SCE,06:00,1962-08-02T06:00Z,0.0,,0.0
0-203-0-11201020001,SCE,06:00,1962-08-03T06:00Z,0.0,,0.0
0-203-0-11201020001,SCE,06:00,1962-08-04T06:00Z,0.0,,0.0
0-203-0-11201020001,SCE,06:00,1962-08-05T06:00Z,0.0,,0.0
0-203-0-11201020001,SCE,06:00,1962-08-06T06:00Z,0.0,,0.0
0-203-0-11201020001,SCE,06:00,1962-08-07T06:00Z,0.0,,0.0
0-203-0-11201020001,SCE,06:00,1962-08-08T06:00Z,0.0,,0.0
0-203-0-11201020001,SCE,06:00,1962-08-09T06:00Z,0.0,,0.0
0-203-0-11201020001,SCE,06:00,1962-08-10T06:00Z,0.0,,0.0
0-203-0-11201020001,SCE,06:00,1962-08-11T06:00Z,0.0,,0.0
0-203-0-11201020001,SCE,06:00,1962-08-12T06:00Z,0.0,,0.0
0-203-0-11201020001,SCE,06:00,1962-08-13T06:00Z,0.0,,0.0
0-203-0-11201020001,SCE,06:00,1962-08-14T06:00Z,0.0,,0.0
0-203-0-11201020001,SCE,06:00,1962-08-15T06:00Z,0.0,,0.0
0-203-0-11201020001,SCE,06:00,1962-08-16T06:00Z,0.0,,0.0
0-203-0-11201020001,SCE,06:00,1962-08-17T06:00Z,0.0,,0.0
0-203-0-11201020001,SCE,06:00,1962-08-18T06:00Z,0.0,,0.0
0-203-0-11201020001,SCE,06:00,1962-08-19T06:00Z,0.0,,0.0
0-203-0-11201020001,SCE,06:00,1962-08-20T06:00Z,0.0,,0.0
0-203-0-11201020001,SCE,06:00,1962-08-21T06:00Z,0.0,,0.0
0-203-0-11201020001,SCE,06:00,1962-08-22T06:00Z,0.0,,0.0
0-203-0-11201020001,SCE,06:00,1962-08-23T06:00Z,0.0,,0.0
0-203-0-11201020001,SCE,06:00,1962-08-24T06:00Z,0.0,,0.0
0-203-0-11201020001,SCE,06:00,1962-08-25T06:00Z,0.0,,0.0
0-203-0-11201020001,SCE,06:00,1962-08-26T06:00Z,0.0,,0.0
0-203-0-11201020001,SCE,06:00,1962-08-27T06:00Z,0.0,,0.0
0-203-0-11201020001,SCE,06:00,1962-08-28T06:00Z,0.0,,0.0
0-203-0-11201020001,SCE,06:00,1962-08-29T06:00Z,0.0,,0.0
0-203-0-11201020001,SCE,06:00,1962-08-30T06:00Z,0.0,,0.0
0-203-0-11201020001,SCE,06:00,1962-08-31T06:00Z,0.0,,0.0
0-203-0-11201020001,SCE,06:00,1962-09-01T06:00Z,0.0,,0.0
0-203-0-11201020001,SCE,06:00,1962-09-02T06:00Z,0.0,,0.0
0-203-0-11201020001,SCE,06:00,1962-09-03T06:00Z,0.0,,0.0
0-203-0-11201020001,SCE,06:00,1962-09-04T06:00Z,0.0,,0.0
0-203-0-11201020001,SCE,06:00,1962-09-05T06:00Z,0.0,,0.0
0-203-0-11201020001,SCE,06:00,1962-09-06T06:00Z,0.0,,0.0
0-203-0-11201020001,SCE,06:00,1962-09-07T06:00Z,0.0,,0.0
0-203-0-11201020001,SCE,06:00,1962-09-08T06:00Z,0.0,,0.0
0-203-0-11201020001,SCE,06:00,1962-09-09T06:00Z,0.0,,0.0
0-203-0-11201020001,SCE,06:00,1962-09-10T06:00Z,0.0,,0.0
0-203-0-11201020001,SCE,06:00,1962-09-11T06:00Z,0.0,,0.0
0-203-0-11201020001,SCE,06:00,1962-09-12T06:00Z,0.0,,0.0
0-203-0-11201020001,SCE,06:00,1962-09-13T06:00Z,0.0,,0.0
0-203-0-11201020001,SCE,06:00,1962-09-14T06:00Z,0.0,,0.0
0-203-0-11201020001,SCE,06:00,1962-09-15T06:00Z,0.0,,0.0
0-203-0-11201020001,SCE,06:00,1962-09-16T06:00Z,0.0,,0.0
0-203-0-11201020001,SCE,06:00,1962-09-17T06:00Z,0.0,,0.0
0-203-0-11201020001,SCE,06:00,1962-09-18T06:00Z,0.0,,0.0
0-203-0-11201020001,SCE,06:00,1962-09-19T06:00Z,0.0,,0.0
0-203-0-11201020001,SCE,06:00,1962-09-20T06:00Z,0.0,,0.0
0-203-0-11201020001,SCE,06:00,1962-09-21T06:00Z,0.0,,0.0
0-203-0-11201020001,SCE,06:00,1962-09-22T06:00Z,0.0,,0.0
0-203-0-11201020001,SCE,06:00,1962-09-23T06:00Z,0.0,,0.0
0-203-0-11201020001,SCE,06:00,1962-09-24T06:00Z,0.0,,0.0
0-203-0-11201020001,SCE,06:00,1962-09-25T06:00Z,0.0,,0.0
0-203-0-11201020001,SCE,06:00,1962-09-26T06:00Z,0.0,,0.0
0-203-0-11201020001,SCE,06:00,1962-09-27T06:00Z,0.0,,0.0
0-203-0-11201020001,SCE,06:00,1962-09-28T06:00Z,0.0,,0.0
0-203-0-11201020001,SCE,06:00,1962-09-29T06:00Z,0.0,,0.0
0-203-0-11201020001,SCE,06:00,1962-09-30T06:00Z,0.0,,0.0
0-203-0-11201020001,SCE,06:00,1962-10-01T06:00Z,0.0,,0.0
0-203-0-11201020001,SCE,06:00,1962-10-02T06:00Z,0.0,,0.0
0-203-0-11201020001,SCE,06:00,1962-10-03T06:00Z,0.0,,0.0
0-203-0-11201020001,SCE,06:00,1962-10-04T06:00Z,0.0,,0.0
0-203-0-11201020001,SCE,06:00,1962-10-05T06:00Z,0.0,,0.0
0-203-0-11201020001,SCE,06:00,1962-10-06T06:00Z,0.0,,0.0
0-203-0-11201020001,SCE,06:00,1962-10-07T06:00Z,0.0,,0.0
0-203-0-11201020001,SCE,06:00,1962-10-08T06:00Z,0.0,,0.0
0-203-0-11201020001,SCE,06:00,1962-10-09T06:00Z,0.0,,0.0
0-203-0-11201020001,SCE,06:00,1962-10-10T06:00Z,0.0,,0.0
0-203-0-11201020001,SCE,06:00,1962-10-11T06:00Z,0.0,,0.0
0-203-0-11201020001,SCE,06:00,1962-10-12T06:00Z,0.0,,0.0
0-203-0-11201020001,SCE,06:00,1962-10-13T06:00Z,0.0,,0.0
0-203-0-11201020001,SCE,06:00,1962-10-14T06:00Z,0.0,,0.0
0-203-0-11201020001,SCE,06:00,1962-10-15T06:00Z,0.0,,0.0
0-203-0-11201020001,SCE,06:00,1962-10-16T06:00Z,0.0,,0.0
0-203-0-11201020001,SCE,06:00,1962-10-17T06:00Z,0.0,,0.0
0-203-0-11201020001,SCE,06:00,1962-10-18T06:00Z,0.0,,0.0
0-203-0-11201020001,SCE,06:00,1962-10-19T06:00Z,0.0,,0.0
0-203-0-11201020001,SCE,06:00,1962-10-20T06:00Z,0.0,,0.0
0-203-0-11201020001,SCE,06:00,1962-10-21T06:00Z,0.0,,0.0
0-203-0-11201020001,SCE,06:00,1962-10-22T06:00Z,0.0,,0.0
0-203-0-11201020001,SCE,06:00,1962-10-23T06:00Z,0.0,,0.0
0-203-0-11201020001,SCE,06:00,1962-10-24T06:00Z,0.0,,0.0
0-203-0-11201020001,SCE,06:00,1962-10-25T06:00Z,0.0,,0.0
0-203-0-11201020001,SCE,06:00,1962-10-26T06:00Z,0.0,,0.0
0-203-0-11201020001,SCE,06:00,1962-10-27T06:00Z,0.0,,0.0
0-203-0-11201020001,SCE,06:00,1962-10-28T06:00Z,0.0,,0.0
0-203-0-11201020001,SCE,06:00,1962-10-29T06:00Z,0.0,,0.0
0-203-0-11201020001,SCE,06:00,1962-10-30T06:00Z,0.0,,0.0
0-203-0-11201020001,SCE,06:00,1962-10-31T06:00Z,0.0,,0.0
0-203-0-11201020001,SCE,06:00,1962-11-01T06:00Z,0.0,,0.0
0-203-0-11201020001,SCE,06:00,1962-11-02T06:00Z,0.0,,0.0
0-203-0-11201020001,SCE,06:00,1962-11-03T06:00Z,0.0,,0.0
0-203-0-11201020001,SCE,06:00,1962-11-04T06:00Z,0.0,,0.0
0-203-0-11201020001,SCE,06:00,1962-11-05T06:00Z,0.0,,0.0
0-203-0-11201020001,SCE,06:00,1962-11-06T06:00Z,0.0,,0.0
0-203-0-11201020001,SCE,06:00,1962-11-07T06:00Z,0.0,,0.0
0-203-0-11201020001,SCE,06:00,1962-11-08T06:00Z,0.0,,0.0
0-203-0-11201020001,SCE,06:00,1962-11-09T06:00Z,0.0,,0.0
0-203-0-11201020001,SCE,06:00,1962-11-10T06:00Z,0.0,,0.0
0-203-0-11201020001,SCE,06:00,1962-11-11T06:00Z,0.0,,0.0
0-203-0-11201020001,SCE,06:00,1962-11-12T06:00Z,0.0,,0.0
0-203-0-11201020001,SCE,06:00,1962-11-13T06:00Z,0.0,,0.0
0-203-0-11201020001,SCE,06:00,1962-11-14T06:00Z,0.0,,0.0
0-203-0-11201020001,SCE,06:00,1962-11-15T06:00Z,0.0,,0.0
0-203-0-11201020001,SCE,06:00,1962-11-16T06:00Z,0.0,,0.0
0-203-0-11201020001,SCE,06:00,1962-11-17T06:00Z,0.0,,0.0
0-203-0-11201020001,SCE,06:00,1962-11-18T06:00Z,0.0,,0.0
0-203-0-11201020001,SCE,06:00,1962-11-19T06:00Z,0.0,,0.0
0-203-0-11201020001,SCE,06:00,1962-11-20T06:00Z,0.0,,0.0
0-203-0-11201020001,SCE,06:00,1962-11-21T06:00Z,0.0,,0.0
0-203-0-11201020001,SCE,06:00,1962-11-22T06:00Z,0.0,,0.0
0-203-0-11201020001,SCE,06:00,1962-11-23T06:00Z,0.0,,0.0
0-203-0-11201020001,SCE,06:00,1962-11-24T06:00Z,0.0,,0.0
0-203-0-11201020001,SCE,06:00,1962-11-25T06:00Z,0.0,,0.0
0-203-0-11201020001,SCE,06:00,1962-11-26T06:00Z,0.0,,0.0
0-203-0-11201020001,SCE,06:00,1962-11-27T06:00Z,0.0,,0.0
0-203-0-11201020001,SCE,06:00,1962-11-28T06:00Z,0.0,,0.0
0-203-0-11201020001,SCE,06:00,1962-11-29T06:00Z,0.0,,0.0
0-203-0-11201020001,SCE,06:00,1962-11-30T06:00Z,0.0,,0.0
0-203-0-11201020001,SCE,06:00,1962-12-01T06:00Z,0.0,,0.0
0-203-0-11201020001,SCE,06:00,1962-12-02T06:00Z,0.0,,0.0
0-203-0-11201020001,SCE,06:00,1962-12-03T06:00Z,0.0,,0.0
0-203-0-11201020001,SCE,06:00,1962-12-04T06:00Z,0.0,,0.0
0-203-0-11201020001,SCE,06:00,1962-12-05T06:00Z,0.0,,0.0
0-203-0-11201020001,SCE,06:00,1962-12-06T06:00Z,0.0,,0.0
0-203-0-11201020001,SCE,06:00,1962-12-07T06:00Z,0.0,,0.0
0-203-0-11201020001,SCE,06:00,1962-12-08T06:00Z,0.0,,0.0
0-203-0-11201020001,SCE,06:00,1962-12-09T06:00Z,0.0,,0.0
0-203-0-11201020001,SCE,06:00,1962-12-10T06:00Z,0.0,,0.0
0-203-0-11201020001,SCE,06:00,1962-12-11T06:00Z,0.0,,0.0
0-203-0-11201020001,SCE,06:00,1962-12-12T06:00Z,0.0,,0.0
0-203-0-11201020001,SCE,06:00,1962-12-13T06:00Z,0.0,P,0.0
0-203-0-11201020001,SCE,06:00,1962-12-14T06:00Z,0.0,,0.0
0-203-0-11201020001,SCE,06:00,1962-12-15T06:00Z,0.0,,0.0
0-203-0-11201020001,SCE,06:00,1962-12-16T06:00Z,0.0,,0.0
0-203-0-11201020001,SCE,06:00,1962-12-17T06:00Z,0.0,,0.0
0-203-0-11201020001,SCE,06:00,1962-12-18T06:00Z,0.0,,0.0
0-203-0-11201020001,SCE,06:00,1962-12-19T06:00Z,0.0,,0.0
0-203-0-11201020001,SCE,06:00,1962-12-20T06:00Z,1.0,,0.0
0-203-0-11201020001,SCE,06:00,1962-12-21T06:00Z,1.0,,0.0
0-203-0-11201020001,SCE,06:00,1962-12-22T06:00Z,1.0,,0.0
0-203-0-11201020001,SCE,06:00,1962-12-23T06:00Z,1.0,,0.0
0-203-0-11201020001,SCE,06:00,1962-12-24T06:00Z,1.0,,0.0
0-203-0-11201020001,SCE,06:00,1962-12-25T06:00Z,1.0,,0.0
0-203-0-11201020001,SCE,06:00,1962-12-26T06:00Z,1.0,,0.0
0-203-0-11201020001,SCE,06:00,1962-12-27T06:00Z,1.0,,0.0
0-203-0-11201020001,SCE,06:00,1962-12-28T06:00Z,1.0,,0.0
0-203-0-11201020001,SCE,06:00,1962-12-29T06:00Z,1.0,,0.0
0-203-0-11201020001,SCE,06:00,1962-12-30T06:00Z,1.0,,0.0
0-203-0-11201020001,SCE,06:00,1962-12-31T06:00Z,4.0,,0.0
0-203-0-11201020001,SCE,06:00,1963-01-01T06:00Z,4.0,,0.0
0-203-0-11201020001,SCE,06:00,1963-01-02T06:00Z,4.0,,0.0
0-203-0-11201020001,SCE,06:00,1963-01-03T06:00Z,4.0,,0.0
0-203-0-11201020001,SCE,06:00,1963-01-04T06:00Z,3.0,,0.0
0-203-0-11201020001,SCE,06:00,1963-01-05T06:00Z,4.0,,0.0
0-203-0-11201020001,SCE,06:00,1963-01-06T06:00Z,3.0,,0.0
0-203-0-11201020001,SCE,06:00,1963-01-07T06:00Z,3.0,,0.0
0-203-0-11201020001,SCE,06:00,1963-01-08T06:00Z,3.0,,0.0
0-203-0-11201020001,SCE,06:00,1963-01-09T06:00Z,3.0,,0.0
0-203-0-11201020001,SCE,06:00,1963-01-10T06:00Z,3.0,,0.0
0-203-0-11201020001,SCE,06:00,1963-01-11T06:00Z,3.0,,0.0
0-203-0-11201020001,SCE,06:00,1963-01-12T06:00Z,3.0,,0.0
0-203-0-11201020001,SCE,06:00,1963-01-13T06:00Z,3.0,,0.0
0-203-0-11201020001,SCE,06:00,1963-01-14T06:00Z,3.0,,0.0
0-203-0-11201020001,SCE,06:00,1963-01-15T06:00Z,4.0,,0.0
0-203-0-11201020001,SCE,06:00,1963-01-16T06:00Z,4.0,,0.0
0-203-0-11201020001,SCE,06:00,1963-01-17T06:00Z,4.0,,0.0
0-203-0-11201020001,SCE,06:00,1963-01-18T06:00Z,4.0,,0.0
0-203-0-11201020001,SCE,06:00,1963-01-19T06:00Z,4.0,,0.0
0-203-0-11201020001,SCE,06:00,1963-01-20T06:00Z,4.0,,0.0
0-203-0-11201020001,SCE,06:00,1963-01-21T06:00Z,3.0,,0.0
0-203-0-11201020001,SCE,06:00,1963-01-22T06:00Z,3.0,,0.0
0-203-0-11201020001,SCE,06:00,1963-01-23T06:00Z,3.0,,0.0
0-203-0-11201020001,SCE,06:00,1963-01-24T06:00Z,3.0,,0.0
0-203-0-11201020001,SCE,06:00,1963-01-25T06:00Z,4.0,,0.0
0-203-0-11201020001,SCE,06:00,1963-01-26T06:00Z,6.0,,0.0
0-203-0-11201020001,SCE,06:00,1963-01-27T06:00Z,9.0,,0.0
0-203-0-11201020001,SCE,06:00,1963-01-28T06:00Z,8.0,,0.0
0-203-0-11201020001,SCE,06:00,1963-01-29T06:00Z,8.0,,0.0
0-203-0-11201020001,SCE,06:00,1963-01-30T06:00Z,8.0,,0.0
0-203-0-11201020001,SCE,06:00,1963-01-31T06:00Z,8.0,,0.0
0-203-0-11201020001,SCE,06:00,1963-02-01T06:00Z,8.0,,0.0
0-203-0-11201020001,SCE,06:00,1963-02-02T06:00Z,9.0,,0.0
0-203-0-11201020001,SCE,06:00,1963-02-03T06:00Z,8.0,,0.0
0-203-0-11201020001,SCE,06:00,1963-02-04T06:00Z,8.0,,0.0
0-203-0-11201020001,SCE,06:00,1963-02-05T06:00Z,8.0,,0.0
0-203-0-11201020001,SCE,06:00,1963-02-06T06:00Z,11.0,,0.0
0-203-0-11201020001,SCE,06:00,1963-02-07T06:00Z,11.0,,0.0
0-203-0-11201020001,SCE,06:00,1963-02-08T06:00Z,11.0,,0.0
0-203-0-11201020001,SCE,06:00,1963-02-09T06:00Z,10.0,,0.0
0-203-0-11201020001,SCE,06:00,1963-02-10T06:00Z,10.0,,0.0
0-203-0-11201020001,SCE,06:00,1963-02-11T06:00Z,8.0,,0.0
0-203-0-11201020001,SCE,06:00,1963-02-12T06:00Z,7.0,,0.0
0-203-0-11201020001,SCE,06:00,1963-02-13T06:00Z,11.0,,0.0
0-203-0-11201020001,SCE,06:00,1963-02-14T06:00Z,15.0,,0.0
0-203-0-11201020001,SCE,06:00,1963-02-15T06:00Z,14.0,,0.0
0-203-0-11201020001,SCE,06:00,1963-02-16T06:00Z,12.0,,0.0
0-203-0-11201020001,SCE,06:00,1963-02-17T06:00Z,11.0,,0.0
0-203-0-11201020001,SCE,06:00,1963-02-18T06:00Z,10.0,,0.0
0-203-0-11201020001,SCE,06:00,1963-02-19T06:00Z,11.0,,0.0
0-203-0-11201020001,SCE,06:00,1963-02-20T06:00Z,10.0,,0.0
0-203-0-11201020001,SCE,06:00,1963-02-21T06:00Z,9.0,,0.0
0-203-0-11201020001,SCE,06:00,1963-02-22T06:00Z,9.0,,0.0
0-203-0-11201020001,SCE,06:00,1963-02-23T06:00Z,9.0,,0.0
0-203-0-11201020001,SCE,06:00,1963-02-24T06:00Z,9.0,,0.0
0-203-0-11201020001,SCE,06:00,1963-02-25T06:00Z,8.0,,0.0
0-203-0-11201020001,SCE,06:00,1963-02-26T06:00Z,9.0,,0.0
0-203-0-11201020001,SCE,06:00,1963-02-27T06:00Z,9.0,,0.0
0-203-0-11201020001,SCE,06:00,1963-02-28T06:00Z,8.0,,0.0
0-203-0-11201020001,SCE,06:00,1963-03-01T06:00Z,8.0,,0.0
0-203-0-11201020001,SCE,06:00,1963-03-02T06:00Z,8.0,,0.0
0-203-0-11201020001,SCE,06:00,1963-03-03T06:00Z,7.0,,0.0
0-203-0-11201020001,SCE,06:00,1963-03-04T06:00Z,6.0,,0.0
0-203-0-11201020001,SCE,06:00,1963-03-05T06:00Z,3.0,,0.0
0-203-0-11201020001,SCE,06:00,1963-03-06T06:00Z,0.0,N,0.0
0-203-0-11201020001,SCE,06:00,1963-03-07T06:00Z,0.0,,0.0
0-203-0-11201020001,SCE,06:00,1963-03-08T06:00Z,0.0,,0.0
0-203-0-11201020001,SCE,06:00,1963-03-09T06:00Z,0.0,,0.0
0-203-0-11201020001,SCE,06:00,1963-03-10T06:00Z,0.0,,0.0
0-203-0-11201020001,SCE,06:00,1963-03-11T06:00Z,0.0,,0.0
0-203-0-11201020001,SCE,06:00,1963-03-12T06:00Z,0.0,,0.0
0-203-0-11201020001,SCE,06:00,1963-03-13T06:00Z,0.0,,0.0
0-203-0-11201020001,SCE,06:00,1963-03-14T06:00Z,0.0,,0.0
0-203-0-11201020001,SCE,06:00,1963-03-15T06:00Z,0.0,,0.0
0-203-0-11201020001,SCE,06:00,1963-03-16T06:00Z,0.0,,0.0
0-203-0-11201020001,SCE,06:00,1963-03-17T06:00Z,0.0,,0.0
0-203-0-11201020001,SCE,06:00,1963-03-18T06:00Z,0.0,,0.0
0-203-0-11201020001,SCE,06:00,1963-03-19T06:00Z,0.0,,0.0
0-203-0-11201020001,SCE,06:00,1963-03-20T06:00Z,0.0,,0.0
0-203-0-11201020001,SCE,06:00,1963-03-21T06:00Z,0.0,,0.0
0-203-0-11201020001,SCE,06:00,1963-03-22T06:00Z,4.0,,0.0
0-203-0-11201020001,SCE,06:00,1963-03-23T06:00Z,6.0,,0.0
0-203-0-11201020001,SCE,06:00,1963-03-24T06:00Z,0.0,N,0.0
0-203-0-11201020001,SCE,06:00,1963-03-25T06:00Z,0.0,,0.0
0-203-0-11201020001,SCE,06:00,1963-03-26T06:00Z,0.0,,0.0
0-203-0-11201020001,SCE,06:00,1963-03-27T06:00Z,0.0,,0.0
0-203-0-11201020001,SCE,06:00,1963-03-28T06:00Z,0.0,,0.0
0-203-0-11201020001,SCE,06:00,1963-03-29T06:00Z,0.0,,0.0
0-203-0-11201020001,SCE,06:00,1963-03-30T06:00Z,0.0,,0.0
0-203-0-11201020001,SCE,06:00,1963-03-31T06:00Z,0.0,,0.0
0-203-0-11201020001,SCE,06:00,1963-04-01T06:00Z,0.0,,0.0
0-203-0-11201020001,SCE,06:00,1963-04-02T06:00Z,0.0,,0.0
0-203-0-11201020001,SCE,06:00,1963-04-03T06:00Z,0.0,,0.0
0-203-0-11201020001,SCE,06:00,1963-04-04T06:00Z,0.0,,0.0
0-203-0-11201020001,SCE,06:00,1963-04-05T06:00Z,0.0,,0.0
0-203-0-11201020001,SCE,06:00,1963-04-06T06:00Z,0.0,,0.0
0-203-0-11201020001,SCE,06:00,1963-04-07T06:00Z,0.0,,0.0
0-203-0-11201020001,SCE,06:00,1963-04-08T06:00Z,0.0,,0.0
0-203-0-11201020001,SCE,06:00,1963-04-09T06:00Z,0.0,,0.0
0-203-0-11201020001,SCE,06:00,1963-04-10T06:00Z,0.0,,0.0
0-203-0-11201020001,SCE,06:00,1963-04-11T06:00Z,0.0,,0.0
0-203-0-11201020001,SCE,06:00,1963-04-12T06:00Z,0.0,,0.0
0-203-0-11201020001,SCE,06:00,1963-04-13T06:00Z,0.0,,0.0
0-203-0-11201020001,SCE,06:00,1963-04-14T06:00Z,0.0,,0.0
0-203-0-11201020001,SCE,06:00,1963-04-15T06:00Z,0.0,,0.0
0-203-0-11201020001,SCE,06:00,1963-04-16T06:00Z,0.0,,0.0
0-203-0-11201020001,SCE,06:00,1963-04-17T06:00Z,0.0,,0.0
0-203-0-11201020001,SCE,06:00,1963-04-18T06:00Z,0.0,,0.0
0-203-0-11201020001,SCE,06:00,1963-04-19T06:00Z,0.0,,0.0
0-203-0-11201020001,SCE,06:00,1963-04-20T06:00Z,0.0,,0.0
0-203-0-11201020001,SCE,06:00,1963-04-21T06:00Z,0.0,,0.0
0-203-0-11201020001,SCE,06:00,1963-04-22T06:00Z,0.0,,0.0
0-203-0-11201020001,SCE,06:00,1963-04-23T06:00Z,0.0,,0.0
0-203-0-11201020001,SCE,06:00,1963-04-24T06:00Z,0.0,,0.0
0-203-0-11201020001,SCE,06:00,1963-04-25T06:00Z,0.0,,0.0
0-203-0-11201020001,SCE,06:00,1963-04-26T06:00Z,0.0,,0.0
0-203-0-11201020001,SCE,06:00,1963-04-27T06:00Z,0.0,,0.0
0-203-0-11201020001,SCE,06:00,1963-04-28T06:00Z,0.0,,0.0
0-203-0-11201020001,SCE,06:00,1963-04-29T06:00Z,0.0,,0.0
0-203-0-11201020001,SCE,06:00,1963-04-30T06:00Z,0.0,,0.0
0-203-0-11201020001,SCE,06:00,1963-05-01T06:00Z,0.0,,0.0
0-203-0-11201020001,SCE,06:00,1963-05-02T06:00Z,0.0,,0.0
0-203-0-11201020001,SCE,06:00,1963-05-03T06:00Z,0.0,,0.0
0-203-0-11201020001,SCE,06:00,1963-05-04T06:00Z,0.0,,0.0
0-203-0-11201020001,SCE,06:00,1963-05-05T06:00Z,0.0,,0.0
0-203-0-11201020001,SCE,06:00,1963-05-06T06:00Z,0.0,,0.0
0-203-0-11201020001,SCE,06:00,1963-05-07T06:00Z,0.0,,0.0
0-203-0-11201020001,SCE,06:00,1963-05-08T06:00Z,0.0,,0.0
0-203-0-11201020001,SCE,06:00,1963-05-09T06:00Z,0.0,,0.0
0-203-0-11201020001,SCE,06:00,1963-05-10T06:00Z,0.0,,0.0
0-203-0-11201020001,SCE,06:00,1963-05-11T06:00Z,0.0,,0.0
0-203-0-11201020001,SCE,06:00,1963-05-12T06:00Z,0.0,,0.0
0-203-0-11201020001,SCE,06:00,1963-05-13T06:00Z,0.0,,0.0
0-203-0-11201020001,SCE,06:00,1963-05-14T06:00Z,0.0,,0.0
0-203-0-11201020001,SCE,06:00,1963-05-15T06:00Z,0.0,,0.0
0-203-0-11201020001,SCE,06:00,1963-05-16T06:00Z,0.0,,0.0
0-203-0-11201020001,SCE,06:00,1963-05-17T06:00Z,0.0,,0.0
0-203-0-11201020001,SCE,06:00,1963-05-18T06:00Z,0.0,,0.0
0-203-0-11201020001,SCE,06:00,1963-05-19T06:00Z,0.0,,0.0
0-203-0-11201020001,SCE,06:00,1963-05-20T06:00Z,0.0,,0.0
0-203-0-11201020001,SCE,06:00,1963-05-21T06:00Z,0.0,,0.0
0-203-0-11201020001,SCE,06:00,1963-05-22T06:00Z,0.0,,0.0
0-203-0-11201020001,SCE,06:00,1963-05-23T06:00Z,0.0,,0.0
0-203-0-11201020001,SCE,06:00,1963-05-24T06:00Z,0.0,,0.0
0-203-0-11201020001,SCE,06:00,1963-05-25T06:00Z,0.0,,0.0
0-203-0-11201020001,SCE,06:00,1963-05-26T06:00Z,0.0,,0.0
0-203-0-11201020001,SCE,06:00,1963-05-27T06:00Z,0.0,,0.0
0-203-0-11201020001,SCE,06:00,1963-05-28T06:00Z,0.0,,0.0
0-203-0-11201020001,SCE,06:00,1963-05-29T06:00Z,0.0,,0.0
0-203-0-11201020001,SCE,06:00,1963-05-30T06:00Z,0.0,,0.0
0-203-0-11201020001,SCE,06:00,1963-05-31T06:00Z,0.0,,0.0
0-203-0-11201020001,SCE,06:00,1963-06-01T06:00Z,0.0,,0.0
0-203-0-11201020001,SCE,06:00,1963-06-02T06:00Z,0.0,,0.0
0-203-0-11201020001,SCE,06:00,1963-06-03T06:00Z,0.0,,0.0
0-203-0-11201020001,SCE,06:00,1963-06-04T06:00Z,0.0,,0.0
0-203-0-11201020001,SCE,06:00,1963-06-05T06:00Z,0.0,,0.0
0-203-0-11201020001,SCE,06:00,1963-06-06T06:00Z,0.0,,0.0
0-203-0-11201020001,SCE,06:00,1963-06-07T06:00Z,0.0,,0.0
0-203-0-11201020001,SCE,06:00,1963-06-08T06:00Z,0.0,,0.0
0-203-0-11201020001,SCE,06:00,1963-06-09T06:00Z,0.0,,0.0
0-203-0-11201020001,SCE,06:00,1963-06-10T06:00Z,0.0,,0.0
0-203-0-11201020001,SCE,06:00,1963-06-11T06:00Z,0.0,,0.0
0-203-0-11201020001,SCE,06:00,1963-06-12T06:00Z,0.0,,0.0
0-203-0-11201020001,SCE,06:00,1963-06-13T06:00Z,0.0,,0.0
0-203-0-11201020001,SCE,06:00,1963-06-14T06:00Z,0.0,,0.0
0-203-0-11201020001,SCE,06:00,1963-06-15T06:00Z,0.0,,0.0
0-203-0-11201020001,SCE,06:00,1963-06-16T06:00Z,0.0,,0.0
0-203-0-11201020001,SCE,06:00,1963-06-17T06:00Z,0.0,,0.0
0-203-0-11201020001,SCE,06:00,1963-06-18T06:00Z,0.0,,0.0
0-203-0-11201020001,SCE,06:00,1963-06-19T06:00Z,0.0,,0.0
0-203-0-11201020001,SCE,06:00,1963-06-20T06:00Z,0.0,,0.0
0-203-0-11201020001,SCE,06:00,1963-06-21T06:00Z,0.0,,0.0
0-203-0-11201020001,SCE,06:00,1963-06-22T06:00Z,0.0,,0.0
0-203-0-11201020001,SCE,06:00,1963-06-23T06:00Z,0.0,,0.0
0-203-0-11201020001,SCE,06:00,1963-06-24T06:00Z,0.0,,0.0
0-203-0-11201020001,SCE,06:00,1963-06-25T06:00Z,0.0,,0.0
0-203-0-11201020001,SCE,06:00,1963-06-26T06:00Z,0.0,,0.0
0-203-0-11201020001,SCE,06:00,1963-06-27T06:00Z,0.0,,0.0
0-203-0-11201020001,SCE,06:00,1963-06-28T06:00Z,0.0,,0.0
0-203-0-11201020001,SCE,06:00,1963-06-29T06:00Z,0.0,,0.0
0-203-0-11201020001,SCE,06:00,1963-06-30T06:00Z,0.0,,0.0
0-203-0-11201020001,SCE,06:00,1963-07-01T06:00Z,0.0,,0.0
0-203-0-11201020001,SCE,06:00,1963-07-02T06:00Z,0.0,,0.0
0-203-0-11201020001,SCE,06:00,1963-07-03T06:00Z,0.0,,0.0
0-203-0-11201020001,SCE,06:00,1963-07-04T06:00Z,0.0,,0.0
0-203-0-11201020001,SCE,06:00,1963-07-05T06:00Z,0.0,,0.0
0-203-0-11201020001,SCE,06:00,1963-07-06T06:00Z,0.0,,0.0
0-203-0-11201020001,SCE,06:00,1963-07-07T06:00Z,0.0,,0.0
0-203-0-11201020001,SCE,06:00,1963-07-08T06:00Z,0.0,,0.0
0-203-0-11201020001,SCE,06:00,1963-07-09T06:00Z,0.0,,0.0
0-203-0-11201020001,SCE,06:00,1963-07-10T06:00Z,0.0,,0.0
0-203-0-11201020001,SCE,06:00,1963-07-11T06:00Z,0.0,,0.0
0-203-0-11201020001,SCE,06:00,1963-07-12T06:00Z,0.0,,0.0
0-203-0-11201020001,SCE,06:00,1963-07-13T06:00Z,0.0,,0.0
0-203-0-11201020001,SCE,06:00,1963-07-14T06:00Z,0.0,,0.0
0-203-0-11201020001,SCE,06:00,1963-07-15T06:00Z,0.0,,0.0
0-203-0-11201020001,SCE,06:00,1963-07-16T06:00Z,0.0,,0.0
0-203-0-11201020001,SCE,06:00,1963-07-17T06:00Z,0.0,,0.0
0-203-0-11201020001,SCE,06:00,1963-07-18T06:00Z,0.0,,0.0
0-203-0-11201020001,SCE,06:00,1963-07-19T06:00Z,0.0,,0.0
0-203-0-11201020001,SCE,06:00,1963-07-20T06:00Z,0.0,,0.0
0-203-0-11201020001,SCE,06:00,1963-07-21T06:00Z,0.0,,0.0
0-203-0-11201020001,SCE,06:00,1963-07-22T06:00Z,0.0,,0.0
0-203-0-11201020001,SCE,06:00,1963-07-23T06:00Z,0.0,,0.0
0-203-0-11201020001,SCE,06:00,1963-07-24T06:00Z,0.0,,0.0
0-203-0-11201020001,SCE,06:00,1963-07-25T06:00Z,0.0,,0.0
0-203-0-11201020001,SCE,06:00,1963-07-26T06:00Z,0.0,,0.0
0-203-0-11201020001,SCE,06:00,1963-07-27T06:00Z,0.0,,0.0
0-203-0-11201020001,SCE,06:00,1963-07-28T06:00Z,0.0,,0.0
0-203-0-11201020001,SCE,06:00,1963-07-29T06:00Z,0.0,,0.0
0-203-0-11201020001,SCE,06:00,1963-07-30T06:00Z,0.0,,0.0
0-203-0-11201020001,SCE,06:00,1963-07-31T06:00Z,0.0,,0.0
0-203-0-11201020001,SCE,06:00,1963-08-01T06:00Z,0.0,,0.0
0-203-0-11201020001,SCE,06:00,1963-08-02T06:00Z,0.0,,0.0
0-203-0-11201020001,SCE,06:00,1963-08-03T06:00Z,0.0,,0.0
0-203-0-11201020001,SCE,06:00,1963-08-04T06:00Z,0.0,,0.0
0-203-0-11201020001,SCE,06:00,1963-08-05T06:00Z,0.0,,0.0
0-203-0-11201020001,SCE,06:00,1963-08-06T06:00Z,0.0,,0.0
0-203-0-11201020001,SCE,06:00,1963-08-07T06:00Z,0.0,,0.0
0-203-0-11201020001,SCE,06:00,1963-08-08T06:00Z,0.0,,0.0
0-203-0-11201020001,SCE,06:00,1963-08-09T06:00Z,0.0,,0.0
0-203-0-11201020001,SCE,06:00,1963-08-10T06:00Z,0.0,,0.0
0-203-0-11201020001,SCE,06:00,1963-08-11T06:00Z,0.0,,0.0
0-203-0-11201020001,SCE,06:00,1963-08-12T06:00Z,0.0,,0.0
0-203-0-11201020001,SCE,06:00,1963-08-13T06:00Z,0.0,,0.0
0-203-0-11201020001,SCE,06:00,1963-08-14T06:00Z,0.0,,0.0
0-203-0-11201020001,SCE,06:00,1963-08-15T06:00Z,0.0,,0.0
0-203-0-11201020001,SCE,06:00,1963-08-16T06:00Z,0.0,,0.0
0-203-0-11201020001,SCE,06:00,1963-08-17T06:00Z,0.0,,0.0
0-203-0-11201020001,SCE,06:00,1963-08-18T06:00Z,0.0,,0.0
0-203-0-11201020001,SCE,06:00,1963-08-19T06:00Z,0.0,,0.0
0-203-0-11201020001,SCE,06:00,1963-08-20T06:00Z,0.0,,0.0
0-203-0-11201020001,SCE,06:00,1963-08-21T06:00Z,0.0,,0.0
0-203-0-11201020001,SCE,06:00,1963-08-22T06:00Z,0.0,,0.0
0-203-0-11201020001,SCE,06:00,1963-08-23T06:00Z,0.0,,0.0
0-203-0-11201020001,SCE,06:00,1963-08-24T06:00Z,0.0,,0.0
0-203-0-11201020001,SCE,06:00,1963-08-25T06:00Z,0.0,,0.0
0-203-0-11201020001,SCE,06:00,1963-08-26T06:00Z,0.0,,0.0
0-203-0-11201020001,SCE,06:00,1963-08-27T06:00Z,0.0,,0.0
0-203-0-11201020001,SCE,06:00,1963-08-28T06:00Z,0.0,,0.0
0-203-0-11201020001,SCE,06:00,1963-08-29T06:00Z,0.0,,0.0
0-203-0-11201020001,SCE,06:00,1963-08-30T06:00Z,0.0,,0.0
0-203-0-11201020001,SCE,06:00,1963-08-31T06:00Z,0.0,,0.0
0-203-0-11201020001,SCE,06:00,1963-09-01T06:00Z,0.0,,0.0
0-203-0-11201020001,SCE,06:00,1963-09-02T06:00Z,0.0,,0.0
0-203-0-11201020001,SCE,06:00,1963-09-03T06:00Z,0.0,,0.0
0-203-0-11201020001,SCE,06:00,1963-09-04T06:00Z,0.0,,0.0
0-203-0-11201020001,SCE,06:00,1963-09-05T06:00Z,0.0,,0.0
0-203-0-11201020001,SCE,06:00,1963-09-06T06:00Z,0.0,,0.0
0-203-0-11201020001,SCE,06:00,1963-09-07T06:00Z,0.0,,0.0
0-203-0-11201020001,SCE,06:00,1963-09-08T06:00Z,0.0,,0.0
0-203-0-11201020001,SCE,06:00,1963-09-09T06:00Z,0.0,,0.0
0-203-0-11201020001,SCE,06:00,1963-09-10T06:00Z,0.0,,0.0
0-203-0-11201020001,SCE,06:00,1963-09-11T06:00Z,0.0,,0.0
0-203-0-11201020001,SCE,06:00,1963-09-12T06:00Z,0.0,,0.0
0-203-0-11201020001,SCE,06:00,1963-09-13T06:00Z,0.0,,0.0
0-203-0-11201020001,SCE,06:00,1963-09-14T06:00Z,0.0,,0.0
0-203-0-11201020001,SCE,06:00,1963-09-15T06:00Z,0.0,,0.0
0-203-0-11201020001,SCE,06:00,1963-09-16T06:00Z,0.0,,0.0
0-203-0-11201020001,SCE,06:00,1963-09-17T06:00Z,0.0,,0.0
0-203-0-11201020001,SCE,06:00,1963-09-18T06:00Z,0.0,,0.0
0-203-0-11201020001,SCE,06:00,1963-09-19T06:00Z,0.0,,0.0
0-203-0-11201020001,SCE,06:00,1963-09-20T06:00Z,0.0,,0.0
0-203-0-11201020001,SCE,06:00,1963-09-21T06:00Z,0.0,,0.0
0-203-0-11201020001,SCE,06:00,1963-09-22T06:00Z,0.0,,0.0
0-203-0-11201020001,SCE,06:00,1963-09-23T06:00Z,0.0,,0.0
0-203-0-11201020001,SCE,06:00,1963-09-24T06:00Z,0.0,,0.0
0-203-0-11201020001,SCE,06:00,1963-09-25T06:00Z,0.0,,0.0
0-203-0-11201020001,SCE,06:00,1963-09-26T06:00Z,0.0,,0.0
0-203-0-11201020001,SCE,06:00,1963-09-27T06:00Z,0.0,,0.0
0-203-0-11201020001,SCE,06:00,1963-09-28T06:00Z,0.0,,0.0
0-203-0-11201020001,SCE,06:00,1963-09-29T06:00Z,0.0,,0.0
0-203-0-11201020001,SCE,06:00,1963-09-30T06:00Z,0.0,,0.0
0-203-0-11201020001,SCE,06:00,1963-10-01T06:00Z,0.0,,0.0
0-203-0-11201020001,SCE,06:00,1963-10-02T06:00Z,0.0,,0.0
0-203-0-11201020001,SCE,06:00,1963-10-03T06:00Z,0.0,,0.0
0-203-0-11201020001,SCE,06:00,1963-10-04T06:00Z,0.0,,0.0
0-203-0-11201020001,SCE,06:00,1963-10-05T06:00Z,0.0,,0.0
0-203-0-11201020001,SCE,06:00,1963-10-06T06:00Z,0.0,,0.0
0-203-0-11201020001,SCE,06:00,1963-10-07T06:00Z,0.0,,0.0
0-203-0-11201020001,SCE,06:00,1963-10-08T06:00Z,0.0,,0.0
0-203-0-11201020001,SCE,06:00,1963-10-09T06:00Z,0.0,,0.0
0-203-0-11201020001,SCE,06:00,1963-10-10T06:00Z,0.0,,0.0
0-203-0-11201020001,SCE,06:00,1963-10-11T06:00Z,0.0,,0.0
0-203-0-11201020001,SCE,06:00,1963-10-12T06:00Z,0.0,,0.0
0-203-0-11201020001,SCE,06:00,1963-10-13T06:00Z,0.0,,0.0
0-203-0-11201020001,SCE,06:00,1963-10-14T06:00Z,0.0,,0.0
0-203-0-11201020001,SCE,06:00,1963-10-15T06:00Z,0.0,,0.0
0-203-0-11201020001,SCE,06:00,1963-10-16T06:00Z,0.0,,0.0
0-203-0-11201020001,SCE,06:00,1963-10-17T06:00Z,0.0,,0.0
0-203-0-11201020001,SCE,06:00,1963-10-18T06:00Z,0.0,,0.0
0-203-0-11201020001,SCE,06:00,1963-10-19T06:00Z,0.0,,0.0
0-203-0-11201020001,SCE,06:00,1963-10-20T06:00Z,0.0,,0.0
0-203-0-11201020001,SCE,06:00,1963-10-21T06:00Z,0.0,,0.0
0-203-0-11201020001,SCE,06:00,1963-10-22T06:00Z,0.0,,0.0
0-203-0-11201020001,SCE,06:00,1963-10-23T06:00Z,0.0,,0.0
0-203-0-11201020001,SCE,06:00,1963-10-24T06:00Z,0.0,,0.0
0-203-0-11201020001,SCE,06:00,1963-10-25T06:00Z,0.0,,0.0
0-203-0-11201020001,SCE,06:00,1963-10-26T06:00Z,0.0,,0.0
0-203-0-11201020001,SCE,06:00,1963-10-27T06:00Z,0.0,,0.0
0-203-0-11201020001,SCE,06:00,1963-10-28T06:00Z,0.0,,0.0
0-203-0-11201020001,SCE,06:00,1963-10-29T06:00Z,0.0,,0.0
0-203-0-11201020001,SCE,06:00,1963-10-30T06:00Z,0.0,,0.0
0-203-0-11201020001,SCE,06:00,1963-10-31T06:00Z,0.0,,0.0
0-203-0-11201020001,SCE,06:00,1963-11-01T06:00Z,0.0,,0.0
0-203-0-11201020001,SCE,06:00,1963-11-02T06:00Z,0.0,,0.0
0-203-0-11201020001,SCE,06:00,1963-11-03T06:00Z,0.0,,0.0
0-203-0-11201020001,SCE,06:00,1963-11-04T06:00Z,0.0,,0.0
0-203-0-11201020001,SCE,06:00,1963-11-05T06:00Z,0.0,,0.0
0-203-0-11201020001,SCE,06:00,1963-11-06T06:00Z,0.0,,0.0
0-203-0-11201020001,SCE,06:00,1963-11-07T06:00Z,0.0,,0.0
0-203-0-11201020001,SCE,06:00,1963-11-08T06:00Z,0.0,,0.0
0-203-0-11201020001,SCE,06:00,1963-11-09T06:00Z,0.0,,0.0
0-203-0-11201020001,SCE,06:00,1963-11-10T06:00Z,0.0,,0.0
0-203-0-11201020001,SCE,06:00,1963-11-11T06:00Z,0.0,,0.0
0-203-0-11201020001,SCE,06:00,1963-11-12T06:00Z,0.0,,0.0
0-203-0-11201020001,SCE,06:00,1963-11-13T06:00Z,0.0,,0.0
0-203-0-11201020001,SCE,06:00,1963-11-14T06:00Z,0.0,,0.0
0-203-0-11201020001,SCE,06:00,1963-11-15T06:00Z,0.0,,0.0
0-203-0-11201020001,SCE,06:00,1963-11-16T06:00Z,0.0,,0.0
0-203-0-11201020001,SCE,06:00,1963-11-17T06:00Z,0.0,,0.0
0-203-0-11201020001,SCE,06:00,1963-11-18T06:00Z,0.0,,0.0
0-203-0-11201020001,SCE,06:00,1963-11-19T06:00Z,0.0,,0.0
0-203-0-11201020001,SCE,06:00,1963-11-20T06:00Z,0.0,,0.0
0-203-0-11201020001,SCE,06:00,1963-11-21T06:00Z,0.0,,0.0
0-203-0-11201020001,SCE,06:00,1963-11-22T06:00Z,0.0,,0.0
0-203-0-11201020001,SCE,06:00,1963-11-23T06:00Z,0.0,,0.0
0-203-0-11201020001,SCE,06:00,1963-11-24T06:00Z,0.0,,0.0
0-203-0-11201020001,SCE,06:00,1963-11-25T06:00Z,0.0,,0.0
0-203-0-11201020001,SCE,06:00,1963-11-26T06:00Z,0.0,,0.0
0-203-0-11201020001,SCE,06:00,1963-11-27T06:00Z,0.0,,0.0
0-203-0-11201020001,SCE,06:00,1963-11-28T06:00Z,0.0,,0.0
0-203-0-11201020001,SCE,06:00,1963-11-29T06:00Z,0.0,,0.0
0-203-0-11201020001,SCE,06:00,1963-11-30T06:00Z,0.0,,0.0
0-203-0-11201020001,SCE,06:00,1963-12-01T06:00Z,0.0,,0.0
0-203-0-11201020001,SCE,06:00,1963-12-02T06:00Z,0.0,,0.0
0-203-0-11201020001,SCE,06:00,1963-12-03T06:00Z,0.0,,0.0
0-203-0-11201020001,SCE,06:00,1963-12-04T06:00Z,0.0,,0.0
0-203-0-11201020001,SCE,06:00,1963-12-05T06:00Z,0.0,,0.0
0-203-0-11201020001,SCE,06:00,1963-12-06T06:00Z,0.0,,0.0
0-203-0-11201020001,SCE,06:00,1963-12-07T06:00Z,0.0,,0.0
0-203-0-11201020001,SCE,06:00,1963-12-08T06:00Z,0.0,,0.0
0-203-0-11201020001,SCE,06:00,1963-12-09T06:00Z,0.0,,0.0
0-203-0-11201020001,SCE,06:00,1963-12-10T06:00Z,0.0,,0.0
0-203-0-11201020001,SCE,06:00,1963-12-11T06:00Z,0.0,,0.0
0-203-0-11201020001,SCE,06:00,1963-12-12T06:00Z,0.0,,0.0
0-203-0-11201020001,SCE,06:00,1963-12-13T06:00Z,0.0,P,0.0
0-203-0-11201020001,SCE,06:00,1963-12-14T06:00Z,3.0,,0.0
0-203-0-11201020001,SCE,06:00,1963-12-15T06:00Z,2.0,,0.0
0-203-0-11201020001,SCE,06:00,1963-12-16T06:00Z,3.0,,0.0
0-203-0-11201020001,SCE,06:00,1963-12-17T06:00Z,4.0,,0.0
0-203-0-11201020001,SCE,06:00,1963-12-18T06:00Z,4.0,,0.0
0-203-0-11201020001,SCE,06:00,1963-12-19T06:00Z,5.0,,0.0
0-203-0-11201020001,SCE,06:00,1963-12-20T06:00Z,4.0,,0.0
0-203-0-11201020001,SCE,06:00,1963-12-21T06:00Z,4.0,,0.0
0-203-0-11201020001,SCE,06:00,1963-12-22T06:00Z,3.0,,0.0
0-203-0-11201020001,SCE,06:00,1963-12-23T06:00Z,3.0,,0.0
0-203-0-11201020001,SCE,06:00,1963-12-24T06:00Z,3.0,,0.0
0-203-0-11201020001,SCE,06:00,1963-12-25T06:00Z,3.0,,0.0
0-203-0-11201020001,SCE,06:00,1963-12-26T06:00Z,3.0,,0.0
0-203-0-11201020001,SCE,06:00,1963-12-27T06:00Z,1.0,,0.0
0-203-0-11201020001,SCE,06:00,1963-12-28T06:00Z,0.0,,0.0
0-203-0-11201020001,SCE,06:00,1963-12-29T06:00Z,0.0,,0.0
0-203-0-11201020001,SCE,06:00,1963-12-30T06:00Z,0.0,,0.0
0-203-0-11201020001,SCE,06:00,1963-12-31T06:00Z,0.0,,0.0
0-203-0-11201020001,SCE,06:00,1964-01-01T06:00Z,0.0,,0.0
0-203-0-11201020001,SCE,06:00,1964-01-02T06:00Z,0.0,,0.0
0-203-0-11201020001,SCE,06:00,1964-01-03T06:00Z,0.0,,0.0
0-203-0-11201020001,SCE,06:00,1964-01-04T06:00Z,0.0,,0.0
0-203-0-11201020001,SCE,06:00,1964-01-05T06:00Z,0.0,,0.0
0-203-0-11201020001,SCE,06:00,1964-01-06T06:00Z,0.0,,0.0
0-203-0-11201020001,SCE,06:00,1964-01-07T06:00Z,0.0,,0.0
0-203-0-11201020001,SCE,06:00,1964-01-08T06:00Z,0.0,,0.0
0-203-0-11201020001,SCE,06:00,1964-01-09T06:00Z,5.0,,0.0
0-203-0-11201020001,SCE,06:00,1964-01-10T06:00Z,11.0,,0.0
0-203-0-11201020001,SCE,06:00,1964-01-11T06:00Z,8.0,,0.0
0-203-0-11201020001,SCE,06:00,1964-01-12T06:00Z,7.0,,0.0
0-203-0-11201020001,SCE,06:00,1964-01-13T06:00Z,7.0,,0.0
0-203-0-11201020001,SCE,06:00,1964-01-14T06:00Z,6.0,,0.0
0-203-0-11201020001,SCE,06:00,1964-01-15T06:00Z,9.0,,0.0
0-203-0-11201020001,SCE,06:00,1964-01-16T06:00Z,9.0,,0.0
0-203-0-11201020001,SCE,06:00,1964-01-17T06:00Z,8.0,,0.0
0-203-0-11201020001,SCE,06:00,1964-01-18T06:00Z,8.0,,0.0
0-203-0-11201020001,SCE,06:00,1964-01-19T06:00Z,8.0,,0.0
0-203-0-11201020001,SCE,06:00,1964-01-20T06:00Z,8.0,,0.0
0-203-0-11201020001,SCE,06:00,1964-01-21T06:00Z,8.0,,0.0
0-203-0-11201020001,SCE,06:00,1964-01-22T06:00Z,8.0,,0.0
0-203-0-11201020001,SCE,06:00,1964-01-23T06:00Z,8.0,,0.0
0-203-0-11201020001,SCE,06:00,1964-01-24T06:00Z,7.0,,0.0
0-203-0-11201020001,SCE,06:00,1964-01-25T06:00Z,6.0,,0.0
0-203-0-11201020001,SCE,06:00,1964-01-26T06:00Z,5.0,,0.0
0-203-0-11201020001,SCE,06:00,1964-01-27T06:00Z,3.0,,0.0
0-203-0-11201020001,SCE,06:00,1964-01-28T06:00Z,3.0,,0.0
0-203-0-11201020001,SCE,06:00,1964-01-29T06:00Z,2.0,,0.0
0-203-0-11201020001,SCE,06:00,1964-01-30T06:00Z,1.0,,0.0
0-203-0-11201020001,SCE,06:00,1964-01-31T06:00Z,4.0,,0.0
0-203-0-11201020001,SCE,06:00,1964-02-01T06:00Z,2.0,,0.0
0-203-0-11201020001,SCE,06:00,1964-02-02T06:00Z,0.0,,0.0
0-203-0-11201020001,SCE,06:00,1964-02-03T06:00Z,0.0,,0.0
0-203-0-11201020001,SCE,06:00,1964-02-04T06:00Z,0.0,,0.0
0-203-0-11201020001,SCE,06:00,1964-02-05T06:00Z,0.0,,0.0
0-203-0-11201020001,SCE,06:00,1964-02-06T06:00Z,2.0,,0.0
0-203-0-11201020001,SCE,06:00,1964-02-07T06:00Z,2.0,,0.0
0-203-0-11201020001,SCE,06:00,1964-02-08T06:00Z,2.0,,0.0
0-203-0-11201020001,SCE,06:00,1964-02-09T06:00Z,0.0,,0.0
0-203-0-11201020001,SCE,06:00,1964-02-10T06:00Z,0.0,P,0.0
0-203-0-11201020001,SCE,06:00,1964-02-11T06:00Z,0.0,,0.0
0-203-0-11201020001,SCE,06:00,1964-02-12T06:00Z,1.0,,0.0
0-203-0-11201020001,SCE,06:00,1964-02-13T06:00Z,2.0,,0.0
0-203-0-11201020001,SCE,06:00,1964-02-14T06:00Z,2.0,,0.0
0-203-0-11201020001,SCE,06:00,1964-02-15T06:00Z,2.0,,0.0
0-203-0-11201020001,SCE,06:00,1964-02-16T06:00Z,2.0,,0.0
0-203-0-11201020001,SCE,06:00,1964-02-17T06:00Z,1.0,,0.0
0-203-0-11201020001,SCE,06:00,1964-02-18T06:00Z,1.0,,0.0
0-203-0-11201020001,SCE,06:00,1964-02-19T06:00Z,0.0,P,0.0
0-203-0-11201020001,SCE,06:00,1964-02-20T06:00Z,0.0,P,0.0
0-203-0-11201020001,SCE,06:00,1964-02-21T06:00Z,0.0,N,0.0
0-203-0-11201020001,SCE,06:00,1964-02-22T06:00Z,0.0,N,0.0
0-203-0-11201020001,SCE,06:00,1964-02-23T06:00Z,0.0,N,0.0
0-203-0-11201020001,SCE,06:00,1964-02-24T06:00Z,0.0,N,0.0
0-203-0-11201020001,SCE,06:00,1964-02-25T06:00Z,0.0,,0.0
0-203-0-11201020001,SCE,06:00,1964-02-26T06:00Z,0.0,,0.0
0-203-0-11201020001,SCE,06:00,1964-02-27T06:00Z,0.0,,0.0
0-203-0-11201020001,SCE,06:00,1964-02-28T06:00Z,0.0,,0.0
0-203-0-11201020001,SCE,06:00,1964-02-29T06:00Z,0.0,,0.0
0-203-0-11201020001,SCE,06:00,1964-03-01T06:00Z,0.0,,0.0
0-203-0-11201020001,SCE,06:00,1964-03-02T06:00Z,0.0,,0.0
0-203-0-11201020001,SCE,06:00,1964-03-03T06:00Z,0.0,,0.0
0-203-0-11201020001,SCE,06:00,1964-03-04T06:00Z,0.0,,0.0
0-203-0-11201020001,SCE,06:00,1964-03-05T06:00Z,0.0,,0.0
0-203-0-11201020001,SCE,06:00,1964-03-06T06:00Z,0.0,,0.0
0-203-0-11201020001,SCE,06:00,1964-03-07T06:00Z,0.0,,0.0
0-203-0-11201020001,SCE,06:00,1964-03-08T06:00Z,0.0,,0.0
0-203-0-11201020001,SCE,06:00,1964-03-09T06:00Z,0.0,,0.0
0-203-0-11201020001,SCE,06:00,1964-03-10T06:00Z,0.0,,0.0
0-203-0-11201020001,SCE,06:00,1964-03-11T06:00Z,0.0,,0.0
0-203-0-11201020001,SCE,06:00,1964-03-12T06:00Z,0.0,,0.0
0-203-0-11201020001,SCE,06:00,1964-03-13T06:00Z,0.0,,0.0
0-203-0-11201020001,SCE,06:00,1964-03-14T06:00Z,0.0,,0.0
0-203-0-11201020001,SCE,06:00,1964-03-15T06:00Z,1.0,,0.0
0-203-0-11201020001,SCE,06:00,1964-03-16T06:00Z,0.0,N,0.0
0-203-0-11201020001,SCE,06:00,1964-03-17T06:00Z,0.0,,0.0
0-203-0-11201020001,SCE,06:00,1964-03-18T06:00Z,0.0,,0.0
0-203-0-11201020001,SCE,06:00,1964-03-19T06:00Z,0.0,,0.0
0-203-0-11201020001,SCE,06:00,1964-03-20T06:00Z,0.0,,0.0
0-203-0-11201020001,SCE,06:00,1964-03-21T06:00Z,0.0,,0.0
0-203-0-11201020001,SCE,06:00,1964-03-22T06:00Z,0.0,,0.0
0-203-0-11201020001,SCE,06:00,1964-03-23T06:00Z,0.0,,0.0
0-203-0-11201020001,SCE,06:00,1964-03-24T06:00Z,0.0,,0.0
0-203-0-11201020001,SCE,06:00,1964-03-25T06:00Z,0.0,,0.0
0-203-0-11201020001,SCE,06:00,1964-03-26T06:00Z,0.0,,0.0
0-203-0-11201020001,SCE,06:00,1964-03-27T06:00Z,0.0,,0.0
0-203-0-11201020001,SCE,06:00,1964-03-28T06:00Z,0.0,,0.0
0-203-0-11201020001,SCE,06:00,1964-03-29T06:00Z,0.0,,0.0
0-203-0-11201020001,SCE,06:00,1964-03-30T06:00Z,0.0,,0.0
0-203-0-11201020001,SCE,06:00,1964-03-31T06:00Z,0.0,,0.0
0-203-0-11201020001,SCE,06:00,1964-04-01T06:00Z,0.0,,0.0
0-203-0-11201020001,SCE,06:00,1964-04-02T06:00Z,0.0,,0.0
0-203-0-11201020001,SCE,06:00,1964-04-03T06:00Z,0.0,,0.0
0-203-0-11201020001,SCE,06:00,1964-04-04T06:00Z,0.0,,0.0
0-203-0-11201020001,SCE,06:00,1964-04-05T06:00Z,0.0,,0.0
0-203-0-11201020001,SCE,06:00,1964-04-06T06:00Z,0.0,,0.0
0-203-0-11201020001,SCE,06:00,1964-04-07T06:00Z,0.0,,0.0
0-203-0-11201020001,SCE,06:00,1964-04-08T06:00Z,0.0,,0.0
0-203-0-11201020001,SCE,06:00,1964-04-09T06:00Z,0.0,,0.0
0-203-0-11201020001,SCE,06:00,1964-04-10T06:00Z,0.0,,0.0
0-203-0-11201020001,SCE,06:00,1964-04-11T06:00Z,0.0,,0.0
0-203-0-11201020001,SCE,06:00,1964-04-12T06:00Z,0.0,,0.0
0-203-0-11201020001,SCE,06:00,1964-04-13T06:00Z,0.0,,0.0
0-203-0-11201020001,SCE,06:00,1964-04-14T06:00Z,0.0,,0.0
0-203-0-11201020001,SCE,06:00,1964-04-15T06:00Z,0.0,,0.0
0-203-0-11201020001,SCE,06:00,1964-04-16T06:00Z,0.0,,0.0
0-203-0-11201020001,SCE,06:00,1964-04-17T06:00Z,0.0,,0.0
0-203-0-11201020001,SCE,06:00,1964-04-18T06:00Z,0.0,,0.0
0-203-0-11201020001,SCE,06:00,1964-04-19T06:00Z,0.0,,0.0
0-203-0-11201020001,SCE,06:00,1964-04-20T06:00Z,0.0,,0.0
0-203-0-11201020001,SCE,06:00,1964-04-21T06:00Z,0.0,,0.0
0-203-0-11201020001,SCE,06:00,1964-04-22T06:00Z,0.0,,0.0
0-203-0-11201020001,SCE,06:00,1964-04-23T06:00Z,0.0,,0.0
0-203-0-11201020001,SCE,06:00,1964-04-24T06:00Z,0.0,,0.0
0-203-0-11201020001,SCE,06:00,1964-04-25T06:00Z,0.0,,0.0
0-203-0-11201020001,SCE,06:00,1964-04-26T06:00Z,0.0,,0.0
0-203-0-11201020001,SCE,06:00,1964-04-27T06:00Z,0.0,,0.0
0-203-0-11201020001,SCE,06:00,1964-04-28T06:00Z,0.0,,0.0
0-203-0-11201020001,SCE,06:00,1964-04-29T06:00Z,0.0,,0.0
0-203-0-11201020001,SCE,06:00,1964-04-30T06:00Z,0.0,,0.0
0-203-0-11201020001,SCE,06:00,1964-05-01T06:00Z,0.0,,0.0
0-203-0-11201020001,SCE,06:00,1964-05-02T06:00Z,0.0,,0.0
0-203-0-11201020001,SCE,06:00,1964-05-03T06:00Z,0.0,,0.0
0-203-0-11201020001,SCE,06:00,1964-05-04T06:00Z,0.0,,0.0
0-203-0-11201020001,SCE,06:00,1964-05-05T06:00Z,0.0,,0.0
0-203-0-11201020001,SCE,06:00,1964-05-06T06:00Z,0.0,,0.0
0-203-0-11201020001,SCE,06:00,1964-05-07T06:00Z,0.0,,0.0
0-203-0-11201020001,SCE,06:00,1964-05-08T06:00Z,0.0,,0.0
0-203-0-11201020001,SCE,06:00,1964-05-09T06:00Z,0.0,,0.0
0-203-0-11201020001,SCE,06:00,1964-05-10T06:00Z,0.0,,0.0
0-203-0-11201020001,SCE,06:00,1964-05-11T06:00Z,0.0,,0.0
0-203-0-11201020001,SCE,06:00,1964-05-12T06:00Z,0.0,,0.0
0-203-0-11201020001,SCE,06:00,1964-05-13T06:00Z,0.0,,0.0
0-203-0-11201020001,SCE,06:00,1964-05-14T06:00Z,0.0,,0.0
0-203-0-11201020001,SCE,06:00,1964-05-15T06:00Z,0.0,,0.0
0-203-0-11201020001,SCE,06:00,1964-05-16T06:00Z,0.0,,0.0
0-203-0-11201020001,SCE,06:00,1964-05-17T06:00Z,0.0,,0.0
0-203-0-11201020001,SCE,06:00,1964-05-18T06:00Z,0.0,,0.0
0-203-0-11201020001,SCE,06:00,1964-05-19T06:00Z,0.0,,0.0
0-203-0-11201020001,SCE,06:00,1964-05-20T06:00Z,0.0,,0.0
0-203-0-11201020001,SCE,06:00,1964-05-21T06:00Z,0.0,,0.0
0-203-0-11201020001,SCE,06:00,1964-05-22T06:00Z,0.0,,0.0
0-203-0-11201020001,SCE,06:00,1964-05-23T06:00Z,0.0,,0.0
0-203-0-11201020001,SCE,06:00,1964-05-24T06:00Z,0.0,,0.0
0-203-0-11201020001,SCE,06:00,1964-05-25T06:00Z,0.0,,0.0
0-203-0-11201020001,SCE,06:00,1964-05-26T06:00Z,0.0,,0.0
0-203-0-11201020001,SCE,06:00,1964-05-27T06:00Z,0.0,,0.0
0-203-0-11201020001,SCE,06:00,1964-05-28T06:00Z,0.0,,0.0
0-203-0-11201020001,SCE,06:00,1964-05-29T06:00Z,0.0,,0.0
0-203-0-11201020001,SCE,06:00,1964-05-30T06:00Z,0.0,,0.0
0-203-0-11201020001,SCE,06:00,1964-05-31T06:00Z,0.0,,0.0
0-203-0-11201020001,SCE,06:00,1964-06-01T06:00Z,0.0,,0.0
0-203-0-11201020001,SCE,06:00,1964-06-02T06:00Z,0.0,,0.0
0-203-0-11201020001,SCE,06:00,1964-06-03T06:00Z,0.0,,0.0
0-203-0-11201020001,SCE,06:00,1964-06-04T06:00Z,0.0,,0.0
0-203-0-11201020001,SCE,06:00,1964-06-05T06:00Z,0.0,,0.0
0-203-0-11201020001,SCE,06:00,1964-06-06T06:00Z,0.0,,0.0
0-203-0-11201020001,SCE,06:00,1964-06-07T06:00Z,0.0,,0.0
0-203-0-11201020001,SCE,06:00,1964-06-08T06:00Z,0.0,,0.0
0-203-0-11201020001,SCE,06:00,1964-06-09T06:00Z,0.0,,0.0
0-203-0-11201020001,SCE,06:00,1964-06-10T06:00Z,0.0,,0.0
0-203-0-11201020001,SCE,06:00,1964-06-11T06:00Z,0.0,,0.0
0-203-0-11201020001,SCE,06:00,1964-06-12T06:00Z,0.0,,0.0
0-203-0-11201020001,SCE,06:00,1964-06-13T06:00Z,0.0,,0.0
0-203-0-11201020001,SCE,06:00,1964-06-14T06:00Z,0.0,,0.0
0-203-0-11201020001,SCE,06:00,1964-06-15T06:00Z,0.0,,0.0
0-203-0-11201020001,SCE,06:00,1964-06-16T06:00Z,0.0,,0.0
0-203-0-11201020001,SCE,06:00,1964-06-17T06:00Z,0.0,,0.0
0-203-0-11201020001,SCE,06:00,1964-06-18T06:00Z,0.0,,0.0
0-203-0-11201020001,SCE,06:00,1964-06-19T06:00Z,0.0,,0.0
0-203-0-11201020001,SCE,06:00,1964-06-20T06:00Z,0.0,,0.0
0-203-0-11201020001,SCE,06:00,1964-06-21T06:00Z,0.0,,0.0
0-203-0-11201020001,SCE,06:00,1964-06-22T06:00Z,0.0,,0.0
0-203-0-11201020001,SCE,06:00,1964-06-23T06:00Z,0.0,,0.0
0-203-0-11201020001,SCE,06:00,1964-06-24T06:00Z,0.0,,0.0
0-203-0-11201020001,SCE,06:00,1964-06-25T06:00Z,0.0,,0.0
0-203-0-11201020001,SCE,06:00,1964-06-26T06:00Z,0.0,,0.0
0-203-0-11201020001,SCE,06:00,1964-06-27T06:00Z,0.0,,0.0
0-203-0-11201020001,SCE,06:00,1964-06-28T06:00Z,0.0,,0.0
0-203-0-11201020001,SCE,06:00,1964-06-29T06:00Z,0.0,,0.0
0-203-0-11201020001,SCE,06:00,1964-06-30T06:00Z,0.0,,0.0
0-203-0-11201020001,SCE,06:00,1964-07-01T06:00Z,0.0,,0.0
0-203-0-11201020001,SCE,06:00,1964-07-02T06:00Z,0.0,,0.0
0-203-0-11201020001,SCE,06:00,1964-07-03T06:00Z,0.0,,0.0
0-203-0-11201020001,SCE,06:00,1964-07-04T06:00Z,0.0,,0.0
0-203-0-11201020001,SCE,06:00,1964-07-05T06:00Z,0.0,,0.0
0-203-0-11201020001,SCE,06:00,1964-07-06T06:00Z,0.0,,0.0
0-203-0-11201020001,SCE,06:00,1964-07-07T06:00Z,0.0,,0.0
0-203-0-11201020001,SCE,06:00,1964-07-08T06:00Z,0.0,,0.0
0-203-0-11201020001,SCE,06:00,1964-07-09T06:00Z,0.0,,0.0
0-203-0-11201020001,SCE,06:00,1964-07-10T06:00Z,0.0,,0.0
0-203-0-11201020001,SCE,06:00,1964-07-11T06:00Z,0.0,,0.0
0-203-0-11201020001,SCE,06:00,1964-07-12T06:00Z,0.0,,0.0
0-203-0-11201020001,SCE,06:00,1964-07-13T06:00Z,0.0,,0.0
0-203-0-11201020001,SCE,06:00,1964-07-14T06:00Z,0.0,,0.0
0-203-0-11201020001,SCE,06:00,1964-07-15T06:00Z,0.0,,0.0
0-203-0-11201020001,SCE,06:00,1964-07-16T06:00Z,0.0,,0.0
0-203-0-11201020001,SCE,06:00,1964-07-17T06:00Z,0.0,,0.0
0-203-0-11201020001,SCE,06:00,1964-07-18T06:00Z,0.0,,0.0
0-203-0-11201020001,SCE,06:00,1964-07-19T06:00Z,0.0,,0.0
0-203-0-11201020001,SCE,06:00,1964-07-20T06:00Z,0.0,,0.0
0-203-0-11201020001,SCE,06:00,1964-07-21T06:00Z,0.0,,0.0
0-203-0-11201020001,SCE,06:00,1964-07-22T06:00Z,0.0,,0.0
0-203-0-11201020001,SCE,06:00,1964-07-23T06:00Z,0.0,,0.0
0-203-0-11201020001,SCE,06:00,1964-07-24T06:00Z,0.0,,0.0
0-203-0-11201020001,SCE,06:00,1964-07-25T06:00Z,0.0,,0.0
0-203-0-11201020001,SCE,06:00,1964-07-26T06:00Z,0.0,,0.0
0-203-0-11201020001,SCE,06:00,1964-07-27T06:00Z,0.0,,0.0
0-203-0-11201020001,SCE,06:00,1964-07-28T06:00Z,0.0,,0.0
0-203-0-11201020001,SCE,06:00,1964-07-29T06:00Z,0.0,,0.0
0-203-0-11201020001,SCE,06:00,1964-07-30T06:00Z,0.0,,0.0
0-203-0-11201020001,SCE,06:00,1964-07-31T06:00Z,0.0,,0.0
0-203-0-11201020001,SCE,06:00,1964-08-01T06:00Z,0.0,,0.0
0-203-0-11201020001,SCE,06:00,1964-08-02T06:00Z,0.0,,0.0
0-203-0-11201020001,SCE,06:00,1964-08-03T06:00Z,0.0,,0.0
0-203-0-11201020001,SCE,06:00,1964-08-04T06:00Z,0.0,,0.0
0-203-0-11201020001,SCE,06:00,1964-08-05T06:00Z,0.0,,0.0
0-203-0-11201020001,SCE,06:00,1964-08-06T06:00Z,0.0,,0.0
0-203-0-11201020001,SCE,06:00,1964-08-07T06:00Z,0.0,,0.0
0-203-0-11201020001,SCE,06:00,1964-08-08T06:00Z,0.0,,0.0
0-203-0-11201020001,SCE,06:00,1964-08-09T06:00Z,0.0,,0.0
0-203-0-11201020001,SCE,06:00,1964-08-10T06:00Z,0.0,,0.0
0-203-0-11201020001,SCE,06:00,1964-08-11T06:00Z,0.0,,0.0
0-203-0-11201020001,SCE,06:00,1964-08-12T06:00Z,0.0,,0.0
0-203-0-11201020001,SCE,06:00,1964-08-13T06:00Z,0.0,,0.0
0-203-0-11201020001,SCE,06:00,1964-08-14T06:00Z,0.0,,0.0
0-203-0-11201020001,SCE,06:00,1964-08-15T06:00Z,0.0,,0.0
0-203-0-11201020001,SCE,06:00,1964-08-16T06:00Z,0.0,,0.0
0-203-0-11201020001,SCE,06:00,1964-08-17T06:00Z,0.0,,0.0
0-203-0-11201020001,SCE,06:00,1964-08-18T06:00Z,0.0,,0.0
0-203-0-11201020001,SCE,06:00,1964-08-19T06:00Z,0.0,,0.0
0-203-0-11201020001,SCE,06:00,1964-08-20T06:00Z,0.0,,0.0
0-203-0-11201020001,SCE,06:00,1964-08-21T06:00Z,0.0,,0.0
0-203-0-11201020001,SCE,06:00,1964-08-22T06:00Z,0.0,,0.0
0-203-0-11201020001,SCE,06:00,1964-08-23T06:00Z,0.0,,0.0
0-203-0-11201020001,SCE,06:00,1964-08-24T06:00Z,0.0,,0.0
0-203-0-11201020001,SCE,06:00,1964-08-25T06:00Z,0.0,,0.0
0-203-0-11201020001,SCE,06:00,1964-08-26T06:00Z,0.0,,0.0
0-203-0-11201020001,SCE,06:00,1964-08-27T06:00Z,0.0,,0.0
0-203-0-11201020001,SCE,06:00,1964-08-28T06:00Z,0.0,,0.0
0-203-0-11201020001,SCE,06:00,1964-08-29T06:00Z,0.0,,0.0
0-203-0-11201020001,SCE,06:00,1964-08-30T06:00Z,0.0,,0.0
0-203-0-11201020001,SCE,06:00,1964-08-31T06:00Z,0.0,,0.0
0-203-0-11201020001,SCE,06:00,1964-09-01T06:00Z,0.0,,0.0
0-203-0-11201020001,SCE,06:00,1964-09-02T06:00Z,0.0,,0.0
0-203-0-11201020001,SCE,06:00,1964-09-03T06:00Z,0.0,,0.0
0-203-0-11201020001,SCE,06:00,1964-09-04T06:00Z,0.0,,0.0
0-203-0-11201020001,SCE,06:00,1964-09-05T06:00Z,0.0,,0.0
0-203-0-11201020001,SCE,06:00,1964-09-06T06:00Z,0.0,,0.0
0-203-0-11201020001,SCE,06:00,1964-09-07T06:00Z,0.0,,0.0
0-203-0-11201020001,SCE,06:00,1964-09-08T06:00Z,0.0,,0.0
0-203-0-11201020001,SCE,06:00,1964-09-09T06:00Z,0.0,,0.0
0-203-0-11201020001,SCE,06:00,1964-09-10T06:00Z,0.0,,0.0
0-203-0-11201020001,SCE,06:00,1964-09-11T06:00Z,0.0,,0.0
0-203-0-11201020001,SCE,06:00,1964-09-12T06:00Z,0.0,,0.0
0-203-0-11201020001,SCE,06:00,1964-09-13T06:00Z,0.0,,0.0
0-203-0-11201020001,SCE,06:00,1964-09-14T06:00Z,0.0,,0.0
0-203-0-11201020001,SCE,06:00,1964-09-15T06:00Z,0.0,,0.0
0-203-0-11201020001,SCE,06:00,1964-09-16T06:00Z,0.0,,0.0
0-203-0-11201020001,SCE,06:00,1964-09-17T06:00Z,0.0,,0.0
0-203-0-11201020001,SCE,06:00,1964-09-18T06:00Z,0.0,,0.0
0-203-0-11201020001,SCE,06:00,1964-09-19T06:00Z,0.0,,0.0
0-203-0-11201020001,SCE,06:00,1964-09-20T06:00Z,0.0,,0.0
0-203-0-11201020001,SCE,06:00,1964-09-21T06:00Z,0.0,,0.0
0-203-0-11201020001,SCE,06:00,1964-09-22T06:00Z,0.0,,0.0
0-203-0-11201020001,SCE,06:00,1964-09-23T06:00Z,0.0,,0.0
0-203-0-11201020001,SCE,06:00,1964-09-24T06:00Z,0.0,,0.0
0-203-0-11201020001,SCE,06:00,1964-09-25T06:00Z,0.0,,0.0
0-203-0-11201020001,SCE,06:00,1964-09-26T06:00Z,0.0,,0.0
0-203-0-11201020001,SCE,06:00,1964-09-27T06:00Z,0.0,,0.0
0-203-0-11201020001,SCE,06:00,1964-09-28T06:00Z,0.0,,0.0
0-203-0-11201020001,SCE,06:00,1964-09-29T06:00Z,0.0,,0.0
0-203-0-11201020001,SCE,06:00,1964-09-30T06:00Z,0.0,,0.0
0-203-0-11201020001,SCE,06:00,1964-10-01T06:00Z,0.0,,0.0
0-203-0-11201020001,SCE,06:00,1964-10-02T06:00Z,0.0,,0.0
0-203-0-11201020001,SCE,06:00,1964-10-03T06:00Z,0.0,,0.0
0-203-0-11201020001,SCE,06:00,1964-10-04T06:00Z,0.0,,0.0
0-203-0-11201020001,SCE,06:00,1964-10-05T06:00Z,0.0,,0.0
0-203-0-11201020001,SCE,06:00,1964-10-06T06:00Z,0.0,,0.0
0-203-0-11201020001,SCE,06:00,1964-10-07T06:00Z,0.0,,0.0
0-203-0-11201020001,SCE,06:00,1964-10-08T06:00Z,0.0,,0.0
0-203-0-11201020001,SCE,06:00,1964-10-09T06:00Z,0.0,,0.0
0-203-0-11201020001,SCE,06:00,1964-10-10T06:00Z,0.0,,0.0
0-203-0-11201020001,SCE,06:00,1964-10-11T06:00Z,0.0,,0.0
0-203-0-11201020001,SCE,06:00,1964-10-12T06:00Z,0.0,,0.0
0-203-0-11201020001,SCE,06:00,1964-10-13T06:00Z,0.0,,0.0
0-203-0-11201020001,SCE,06:00,1964-10-14T06:00Z,0.0,,0.0
0-203-0-11201020001,SCE,06:00,1964-10-15T06:00Z,0.0,,0.0
0-203-0-11201020001,SCE,06:00,1964-10-16T06:00Z,0.0,,0.0
0-203-0-11201020001,SCE,06:00,1964-10-17T06:00Z,0.0,,0.0
0-203-0-11201020001,SCE,06:00,1964-10-18T06:00Z,0.0,,0.0
0-203-0-11201020001,SCE,06:00,1964-10-19T06:00Z,0.0,,0.0
0-203-0-11201020001,SCE,06:00,1964-10-20T06:00Z,0.0,,0.0
0-203-0-11201020001,SCE,06:00,1964-10-21T06:00Z,0.0,,0.0
0-203-0-11201020001,SCE,06:00,1964-10-22T06:00Z,0.0,,0.0
0-203-0-11201020001,SCE,06:00,1964-10-23T06:00Z,0.0,,0.0
0-203-0-11201020001,SCE,06:00,1964-10-24T06:00Z,0.0,,0.0
0-203-0-11201020001,SCE,06:00,1964-10-25T06:00Z,0.0,,0.0
0-203-0-11201020001,SCE,06:00,1964-10-26T06:00Z,0.0,,0.0
0-203-0-11201020001,SCE,06:00,1964-10-27T06:00Z,0.0,,0.0
0-203-0-11201020001,SCE,06:00,1964-10-28T06:00Z,0.0,,0.0
0-203-0-11201020001,SCE,06:00,1964-10-29T06:00Z,0.0,,0.0
0-203-0-11201020001,SCE,06:00,1964-10-30T06:00Z,0.0,,0.0
0-203-0-11201020001,SCE,06:00,1964-10-31T06:00Z,0.0,,0.0
0-203-0-11201020001,SCE,06:00,1964-11-01T06:00Z,0.0,,0.0
0-203-0-11201020001,SCE,06:00,1964-11-02T06:00Z,0.0,,0.0
0-203-0-11201020001,SCE,06:00,1964-11-03T06:00Z,0.0,,0.0
0-203-0-11201020001,SCE,06:00,1964-11-04T06:00Z,0.0,,0.0
0-203-0-11201020001,SCE,06:00,1964-11-05T06:00Z,0.0,,0.0
0-203-0-11201020001,SCE,06:00,1964-11-06T06:00Z,0.0,,0.0
0-203-0-11201020001,SCE,06:00,1964-11-07T06:00Z,0.0,,0.0
0-203-0-11201020001,SCE,06:00,1964-11-08T06:00Z,0.0,,0.0
0-203-0-11201020001,SCE,06:00,1964-11-09T06:00Z,0.0,,0.0
0-203-0-11201020001,SCE,06:00,1964-11-10T06:00Z,0.0,,0.0
0-203-0-11201020001,SCE,06:00,1964-11-11T06:00Z,0.0,,0.0
0-203-0-11201020001,SCE,06:00,1964-11-12T06:00Z,0.0,,0.0
0-203-0-11201020001,SCE,06:00,1964-11-13T06:00Z,0.0,,0.0
0-203-0-11201020001,SCE,06:00,1964-11-14T06:00Z,0.0,,0.0
0-203-0-11201020001,SCE,06:00,1964-11-15T06:00Z,0.0,,0.0
0-203-0-11201020001,SCE,06:00,1964-11-16T06:00Z,0.0,,0.0
0-203-0-11201020001,SCE,06:00,1964-11-17T06:00Z,0.0,,0.0
0-203-0-11201020001,SCE,06:00,1964-11-18T06:00Z,0.0,,0.0
0-203-0-11201020001,SCE,06:00,1964-11-19T06:00Z,0.0,,0.0
0-203-0-11201020001,SCE,06:00,1964-11-20T06:00Z,0.0,,0.0
0-203-0-11201020001,SCE,06:00,1964-11-21T06:00Z,0.0,,0.0
0-203-0-11201020001,SCE,06:00,1964-11-22T06:00Z,0.0,,0.0
0-203-0-11201020001,SCE,06:00,1964-11-23T06:00Z,0.0,,0.0
0-203-0-11201020001,SCE,06:00,1964-11-24T06:00Z,0.0,,0.0
0-203-0-11201020001,SCE,06:00,1964-11-25T06:00Z,0.0,,0.0
0-203-0-11201020001,SCE,06:00,1964-11-26T06:00Z,0.0,,0.0
0-203-0-11201020001,SCE,06:00,1964-11-27T06:00Z,0.0,,0.0
0-203-0-11201020001,SCE,06:00,1964-11-28T06:00Z,0.0,,0.0
0-203-0-11201020001,SCE,06:00,1964-11-29T06:00Z,0.0,,0.0
0-203-0-11201020001,SCE,06:00,1964-11-30T06:00Z,2.0,,0.0
0-203-0-11201020001,SCE,06:00,1964-12-01T06:00Z,0.0,,0.0
0-203-0-11201020001,SCE,06:00,1964-12-02T06:00Z,0.0,,0.0
0-203-0-11201020001,SCE,06:00,1964-12-03T06:00Z,0.0,,0.0
0-203-0-11201020001,SCE,06:00,1964-12-04T06:00Z,2.0,,0.0
0-203-0-11201020001,SCE,06:00,1964-12-05T06:00Z,1.0,,0.0
0-203-0-11201020001,SCE,06:00,1964-12-06T06:00Z,1.0,,0.0
0-203-0-11201020001,SCE,06:00,1964-12-07T06:00Z,0.0,,0.0
0-203-0-11201020001,SCE,06:00,1964-12-08T06:00Z,0.0,,0.0
0-203-0-11201020001,SCE,06:00,1964-12-09T06:00Z,0.0,,0.0
0-203-0-11201020001,SCE,06:00,1964-12-10T06:00Z,0.0,,0.0
0-203-0-11201020001,SCE,06:00,1964-12-11T06:00Z,0.0,,0.0
0-203-0-11201020001,SCE,06:00,1964-12-12T06:00Z,0.0,,0.0
0-203-0-11201020001,SCE,06:00,1964-12-13T06:00Z,0.0,,0.0
0-203-0-11201020001,SCE,06:00,1964-12-14T06:00Z,0.0,,0.0
0-203-0-11201020001,SCE,06:00,1964-12-15T06:00Z,0.0,,0.0
0-203-0-11201020001,SCE,06:00,1964-12-16T06:00Z,0.0,,0.0
0-203-0-11201020001,SCE,06:00,1964-12-17T06:00Z,0.0,,0.0
0-203-0-11201020001,SCE,06:00,1964-12-18T06:00Z,0.0,,0.0
0-203-0-11201020001,SCE,06:00,1964-12-19T06:00Z,0.0,,0.0
0-203-0-11201020001,SCE,06:00,1964-12-20T06:00Z,0.0,,0.0
0-203-0-11201020001,SCE,06:00,1964-12-21T06:00Z,0.0,P,0.0
0-203-0-11201020001,SCE,06:00,1964-12-22T06:00Z,0.0,P,0.0
0-203-0-11201020001,SCE,06:00,1964-12-23T06:00Z,0.0,,0.0
0-203-0-11201020001,SCE,06:00,1964-12-24T06:00Z,0.0,,0.0
0-203-0-11201020001,SCE,06:00,1964-12-25T06:00Z,0.0,,0.0
0-203-0-11201020001,SCE,06:00,1964-12-26T06:00Z,0.0,,0.0
0-203-0-11201020001,SCE,06:00,1964-12-27T06:00Z,1.0,,0.0
0-203-0-11201020001,SCE,06:00,1964-12-28T06:00Z,1.0,,0.0
0-203-0-11201020001,SCE,06:00,1964-12-29T06:00Z,5.0,,0.0
0-203-0-11201020001,SCE,06:00,1964-12-30T06:00Z,4.0,,0.0
0-203-0-11201020001,SCE,06:00,1964-12-31T06:00Z,4.0,,0.0
0-203-0-11201020001,SCE,06:00,1965-01-01T06:00Z,0.0,,0.0
0-203-0-11201020001,SCE,06:00,1965-01-02T06:00Z,0.0,,0.0
0-203-0-11201020001,SCE,06:00,1965-01-03T06:00Z,0.0,,0.0
0-203-0-11201020001,SCE,06:00,1965-01-04T06:00Z,0.0,,0.0
0-203-0-11201020001,SCE,06:00,1965-01-05T06:00Z,0.0,,0.0
0-203-0-11201020001,SCE,06:00,1965-01-06T06:00Z,2.0,,0.0
0-203-0-11201020001,SCE,06:00,1965-01-07T06:00Z,0.0,,0.0
0-203-0-11201020001,SCE,06:00,1965-01-08T06:00Z,0.0,,0.0
0-203-0-11201020001,SCE,06:00,1965-01-09T06:00Z,0.0,,0.0
0-203-0-11201020001,SCE,06:00,1965-01-10T06:00Z,0.0,,0.0
0-203-0-11201020001,SCE,06:00,1965-01-11T06:00Z,0.0,,0.0
0-203-0-11201020001,SCE,06:00,1965-01-12T06:00Z,0.0,,0.0
0-203-0-11201020001,SCE,06:00,1965-01-13T06:00Z,0.0,,0.0
0-203-0-11201020001,SCE,06:00,1965-01-14T06:00Z,0.0,,0.0
0-203-0-11201020001,SCE,06:00,1965-01-15T06:00Z,0.0,,0.0
0-203-0-11201020001,SCE,06:00,1965-01-16T06:00Z,0.0,,0.0
0-203-0-11201020001,SCE,06:00,1965-01-17T06:00Z,0.0,,0.0
0-203-0-11201020001,SCE,06:00,1965-01-18T06:00Z,0.0,,0.0
0-203-0-11201020001,SCE,06:00,1965-01-19T06:00Z,0.0,,0.0
0-203-0-11201020001,SCE,06:00,1965-01-20T06:00Z,0.0,,0.0
0-203-0-11201020001,SCE,06:00,1965-01-21T06:00Z,0.0,,0.0
0-203-0-11201020001,SCE,06:00,1965-01-22T06:00Z,0.0,P,0.0
0-203-0-11201020001,SCE,06:00,1965-01-23T06:00Z,1.0,,0.0
0-203-0-11201020001,SCE,06:00,1965-01-24T06:00Z,0.0,,0.0
0-203-0-11201020001,SCE,06:00,1965-01-25T06:00Z,0.0,,0.0
0-203-0-11201020001,SCE,06:00,1965-01-26T06:00Z,3.0,,0.0
0-203-0-11201020001,SCE,06:00,1965-01-27T06:00Z,0.0,N,0.0
0-203-0-11201020001,SCE,06:00,1965-01-28T06:00Z,0.0,N,0.0
0-203-0-11201020001,SCE,06:00,1965-01-29T06:00Z,0.0,N,0.0
0-203-0-11201020001,SCE,06:00,1965-01-30T06:00Z,0.0,,0.0
0-203-0-11201020001,SCE,06:00,1965-01-31T06:00Z,0.0,,0.0
0-203-0-11201020001,SCE,06:00,1965-02-01T06:00Z,5.0,,0.0
0-203-0-11201020001,SCE,06:00,1965-02-02T06:00Z,4.0,,0.0
0-203-0-11201020001,SCE,06:00,1965-02-03T06:00Z,3.0,,0.0
0-203-0-11201020001,SCE,06:00,1965-02-04T06:00Z,4.0,,0.0
0-203-0-11201020001,SCE,06:00,1965-02-05T06:00Z,4.0,,0.0
0-203-0-11201020001,SCE,06:00,1965-02-06T06:00Z,5.0,,0.0
0-203-0-11201020001,SCE,06:00,1965-02-07T06:00Z,11.0,,0.0
0-203-0-11201020001,SCE,06:00,1965-02-08T06:00Z,8.0,,0.0
0-203-0-11201020001,SCE,06:00,1965-02-09T06:00Z,7.0,,0.0
0-203-0-11201020001,SCE,06:00,1965-02-10T06:00Z,6.0,,0.0
0-203-0-11201020001,SCE,06:00,1965-02-11T06:00Z,6.0,,0.0
0-203-0-11201020001,SCE,06:00,1965-02-12T06:00Z,4.0,,0.0
0-203-0-11201020001,SCE,06:00,1965-02-13T06:00Z,2.0,,0.0
0-203-0-11201020001,SCE,06:00,1965-02-14T06:00Z,0.0,N,0.0
0-203-0-11201020001,SCE,06:00,1965-02-15T06:00Z,2.0,,0.0
0-203-0-11201020001,SCE,06:00,1965-02-16T06:00Z,0.0,N,0.0
0-203-0-11201020001,SCE,06:00,1965-02-17T06:00Z,2.0,,0.0
0-203-0-11201020001,SCE,06:00,1965-02-18T06:00Z,7.0,,0.0
0-203-0-11201020001,SCE,06:00,1965-02-19T06:00Z,5.0,,0.0
0-203-0-11201020001,SCE,06:00,1965-02-20T06:00Z,4.0,,0.0
0-203-0-11201020001,SCE,06:00,1965-02-21T06:00Z,4.0,,0.0
0-203-0-11201020001,SCE,06:00,1965-02-22T06:00Z,4.0,,0.0
0-203-0-11201020001,SCE,06:00,1965-02-23T06:00Z,3.0,,0.0
0-203-0-11201020001,SCE,06:00,1965-02-24T06:00Z,1.0,,0.0
0-203-0-11201020001,SCE,06:00,1965-02-25T06:00Z,0.0,N,0.0
0-203-0-11201020001,SCE,06:00,1965-02-26T06:00Z,0.0,N,0.0
0-203-0-11201020001,SCE,06:00,1965-02-27T06:00Z,2.0,,0.0
0-203-0-11201020001,SCE,06:00,1965-02-28T06:00Z,1.0,,0.0
0-203-0-11201020001,SCE,06:00,1965-03-01T06:00Z,1.0,,0.0
0-203-0-11201020001,SCE,06:00,1965-03-02T06:00Z,0.0,N,0.0
0-203-0-11201020001,SCE,06:00,1965-03-03T06:00Z,10.0,,0.0
0-203-0-11201020001,SCE,06:00,1965-03-04T06:00Z,8.0,,0.0
0-203-0-11201020001,SCE,06:00,1965-03-05T06:00Z,5.0,,0.0
0-203-0-11201020001,SCE,06:00,1965-03-06T06:00Z,5.0,,0.0
0-203-0-11201020001,SCE,06:00,1965-03-07T06:00Z,27.0,,0.0
0-203-0-11201020001,SCE,06:00,1965-03-08T06:00Z,24.0,,0.0
0-203-0-11201020001,SCE,06:00,1965-03-09T06:00Z,21.0,,0.0
0-203-0-11201020001,SCE,06:00,1965-03-10T06:00Z,16.0,,0.0
0-203-0-11201020001,SCE,06:00,1965-03-11T06:00Z,11.0,,0.0
0-203-0-11201020001,SCE,06:00,1965-03-12T06:00Z,7.0,,0.0
0-203-0-11201020001,SCE,06:00,1965-03-13T06:00Z,7.0,,0.0
0-203-0-11201020001,SCE,06:00,1965-03-14T06:00Z,5.0,,0.0
0-203-0-11201020001,SCE,06:00,1965-03-15T06:00Z,3.0,,0.0
0-203-0-11201020001,SCE,06:00,1965-03-16T06:00Z,0.0,N,0.0
0-203-0-11201020001,SCE,06:00,1965-03-17T06:00Z,0.0,,0.0
0-203-0-11201020001,SCE,06:00,1965-03-18T06:00Z,0.0,,0.0
0-203-0-11201020001,SCE,06:00,1965-03-19T06:00Z,0.0,,0.0
0-203-0-11201020001,SCE,06:00,1965-03-20T06:00Z,0.0,,0.0
0-203-0-11201020001,SCE,06:00,1965-03-21T06:00Z,0.0,,0.0
0-203-0-11201020001,SCE,06:00,1965-03-22T06:00Z,0.0,P,0.0
0-203-0-11201020001,SCE,06:00,1965-03-23T06:00Z,0.0,,0.0
0-203-0-11201020001,SCE,06:00,1965-03-24T06:00Z,0.0,,0.0
0-203-0-11201020001,SCE,06:00,1965-03-25T06:00Z,0.0,,0.0
0-203-0-11201020001,SCE,06:00,1965-03-26T06:00Z,0.0,,0.0
0-203-0-11201020001,SCE,06:00,1965-03-27T06:00Z,0.0,,0.0
0-203-0-11201020001,SCE,06:00,1965-03-28T06:00Z,0.0,,0.0
0-203-0-11201020001,SCE,06:00,1965-03-29T06:00Z,0.0,,0.0
0-203-0-11201020001,SCE,06:00,1965-03-30T06:00Z,0.0,,0.0
0-203-0-11201020001,SCE,06:00,1965-03-31T06:00Z,0.0,,0.0
0-203-0-11201020001,SCE,06:00,1965-04-01T06:00Z,0.0,,0.0
0-203-0-11201020001,SCE,06:00,1965-04-02T06:00Z,0.0,,0.0
0-203-0-11201020001,SCE,06:00,1965-04-03T06:00Z,0.0,,0.0
0-203-0-11201020001,SCE,06:00,1965-04-04T06:00Z,0.0,,0.0
0-203-0-11201020001,SCE,06:00,1965-04-05T06:00Z,0.0,,0.0
0-203-0-11201020001,SCE,06:00,1965-04-06T06:00Z,0.0,,0.0
0-203-0-11201020001,SCE,06:00,1965-04-07T06:00Z,0.0,,0.0
0-203-0-11201020001,SCE,06:00,1965-04-08T06:00Z,0.0,,0.0
0-203-0-11201020001,SCE,06:00,1965-04-09T06:00Z,0.0,,0.0
0-203-0-11201020001,SCE,06:00,1965-04-10T06:00Z,0.0,,0.0
0-203-0-11201020001,SCE,06:00,1965-04-11T06:00Z,0.0,,0.0
0-203-0-11201020001,SCE,06:00,1965-04-12T06:00Z,0.0,,0.0
0-203-0-11201020001,SCE,06:00,1965-04-13T06:00Z,0.0,,0.0
0-203-0-11201020001,SCE,06:00,1965-04-14T06:00Z,0.0,,0.0
0-203-0-11201020001,SCE,06:00,1965-04-15T06:00Z,0.0,,0.0
0-203-0-11201020001,SCE,06:00,1965-04-16T06:00Z,0.0,,0.0
0-203-0-11201020001,SCE,06:00,1965-04-17T06:00Z,0.0,,0.0
0-203-0-11201020001,SCE,06:00,1965-04-18T06:00Z,0.0,,0.0
0-203-0-11201020001,SCE,06:00,1965-04-19T06:00Z,0.0,,0.0
0-203-0-11201020001,SCE,06:00,1965-04-20T06:00Z,0.0,,0.0
0-203-0-11201020001,SCE,06:00,1965-04-21T06:00Z,0.0,,0.0
0-203-0-11201020001,SCE,06:00,1965-04-22T06:00Z,0.0,,0.0
0-203-0-11201020001,SCE,06:00,1965-04-23T06:00Z,0.0,,0.0
0-203-0-11201020001,SCE,06:00,1965-04-24T06:00Z,0.0,,0.0
0-203-0-11201020001,SCE,06:00,1965-04-25T06:00Z,0.0,,0.0
0-203-0-11201020001,SCE,06:00,1965-04-26T06:00Z,0.0,,0.0
0-203-0-11201020001,SCE,06:00,1965-04-27T06:00Z,0.0,,0.0
0-203-0-11201020001,SCE,06:00,1965-04-28T06:00Z,0.0,,0.0
0-203-0-11201020001,SCE,06:00,1965-04-29T06:00Z,0.0,,0.0
0-203-0-11201020001,SCE,06:00,1965-04-30T06:00Z,0.0,,0.0
0-203-0-11201020001,SCE,06:00,1965-05-01T06:00Z,0.0,,0.0
0-203-0-11201020001,SCE,06:00,1965-05-02T06:00Z,0.0,,0.0
0-203-0-11201020001,SCE,06:00,1965-05-03T06:00Z,0.0,,0.0
0-203-0-11201020001,SCE,06:00,1965-05-04T06:00Z,0.0,,0.0
0-203-0-11201020001,SCE,06:00,1965-05-05T06:00Z,0.0,,0.0
0-203-0-11201020001,SCE,06:00,1965-05-06T06:00Z,0.0,,0.0
0-203-0-11201020001,SCE,06:00,1965-05-07T06:00Z,0.0,,0.0
0-203-0-11201020001,SCE,06:00,1965-05-08T06:00Z,0.0,,0.0
0-203-0-11201020001,SCE,06:00,1965-05-09T06:00Z,0.0,,0.0
0-203-0-11201020001,SCE,06:00,1965-05-10T06:00Z,0.0,,0.0
0-203-0-11201020001,SCE,06:00,1965-05-11T06:00Z,0.0,,0.0
0-203-0-11201020001,SCE,06:00,1965-05-12T06:00Z,0.0,,0.0
0-203-0-11201020001,SCE,06:00,1965-05-13T06:00Z,0.0,,0.0
0-203-0-11201020001,SCE,06:00,1965-05-14T06:00Z,0.0,,0.0
0-203-0-11201020001,SCE,06:00,1965-05-15T06:00Z,0.0,,0.0
0-203-0-11201020001,SCE,06:00,1965-05-16T06:00Z,0.0,,0.0
0-203-0-11201020001,SCE,06:00,1965-05-17T06:00Z,0.0,,0.0
0-203-0-11201020001,SCE,06:00,1965-05-18T06:00Z,0.0,,0.0
0-203-0-11201020001,SCE,06:00,1965-05-19T06:00Z,0.0,,0.0
0-203-0-11201020001,SCE,06:00,1965-05-20T06:00Z,0.0,,0.0
0-203-0-11201020001,SCE,06:00,1965-05-21T06:00Z,0.0,,0.0
0-203-0-11201020001,SCE,06:00,1965-05-22T06:00Z,0.0,,0.0
0-203-0-11201020001,SCE,06:00,1965-05-23T06:00Z,0.0,,0.0
0-203-0-11201020001,SCE,06:00,1965-05-24T06:00Z,0.0,,0.0
0-203-0-11201020001,SCE,06:00,1965-05-25T06:00Z,0.0,,0.0
0-203-0-11201020001,SCE,06:00,1965-05-26T06:00Z,0.0,,0.0
0-203-0-11201020001,SCE,06:00,1965-05-27T06:00Z,0.0,,0.0
0-203-0-11201020001,SCE,06:00,1965-05-28T06:00Z,0.0,,0.0
0-203-0-11201020001,SCE,06:00,1965-05-29T06:00Z,0.0,,0.0
0-203-0-11201020001,SCE,06:00,1965-05-30T06:00Z,0.0,,0.0
0-203-0-11201020001,SCE,06:00,1965-05-31T06:00Z,0.0,,0.0
0-203-0-11201020001,SCE,06:00,1965-06-01T06:00Z,0.0,,0.0
0-203-0-11201020001,SCE,06:00,1965-06-02T06:00Z,0.0,,0.0
0-203-0-11201020001,SCE,06:00,1965-06-03T06:00Z,0.0,,0.0
0-203-0-11201020001,SCE,06:00,1965-06-04T06:00Z,0.0,,0.0
0-203-0-11201020001,SCE,06:00,1965-06-05T06:00Z,0.0,,0.0
0-203-0-11201020001,SCE,06:00,1965-06-06T06:00Z,0.0,,0.0
0-203-0-11201020001,SCE,06:00,1965-06-07T06:00Z,0.0,,0.0
0-203-0-11201020001,SCE,06:00,1965-06-08T06:00Z,0.0,,0.0
0-203-0-11201020001,SCE,06:00,1965-06-09T06:00Z,0.0,,0.0
0-203-0-11201020001,SCE,06:00,1965-06-10T06:00Z,0.0,,0.0
0-203-0-11201020001,SCE,06:00,1965-06-11T06:00Z,0.0,,0.0
0-203-0-11201020001,SCE,06:00,1965-06-12T06:00Z,0.0,,0.0
0-203-0-11201020001,SCE,06:00,1965-06-13T06:00Z,0.0,,0.0
0-203-0-11201020001,SCE,06:00,1965-06-14T06:00Z,0.0,,0.0
0-203-0-11201020001,SCE,06:00,1965-06-15T06:00Z,0.0,,0.0
0-203-0-11201020001,SCE,06:00,1965-06-16T06:00Z,0.0,,0.0
0-203-0-11201020001,SCE,06:00,1965-06-17T06:00Z,0.0,,0.0
0-203-0-11201020001,SCE,06:00,1965-06-18T06:00Z,0.0,,0.0
0-203-0-11201020001,SCE,06:00,1965-06-19T06:00Z,0.0,,0.0
0-203-0-11201020001,SCE,06:00,1965-06-20T06:00Z,0.0,,0.0
0-203-0-11201020001,SCE,06:00,1965-06-21T06:00Z,0.0,,0.0
0-203-0-11201020001,SCE,06:00,1965-06-22T06:00Z,0.0,,0.0
0-203-0-11201020001,SCE,06:00,1965-06-23T06:00Z,0.0,,0.0
0-203-0-11201020001,SCE,06:00,1965-06-24T06:00Z,0.0,,0.0
0-203-0-11201020001,SCE,06:00,1965-06-25T06:00Z,0.0,,0.0
0-203-0-11201020001,SCE,06:00,1965-06-26T06:00Z,0.0,,0.0
0-203-0-11201020001,SCE,06:00,1965-06-27T06:00Z,0.0,,0.0
0-203-0-11201020001,SCE,06:00,1965-06-28T06:00Z,0.0,,0.0
0-203-0-11201020001,SCE,06:00,1965-06-29T06:00Z,0.0,,0.0
0-203-0-11201020001,SCE,06:00,1965-06-30T06:00Z,0.0,,0.0
0-203-0-11201020001,SCE,06:00,1965-07-01T06:00Z,0.0,,0.0
0-203-0-11201020001,SCE,06:00,1965-07-02T06:00Z,0.0,,0.0
0-203-0-11201020001,SCE,06:00,1965-07-03T06:00Z,0.0,,0.0
0-203-0-11201020001,SCE,06:00,1965-07-04T06:00Z,0.0,,0.0
0-203-0-11201020001,SCE,06:00,1965-07-05T06:00Z,0.0,,0.0
0-203-0-11201020001,SCE,06:00,1965-07-06T06:00Z,0.0,,0.0
0-203-0-11201020001,SCE,06:00,1965-07-07T06:00Z,0.0,,0.0
0-203-0-11201020001,SCE,06:00,1965-07-08T06:00Z,0.0,,0.0
0-203-0-11201020001,SCE,06:00,1965-07-09T06:00Z,0.0,,0.0
0-203-0-11201020001,SCE,06:00,1965-07-10T06:00Z,0.0,,0.0
0-203-0-11201020001,SCE,06:00,1965-07-11T06:00Z,0.0,,0.0
0-203-0-11201020001,SCE,06:00,1965-07-12T06:00Z,0.0,,0.0
0-203-0-11201020001,SCE,06:00,1965-07-13T06:00Z,0.0,,0.0
0-203-0-11201020001,SCE,06:00,1965-07-14T06:00Z,0.0,,0.0
0-203-0-11201020001,SCE,06:00,1965-07-15T06:00Z,0.0,,0.0
0-203-0-11201020001,SCE,06:00,1965-07-16T06:00Z,0.0,,0.0
0-203-0-11201020001,SCE,06:00,1965-07-17T06:00Z,0.0,,0.0
0-203-0-11201020001,SCE,06:00,1965-07-18T06:00Z,0.0,,0.0
0-203-0-11201020001,SCE,06:00,1965-07-19T06:00Z,0.0,,0.0
0-203-0-11201020001,SCE,06:00,1965-07-20T06:00Z,0.0,,0.0
0-203-0-11201020001,SCE,06:00,1965-07-21T06:00Z,0.0,,0.0
0-203-0-11201020001,SCE,06:00,1965-07-22T06:00Z,0.0,,0.0
0-203-0-11201020001,SCE,06:00,1965-07-23T06:00Z,0.0,,0.0
0-203-0-11201020001,SCE,06:00,1965-07-24T06:00Z,0.0,,0.0
0-203-0-11201020001,SCE,06:00,1965-07-25T06:00Z,0.0,,0.0
0-203-0-11201020001,SCE,06:00,1965-07-26T06:00Z,0.0,,0.0
0-203-0-11201020001,SCE,06:00,1965-07-27T06:00Z,0.0,,0.0
0-203-0-11201020001,SCE,06:00,1965-07-28T06:00Z,0.0,,0.0
0-203-0-11201020001,SCE,06:00,1965-07-29T06:00Z,0.0,,0.0
0-203-0-11201020001,SCE,06:00,1965-07-30T06:00Z,0.0,,0.0
0-203-0-11201020001,SCE,06:00,1965-07-31T06:00Z,0.0,,0.0
0-203-0-11201020001,SCE,06:00,1965-08-01T06:00Z,0.0,,0.0
0-203-0-11201020001,SCE,06:00,1965-08-02T06:00Z,0.0,,0.0
0-203-0-11201020001,SCE,06:00,1965-08-03T06:00Z,0.0,,0.0
0-203-0-11201020001,SCE,06:00,1965-08-04T06:00Z,0.0,,0.0
0-203-0-11201020001,SCE,06:00,1965-08-05T06:00Z,0.0,,0.0
0-203-0-11201020001,SCE,06:00,1965-08-06T06:00Z,0.0,,0.0
0-203-0-11201020001,SCE,06:00,1965-08-07T06:00Z,0.0,,0.0
0-203-0-11201020001,SCE,06:00,1965-08-08T06:00Z,0.0,,0.0
0-203-0-11201020001,SCE,06:00,1965-08-09T06:00Z,0.0,,0.0
0-203-0-11201020001,SCE,06:00,1965-08-10T06:00Z,0.0,,0.0
0-203-0-11201020001,SCE,06:00,1965-08-11T06:00Z,0.0,,0.0
0-203-0-11201020001,SCE,06:00,1965-08-12T06:00Z,0.0,,0.0
0-203-0-11201020001,SCE,06:00,1965-08-13T06:00Z,0.0,,0.0
0-203-0-11201020001,SCE,06:00,1965-08-14T06:00Z,0.0,,0.0
0-203-0-11201020001,SCE,06:00,1965-08-15T06:00Z,0.0,,0.0
0-203-0-11201020001,SCE,06:00,1965-08-16T06:00Z,0.0,,0.0
0-203-0-11201020001,SCE,06:00,1965-08-17T06:00Z,0.0,,0.0
0-203-0-11201020001,SCE,06:00,1965-08-18T06:00Z,0.0,,0.0
0-203-0-11201020001,SCE,06:00,1965-08-19T06:00Z,0.0,,0.0
0-203-0-11201020001,SCE,06:00,1965-08-20T06:00Z,0.0,,0.0
0-203-0-11201020001,SCE,06:00,1965-08-21T06:00Z,0.0,,0.0
0-203-0-11201020001,SCE,06:00,1965-08-22T06:00Z,0.0,,0.0
0-203-0-11201020001,SCE,06:00,1965-08-23T06:00Z,0.0,,0.0
0-203-0-11201020001,SCE,06:00,1965-08-24T06:00Z,0.0,,0.0
0-203-0-11201020001,SCE,06:00,1965-08-25T06:00Z,0.0,,0.0
0-203-0-11201020001,SCE,06:00,1965-08-26T06:00Z,0.0,,0.0
0-203-0-11201020001,SCE,06:00,1965-08-27T06:00Z,0.0,,0.0
0-203-0-11201020001,SCE,06:00,1965-08-28T06:00Z,0.0,,0.0
0-203-0-11201020001,SCE,06:00,1965-08-29T06:00Z,0.0,,0.0
0-203-0-11201020001,SCE,06:00,1965-08-30T06:00Z,0.0,,0.0
0-203-0-11201020001,SCE,06:00,1965-08-31T06:00Z,0.0,,0.0
0-203-0-11201020001,SCE,06:00,1965-09-01T06:00Z,0.0,,0.0
0-203-0-11201020001,SCE,06:00,1965-09-02T06:00Z,0.0,,0.0
0-203-0-11201020001,SCE,06:00,1965-09-03T06:00Z,0.0,,0.0
0-203-0-11201020001,SCE,06:00,1965-09-04T06:00Z,0.0,,0.0
0-203-0-11201020001,SCE,06:00,1965-09-05T06:00Z,0.0,,0.0
0-203-0-11201020001,SCE,06:00,1965-09-06T06:00Z,0.0,,0.0
0-203-0-11201020001,SCE,06:00,1965-09-07T06:00Z,0.0,,0.0
0-203-0-11201020001,SCE,06:00,1965-09-08T06:00Z,0.0,,0.0
0-203-0-11201020001,SCE,06:00,1965-09-09T06:00Z,0.0,,0.0
0-203-0-11201020001,SCE,06:00,1965-09-10T06:00Z,0.0,,0.0
0-203-0-11201020001,SCE,06:00,1965-09-11T06:00Z,0.0,,0.0
0-203-0-11201020001,SCE,06:00,1965-09-12T06:00Z,0.0,,0.0
0-203-0-11201020001,SCE,06:00,1965-09-13T06:00Z,0.0,,0.0
0-203-0-11201020001,SCE,06:00,1965-09-14T06:00Z,0.0,,0.0
0-203-0-11201020001,SCE,06:00,1965-09-15T06:00Z,0.0,,0.0
0-203-0-11201020001,SCE,06:00,1965-09-16T06:00Z,0.0,,0.0
0-203-0-11201020001,SCE,06:00,1965-09-17T06:00Z,0.0,,0.0
0-203-0-11201020001,SCE,06:00,1965-09-18T06:00Z,0.0,,0.0
0-203-0-11201020001,SCE,06:00,1965-09-19T06:00Z,0.0,,0.0
0-203-0-11201020001,SCE,06:00,1965-09-20T06:00Z,0.0,,0.0
0-203-0-11201020001,SCE,06:00,1965-09-21T06:00Z,0.0,,0.0
0-203-0-11201020001,SCE,06:00,1965-09-22T06:00Z,0.0,,0.0
0-203-0-11201020001,SCE,06:00,1965-09-23T06:00Z,0.0,,0.0
0-203-0-11201020001,SCE,06:00,1965-09-24T06:00Z,0.0,,0.0
0-203-0-11201020001,SCE,06:00,1965-09-25T06:00Z,0.0,,0.0
0-203-0-11201020001,SCE,06:00,1965-09-26T06:00Z,0.0,,0.0
0-203-0-11201020001,SCE,06:00,1965-09-27T06:00Z,0.0,,0.0
0-203-0-11201020001,SCE,06:00,1965-09-28T06:00Z,0.0,,0.0
0-203-0-11201020001,SCE,06:00,1965-09-29T06:00Z,0.0,,0.0
0-203-0-11201020001,SCE,06:00,1965-09-30T06:00Z,0.0,,0.0
0-203-0-11201020001,SCE,06:00,1965-10-01T06:00Z,0.0,,0.0
0-203-0-11201020001,SCE,06:00,1965-10-02T06:00Z,0.0,,0.0
0-203-0-11201020001,SCE,06:00,1965-10-03T06:00Z,0.0,,0.0
0-203-0-11201020001,SCE,06:00,1965-10-04T06:00Z,0.0,,0.0
0-203-0-11201020001,SCE,06:00,1965-10-05T06:00Z,0.0,,0.0
0-203-0-11201020001,SCE,06:00,1965-10-06T06:00Z,0.0,,0.0
0-203-0-11201020001,SCE,06:00,1965-10-07T06:00Z,0.0,,0.0
0-203-0-11201020001,SCE,06:00,1965-10-08T06:00Z,0.0,,0.0
0-203-0-11201020001,SCE,06:00,1965-10-09T06:00Z,0.0,,0.0
0-203-0-11201020001,SCE,06:00,1965-10-10T06:00Z,0.0,,0.0
0-203-0-11201020001,SCE,06:00,1965-10-11T06:00Z,0.0,,0.0
0-203-0-11201020001,SCE,06:00,1965-10-12T06:00Z,0.0,,0.0
0-203-0-11201020001,SCE,06:00,1965-10-13T06:00Z,0.0,,0.0
0-203-0-11201020001,SCE,06:00,1965-10-14T06:00Z,0.0,,0.0
0-203-0-11201020001,SCE,06:00,1965-10-15T06:00Z,0.0,,0.0
0-203-0-11201020001,SCE,06:00,1965-10-16T06:00Z,0.0,,0.0
0-203-0-11201020001,SCE,06:00,1965-10-17T06:00Z,0.0,,0.0
0-203-0-11201020001,SCE,06:00,1965-10-18T06:00Z,0.0,,0.0
0-203-0-11201020001,SCE,06:00,1965-10-19T06:00Z,0.0,,0.0
0-203-0-11201020001,SCE,06:00,1965-10-20T06:00Z,0.0,,0.0
0-203-0-11201020001,SCE,06:00,1965-10-21T06:00Z,0.0,,0.0
0-203-0-11201020001,SCE,06:00,1965-10-22T06:00Z,0.0,,0.0
0-203-0-11201020001,SCE,06:00,1965-10-23T06:00Z,0.0,,0.0
0-203-0-11201020001,SCE,06:00,1965-10-24T06:00Z,0.0,,0.0
0-203-0-11201020001,SCE,06:00,1965-10-25T06:00Z,0.0,,0.0
0-203-0-11201020001,SCE,06:00,1965-10-26T06:00Z,0.0,,0.0
0-203-0-11201020001,SCE,06:00,1965-10-27T06:00Z,0.0,,0.0
0-203-0-11201020001,SCE,06:00,1965-10-28T06:00Z,0.0,,0.0
0-203-0-11201020001,SCE,06:00,1965-10-29T06:00Z,0.0,,0.0
0-203-0-11201020001,SCE,06:00,1965-10-30T06:00Z,0.0,,0.0
0-203-0-11201020001,SCE,06:00,1965-10-31T06:00Z,0.0,,0.0
0-203-0-11201020001,SCE,06:00,1965-11-01T06:00Z,0.0,,0.0
0-203-0-11201020001,SCE,06:00,1965-11-02T06:00Z,0.0,,0.0
0-203-0-11201020001,SCE,06:00,1965-11-03T06:00Z,0.0,,0.0
0-203-0-11201020001,SCE,06:00,1965-11-04T06:00Z,0.0,,0.0
0-203-0-11201020001,SCE,06:00,1965-11-05T06:00Z,0.0,,0.0
0-203-0-11201020001,SCE,06:00,1965-11-06T06:00Z,0.0,,0.0
0-203-0-11201020001,SCE,06:00,1965-11-07T06:00Z,0.0,,0.0
0-203-0-11201020001,SCE,06:00,1965-11-08T06:00Z,0.0,,0.0
0-203-0-11201020001,SCE,06:00,1965-11-09T06:00Z,0.0,,0.0
0-203-0-11201020001,SCE,06:00,1965-11-10T06:00Z,0.0,,0.0
0-203-0-11201020001,SCE,06:00,1965-11-11T06:00Z,0.0,,0.0
0-203-0-11201020001,SCE,06:00,1965-11-12T06:00Z,8.0,,0.0
0-203-0-11201020001,SCE,06:00,1965-11-13T06:00Z,4.0,,0.0
0-203-0-11201020001,SCE,06:00,1965-11-14T06:00Z,2.0,,0.0
0-203-0-11201020001,SCE,06:00,1965-11-15T06:00Z,2.0,,0.0
0-203-0-11201020001,SCE,06:00,1965-11-16T06:00Z,2.0,,0.0
0-203-0-11201020001,SCE,06:00,1965-11-17T06:00Z,2.0,,0.0
0-203-0-11201020001,SCE,06:00,1965-11-18T06:00Z,2.0,,0.0
0-203-0-11201020001,SCE,06:00,1965-11-19T06:00Z,9.0,,0.0
0-203-0-11201020001,SCE,06:00,1965-11-20T06:00Z,3.0,,0.0
0-203-0-11201020001,SCE,06:00,1965-11-21T06:00Z,1.0,,0.0
0-203-0-11201020001,SCE,06:00,1965-11-22T06:00Z,0.0,N,0.0
0-203-0-11201020001,SCE,06:00,1965-11-23T06:00Z,0.0,N,0.0
0-203-0-11201020001,SCE,06:00,1965-11-24T06:00Z,0.0,N,0.0
0-203-0-11201020001,SCE,06:00,1965-11-25T06:00Z,0.0,N,0.0
0-203-0-11201020001,SCE,06:00,1965-11-26T06:00Z,0.0,N,0.0
0-203-0-11201020001,SCE,06:00,1965-11-27T06:00Z,0.0,P,0.0
0-203-0-11201020001,SCE,06:00,1965-11-28T06:00Z,0.0,,0.0
0-203-0-11201020001,SCE,06:00,1965-11-29T06:00Z,0.0,,0.0
0-203-0-11201020001,SCE,06:00,1965-11-30T06:00Z,0.0,,0.0
0-203-0-11201020001,SCE,06:00,1965-12-01T06:00Z,0.0,,0.0
0-203-0-11201020001,SCE,06:00,1965-12-02T06:00Z,0.0,,0.0
0-203-0-11201020001,SCE,06:00,1965-12-03T06:00Z,0.0,,0.0
0-203-0-11201020001,SCE,06:00,1965-12-04T06:00Z,0.0,,0.0
0-203-0-11201020001,SCE,06:00,1965-12-05T06:00Z,0.0,,0.0
0-203-0-11201020001,SCE,06:00,1965-12-06T06:00Z,0.0,,0.0
0-203-0-11201020001,SCE,06:00,1965-12-07T06:00Z,0.0,,0.0
0-203-0-11201020001,SCE,06:00,1965-12-08T06:00Z,0.0,,0.0
0-203-0-11201020001,SCE,06:00,1965-12-09T06:00Z,0.0,,0.0
0-203-0-11201020001,SCE,06:00,1965-12-10T06:00Z,0.0,,0.0
0-203-0-11201020001,SCE,06:00,1965-12-11T06:00Z,0.0,,0.0
0-203-0-11201020001,SCE,06:00,1965-12-12T06:00Z,0.0,,0.0
0-203-0-11201020001,SCE,06:00,1965-12-13T06:00Z,0.0,,0.0
0-203-0-11201020001,SCE,06:00,1965-12-14T06:00Z,0.0,,0.0
0-203-0-11201020001,SCE,06:00,1965-12-15T06:00Z,0.0,,0.0
0-203-0-11201020001,SCE,06:00,1965-12-16T06:00Z,0.0,,0.0
0-203-0-11201020001,SCE,06:00,1965-12-17T06:00Z,0.0,,0.0
0-203-0-11201020001,SCE,06:00,1965-12-18T06:00Z,0.0,,0.0
0-203-0-11201020001,SCE,06:00,1965-12-19T06:00Z,0.0,,0.0
0-203-0-11201020001,SCE,06:00,1965-12-20T06:00Z,0.0,,0.0
0-203-0-11201020001,SCE,06:00,1965-12-21T06:00Z,0.0,,0.0
0-203-0-11201020001,SCE,06:00,1965-12-22T06:00Z,0.0,,0.0
0-203-0-11201020001,SCE,06:00,1965-12-23T06:00Z,0.0,,0.0
0-203-0-11201020001,SCE,06:00,1965-12-24T06:00Z,3.0,,0.0
0-203-0-11201020001,SCE,06:00,1965-12-25T06:00Z,0.0,N,0.0
0-203-0-11201020001,SCE,06:00,1965-12-26T06:00Z,0.0,,0.0
0-203-0-11201020001,SCE,06:00,1965-12-27T06:00Z,0.0,,0.0
0-203-0-11201020001,SCE,06:00,1965-12-28T06:00Z,0.0,,0.0
0-203-0-11201020001,SCE,06:00,1965-12-29T06:00Z,0.0,,0.0
0-203-0-11201020001,SCE,06:00,1965-12-30T06:00Z,0.0,,0.0
0-203-0-11201020001,SCE,06:00,1965-12-31T06:00Z,0.0,,0.0
0-203-0-11201020001,SCE,06:00,2019-01-01T06:00Z,0.0,,0.0
0-203-0-11201020001,SCE,06:00,2019-01-02T06:00Z,0.0,,0.0
0-203-0-11201020001,SCE,06:00,2019-01-03T06:00Z,0.0,,0.0
0-203-0-11201020001,SCE,06:00,2019-01-04T06:00Z,0.0,P,3.0
0-203-0-11201020001,SCE,06:00,2019-01-05T06:00Z,0.0,N,3.0
0-203-0-11201020001,SCE,06:00,2019-01-06T06:00Z,0.0,,0.0
0-203-0-11201020001,SCE,06:00,2019-01-07T06:00Z,0.0,,0.0
0-203-0-11201020001,SCE,06:00,2019-01-08T06:00Z,0.0,,0.0
0-203-0-11201020001,SCE,06:00,2019-01-09T06:00Z,0.0,,0.0
0-203-0-11201020001,SCE,06:00,2019-01-10T06:00Z,2.0,,3.0
0-203-0-11201020001,SCE,06:00,2019-01-11T06:00Z,1.0,,3.0
0-203-0-11201020001,SCE,06:00,2019-01-12T06:00Z,1.0,,3.0
0-203-0-11201020001,SCE,06:00,2019-01-13T06:00Z,0.0,,0.0
0-203-0-11201020001,SCE,06:00,2019-01-14T06:00Z,0.0,,0.0
0-203-0-11201020001,SCE,06:00,2019-01-15T06:00Z,0.0,N,3.0
0-203-0-11201020001,SCE,06:00,2019-01-16T06:00Z,0.0,,0.0
0-203-0-11201020001,SCE,06:00,2019-01-17T06:00Z,0.0,,0.0
0-203-0-11201020001,SCE,06:00,2019-01-18T06:00Z,0.0,,0.0
0-203-0-11201020001,SCE,06:00,2019-01-19T06:00Z,0.0,,0.0
0-203-0-11201020001,SCE,06:00,2019-01-20T06:00Z,0.0,,0.0
0-203-0-11201020001,SCE,06:00,2019-01-21T06:00Z,0.0,,0.0
0-203-0-11201020001,SCE,06:00,2019-01-22T06:00Z,0.0,,0.0
0-203-0-11201020001,SCE,06:00,2019-01-23T06:00Z,0.0,,0.0
0-203-0-11201020001,SCE,06:00,2019-01-24T06:00Z,0.0,,0.0
0-203-0-11201020001,SCE,06:00,2019-01-25T06:00Z,0.0,,0.0
0-203-0-11201020001,SCE,06:00,2019-01-26T06:00Z,1.0,,3.0
0-203-0-11201020001,SCE,06:00,2019-01-27T06:00Z,0.0,,0.0
0-203-0-11201020001,SCE,06:00,2019-01-28T06:00Z,0.0,,0.0
0-203-0-11201020001,SCE,06:00,2019-01-29T06:00Z,0.0,,0.0
0-203-0-11201020001,SCE,06:00,2019-01-30T06:00Z,0.0,,0.0
0-203-0-11201020001,SCE,06:00,2019-01-31T06:00Z,0.0,,0.0
0-203-0-11201020001,SCE,06:00,2019-02-01T06:00Z,0.0,,0.0
0-203-0-11201020001,SCE,06:00,2019-02-02T06:00Z,0.0,,0.0
0-203-0-11201020001,SCE,06:00,2019-02-03T06:00Z,1.0,,3.0
0-203-0-11201020001,SCE,06:00,2019-02-04T06:00Z,10.0,,0.0
0-203-0-11201020001,SCE,06:00,2019-02-05T06:00Z,7.0,,0.0
0-203-0-11201020001,SCE,06:00,2019-02-06T06:00Z,7.0,,0.0
0-203-0-11201020001,SCE,06:00,2019-02-07T06:00Z,7.0,,0.0
0-203-0-11201020001,SCE,06:00,2019-02-08T06:00Z,7.0,,0.0
0-203-0-11201020001,SCE,06:00,2019-02-09T06:00Z,2.0,,0.0
0-203-0-11201020001,SCE,06:00,2019-02-10T06:00Z,1.0,,0.0
0-203-0-11201020001,SCE,06:00,2019-02-11T06:00Z,0.0,,0.0
0-203-0-11201020001,SCE,06:00,2019-02-12T06:00Z,0.0,P,3.0
0-203-0-11201020001,SCE,06:00,2019-02-13T06:00Z,0.0,,0.0
0-203-0-11201020001,SCE,06:00,2019-02-14T06:00Z,0.0,,0.0
0-203-0-11201020001,SCE,06:00,2019-02-15T06:00Z,0.0,,0.0
0-203-0-11201020001,SCE,06:00,2019-02-16T06:00Z,0.0,,0.0
0-203-0-11201020001,SCE,06:00,2019-02-17T06:00Z,0.0,,0.0
0-203-0-11201020001,SCE,06:00,2019-02-18T06:00Z,0.0,,0.0
0-203-0-11201020001,SCE,06:00,2019-02-19T06:00Z,0.0,,0.0
0-203-0-11201020001,SCE,06:00,2019-02-20T06:00Z,0.0,,0.0
0-203-0-11201020001,SCE,06:00,2019-02-21T06:00Z,0.0,,0.0
0-203-0-11201020001,SCE,06:00,2019-02-22T06:00Z,0.0,,0.0
0-203-0-11201020001,SCE,06:00,2019-02-23T06:00Z,0.0,,0.0
0-203-0-11201020001,SCE,06:00,2019-02-24T06:00Z,0.0,,0.0
0-203-0-11201020001,SCE,06:00,2019-02-25T06:00Z,0.0,,0.0
0-203-0-11201020001,SCE,06:00,2019-02-26T06:00Z,0.0,,0.0
0-203-0-11201020001,SCE,06:00,2019-02-27T06:00Z,0.0,,0.0
0-203-0-11201020001,SCE,06:00,2019-02-28T06:00Z,0.0,,0.0
0-203-0-11201020001,SCE,06:00,2019-03-01T06:00Z,0.0,,0.0
0-203-0-11201020001,SCE,06:00,2019-03-02T06:00Z,0.0,,0.0
0-203-0-11201020001,SCE,06:00,2019-03-03T06:00Z,0.0,,0.0
0-203-0-11201020001,SCE,06:00,2019-03-04T06:00Z,0.0,,0.0
0-203-0-11201020001,SCE,06:00,2019-03-05T06:00Z,0.0,,0.0
0-203-0-11201020001,SCE,06:00,2019-03-06T06:00Z,0.0,,0.0
0-203-0-11201020001,SCE,06:00,2019-03-07T06:00Z,0.0,,0.0
0-203-0-11201020001,SCE,06:00,2019-03-08T06:00Z,0.0,,0.0
0-203-0-11201020001,SCE,06:00,2019-03-09T06:00Z,0.0,,0.0
0-203-0-11201020001,SCE,06:00,2019-03-10T06:00Z,0.0,,0.0
0-203-0-11201020001,SCE,06:00,2019-03-11T06:00Z,0.0,,0.0
0-203-0-11201020001,SCE,06:00,2019-03-12T06:00Z,0.0,,0.0
0-203-0-11201020001,SCE,06:00,2019-03-13T06:00Z,0.0,,0.0
0-203-0-11201020001,SCE,06:00,2019-03-14T06:00Z,0.0,,0.0
0-203-0-11201020001,SCE,06:00,2019-03-15T06:00Z,0.0,,0.0
0-203-0-11201020001,SCE,06:00,2019-03-16T06:00Z,0.0,,0.0
0-203-0-11201020001,SCE,06:00,2019-03-17T06:00Z,0.0,,0.0
0-203-0-11201020001,SCE,06:00,2019-03-18T06:00Z,0.0,,0.0
0-203-0-11201020001,SCE,06:00,2019-03-19T06:00Z,0.0,,0.0
0-203-0-11201020001,SCE,06:00,2019-03-20T06:00Z,0.0,,0.0
0-203-0-11201020001,SCE,06:00,2019-03-21T06:00Z,0.0,,0.0
0-203-0-11201020001,SCE,06:00,2019-03-22T06:00Z,0.0,,0.0
0-203-0-11201020001,SCE,06:00,2019-03-23T06:00Z,0.0,,0.0
0-203-0-11201020001,SCE,06:00,2019-03-24T06:00Z,0.0,,0.0
0-203-0-11201020001,SCE,06:00,2019-03-25T06:00Z,0.0,,0.0
0-203-0-11201020001,SCE,06:00,2019-03-26T06:00Z,0.0,,0.0
0-203-0-11201020001,SCE,06:00,2019-03-27T06:00Z,0.0,,0.0
0-203-0-11201020001,SCE,06:00,2019-03-28T06:00Z,0.0,,0.0
0-203-0-11201020001,SCE,06:00,2019-03-29T06:00Z,0.0,,0.0
0-203-0-11201020001,SCE,06:00,2019-03-30T06:00Z,0.0,,0.0
0-203-0-11201020001,SCE,06:00,2019-03-31T06:00Z,0.0,,0.0
0-203-0-11201020001,SCE,06:00,2019-04-01T06:00Z,0.0,,0.0
0-203-0-11201020001,SCE,06:00,2019-04-02T06:00Z,0.0,,0.0
0-203-0-11201020001,SCE,06:00,2019-04-03T06:00Z,0.0,,0.0
0-203-0-11201020001,SCE,06:00,2019-04-04T06:00Z,0.0,,0.0
0-203-0-11201020001,SCE,06:00,2019-04-05T06:00Z,0.0,,0.0
0-203-0-11201020001,SCE,06:00,2019-04-06T06:00Z,0.0,,0.0
0-203-0-11201020001,SCE,06:00,2019-04-07T06:00Z,0.0,,0.0
0-203-0-11201020001,SCE,06:00,2019-04-08T06:00Z,0.0,,0.0
0-203-0-11201020001,SCE,06:00,2019-04-09T06:00Z,0.0,,0.0
0-203-0-11201020001,SCE,06:00,2019-04-10T06:00Z,0.0,,0.0
0-203-0-11201020001,SCE,06:00,2019-04-11T06:00Z,0.0,,0.0
0-203-0-11201020001,SCE,06:00,2019-04-12T06:00Z,0.0,,0.0
0-203-0-11201020001,SCE,06:00,2019-04-13T06:00Z,0.0,,0.0
0-203-0-11201020001,SCE,06:00,2019-04-14T06:00Z,0.0,,0.0
0-203-0-11201020001,SCE,06:00,2019-04-15T06:00Z,0.0,,0.0
0-203-0-11201020001,SCE,06:00,2019-04-16T06:00Z,0.0,,0.0
0-203-0-11201020001,SCE,06:00,2019-04-17T06:00Z,0.0,,0.0
0-203-0-11201020001,SCE,06:00,2019-04-18T06:00Z,0.0,,0.0
0-203-0-11201020001,SCE,06:00,2019-04-19T06:00Z,0.0,,0.0
0-203-0-11201020001,SCE,06:00,2019-04-20T06:00Z,0.0,,0.0
0-203-0-11201020001,SCE,06:00,2019-04-21T06:00Z,0.0,,0.0
0-203-0-11201020001,SCE,06:00,2019-04-22T06:00Z,0.0,,0.0
0-203-0-11201020001,SCE,06:00,2019-04-23T06:00Z,0.0,,0.0
0-203-0-11201020001,SCE,06:00,2019-04-24T06:00Z,0.0,,0.0
0-203-0-11201020001,SCE,06:00,2019-04-25T06:00Z,0.0,,0.0
0-203-0-11201020001,SCE,06:00,2019-04-26T06:00Z,0.0,,0.0
0-203-0-11201020001,SCE,06:00,2019-04-27T06:00Z,0.0,,0.0
0-203-0-11201020001,SCE,06:00,2019-04-28T06:00Z,0.0,,0.0
0-203-0-11201020001,SCE,06:00,2019-04-29T06:00Z,0.0,,0.0
0-203-0-11201020001,SCE,06:00,2019-04-30T06:00Z,0.0,,0.0
0-203-0-11201020001,SCE,06:00,2019-05-01T06:00Z,0.0,,0.0
0-203-0-11201020001,SCE,06:00,2019-05-02T06:00Z,0.0,,0.0
0-203-0-11201020001,SCE,06:00,2019-05-03T06:00Z,0.0,,0.0
0-203-0-11201020001,SCE,06:00,2019-05-04T06:00Z,0.0,,0.0
0-203-0-11201020001,SCE,06:00,2019-05-05T06:00Z,0.0,,0.0
0-203-0-11201020001,SCE,06:00,2019-05-06T06:00Z,0.0,,0.0
0-203-0-11201020001,SCE,06:00,2019-05-07T06:00Z,0.0,,0.0
0-203-0-11201020001,SCE,06:00,2019-05-08T06:00Z,0.0,,0.0
0-203-0-11201020001,SCE,06:00,2019-05-09T06:00Z,0.0,,0.0
0-203-0-11201020001,SCE,06:00,2019-05-10T06:00Z,0.0,,0.0
0-203-0-11201020001,SCE,06:00,2019-05-11T06:00Z,0.0,,0.0
0-203-0-11201020001,SCE,06:00,2019-05-12T06:00Z,0.0,,0.0
0-203-0-11201020001,SCE,06:00,2019-05-13T06:00Z,0.0,,0.0
0-203-0-11201020001,SCE,06:00,2019-05-14T06:00Z,0.0,,0.0
0-203-0-11201020001,SCE,06:00,2019-05-15T06:00Z,0.0,,0.0
0-203-0-11201020001,SCE,06:00,2019-05-16T06:00Z,0.0,,0.0
0-203-0-11201020001,SCE,06:00,2019-05-17T06:00Z,0.0,,0.0
0-203-0-11201020001,SCE,06:00,2019-05-18T06:00Z,0.0,,0.0
0-203-0-11201020001,SCE,06:00,2019-05-19T06:00Z,0.0,,0.0
0-203-0-11201020001,SCE,06:00,2019-05-20T06:00Z,0.0,,0.0
0-203-0-11201020001,SCE,06:00,2019-05-21T06:00Z,0.0,,0.0
0-203-0-11201020001,SCE,06:00,2019-05-22T06:00Z,0.0,,0.0
0-203-0-11201020001,SCE,06:00,2019-05-23T06:00Z,0.0,,0.0
0-203-0-11201020001,SCE,06:00,2019-05-24T06:00Z,0.0,,0.0
0-203-0-11201020001,SCE,06:00,2019-05-25T06:00Z,0.0,,0.0
0-203-0-11201020001,SCE,06:00,2019-05-26T06:00Z,0.0,,0.0
0-203-0-11201020001,SCE,06:00,2019-05-27T06:00Z,0.0,,0.0
0-203-0-11201020001,SCE,06:00,2019-05-28T06:00Z,0.0,,0.0
0-203-0-11201020001,SCE,06:00,2019-05-29T06:00Z,0.0,,0.0
0-203-0-11201020001,SCE,06:00,2019-05-30T06:00Z,0.0,,0.0
0-203-0-11201020001,SCE,06:00,2019-05-31T06:00Z,0.0,,0.0
0-203-0-11201020001,SCE,06:00,2019-06-01T06:00Z,0.0,,0.0
0-203-0-11201020001,SCE,06:00,2019-06-02T06:00Z,0.0,,0.0
0-203-0-11201020001,SCE,06:00,2019-06-03T06:00Z,0.0,,0.0
0-203-0-11201020001,SCE,06:00,2019-06-04T06:00Z,0.0,,0.0
0-203-0-11201020001,SCE,06:00,2019-06-05T06:00Z,0.0,,0.0
0-203-0-11201020001,SCE,06:00,2019-06-06T06:00Z,0.0,,0.0
0-203-0-11201020001,SCE,06:00,2019-06-07T06:00Z,0.0,,0.0
0-203-0-11201020001,SCE,06:00,2019-06-08T06:00Z,0.0,,0.0
0-203-0-11201020001,SCE,06:00,2019-06-09T06:00Z,0.0,,0.0
0-203-0-11201020001,SCE,06:00,2019-06-10T06:00Z,0.0,,0.0
0-203-0-11201020001,SCE,06:00,2019-06-11T06:00Z,0.0,,0.0
0-203-0-11201020001,SCE,06:00,2019-06-12T06:00Z,0.0,,0.0
0-203-0-11201020001,SCE,06:00,2019-06-13T06:00Z,0.0,,0.0
0-203-0-11201020001,SCE,06:00,2019-06-14T06:00Z,0.0,,0.0
0-203-0-11201020001,SCE,06:00,2019-06-15T06:00Z,0.0,,0.0
0-203-0-11201020001,SCE,06:00,2019-06-16T06:00Z,0.0,,0.0
0-203-0-11201020001,SCE,06:00,2019-06-17T06:00Z,0.0,,0.0
0-203-0-11201020001,SCE,06:00,2019-06-18T06:00Z,0.0,,0.0
0-203-0-11201020001,SCE,06:00,2019-06-19T06:00Z,0.0,,0.0
0-203-0-11201020001,SCE,06:00,2019-06-20T06:00Z,0.0,,0.0
0-203-0-11201020001,SCE,06:00,2019-06-21T06:00Z,0.0,,0.0
0-203-0-11201020001,SCE,06:00,2019-06-22T06:00Z,0.0,,0.0
0-203-0-11201020001,SCE,06:00,2019-06-23T06:00Z,0.0,,0.0
0-203-0-11201020001,SCE,06:00,2019-06-24T06:00Z,0.0,,0.0
0-203-0-11201020001,SCE,06:00,2019-06-25T06:00Z,0.0,,0.0
0-203-0-11201020001,SCE,06:00,2019-06-26T06:00Z,0.0,,0.0
0-203-0-11201020001,SCE,06:00,2019-06-27T06:00Z,0.0,,0.0
0-203-0-11201020001,SCE,06:00,2019-06-28T06:00Z,0.0,,0.0
0-203-0-11201020001,SCE,06:00,2019-06-29T06:00Z,0.0,,0.0
0-203-0-11201020001,SCE,06:00,2019-06-30T06:00Z,0.0,,0.0
0-203-0-11201020001,SCE,06:00,2019-07-01T06:00Z,0.0,,0.0
0-203-0-11201020001,SCE,06:00,2019-07-02T06:00Z,0.0,,0.0
0-203-0-11201020001,SCE,06:00,2019-07-03T06:00Z,0.0,,0.0
0-203-0-11201020001,SCE,06:00,2019-07-04T06:00Z,0.0,,0.0
0-203-0-11201020001,SCE,06:00,2019-07-05T06:00Z,0.0,,0.0
0-203-0-11201020001,SCE,06:00,2019-07-06T06:00Z,0.0,,0.0
0-203-0-11201020001,SCE,06:00,2019-07-07T06:00Z,0.0,,0.0
0-203-0-11201020001,SCE,06:00,2019-07-08T06:00Z,0.0,,0.0
0-203-0-11201020001,SCE,06:00,2019-07-09T06:00Z,0.0,,0.0
0-203-0-11201020001,SCE,06:00,2019-07-10T06:00Z,0.0,,0.0
0-203-0-11201020001,SCE,06:00,2019-07-11T06:00Z,0.0,,0.0
0-203-0-11201020001,SCE,06:00,2019-07-12T06:00Z,0.0,,0.0
0-203-0-11201020001,SCE,06:00,2019-07-13T06:00Z,0.0,,0.0
0-203-0-11201020001,SCE,06:00,2019-07-14T06:00Z,0.0,,0.0
0-203-0-11201020001,SCE,06:00,2019-07-15T06:00Z,0.0,,0.0
0-203-0-11201020001,SCE,06:00,2019-07-16T06:00Z,0.0,,0.0
0-203-0-11201020001,SCE,06:00,2019-07-17T06:00Z,0.0,,0.0
0-203-0-11201020001,SCE,06:00,2019-07-18T06:00Z,0.0,,0.0
0-203-0-11201020001,SCE,06:00,2019-07-19T06:00Z,0.0,,0.0
0-203-0-11201020001,SCE,06:00,2019-07-20T06:00Z,0.0,,0.0
0-203-0-11201020001,SCE,06:00,2019-07-21T06:00Z,0.0,,0.0
0-203-0-11201020001,SCE,06:00,2019-07-22T06:00Z,0.0,,0.0
0-203-0-11201020001,SCE,06:00,2019-07-23T06:00Z,0.0,,0.0
0-203-0-11201020001,SCE,06:00,2019-07-24T06:00Z,0.0,,0.0
0-203-0-11201020001,SCE,06:00,2019-07-25T06:00Z,0.0,,0.0
0-203-0-11201020001,SCE,06:00,2019-07-26T06:00Z,0.0,,0.0
0-203-0-11201020001,SCE,06:00,2019-07-27T06:00Z,0.0,,0.0
0-203-0-11201020001,SCE,06:00,2019-07-28T06:00Z,0.0,,0.0
0-203-0-11201020001,SCE,06:00,2019-07-29T06:00Z,0.0,,0.0
0-203-0-11201020001,SCE,06:00,2019-07-30T06:00Z,0.0,,0.0
0-203-0-11201020001,SCE,06:00,2019-07-31T06:00Z,0.0,,0.0
0-203-0-11201020001,SCE,06:00,2019-08-01T06:00Z,0.0,,0.0
0-203-0-11201020001,SCE,06:00,2019-08-02T06:00Z,0.0,,0.0
0-203-0-11201020001,SCE,06:00,2019-08-03T06:00Z,0.0,,0.0
0-203-0-11201020001,SCE,06:00,2019-08-04T06:00Z,0.0,,0.0
0-203-0-11201020001,SCE,06:00,2019-08-05T06:00Z,0.0,,0.0
0-203-0-11201020001,SCE,06:00,2019-08-06T06:00Z,0.0,,0.0
0-203-0-11201020001,SCE,06:00,2019-08-07T06:00Z,0.0,,0.0
0-203-0-11201020001,SCE,06:00,2019-08-08T06:00Z,0.0,,0.0
0-203-0-11201020001,SCE,06:00,2019-08-09T06:00Z,0.0,,0.0
0-203-0-11201020001,SCE,06:00,2019-08-10T06:00Z,0.0,,0.0
0-203-0-11201020001,SCE,06:00,2019-08-11T06:00Z,0.0,,0.0
0-203-0-11201020001,SCE,06:00,2019-08-12T06:00Z,0.0,,0.0
0-203-0-11201020001,SCE,06:00,2019-08-13T06:00Z,0.0,,0.0
0-203-0-11201020001,SCE,06:00,2019-08-14T06:00Z,0.0,,0.0
0-203-0-11201020001,SCE,06:00,2019-08-15T06:00Z,0.0,,0.0
0-203-0-11201020001,SCE,06:00,2019-08-16T06:00Z,0.0,,0.0
0-203-0-11201020001,SCE,06:00,2019-08-17T06:00Z,0.0,,0.0
0-203-0-11201020001,SCE,06:00,2019-08-18T06:00Z,0.0,,0.0
0-203-0-11201020001,SCE,06:00,2019-08-19T06:00Z,0.0,,0.0
0-203-0-11201020001,SCE,06:00,2019-08-20T06:00Z,0.0,,0.0
0-203-0-11201020001,SCE,06:00,2019-08-21T06:00Z,0.0,,0.0
0-203-0-11201020001,SCE,06:00,2019-08-22T06:00Z,0.0,,0.0
0-203-0-11201020001,SCE,06:00,2019-08-23T06:00Z,0.0,,0.0
0-203-0-11201020001,SCE,06:00,2019-08-24T06:00Z,0.0,,0.0
0-203-0-11201020001,SCE,06:00,2019-08-25T06:00Z,0.0,,0.0
0-203-0-11201020001,SCE,06:00,2019-08-26T06:00Z,0.0,,0.0
0-203-0-11201020001,SCE,06:00,2019-08-27T06:00Z,0.0,,0.0
0-203-0-11201020001,SCE,06:00,2019-08-28T06:00Z,0.0,,0.0
0-203-0-11201020001,SCE,06:00,2019-08-29T06:00Z,0.0,,0.0
0-203-0-11201020001,SCE,06:00,2019-08-30T06:00Z,0.0,,0.0
0-203-0-11201020001,SCE,06:00,2019-08-31T06:00Z,0.0,,0.0
0-203-0-11201020001,SCE,06:00,2019-09-01T06:00Z,0.0,,0.0
0-203-0-11201020001,SCE,06:00,2019-09-02T06:00Z,0.0,,0.0
0-203-0-11201020001,SCE,06:00,2019-09-03T06:00Z,0.0,,0.0
0-203-0-11201020001,SCE,06:00,2019-09-04T06:00Z,0.0,,0.0
0-203-0-11201020001,SCE,06:00,2019-09-05T06:00Z,0.0,,0.0
0-203-0-11201020001,SCE,06:00,2019-09-06T06:00Z,0.0,,0.0
0-203-0-11201020001,SCE,06:00,2019-09-07T06:00Z,0.0,,0.0
0-203-0-11201020001,SCE,06:00,2019-09-08T06:00Z,0.0,,0.0
0-203-0-11201020001,SCE,06:00,2019-09-09T06:00Z,0.0,,0.0
0-203-0-11201020001,SCE,06:00,2019-09-10T06:00Z,0.0,,0.0
0-203-0-11201020001,SCE,06:00,2019-09-11T06:00Z,0.0,,0.0
0-203-0-11201020001,SCE,06:00,2019-09-12T06:00Z,0.0,,0.0
0-203-0-11201020001,SCE,06:00,2019-09-13T06:00Z,0.0,,0.0
0-203-0-11201020001,SCE,06:00,2019-09-14T06:00Z,0.0,,0.0
0-203-0-11201020001,SCE,06:00,2019-09-15T06:00Z,0.0,,0.0
0-203-0-11201020001,SCE,06:00,2019-09-16T06:00Z,0.0,,0.0
0-203-0-11201020001,SCE,06:00,2019-09-17T06:00Z,0.0,,0.0
0-203-0-11201020001,SCE,06:00,2019-09-18T06:00Z,0.0,,0.0
0-203-0-11201020001,SCE,06:00,2019-09-19T06:00Z,0.0,,0.0
0-203-0-11201020001,SCE,06:00,2019-09-20T06:00Z,0.0,,0.0
0-203-0-11201020001,SCE,06:00,2019-09-21T06:00Z,0.0,,0.0
0-203-0-11201020001,SCE,06:00,2019-09-22T06:00Z,0.0,,0.0
0-203-0-11201020001,SCE,06:00,2019-09-23T06:00Z,0.0,,0.0
0-203-0-11201020001,SCE,06:00,2019-09-24T06:00Z,0.0,,0.0
0-203-0-11201020001,SCE,06:00,2019-09-25T06:00Z,0.0,,0.0
0-203-0-11201020001,SCE,06:00,2019-09-26T06:00Z,0.0,,0.0
0-203-0-11201020001,SCE,06:00,2019-09-27T06:00Z,0.0,,0.0
0-203-0-11201020001,SCE,06:00,2019-09-28T06:00Z,0.0,,0.0
0-203-0-11201020001,SCE,06:00,2019-09-29T06:00Z,0.0,,0.0
0-203-0-11201020001,SCE,06:00,2019-09-30T06:00Z,0.0,,0.0
0-203-0-11201020001,SCE,06:00,2019-10-01T06:00Z,0.0,,0.0
0-203-0-11201020001,SCE,06:00,2019-10-02T06:00Z,0.0,,0.0
0-203-0-11201020001,SCE,06:00,2019-10-03T06:00Z,0.0,,0.0
0-203-0-11201020001,SCE,06:00,2019-10-04T06:00Z,0.0,,0.0
0-203-0-11201020001,SCE,06:00,2019-10-05T06:00Z,0.0,,0.0
0-203-0-11201020001,SCE,06:00,2019-10-06T06:00Z,0.0,,0.0
0-203-0-11201020001,SCE,06:00,2019-10-07T06:00Z,0.0,,0.0
0-203-0-11201020001,SCE,06:00,2019-10-08T06:00Z,0.0,,0.0
0-203-0-11201020001,SCE,06:00,2019-10-09T06:00Z,0.0,,0.0
0-203-0-11201020001,SCE,06:00,2019-10-10T06:00Z,0.0,,0.0
0-203-0-11201020001,SCE,06:00,2019-10-11T06:00Z,0.0,,0.0
0-203-0-11201020001,SCE,06:00,2019-10-12T06:00Z,0.0,,0.0
0-203-0-11201020001,SCE,06:00,2019-10-13T06:00Z,0.0,,0.0
0-203-0-11201020001,SCE,06:00,2019-10-14T06:00Z,0.0,,0.0
0-203-0-11201020001,SCE,06:00,2019-10-15T06:00Z,0.0,,0.0
0-203-0-11201020001,SCE,06:00,2019-10-16T06:00Z,0.0,,0.0
0-203-0-11201020001,SCE,06:00,2019-10-17T06:00Z,0.0,,0.0
0-203-0-11201020001,SCE,06:00,2019-10-18T06:00Z,0.0,,0.0
0-203-0-11201020001,SCE,06:00,2019-10-19T06:00Z,0.0,,0.0
0-203-0-11201020001,SCE,06:00,2019-10-20T06:00Z,0.0,,0.0
0-203-0-11201020001,SCE,06:00,2019-10-21T06:00Z,0.0,,0.0
0-203-0-11201020001,SCE,06:00,2019-10-22T06:00Z,0.0,,0.0
0-203-0-11201020001,SCE,06:00,2019-10-23T06:00Z,0.0,,0.0
0-203-0-11201020001,SCE,06:00,2019-10-24T06:00Z,0.0,,0.0
0-203-0-11201020001,SCE,06:00,2019-10-25T06:00Z,0.0,,0.0
0-203-0-11201020001,SCE,06:00,2019-10-26T06:00Z,0.0,,0.0
0-203-0-11201020001,SCE,06:00,2019-10-27T06:00Z,0.0,,0.0
0-203-0-11201020001,SCE,06:00,2019-10-28T06:00Z,0.0,,0.0
0-203-0-11201020001,SCE,06:00,2019-10-29T06:00Z,0.0,,0.0
0-203-0-11201020001,SCE,06:00,2019-10-30T06:00Z,0.0,,0.0
0-203-0-11201020001,SCE,06:00,2019-10-31T06:00Z,0.0,,0.0
0-203-0-11201020001,SCE,06:00,2019-11-01T06:00Z,0.0,,0.0
0-203-0-11201020001,SCE,06:00,2019-11-02T06:00Z,0.0,,0.0
0-203-0-11201020001,SCE,06:00,2019-11-03T06:00Z,0.0,,0.0
0-203-0-11201020001,SCE,06:00,2019-11-04T06:00Z,0.0,,0.0
0-203-0-11201020001,SCE,06:00,2019-11-05T06:00Z,0.0,,0.0
0-203-0-11201020001,SCE,06:00,2019-11-06T06:00Z,0.0,,0.0
0-203-0-11201020001,SCE,06:00,2019-11-07T06:00Z,0.0,,0.0
0-203-0-11201020001,SCE,06:00,2019-11-08T06:00Z,0.0,,0.0
0-203-0-11201020001,SCE,06:00,2019-11-09T06:00Z,0.0,,0.0
0-203-0-11201020001,SCE,06:00,2019-11-10T06:00Z,0.0,,0.0
0-203-0-11201020001,SCE,06:00,2019-11-11T06:00Z,0.0,,0.0
0-203-0-11201020001,SCE,06:00,2019-11-12T06:00Z,0.0,,0.0
0-203-0-11201020001,SCE,06:00,2019-11-13T06:00Z,0.0,,0.0
0-203-0-11201020001,SCE,06:00,2019-11-14T06:00Z,0.0,,0.0
0-203-0-11201020001,SCE,06:00,2019-11-15T06:00Z,0.0,,0.0
0-203-0-11201020001,SCE,06:00,2019-11-16T06:00Z,0.0,,0.0
0-203-0-11201020001,SCE,06:00,2019-11-17T06:00Z,0.0,,0.0
0-203-0-11201020001,SCE,06:00,2019-11-18T06:00Z,0.0,,0.0
0-203-0-11201020001,SCE,06:00,2019-11-19T06:00Z,0.0,,0.0
0-203-0-11201020001,SCE,06:00,2019-11-20T06:00Z,0.0,,0.0
0-203-0-11201020001,SCE,06:00,2019-11-21T06:00Z,0.0,,0.0
0-203-0-11201020001,SCE,06:00,2019-11-22T06:00Z,0.0,,0.0
0-203-0-11201020001,SCE,06:00,2019-11-23T06:00Z,0.0,,0.0
0-203-0-11201020001,SCE,06:00,2019-11-24T06:00Z,0.0,,0.0
0-203-0-11201020001,SCE,06:00,2019-11-25T06:00Z,0.0,,0.0
0-203-0-11201020001,SCE,06:00,2019-11-26T06:00Z,0.0,,0.0
0-203-0-11201020001,SCE,06:00,2019-11-27T06:00Z,0.0,,0.0
0-203-0-11201020001,SCE,06:00,2019-11-28T06:00Z,0.0,,0.0
0-203-0-11201020001,SCE,06:00,2019-11-29T06:00Z,0.0,,0.0
0-203-0-11201020001,SCE,06:00,2019-11-30T06:00Z,0.0,,0.0
0-203-0-11201020001,SCE,06:00,2019-12-01T06:00Z,0.0,,0.0
0-203-0-11201020001,SCE,06:00,2019-12-02T06:00Z,0.0,,0.0
0-203-0-11201020001,SCE,06:00,2019-12-03T06:00Z,0.0,,0.0
0-203-0-11201020001,SCE,06:00,2019-12-04T06:00Z,0.0,,0.0
0-203-0-11201020001,SCE,06:00,2019-12-05T06:00Z,0.0,,0.0
0-203-0-11201020001,SCE,06:00,2019-12-06T06:00Z,0.0,,0.0
0-203-0-11201020001,SCE,06:00,2019-12-07T06:00Z,0.0,,0.0
0-203-0-11201020001,SCE,06:00,2019-12-08T06:00Z,0.0,,0.0
0-203-0-11201020001,SCE,06:00,2019-12-09T06:00Z,0.0,,0.0
0-203-0-11201020001,SCE,06:00,2019-12-10T06:00Z,0.0,,0.0
0-203-0-11201020001,SCE,06:00,2019-12-11T06:00Z,0.0,,0.0
0-203-0-11201020001,SCE,06:00,2019-12-12T06:00Z,0.0,,0.0
0-203-0-11201020001,SCE,06:00,2019-12-13T06:00Z,0.0,,3.0
0-203-0-11201020001,SCE,06:00,2019-12-14T06:00Z,0.0,,0.0
0-203-0-11201020001,SCE,06:00,2019-12-15T06:00Z,0.0,,0.0
0-203-0-11201020001,SCE,06:00,2019-12-16T06:00Z,0.0,,0.0
0-203-0-11201020001,SCE,06:00,2019-12-17T06:00Z,0.0,,0.0
0-203-0-11201020001,SCE,06:00,2019-12-18T06:00Z,0.0,,0.0
0-203-0-11201020001,SCE,06:00,2019-12-19T06:00Z,0.0,,0.0
0-203-0-11201020001,SCE,06:00,2019-12-20T06:00Z,0.0,,0.0
0-203-0-11201020001,SCE,06:00,2019-12-21T06:00Z,0.0,,0.0
0-203-0-11201020001,SCE,06:00,2019-12-22T06:00Z,0.0,,0.0
0-203-0-11201020001,SCE,06:00,2019-12-23T06:00Z,0.0,,0.0
0-203-0-11201020001,SCE,06:00,2019-12-24T06:00Z,0.0,,0.0
0-203-0-11201020001,SCE,06:00,2019-12-25T06:00Z,0.0,,0.0
0-203-0-11201020001,SCE,06:00,2019-12-26T06:00Z,0.0,,0.0
0-203-0-11201020001,SCE,06:00,2019-12-27T06:00Z,0.0,,0.0
0-203-0-11201020001,SCE,06:00,2019-12-28T06:00Z,0.0,,0.0
0-203-0-11201020001,SCE,06:00,2019-12-29T06:00Z,0.0,,0.0
0-203-0-11201020001,SCE,06:00,2019-12-30T06:00Z,0.0,,0.0
0-203-0-11201020001,SCE,06:00,2019-12-31T06:00Z,0.0,,0.0
0-203-0-11201020001,SCE,06:00,2020-01-01T06:00Z,0.0,,0.0
0-203-0-11201020001,SCE,06:00,2020-01-02T06:00Z,0.0,,0.0
0-203-0-11201020001,SCE,06:00,2020-01-03T06:00Z,0.0,,0.0
0-203-0-11201020001,SCE,06:00,2020-01-04T06:00Z,0.0,,0.0
0-203-0-11201020001,SCE,06:00,2020-01-05T06:00Z,0.0,,0.0
0-203-0-11201020001,SCE,06:00,2020-01-06T06:00Z,0.0,,0.0
0-203-0-11201020001,SCE,06:00,2020-01-07T06:00Z,0.0,,0.0
0-203-0-11201020001,SCE,06:00,2020-01-08T06:00Z,0.0,,0.0
0-203-0-11201020001,SCE,06:00,2020-01-09T06:00Z,0.0,,0.0
0-203-0-11201020001,SCE,06:00,2020-01-10T06:00Z,0.0,,0.0
0-203-0-11201020001,SCE,06:00,2020-01-11T06:00Z,0.0,,0.0
0-203-0-11201020001,SCE,06:00,2020-01-12T06:00Z,0.0,,0.0
0-203-0-11201020001,SCE,06:00,2020-01-13T06:00Z,0.0,,0.0
0-203-0-11201020001,SCE,06:00,2020-01-14T06:00Z,0.0,,0.0
0-203-0-11201020001,SCE,06:00,2020-01-15T06:00Z,0.0,,0.0
0-203-0-11201020001,SCE,06:00,2020-01-16T06:00Z,0.0,,0.0
0-203-0-11201020001,SCE,06:00,2020-01-17T06:00Z,0.0,,0.0
0-203-0-11201020001,SCE,06:00,2020-01-18T06:00Z,0.0,,0.0
0-203-0-11201020001,SCE,06:00,2020-01-19T06:00Z,0.0,,0.0
0-203-0-11201020001,SCE,06:00,2020-01-20T06:00Z,0.0,,0.0
0-203-0-11201020001,SCE,06:00,2020-01-21T06:00Z,0.0,,0.0
0-203-0-11201020001,SCE,06:00,2020-01-22T06:00Z,0.0,,0.0
0-203-0-11201020001,SCE,06:00,2020-01-23T06:00Z,0.0,,0.0
0-203-0-11201020001,SCE,06:00,2020-01-24T06:00Z,0.0,,0.0
0-203-0-11201020001,SCE,06:00,2020-01-25T06:00Z,0.0,,0.0
0-203-0-11201020001,SCE,06:00,2020-01-26T06:00Z,0.0,,0.0
0-203-0-11201020001,SCE,06:00,2020-01-27T06:00Z,0.0,,0.0
0-203-0-11201020001,SCE,06:00,2020-01-28T06:00Z,0.0,,0.0
0-203-0-11201020001,SCE,06:00,2020-01-29T06:00Z,0.0,,0.0
0-203-0-11201020001,SCE,06:00,2020-01-30T06:00Z,0.0,,0.0
0-203-0-11201020001,SCE,06:00,2020-01-31T06:00Z,0.0,,0.0
0-203-0-11201020001,SCE,06:00,2020-02-01T06:00Z,0.0,,0.0
0-203-0-11201020001,SCE,06:00,2020-02-02T06:00Z,0.0,,0.0
0-203-0-11201020001,SCE,06:00,2020-02-03T06:00Z,0.0,,0.0
0-203-0-11201020001,SCE,06:00,2020-02-04T06:00Z,0.0,,0.0
0-203-0-11201020001,SCE,06:00,2020-02-05T06:00Z,0.0,,0.0
0-203-0-11201020001,SCE,06:00,2020-02-06T06:00Z,0.0,,0.0
0-203-0-11201020001,SCE,06:00,2020-02-07T06:00Z,0.0,,0.0
0-203-0-11201020001,SCE,06:00,2020-02-08T06:00Z,0.0,,0.0
0-203-0-11201020001,SCE,06:00,2020-02-09T06:00Z,0.0,,0.0
0-203-0-11201020001,SCE,06:00,2020-02-10T06:00Z,0.0,,0.0
0-203-0-11201020001,SCE,06:00,2020-02-11T06:00Z,0.0,,0.0
0-203-0-11201020001,SCE,06:00,2020-02-12T06:00Z,0.0,P,3.0
0-203-0-11201020001,SCE,06:00,2020-02-13T06:00Z,0.0,,0.0
0-203-0-11201020001,SCE,06:00,2020-02-14T06:00Z,0.0,,0.0
0-203-0-11201020001,SCE,06:00,2020-02-15T06:00Z,0.0,,0.0
0-203-0-11201020001,SCE,06:00,2020-02-16T06:00Z,0.0,,0.0
0-203-0-11201020001,SCE,06:00,2020-02-17T06:00Z,0.0,,0.0
0-203-0-11201020001,SCE,06:00,2020-02-18T06:00Z,0.0,,0.0
0-203-0-11201020001,SCE,06:00,2020-02-19T06:00Z,0.0,,0.0
0-203-0-11201020001,SCE,06:00,2020-02-20T06:00Z,0.0,,0.0
0-203-0-11201020001,SCE,06:00,2020-02-21T06:00Z,0.0,,0.0
0-203-0-11201020001,SCE,06:00,2020-02-22T06:00Z,0.0,,0.0
0-203-0-11201020001,SCE,06:00,2020-02-23T06:00Z,0.0,,0.0
0-203-0-11201020001,SCE,06:00,2020-02-24T06:00Z,0.0,,0.0
0-203-0-11201020001,SCE,06:00,2020-02-25T06:00Z,0.0,,0.0
0-203-0-11201020001,SCE,06:00,2020-02-26T06:00Z,0.0,,0.0
0-203-0-11201020001,SCE,06:00,2020-02-27T06:00Z,0.0,,0.0
0-203-0-11201020001,SCE,06:00,2020-02-28T06:00Z,0.0,,0.0
0-203-0-11201020001,SCE,06:00,2020-02-29T06:00Z,1.0,,3.0
0-203-0-11201020001,SCE,06:00,2020-03-01T06:00Z,0.0,,0.0
0-203-0-11201020001,SCE,06:00,2020-03-02T06:00Z,0.0,,0.0
0-203-0-11201020001,SCE,06:00,2020-03-03T06:00Z,0.0,,0.0
0-203-0-11201020001,SCE,06:00,2020-03-04T06:00Z,0.0,,0.0
0-203-0-11201020001,SCE,06:00,2020-03-05T06:00Z,0.0,,0.0
0-203-0-11201020001,SCE,06:00,2020-03-06T06:00Z,0.0,,0.0
0-203-0-11201020001,SCE,06:00,2020-03-07T06:00Z,0.0,,0.0
0-203-0-11201020001,SCE,06:00,2020-03-08T06:00Z,0.0,,0.0
0-203-0-11201020001,SCE,06:00,2020-03-09T06:00Z,0.0,,0.0
0-203-0-11201020001,SCE,06:00,2020-03-10T06:00Z,0.0,,0.0
0-203-0-11201020001,SCE,06:00,2020-03-11T06:00Z,0.0,,0.0
0-203-0-11201020001,SCE,06:00,2020-03-12T06:00Z,0.0,,0.0
0-203-0-11201020001,SCE,06:00,2020-03-13T06:00Z,0.0,,0.0
0-203-0-11201020001,SCE,06:00,2020-03-14T06:00Z,0.0,,0.0
0-203-0-11201020001,SCE,06:00,2020-03-15T06:00Z,0.0,,0.0
0-203-0-11201020001,SCE,06:00,2020-03-16T06:00Z,0.0,,0.0
0-203-0-11201020001,SCE,06:00,2020-03-17T06:00Z,0.0,,0.0
0-203-0-11201020001,SCE,06:00,2020-03-18T06:00Z,0.0,,0.0
0-203-0-11201020001,SCE,06:00,2020-03-19T06:00Z,0.0,,0.0
0-203-0-11201020001,SCE,06:00,2020-03-20T06:00Z,0.0,,0.0
0-203-0-11201020001,SCE,06:00,2020-03-21T06:00Z,0.0,,0.0
0-203-0-11201020001,SCE,06:00,2020-03-22T06:00Z,0.0,,0.0
0-203-0-11201020001,SCE,06:00,2020-03-23T06:00Z,0.0,,0.0
0-203-0-11201020001,SCE,06:00,2020-03-24T06:00Z,0.0,,0.0
0-203-0-11201020001,SCE,06:00,2020-03-25T06:00Z,0.0,,0.0
0-203-0-11201020001,SCE,06:00,2020-03-26T06:00Z,0.0,,0.0
0-203-0-11201020001,SCE,06:00,2020-03-27T06:00Z,0.0,,0.0
0-203-0-11201020001,SCE,06:00,2020-03-28T06:00Z,0.0,,0.0
0-203-0-11201020001,SCE,06:00,2020-03-29T06:00Z,0.0,,0.0
0-203-0-11201020001,SCE,06:00,2020-03-30T06:00Z,0.0,,0.0
0-203-0-11201020001,SCE,06:00,2020-03-31T06:00Z,0.0,P,3.0
0-203-0-11201020001,SCE,06:00,2020-04-01T06:00Z,0.0,,0.0
0-203-0-11201020001,SCE,06:00,2020-04-02T06:00Z,0.0,,0.0
0-203-0-11201020001,SCE,06:00,2020-04-03T06:00Z,0.0,,0.0
0-203-0-11201020001,SCE,06:00,2020-04-04T06:00Z,0.0,,0.0
0-203-0-11201020001,SCE,06:00,2020-04-05T06:00Z,0.0,,0.0
0-203-0-11201020001,SCE,06:00,2020-04-06T06:00Z,0.0,,0.0
0-203-0-11201020001,SCE,06:00,2020-04-07T06:00Z,0.0,,0.0
0-203-0-11201020001,SCE,06:00,2020-04-08T06:00Z,0.0,,0.0
0-203-0-11201020001,SCE,06:00,2020-04-09T06:00Z,0.0,,0.0
0-203-0-11201020001,SCE,06:00,2020-04-10T06:00Z,0.0,,0.0
0-203-0-11201020001,SCE,06:00,2020-04-11T06:00Z,0.0,,0.0
0-203-0-11201020001,SCE,06:00,2020-04-12T06:00Z,0.0,,0.0
0-203-0-11201020001,SCE,06:00,2020-04-13T06:00Z,0.0,,0.0
0-203-0-11201020001,SCE,06:00,2020-04-14T06:00Z,0.0,,0.0
0-203-0-11201020001,SCE,06:00,2020-04-15T06:00Z,0.0,,0.0
0-203-0-11201020001,SCE,06:00,2020-04-16T06:00Z,0.0,,0.0
0-203-0-11201020001,SCE,06:00,2020-04-17T06:00Z,0.0,,0.0
0-203-0-11201020001,SCE,06:00,2020-04-18T06:00Z,0.0,,0.0
0-203-0-11201020001,SCE,06:00,2020-04-19T06:00Z,0.0,,0.0
0-203-0-11201020001,SCE,06:00,2020-04-20T06:00Z,0.0,,0.0
0-203-0-11201020001,SCE,06:00,2020-04-21T06:00Z,0.0,,0.0
0-203-0-11201020001,SCE,06:00,2020-04-22T06:00Z,0.0,,0.0
0-203-0-11201020001,SCE,06:00,2020-04-23T06:00Z,0.0,,0.0
0-203-0-11201020001,SCE,06:00,2020-04-24T06:00Z,0.0,,0.0
0-203-0-11201020001,SCE,06:00,2020-04-25T06:00Z,0.0,,0.0
0-203-0-11201020001,SCE,06:00,2020-04-26T06:00Z,0.0,,0.0
0-203-0-11201020001,SCE,06:00,2020-04-27T06:00Z,0.0,,0.0
0-203-0-11201020001,SCE,06:00,2020-04-28T06:00Z,0.0,,0.0
0-203-0-11201020001,SCE,06:00,2020-04-29T06:00Z,0.0,,0.0
0-203-0-11201020001,SCE,06:00,2020-04-30T06:00Z,0.0,,0.0
0-203-0-11201020001,SCE,06:00,2020-05-01T06:00Z,0.0,,0.0
0-203-0-11201020001,SCE,06:00,2020-05-02T06:00Z,0.0,,0.0
0-203-0-11201020001,SCE,06:00,2020-05-03T06:00Z,0.0,,0.0
0-203-0-11201020001,SCE,06:00,2020-05-04T06:00Z,0.0,,0.0
0-203-0-11201020001,SCE,06:00,2020-05-05T06:00Z,0.0,,0.0
0-203-0-11201020001,SCE,06:00,2020-05-06T06:00Z,0.0,,0.0
0-203-0-11201020001,SCE,06:00,2020-05-07T06:00Z,0.0,,0.0
0-203-0-11201020001,SCE,06:00,2020-05-08T06:00Z,0.0,,0.0
0-203-0-11201020001,SCE,06:00,2020-05-09T06:00Z,0.0,,0.0
0-203-0-11201020001,SCE,06:00,2020-05-10T06:00Z,0.0,,0.0
0-203-0-11201020001,SCE,06:00,2020-05-11T06:00Z,0.0,,0.0
0-203-0-11201020001,SCE,06:00,2020-05-12T06:00Z,0.0,,0.0
0-203-0-11201020001,SCE,06:00,2020-05-13T06:00Z,0.0,,0.0
0-203-0-11201020001,SCE,06:00,2020-05-14T06:00Z,0.0,,0.0
0-203-0-11201020001,SCE,06:00,2020-05-15T06:00Z,0.0,,0.0
0-203-0-11201020001,SCE,06:00,2020-05-16T06:00Z,0.0,,0.0
0-203-0-11201020001,SCE,06:00,2020-05-17T06:00Z,0.0,,0.0
0-203-0-11201020001,SCE,06:00,2020-05-18T06:00Z,0.0,,0.0
0-203-0-11201020001,SCE,06:00,2020-05-19T06:00Z,0.0,,0.0
0-203-0-11201020001,SCE,06:00,2020-05-20T06:00Z,0.0,,0.0
0-203-0-11201020001,SCE,06:00,2020-05-21T06:00Z,0.0,,0.0
0-203-0-11201020001,SCE,06:00,2020-05-22T06:00Z,0.0,,0.0
0-203-0-11201020001,SCE,06:00,2020-05-23T06:00Z,0.0,,0.0
0-203-0-11201020001,SCE,06:00,2020-05-24T06:00Z,0.0,,0.0
0-203-0-11201020001,SCE,06:00,2020-05-25T06:00Z,0.0,,0.0
0-203-0-11201020001,SCE,06:00,2020-05-26T06:00Z,0.0,,0.0
0-203-0-11201020001,SCE,06:00,2020-05-27T06:00Z,0.0,,0.0
0-203-0-11201020001,SCE,06:00,2020-05-28T06:00Z,0.0,,0.0
0-203-0-11201020001,SCE,06:00,2020-05-29T06:00Z,0.0,,0.0
0-203-0-11201020001,SCE,06:00,2020-05-30T06:00Z,0.0,,0.0
0-203-0-11201020001,SCE,06:00,2020-05-31T06:00Z,0.0,,0.0
0-203-0-11201020001,SCE,06:00,2020-06-01T06:00Z,0.0,,0.0
0-203-0-11201020001,SCE,06:00,2020-06-02T06:00Z,0.0,,0.0
0-203-0-11201020001,SCE,06:00,2020-06-03T06:00Z,0.0,,0.0
0-203-0-11201020001,SCE,06:00,2020-06-04T06:00Z,0.0,,0.0
0-203-0-11201020001,SCE,06:00,2020-06-05T06:00Z,0.0,,0.0
0-203-0-11201020001,SCE,06:00,2020-06-06T06:00Z,0.0,,0.0
0-203-0-11201020001,SCE,06:00,2020-06-07T06:00Z,0.0,,0.0
0-203-0-11201020001,SCE,06:00,2020-06-08T06:00Z,0.0,,0.0
0-203-0-11201020001,SCE,06:00,2020-06-09T06:00Z,0.0,,0.0
0-203-0-11201020001,SCE,06:00,2020-06-10T06:00Z,0.0,,0.0
0-203-0-11201020001,SCE,06:00,2020-06-11T06:00Z,0.0,,0.0
0-203-0-11201020001,SCE,06:00,2020-06-12T06:00Z,0.0,,0.0
0-203-0-11201020001,SCE,06:00,2020-06-13T06:00Z,0.0,,0.0
0-203-0-11201020001,SCE,06:00,2020-06-14T06:00Z,0.0,,0.0
0-203-0-11201020001,SCE,06:00,2020-06-15T06:00Z,0.0,,0.0
0-203-0-11201020001,SCE,06:00,2020-06-16T06:00Z,0.0,,0.0
0-203-0-11201020001,SCE,06:00,2020-06-17T06:00Z,0.0,,0.0
0-203-0-11201020001,SCE,06:00,2020-06-18T06:00Z,0.0,,0.0
0-203-0-11201020001,SCE,06:00,2020-06-19T06:00Z,0.0,,0.0
0-203-0-11201020001,SCE,06:00,2020-06-20T06:00Z,0.0,,0.0
0-203-0-11201020001,SCE,06:00,2020-06-21T06:00Z,0.0,,0.0
0-203-0-11201020001,SCE,06:00,2020-06-22T06:00Z,0.0,,0.0
0-203-0-11201020001,SCE,06:00,2020-06-23T06:00Z,0.0,,0.0
0-203-0-11201020001,SCE,06:00,2020-06-24T06:00Z,0.0,,0.0
0-203-0-11201020001,SCE,06:00,2020-06-25T06:00Z,0.0,,0.0
0-203-0-11201020001,SCE,06:00,2020-06-26T06:00Z,0.0,,0.0
0-203-0-11201020001,SCE,06:00,2020-06-27T06:00Z,0.0,,0.0
0-203-0-11201020001,SCE,06:00,2020-06-28T06:00Z,0.0,,0.0
0-203-0-11201020001,SCE,06:00,2020-06-29T06:00Z,0.0,,0.0
0-203-0-11201020001,SCE,06:00,2020-06-30T06:00Z,0.0,,0.0
0-203-0-11201020001,SCE,06:00,2020-07-01T06:00Z,0.0,,0.0
0-203-0-11201020001,SCE,06:00,2020-07-02T06:00Z,0.0,,0.0
0-203-0-11201020001,SCE,06:00,2020-07-03T06:00Z,0.0,,0.0
0-203-0-11201020001,SCE,06:00,2020-07-04T06:00Z,0.0,,0.0
0-203-0-11201020001,SCE,06:00,2020-07-05T06:00Z,0.0,,0.0
0-203-0-11201020001,SCE,06:00,2020-07-06T06:00Z,0.0,,0.0
0-203-0-11201020001,SCE,06:00,2020-07-07T06:00Z,0.0,,0.0
0-203-0-11201020001,SCE,06:00,2020-07-08T06:00Z,0.0,,0.0
0-203-0-11201020001,SCE,06:00,2020-07-09T06:00Z,0.0,,0.0
0-203-0-11201020001,SCE,06:00,2020-07-10T06:00Z,0.0,,0.0
0-203-0-11201020001,SCE,06:00,2020-07-11T06:00Z,0.0,,0.0
0-203-0-11201020001,SCE,06:00,2020-07-12T06:00Z,0.0,,0.0
0-203-0-11201020001,SCE,06:00,2020-07-13T06:00Z,0.0,,0.0
0-203-0-11201020001,SCE,06:00,2020-07-14T06:00Z,0.0,,0.0
0-203-0-11201020001,SCE,06:00,2020-07-15T06:00Z,0.0,,0.0
0-203-0-11201020001,SCE,06:00,2020-07-16T06:00Z,0.0,,0.0
0-203-0-11201020001,SCE,06:00,2020-07-17T06:00Z,0.0,,0.0
0-203-0-11201020001,SCE,06:00,2020-07-18T06:00Z,0.0,,0.0
0-203-0-11201020001,SCE,06:00,2020-07-19T06:00Z,0.0,,0.0
0-203-0-11201020001,SCE,06:00,2020-07-20T06:00Z,0.0,,0.0
0-203-0-11201020001,SCE,06:00,2020-07-21T06:00Z,0.0,,0.0
0-203-0-11201020001,SCE,06:00,2020-07-22T06:00Z,0.0,,0.0
0-203-0-11201020001,SCE,06:00,2020-07-23T06:00Z,0.0,,0.0
0-203-0-11201020001,SCE,06:00,2020-07-24T06:00Z,0.0,,0.0
0-203-0-11201020001,SCE,06:00,2020-07-25T06:00Z,0.0,,0.0
0-203-0-11201020001,SCE,06:00,2020-07-26T06:00Z,0.0,,0.0
0-203-0-11201020001,SCE,06:00,2020-07-27T06:00Z,0.0,,0.0
0-203-0-11201020001,SCE,06:00,2020-07-28T06:00Z,0.0,,0.0
0-203-0-11201020001,SCE,06:00,2020-07-29T06:00Z,0.0,,0.0
0-203-0-11201020001,SCE,06:00,2020-07-30T06:00Z,0.0,,0.0
0-203-0-11201020001,SCE,06:00,2020-07-31T06:00Z,0.0,,0.0
0-203-0-11201020001,SCE,06:00,2020-08-01T06:00Z,0.0,,0.0
0-203-0-11201020001,SCE,06:00,2020-08-02T06:00Z,0.0,,0.0
0-203-0-11201020001,SCE,06:00,2020-08-03T06:00Z,0.0,,0.0
0-203-0-11201020001,SCE,06:00,2020-08-04T06:00Z,0.0,,0.0
0-203-0-11201020001,SCE,06:00,2020-08-05T06:00Z,0.0,,0.0
0-203-0-11201020001,SCE,06:00,2020-08-06T06:00Z,0.0,,0.0
0-203-0-11201020001,SCE,06:00,2020-08-07T06:00Z,0.0,,0.0
0-203-0-11201020001,SCE,06:00,2020-08-08T06:00Z,0.0,,0.0
0-203-0-11201020001,SCE,06:00,2020-08-09T06:00Z,0.0,,0.0
0-203-0-11201020001,SCE,06:00,2020-08-10T06:00Z,0.0,,0.0
0-203-0-11201020001,SCE,06:00,2020-08-11T06:00Z,0.0,,0.0
0-203-0-11201020001,SCE,06:00,2020-08-12T06:00Z,0.0,,0.0
0-203-0-11201020001,SCE,06:00,2020-08-13T06:00Z,0.0,,0.0
0-203-0-11201020001,SCE,06:00,2020-08-14T06:00Z,0.0,,0.0
0-203-0-11201020001,SCE,06:00,2020-08-15T06:00Z,0.0,,0.0
0-203-0-11201020001,SCE,06:00,2020-08-16T06:00Z,0.0,,0.0
0-203-0-11201020001,SCE,06:00,2020-08-17T06:00Z,0.0,,0.0
0-203-0-11201020001,SCE,06:00,2020-08-18T06:00Z,0.0,,0.0
0-203-0-11201020001,SCE,06:00,2020-08-19T06:00Z,0.0,,0.0
0-203-0-11201020001,SCE,06:00,2020-08-20T06:00Z,0.0,,0.0
0-203-0-11201020001,SCE,06:00,2020-08-21T06:00Z,0.0,,0.0
0-203-0-11201020001,SCE,06:00,2020-08-22T06:00Z,0.0,,0.0
0-203-0-11201020001,SCE,06:00,2020-08-23T06:00Z,0.0,,0.0
0-203-0-11201020001,SCE,06:00,2020-08-24T06:00Z,0.0,,0.0
0-203-0-11201020001,SCE,06:00,2020-08-25T06:00Z,0.0,,0.0
0-203-0-11201020001,SCE,06:00,2020-08-26T06:00Z,0.0,,0.0
0-203-0-11201020001,SCE,06:00,2020-08-27T06:00Z,0.0,,0.0
0-203-0-11201020001,SCE,06:00,2020-08-28T06:00Z,0.0,,0.0
0-203-0-11201020001,SCE,06:00,2020-08-29T06:00Z,0.0,,0.0
0-203-0-11201020001,SCE,06:00,2020-08-30T06:00Z,0.0,,0.0
0-203-0-11201020001,SCE,06:00,2020-08-31T06:00Z,0.0,,0.0
0-203-0-11201020001,SCE,06:00,2020-09-01T06:00Z,0.0,,0.0
0-203-0-11201020001,SCE,06:00,2020-09-02T06:00Z,0.0,,0.0
0-203-0-11201020001,SCE,06:00,2020-09-03T06:00Z,0.0,,0.0
0-203-0-11201020001,SCE,06:00,2020-09-04T06:00Z,0.0,,0.0
0-203-0-11201020001,SCE,06:00,2020-09-05T06:00Z,0.0,,0.0
0-203-0-11201020001,SCE,06:00,2020-09-06T06:00Z,0.0,,0.0
0-203-0-11201020001,SCE,06:00,2020-09-07T06:00Z,0.0,,0.0
0-203-0-11201020001,SCE,06:00,2020-09-08T06:00Z,0.0,,0.0
0-203-0-11201020001,SCE,06:00,2020-09-09T06:00Z,0.0,,0.0
0-203-0-11201020001,SCE,06:00,2020-09-10T06:00Z,0.0,,0.0
0-203-0-11201020001,SCE,06:00,2020-09-11T06:00Z,0.0,,0.0
0-203-0-11201020001,SCE,06:00,2020-09-12T06:00Z,0.0,,0.0
0-203-0-11201020001,SCE,06:00,2020-09-13T06:00Z,0.0,,0.0
0-203-0-11201020001,SCE,06:00,2020-09-14T06:00Z,0.0,,0.0
0-203-0-11201020001,SCE,06:00,2020-09-15T06:00Z,0.0,,0.0
0-203-0-11201020001,SCE,06:00,2020-09-16T06:00Z,0.0,,0.0
0-203-0-11201020001,SCE,06:00,2020-09-17T06:00Z,0.0,,0.0
0-203-0-11201020001,SCE,06:00,2020-09-18T06:00Z,0.0,,0.0
0-203-0-11201020001,SCE,06:00,2020-09-19T06:00Z,0.0,,0.0
0-203-0-11201020001,SCE,06:00,2020-09-20T06:00Z,0.0,,0.0
0-203-0-11201020001,SCE,06:00,2020-09-21T06:00Z,0.0,,0.0
0-203-0-11201020001,SCE,06:00,2020-09-22T06:00Z,0.0,,0.0
0-203-0-11201020001,SCE,06:00,2020-09-23T06:00Z,0.0,,0.0
0-203-0-11201020001,SCE,06:00,2020-09-24T06:00Z,0.0,,0.0
0-203-0-11201020001,SCE,06:00,2020-09-25T06:00Z,0.0,,0.0
0-203-0-11201020001,SCE,06:00,2020-09-26T06:00Z,0.0,,0.0
0-203-0-11201020001,SCE,06:00,2020-09-27T06:00Z,0.0,,0.0
0-203-0-11201020001,SCE,06:00,2020-09-28T06:00Z,0.0,,0.0
0-203-0-11201020001,SCE,06:00,2020-09-29T06:00Z,0.0,,0.0
0-203-0-11201020001,SCE,06:00,2020-09-30T06:00Z,0.0,,0.0
0-203-0-11201020001,SCE,06:00,2020-10-01T06:00Z,0.0,,0.0
0-203-0-11201020001,SCE,06:00,2020-10-02T06:00Z,0.0,,0.0
0-203-0-11201020001,SCE,06:00,2020-10-03T06:00Z,0.0,,0.0
0-203-0-11201020001,SCE,06:00,2020-10-04T06:00Z,0.0,,0.0
0-203-0-11201020001,SCE,06:00,2020-10-05T06:00Z,0.0,,0.0
0-203-0-11201020001,SCE,06:00,2020-10-06T06:00Z,0.0,,0.0
0-203-0-11201020001,SCE,06:00,2020-10-07T06:00Z,0.0,,0.0
0-203-0-11201020001,SCE,06:00,2020-10-08T06:00Z,0.0,,0.0
0-203-0-11201020001,SCE,06:00,2020-10-09T06:00Z,0.0,,0.0
0-203-0-11201020001,SCE,06:00,2020-10-10T06:00Z,0.0,,0.0
0-203-0-11201020001,SCE,06:00,2020-10-11T06:00Z,0.0,,0.0
0-203-0-11201020001,SCE,06:00,2020-10-12T06:00Z,0.0,,0.0
0-203-0-11201020001,SCE,06:00,2020-10-13T06:00Z,0.0,,0.0
0-203-0-11201020001,SCE,06:00,2020-10-14T06:00Z,0.0,,0.0
0-203-0-11201020001,SCE,06:00,2020-10-15T06:00Z,0.0,,0.0
0-203-0-11201020001,SCE,06:00,2020-10-16T06:00Z,0.0,,0.0
0-203-0-11201020001,SCE,06:00,2020-10-17T06:00Z,0.0,,0.0
0-203-0-11201020001,SCE,06:00,2020-10-18T06:00Z,0.0,,0.0
0-203-0-11201020001,SCE,06:00,2020-10-19T06:00Z,0.0,,0.0
0-203-0-11201020001,SCE,06:00,2020-10-20T06:00Z,0.0,,0.0
0-203-0-11201020001,SCE,06:00,2020-10-21T06:00Z,0.0,,0.0
0-203-0-11201020001,SCE,06:00,2020-10-22T06:00Z,0.0,,0.0
0-203-0-11201020001,SCE,06:00,2020-10-23T06:00Z,0.0,,0.0
0-203-0-11201020001,SCE,06:00,2020-10-24T06:00Z,0.0,,0.0
0-203-0-11201020001,SCE,06:00,2020-10-25T06:00Z,0.0,,0.0
0-203-0-11201020001,SCE,06:00,2020-10-26T06:00Z,0.0,,0.0
0-203-0-11201020001,SCE,06:00,2020-10-27T06:00Z,0.0,,0.0
0-203-0-11201020001,SCE,06:00,2020-10-28T06:00Z,0.0,,0.0
0-203-0-11201020001,SCE,06:00,2020-10-29T06:00Z,0.0,,0.0
0-203-0-11201020001,SCE,06:00,2020-10-30T06:00Z,0.0,,0.0
0-203-0-11201020001,SCE,06:00,2020-10-31T06:00Z,0.0,,0.0
0-203-0-11201020001,SCE,06:00,2020-11-01T06:00Z,0.0,,0.0
0-203-0-11201020001,SCE,06:00,2020-11-02T06:00Z,0.0,,0.0
0-203-0-11201020001,SCE,06:00,2020-11-03T06:00Z,0.0,,0.0
0-203-0-11201020001,SCE,06:00,2020-11-04T06:00Z,0.0,,0.0
0-203-0-11201020001,SCE,06:00,2020-11-05T06:00Z,0.0,,0.0
0-203-0-11201020001,SCE,06:00,2020-11-06T06:00Z,0.0,,0.0
0-203-0-11201020001,SCE,06:00,2020-11-07T06:00Z,0.0,,0.0
0-203-0-11201020001,SCE,06:00,2020-11-08T06:00Z,0.0,,0.0
0-203-0-11201020001,SCE,06:00,2020-11-09T06:00Z,0.0,,0.0
0-203-0-11201020001,SCE,06:00,2020-11-10T06:00Z,0.0,,0.0
0-203-0-11201020001,SCE,06:00,2020-11-11T06:00Z,0.0,,0.0
0-203-0-11201020001,SCE,06:00,2020-11-12T06:00Z,0.0,,0.0
0-203-0-11201020001,SCE,06:00,2020-11-13T06:00Z,0.0,,0.0
0-203-0-11201020001,SCE,06:00,2020-11-14T06:00Z,0.0,,0.0
0-203-0-11201020001,SCE,06:00,2020-11-15T06:00Z,0.0,,0.0
0-203-0-11201020001,SCE,06:00,2020-11-16T06:00Z,0.0,,0.0
0-203-0-11201020001,SCE,06:00,2020-11-17T06:00Z,0.0,,0.0
0-203-0-11201020001,SCE,06:00,2020-11-18T06:00Z,0.0,,0.0
0-203-0-11201020001,SCE,06:00,2020-11-19T06:00Z,0.0,,0.0
0-203-0-11201020001,SCE,06:00,2020-11-20T06:00Z,0.0,,0.0
0-203-0-11201020001,SCE,06:00,2020-11-21T06:00Z,0.0,,0.0
0-203-0-11201020001,SCE,06:00,2020-11-22T06:00Z,0.0,,0.0
0-203-0-11201020001,SCE,06:00,2020-11-23T06:00Z,0.0,,0.0
0-203-0-11201020001,SCE,06:00,2020-11-24T06:00Z,0.0,,0.0
0-203-0-11201020001,SCE,06:00,2020-11-25T06:00Z,0.0,,0.0
0-203-0-11201020001,SCE,06:00,2020-11-26T06:00Z,0.0,,0.0
0-203-0-11201020001,SCE,06:00,2020-11-27T06:00Z,0.0,,0.0
0-203-0-11201020001,SCE,06:00,2020-11-28T06:00Z,0.0,,0.0
0-203-0-11201020001,SCE,06:00,2020-11-29T06:00Z,0.0,,0.0
0-203-0-11201020001,SCE,06:00,2020-11-30T06:00Z,0.0,,0.0
0-203-0-11201020001,SCE,06:00,2020-12-01T06:00Z,0.0,,0.0
0-203-0-11201020001,SCE,06:00,2020-12-02T06:00Z,0.0,,0.0
0-203-0-11201020001,SCE,06:00,2020-12-03T06:00Z,1.0,,3.0
0-203-0-11201020001,SCE,06:00,2020-12-04T06:00Z,0.0,,0.0
0-203-0-11201020001,SCE,06:00,2020-12-05T06:00Z,0.0,,0.0
0-203-0-11201020001,SCE,06:00,2020-12-06T06:00Z,0.0,,0.0
0-203-0-11201020001,SCE,06:00,2020-12-07T06:00Z,0.0,,0.0
0-203-0-11201020001,SCE,06:00,2020-12-08T06:00Z,0.0,,0.0
0-203-0-11201020001,SCE,06:00,2020-12-09T06:00Z,0.0,,0.0
0-203-0-11201020001,SCE,06:00,2020-12-10T06:00Z,0.0,,0.0
0-203-0-11201020001,SCE,06:00,2020-12-11T06:00Z,0.0,,0.0
0-203-0-11201020001,SCE,06:00,2020-12-12T06:00Z,0.0,,0.0
0-203-0-11201020001,SCE,06:00,2020-12-13T06:00Z,0.0,,0.0
0-203-0-11201020001,SCE,06:00,2020-12-14T06:00Z,0.0,,0.0
0-203-0-11201020001,SCE,06:00,2020-12-15T06:00Z,0.0,,0.0
0-203-0-11201020001,SCE,06:00,2020-12-16T06:00Z,0.0,,0.0
0-203-0-11201020001,SCE,06:00,2020-12-17T06:00Z,0.0,,0.0
0-203-0-11201020001,SCE,06:00,2020-12-18T06:00Z,0.0,,0.0
0-203-0-11201020001,SCE,06:00,2020-12-19T06:00Z,0.0,,0.0
0-203-0-11201020001,SCE,06:00,2020-12-20T06:00Z,0.0,,0.0
0-203-0-11201020001,SCE,06:00,2020-12-21T06:00Z,0.0,,0.0
0-203-0-11201020001,SCE,06:00,2020-12-22T06:00Z,0.0,,0.0
0-203-0-11201020001,SCE,06:00,2020-12-23T06:00Z,0.0,,0.0
0-203-0-11201020001,SCE,06:00,2020-12-24T06:00Z,0.0,,0.0
0-203-0-11201020001,SCE,06:00,2020-12-25T06:00Z,0.0,,0.0
0-203-0-11201020001,SCE,06:00,2020-12-26T06:00Z,0.0,,0.0
0-203-0-11201020001,SCE,06:00,2020-12-27T06:00Z,0.0,,0.0
0-203-0-11201020001,SCE,06:00,2020-12-28T06:00Z,0.0,,0.0
0-203-0-11201020001,SCE,06:00,2020-12-29T06:00Z,0.0,,0.0
0-203-0-11201020001,SCE,06:00,2020-12-30T06:00Z,0.0,,0.0
0-203-0-11201020001,SCE,06:00,2020-12-31T06:00Z,0.0,,0.0
0-203-0-11201020001,SCE,06:00,2021-01-01T06:00Z,0.0,,0.0
0-203-0-11201020001,SCE,06:00,2021-01-02T06:00Z,0.0,,0.0
0-203-0-11201020001,SCE,06:00,2021-01-03T06:00Z,0.0,,0.0
0-203-0-11201020001,SCE,06:00,2021-01-04T06:00Z,0.0,,0.0
0-203-0-11201020001,SCE,06:00,2021-01-05T06:00Z,0.0,,0.0
0-203-0-11201020001,SCE,06:00,2021-01-06T06:00Z,0.0,,0.0
0-203-0-11201020001,SCE,06:00,2021-01-07T06:00Z,5.0,,3.0
0-203-0-11201020001,SCE,06:00,2021-01-08T06:00Z,3.0,,3.0
0-203-0-11201020001,SCE,06:00,2021-01-09T06:00Z,3.0,,3.0
0-203-0-11201020001,SCE,06:00,2021-01-10T06:00Z,2.0,,0.0
0-203-0-11201020001,SCE,06:00,2021-01-11T06:00Z,0.0,N,3.0
0-203-0-11201020001,SCE,06:00,2021-01-12T06:00Z,0.0,N,3.0
0-203-0-11201020001,SCE,06:00,2021-01-13T06:00Z,0.0,N,3.0
0-203-0-11201020001,SCE,06:00,2021-01-14T06:00Z,3.0,,3.0
0-203-0-11201020001,SCE,06:00,2021-01-15T06:00Z,3.0,,3.0
0-203-0-11201020001,SCE,06:00,2021-01-16T06:00Z,4.0,,3.0
0-203-0-11201020001,SCE,06:00,2021-01-17T06:00Z,2.0,,3.0
0-203-0-11201020001,SCE,06:00,2021-01-18T06:00Z,2.0,,3.0
0-203-0-11201020001,SCE,06:00,2021-01-19T06:00Z,0.0,N,3.0
0-203-0-11201020001,SCE,06:00,2021-01-20T06:00Z,0.0,N,3.0
0-203-0-11201020001,SCE,06:00,2021-01-21T06:00Z,0.0,,0.0
0-203-0-11201020001,SCE,06:00,2021-01-22T06:00Z,0.0,,0.0
0-203-0-11201020001,SCE,06:00,2021-01-23T06:00Z,0.0,,0.0
0-203-0-11201020001,SCE,06:00,2021-01-24T06:00Z,0.0,,0.0
0-203-0-11201020001,SCE,06:00,2021-01-25T06:00Z,0.0,,0.0
0-203-0-11201020001,SCE,06:00,2021-01-26T06:00Z,0.0,,0.0
0-203-0-11201020001,SCE,06:00,2021-01-27T06:00Z,3.0,,3.0
0-203-0-11201020001,SCE,06:00,2021-01-28T06:00Z,2.0,,3.0
0-203-0-11201020001,SCE,06:00,2021-01-29T06:00Z,0.0,N,3.0
0-203-0-11201020001,SCE,06:00,2021-01-30T06:00Z,0.0,,0.0
0-203-0-11201020001,SCE,06:00,2021-01-31T06:00Z,0.0,,0.0
0-203-0-11201020001,SCE,06:00,2021-02-01T06:00Z,0.0,,0.0
0-203-0-11201020001,SCE,06:00,2021-02-02T06:00Z,0.0,,0.0
0-203-0-11201020001,SCE,06:00,2021-02-03T06:00Z,0.0,,0.0
0-203-0-11201020001,SCE,06:00,2021-02-04T06:00Z,0.0,,0.0
0-203-0-11201020001,SCE,06:00,2021-02-05T06:00Z,0.0,,0.0
0-203-0-11201020001,SCE,06:00,2021-02-06T06:00Z,0.0,,0.0
0-203-0-11201020001,SCE,06:00,2021-02-07T06:00Z,0.0,P,3.0
0-203-0-11201020001,SCE,06:00,2021-02-08T06:00Z,10.0,,3.0
0-203-0-11201020001,SCE,06:00,2021-02-09T06:00Z,12.0,,3.0
0-203-0-11201020001,SCE,06:00,2021-02-10T06:00Z,12.0,,3.0
0-203-0-11201020001,SCE,06:00,2021-02-11T06:00Z,12.0,,3.0
0-203-0-11201020001,SCE,06:00,2021-02-12T06:00Z,12.0,,3.0
0-203-0-11201020001,SCE,06:00,2021-02-13T06:00Z,12.0,,3.0
0-203-0-11201020001,SCE,06:00,2021-02-14T06:00Z,12.0,,3.0
0-203-0-11201020001,SCE,06:00,2021-02-15T06:00Z,12.0,,3.0
0-203-0-11201020001,SCE,06:00,2021-02-16T06:00Z,13.0,,3.0
0-203-0-11201020001,SCE,06:00,2021-02-17T06:00Z,5.0,,3.0
0-203-0-11201020001,SCE,06:00,2021-02-18T06:00Z,0.0,N,3.0
0-203-0-11201020001,SCE,06:00,2021-02-19T06:00Z,0.0,,0.0
0-203-0-11201020001,SCE,06:00,2021-02-20T06:00Z,0.0,,0.0
0-203-0-11201020001,SCE,06:00,2021-02-21T06:00Z,0.0,,0.0
0-203-0-11201020001,SCE,06:00,2021-02-22T06:00Z,0.0,,0.0
0-203-0-11201020001,SCE,06:00,2021-02-23T06:00Z,0.0,,0.0
0-203-0-11201020001,SCE,06:00,2021-02-24T06:00Z,0.0,,0.0
0-203-0-11201020001,SCE,06:00,2021-02-25T06:00Z,0.0,,0.0
0-203-0-11201020001,SCE,06:00,2021-02-26T06:00Z,0.0,,0.0
0-203-0-11201020001,SCE,06:00,2021-02-27T06:00Z,0.0,,0.0
0-203-0-11201020001,SCE,06:00,2021-02-28T06:00Z,0.0,,0.0
0-203-0-11201020001,SCE,06:00,2021-03-01T06:00Z,0.0,,0.0
0-203-0-11201020001,SCE,06:00,2021-03-02T06:00Z,0.0,,0.0
0-203-0-11201020001,SCE,06:00,2021-03-03T06:00Z,0.0,,0.0
0-203-0-11201020001,SCE,06:00,2021-03-04T06:00Z,0.0,,0.0
0-203-0-11201020001,SCE,06:00,2021-03-05T06:00Z,0.0,,0.0
0-203-0-11201020001,SCE,06:00,2021-03-06T06:00Z,0.0,,0.0
0-203-0-11201020001,SCE,06:00,2021-03-07T06:00Z,0.0,,0.0
0-203-0-11201020001,SCE,06:00,2021-03-08T06:00Z,0.0,,0.0
0-203-0-11201020001,SCE,06:00,2021-03-09T06:00Z,0.0,,0.0
0-203-0-11201020001,SCE,06:00,2021-03-10T06:00Z,0.0,,0.0
0-203-0-11201020001,SCE,06:00,2021-03-11T06:00Z,0.0,,0.0
0-203-0-11201020001,SCE,06:00,2021-03-12T06:00Z,0.0,,0.0
0-203-0-11201020001,SCE,06:00,2021-03-13T06:00Z,0.0,,0.0
0-203-0-11201020001,SCE,06:00,2021-03-14T06:00Z,0.0,,0.0
0-203-0-11201020001,SCE,06:00,2021-03-15T06:00Z,0.0,,0.0
0-203-0-11201020001,SCE,06:00,2021-03-16T06:00Z,0.0,,0.0
0-203-0-11201020001,SCE,06:00,2021-03-17T06:00Z,0.0,,0.0
0-203-0-11201020001,SCE,06:00,2021-03-18T06:00Z,0.0,,0.0
0-203-0-11201020001,SCE,06:00,2021-03-19T06:00Z,0.0,,0.0
0-203-0-11201020001,SCE,06:00,2021-03-20T06:00Z,2.0,,3.0
0-203-0-11201020001,SCE,06:00,2021-03-21T06:00Z,0.0,,0.0
0-203-0-11201020001,SCE,06:00,2021-03-22T06:00Z,0.0,,0.0
0-203-0-11201020001,SCE,06:00,2021-03-23T06:00Z,0.0,,0.0
0-203-0-11201020001,SCE,06:00,2021-03-24T06:00Z,0.0,,0.0
0-203-0-11201020001,SCE,06:00,2021-03-25T06:00Z,0.0,,0.0
0-203-0-11201020001,SCE,06:00,2021-03-26T06:00Z,0.0,,0.0
0-203-0-11201020001,SCE,06:00,2021-03-27T06:00Z,0.0,,0.0
0-203-0-11201020001,SCE,06:00,2021-03-28T06:00Z,0.0,,0.0
0-203-0-11201020001,SCE,06:00,2021-03-29T06:00Z,0.0,,0.0
0-203-0-11201020001,SCE,06:00,2021-03-30T06:00Z,0.0,,0.0
0-203-0-11201020001,SCE,06:00,2021-03-31T06:00Z,0.0,,0.0
0-203-0-11201020001,SCE,06:00,2021-04-01T06:00Z,0.0,,0.0
0-203-0-11201020001,SCE,06:00,2021-04-02T06:00Z,0.0,,0.0
0-203-0-11201020001,SCE,06:00,2021-04-03T06:00Z,0.0,,0.0
0-203-0-11201020001,SCE,06:00,2021-04-04T06:00Z,0.0,,0.0
0-203-0-11201020001,SCE,06:00,2021-04-05T06:00Z,0.0,,0.0
0-203-0-11201020001,SCE,06:00,2021-04-06T06:00Z,1.0,,3.0
0-203-0-11201020001,SCE,06:00,2021-04-07T06:00Z,0.0,,0.0
0-203-0-11201020001,SCE,06:00,2021-04-08T06:00Z,0.0,,0.0
0-203-0-11201020001,SCE,06:00,2021-04-09T06:00Z,0.0,,0.0
0-203-0-11201020001,SCE,06:00,2021-04-10T06:00Z,0.0,,0.0
0-203-0-11201020001,SCE,06:00,2021-04-11T06:00Z,0.0,,0.0
0-203-0-11201020001,SCE,06:00,2021-04-12T06:00Z,0.0,,0.0
0-203-0-11201020001,SCE,06:00,2021-04-13T06:00Z,0.0,,0.0
0-203-0-11201020001,SCE,06:00,2021-04-14T06:00Z,0.0,,0.0
0-203-0-11201020001,SCE,06:00,2021-04-15T06:00Z,0.0,,0.0
0-203-0-11201020001,SCE,06:00,2021-04-16T06:00Z,0.0,,0.0
0-203-0-11201020001,SCE,06:00,2021-04-17T06:00Z,0.0,,0.0
0-203-0-11201020001,SCE,06:00,2021-04-18T06:00Z,0.0,,0.0
0-203-0-11201020001,SCE,06:00,2021-04-19T06:00Z,0.0,,0.0
0-203-0-11201020001,SCE,06:00,2021-04-20T06:00Z,0.0,,0.0
0-203-0-11201020001,SCE,06:00,2021-04-21T06:00Z,0.0,,0.0
0-203-0-11201020001,SCE,06:00,2021-04-22T06:00Z,0.0,,0.0
0-203-0-11201020001,SCE,06:00,2021-04-23T06:00Z,0.0,,0.0
0-203-0-11201020001,SCE,06:00,2021-04-24T06:00Z,0.0,,0.0
0-203-0-11201020001,SCE,06:00,2021-04-25T06:00Z,0.0,,0.0
0-203-0-11201020001,SCE,06:00,2021-04-26T06:00Z,0.0,,0.0
0-203-0-11201020001,SCE,06:00,2021-04-27T06:00Z,0.0,,0.0
0-203-0-11201020001,SCE,06:00,2021-04-28T06:00Z,0.0,,0.0
0-203-0-11201020001,SCE,06:00,2021-04-29T06:00Z,0.0,,0.0
0-203-0-11201020001,SCE,06:00,2021-04-30T06:00Z,0.0,,0.0
0-203-0-11201020001,SCE,06:00,2021-05-01T06:00Z,0.0,,0.0
0-203-0-11201020001,SCE,06:00,2021-05-02T06:00Z,0.0,,0.0
0-203-0-11201020001,SCE,06:00,2021-05-03T06:00Z,0.0,,0.0
0-203-0-11201020001,SCE,06:00,2021-05-04T06:00Z,0.0,,0.0
0-203-0-11201020001,SCE,06:00,2021-05-05T06:00Z,0.0,,0.0
0-203-0-11201020001,SCE,06:00,2021-05-06T06:00Z,0.0,,0.0
0-203-0-11201020001,SCE,06:00,2021-05-07T06:00Z,0.0,,0.0
0-203-0-11201020001,SCE,06:00,2021-05-08T06:00Z,0.0,,0.0
0-203-0-11201020001,SCE,06:00,2021-05-09T06:00Z,0.0,,0.0
0-203-0-11201020001,SCE,06:00,2021-05-10T06:00Z,0.0,,0.0
0-203-0-11201020001,SCE,06:00,2021-05-11T06:00Z,0.0,,0.0
0-203-0-11201020001,SCE,06:00,2021-05-12T06:00Z,0.0,,0.0
0-203-0-11201020001,SCE,06:00,2021-05-13T06:00Z,0.0,,0.0
0-203-0-11201020001,SCE,06:00,2021-05-14T06:00Z,0.0,,0.0
0-203-0-11201020001,SCE,06:00,2021-05-15T06:00Z,0.0,,0.0
0-203-0-11201020001,SCE,06:00,2021-05-16T06:00Z,0.0,,0.0
0-203-0-11201020001,SCE,06:00,2021-05-17T06:00Z,0.0,,0.0
0-203-0-11201020001,SCE,06:00,2021-05-18T06:00Z,0.0,,0.0
0-203-0-11201020001,SCE,06:00,2021-05-19T06:00Z,0.0,,0.0
0-203-0-11201020001,SCE,06:00,2021-05-20T06:00Z,0.0,,0.0
0-203-0-11201020001,SCE,06:00,2021-05-21T06:00Z,0.0,,0.0
0-203-0-11201020001,SCE,06:00,2021-05-22T06:00Z,0.0,,0.0
0-203-0-11201020001,SCE,06:00,2021-05-23T06:00Z,0.0,,0.0
0-203-0-11201020001,SCE,06:00,2021-05-24T06:00Z,0.0,,0.0
0-203-0-11201020001,SCE,06:00,2021-05-25T06:00Z,0.0,,0.0
0-203-0-11201020001,SCE,06:00,2021-05-26T06:00Z,0.0,,0.0
0-203-0-11201020001,SCE,06:00,2021-05-27T06:00Z,0.0,,0.0
0-203-0-11201020001,SCE,06:00,2021-05-28T06:00Z,0.0,,0.0
0-203-0-11201020001,SCE,06:00,2021-05-29T06:00Z,0.0,,0.0
0-203-0-11201020001,SCE,06:00,2021-05-30T06:00Z,0.0,,0.0
0-203-0-11201020001,SCE,06:00,2021-05-31T06:00Z,0.0,,0.0
0-203-0-11201020001,SCE,06:00,2021-06-01T06:00Z,0.0,,0.0
0-203-0-11201020001,SCE,06:00,2021-06-02T06:00Z,0.0,,0.0
0-203-0-11201020001,SCE,06:00,2021-06-03T06:00Z,0.0,,0.0
0-203-0-11201020001,SCE,06:00,2021-06-04T06:00Z,0.0,,0.0
0-203-0-11201020001,SCE,06:00,2021-06-05T06:00Z,0.0,,0.0
0-203-0-11201020001,SCE,06:00,2021-06-06T06:00Z,0.0,,0.0
0-203-0-11201020001,SCE,06:00,2021-06-07T06:00Z,0.0,,0.0
0-203-0-11201020001,SCE,06:00,2021-06-08T06:00Z,0.0,,0.0
0-203-0-11201020001,SCE,06:00,2021-06-09T06:00Z,0.0,,0.0
0-203-0-11201020001,SCE,06:00,2021-06-10T06:00Z,0.0,,0.0
0-203-0-11201020001,SCE,06:00,2021-06-11T06:00Z,0.0,,0.0
0-203-0-11201020001,SCE,06:00,2021-06-12T06:00Z,0.0,,0.0
0-203-0-11201020001,SCE,06:00,2021-06-13T06:00Z,0.0,,0.0
0-203-0-11201020001,SCE,06:00,2021-06-14T06:00Z,0.0,,0.0
0-203-0-11201020001,SCE,06:00,2021-06-15T06:00Z,0.0,,0.0
0-203-0-11201020001,SCE,06:00,2021-06-16T06:00Z,0.0,,0.0
0-203-0-11201020001,SCE,06:00,2021-06-17T06:00Z,0.0,,0.0
0-203-0-11201020001,SCE,06:00,2021-06-18T06:00Z,0.0,,0.0
0-203-0-11201020001,SCE,06:00,2021-06-19T06:00Z,0.0,,0.0
0-203-0-11201020001,SCE,06:00,2021-06-20T06:00Z,0.0,,0.0
0-203-0-11201020001,SCE,06:00,2021-06-21T06:00Z,0.0,,0.0
0-203-0-11201020001,SCE,06:00,2021-06-22T06:00Z,0.0,,0.0
0-203-0-11201020001,SCE,06:00,2021-06-23T06:00Z,0.0,,0.0
0-203-0-11201020001,SCE,06:00,2021-06-24T06:00Z,0.0,,0.0
0-203-0-11201020001,SCE,06:00,2021-06-25T06:00Z,0.0,,0.0
0-203-0-11201020001,SCE,06:00,2021-06-26T06:00Z,0.0,,0.0
0-203-0-11201020001,SCE,06:00,2021-06-27T06:00Z,0.0,,0.0
0-203-0-11201020001,SCE,06:00,2021-06-28T06:00Z,0.0,,0.0
0-203-0-11201020001,SCE,06:00,2021-06-29T06:00Z,0.0,,0.0
0-203-0-11201020001,SCE,06:00,2021-06-30T06:00Z,0.0,,0.0
0-203-0-11201020001,SCE,06:00,2021-07-01T06:00Z,0.0,,0.0
0-203-0-11201020001,SCE,06:00,2021-07-02T06:00Z,0.0,,0.0
0-203-0-11201020001,SCE,06:00,2021-07-03T06:00Z,0.0,,0.0
0-203-0-11201020001,SCE,06:00,2021-07-04T06:00Z,0.0,,0.0
0-203-0-11201020001,SCE,06:00,2021-07-05T06:00Z,0.0,,0.0
0-203-0-11201020001,SCE,06:00,2021-07-06T06:00Z,0.0,,0.0
0-203-0-11201020001,SCE,06:00,2021-07-07T06:00Z,0.0,,0.0
0-203-0-11201020001,SCE,06:00,2021-07-08T06:00Z,0.0,,0.0
0-203-0-11201020001,SCE,06:00,2021-07-09T06:00Z,0.0,,0.0
0-203-0-11201020001,SCE,06:00,2021-07-10T06:00Z,0.0,,0.0
0-203-0-11201020001,SCE,06:00,2021-07-11T06:00Z,0.0,,0.0
0-203-0-11201020001,SCE,06:00,2021-07-12T06:00Z,0.0,,0.0
0-203-0-11201020001,SCE,06:00,2021-07-13T06:00Z,0.0,,0.0
0-203-0-11201020001,SCE,06:00,2021-07-14T06:00Z,0.0,,0.0
0-203-0-11201020001,SCE,06:00,2021-07-15T06:00Z,0.0,,0.0
0-203-0-11201020001,SCE,06:00,2021-07-16T06:00Z,0.0,,0.0
0-203-0-11201020001,SCE,06:00,2021-07-17T06:00Z,0.0,,0.0
0-203-0-11201020001,SCE,06:00,2021-07-18T06:00Z,0.0,,0.0
0-203-0-11201020001,SCE,06:00,2021-07-19T06:00Z,0.0,,0.0
0-203-0-11201020001,SCE,06:00,2021-07-20T06:00Z,0.0,,0.0
0-203-0-11201020001,SCE,06:00,2021-07-21T06:00Z,0.0,,0.0
0-203-0-11201020001,SCE,06:00,2021-07-22T06:00Z,0.0,,0.0
0-203-0-11201020001,SCE,06:00,2021-07-23T06:00Z,0.0,,0.0
0-203-0-11201020001,SCE,06:00,2021-07-24T06:00Z,0.0,,0.0
0-203-0-11201020001,SCE,06:00,2021-07-25T06:00Z,0.0,,0.0
0-203-0-11201020001,SCE,06:00,2021-07-26T06:00Z,0.0,,0.0
0-203-0-11201020001,SCE,06:00,2021-07-27T06:00Z,0.0,,0.0
0-203-0-11201020001,SCE,06:00,2021-07-28T06:00Z,0.0,,0.0
0-203-0-11201020001,SCE,06:00,2021-07-29T06:00Z,0.0,,0.0
0-203-0-11201020001,SCE,06:00,2021-07-30T06:00Z,0.0,,0.0
0-203-0-11201020001,SCE,06:00,2021-07-31T06:00Z,0.0,,0.0
0-203-0-11201020001,SCE,06:00,2021-08-01T06:00Z,0.0,,0.0
0-203-0-11201020001,SCE,06:00,2021-08-02T06:00Z,0.0,,0.0
0-203-0-11201020001,SCE,06:00,2021-08-03T06:00Z,0.0,,0.0
0-203-0-11201020001,SCE,06:00,2021-08-04T06:00Z,0.0,,0.0
0-203-0-11201020001,SCE,06:00,2021-08-05T06:00Z,0.0,,0.0
0-203-0-11201020001,SCE,06:00,2021-08-06T06:00Z,0.0,,0.0
0-203-0-11201020001,SCE,06:00,2021-08-07T06:00Z,0.0,,0.0
0-203-0-11201020001,SCE,06:00,2021-08-08T06:00Z,0.0,,0.0
0-203-0-11201020001,SCE,06:00,2021-08-09T06:00Z,0.0,,0.0
0-203-0-11201020001,SCE,06:00,2021-08-10T06:00Z,0.0,,0.0
0-203-0-11201020001,SCE,06:00,2021-08-11T06:00Z,0.0,,0.0
0-203-0-11201020001,SCE,06:00,2021-08-12T06:00Z,0.0,,0.0
0-203-0-11201020001,SCE,06:00,2021-08-13T06:00Z,0.0,,0.0
0-203-0-11201020001,SCE,06:00,2021-08-14T06:00Z,0.0,,0.0
0-203-0-11201020001,SCE,06:00,2021-08-15T06:00Z,0.0,,0.0
0-203-0-11201020001,SCE,06:00,2021-08-16T06:00Z,0.0,,0.0
0-203-0-11201020001,SCE,06:00,2021-08-17T06:00Z,0.0,,0.0
0-203-0-11201020001,SCE,06:00,2021-08-18T06:00Z,0.0,,0.0
0-203-0-11201020001,SCE,06:00,2021-08-19T06:00Z,0.0,,0.0
0-203-0-11201020001,SCE,06:00,2021-08-20T06:00Z,0.0,,0.0
0-203-0-11201020001,SCE,06:00,2021-08-21T06:00Z,0.0,,0.0
0-203-0-11201020001,SCE,06:00,2021-08-22T06:00Z,0.0,,0.0
0-203-0-11201020001,SCE,06:00,2021-08-23T06:00Z,0.0,,0.0
0-203-0-11201020001,SCE,06:00,2021-08-24T06:00Z,0.0,,0.0
0-203-0-11201020001,SCE,06:00,2021-08-25T06:00Z,0.0,,0.0
0-203-0-11201020001,SCE,06:00,2021-08-26T06:00Z,0.0,,0.0
0-203-0-11201020001,SCE,06:00,2021-08-27T06:00Z,0.0,,0.0
0-203-0-11201020001,SCE,06:00,2021-08-28T06:00Z,0.0,,0.0
0-203-0-11201020001,SCE,06:00,2021-08-29T06:00Z,0.0,,0.0
0-203-0-11201020001,SCE,06:00,2021-08-30T06:00Z,0.0,,0.0
0-203-0-11201020001,SCE,06:00,2021-08-31T06:00Z,0.0,,0.0
0-203-0-11201020001,SCE,06:00,2021-09-01T06:00Z,0.0,,0.0
0-203-0-11201020001,SCE,06:00,2021-09-02T06:00Z,0.0,,0.0
0-203-0-11201020001,SCE,06:00,2021-09-03T06:00Z,0.0,,0.0
0-203-0-11201020001,SCE,06:00,2021-09-04T06:00Z,0.0,,0.0
0-203-0-11201020001,SCE,06:00,2021-09-05T06:00Z,0.0,,0.0
0-203-0-11201020001,SCE,06:00,2021-09-06T06:00Z,0.0,,0.0
0-203-0-11201020001,SCE,06:00,2021-09-07T06:00Z,0.0,,0.0
0-203-0-11201020001,SCE,06:00,2021-09-08T06:00Z,0.0,,0.0
0-203-0-11201020001,SCE,06:00,2021-09-09T06:00Z,0.0,,0.0
0-203-0-11201020001,SCE,06:00,2021-09-10T06:00Z,0.0,,0.0
0-203-0-11201020001,SCE,06:00,2021-09-11T06:00Z,0.0,,0.0
0-203-0-11201020001,SCE,06:00,2021-09-12T06:00Z,0.0,,0.0
0-203-0-11201020001,SCE,06:00,2021-09-13T06:00Z,0.0,,0.0
0-203-0-11201020001,SCE,06:00,2021-09-14T06:00Z,0.0,,0.0
0-203-0-11201020001,SCE,06:00,2021-09-15T06:00Z,0.0,,0.0
0-203-0-11201020001,SCE,06:00,2021-09-16T06:00Z,0.0,,0.0
0-203-0-11201020001,SCE,06:00,2021-09-17T06:00Z,0.0,,0.0
0-203-0-11201020001,SCE,06:00,2021-09-18T06:00Z,0.0,,0.0
0-203-0-11201020001,SCE,06:00,2021-09-19T06:00Z,0.0,,0.0
0-203-0-11201020001,SCE,06:00,2021-09-20T06:00Z,0.0,,0.0
0-203-0-11201020001,SCE,06:00,2021-09-21T06:00Z,0.0,,0.0
0-203-0-11201020001,SCE,06:00,2021-09-22T06:00Z,0.0,,0.0
0-203-0-11201020001,SCE,06:00,2021-09-23T06:00Z,0.0,,0.0
0-203-0-11201020001,SCE,06:00,2021-09-24T06:00Z,0.0,,0.0
0-203-0-11201020001,SCE,06:00,2021-09-25T06:00Z,0.0,,0.0
0-203-0-11201020001,SCE,06:00,2021-09-26T06:00Z,0.0,,0.0
0-203-0-11201020001,SCE,06:00,2021-09-27T06:00Z,0.0,,0.0
0-203-0-11201020001,SCE,06:00,2021-09-28T06:00Z,0.0,,0.0
0-203-0-11201020001,SCE,06:00,2021-09-29T06:00Z,0.0,,0.0
0-203-0-11201020001,SCE,06:00,2021-09-30T06:00Z,0.0,,0.0
0-203-0-11201020001,SCE,06:00,2021-10-01T06:00Z,0.0,,0.0
0-203-0-11201020001,SCE,06:00,2021-10-02T06:00Z,0.0,,0.0
0-203-0-11201020001,SCE,06:00,2021-10-03T06:00Z,0.0,,0.0
0-203-0-11201020001,SCE,06:00,2021-10-04T06:00Z,0.0,,0.0
0-203-0-11201020001,SCE,06:00,2021-10-05T06:00Z,0.0,,0.0
0-203-0-11201020001,SCE,06:00,2021-10-06T06:00Z,0.0,,0.0
0-203-0-11201020001,SCE,06:00,2021-10-07T06:00Z,0.0,,0.0
0-203-0-11201020001,SCE,06:00,2021-10-08T06:00Z,0.0,,0.0
0-203-0-11201020001,SCE,06:00,2021-10-09T06:00Z,0.0,,0.0
0-203-0-11201020001,SCE,06:00,2021-10-10T06:00Z,0.0,,0.0
0-203-0-11201020001,SCE,06:00,2021-10-11T06:00Z,0.0,,0.0
0-203-0-11201020001,SCE,06:00,2021-10-12T06:00Z,0.0,,0.0
0-203-0-11201020001,SCE,06:00,2021-10-13T06:00Z,0.0,,0.0
0-203-0-11201020001,SCE,06:00,2021-10-14T06:00Z,0.0,,0.0
0-203-0-11201020001,SCE,06:00,2021-10-15T06:00Z,0.0,,0.0
0-203-0-11201020001,SCE,06:00,2021-10-16T06:00Z,0.0,,0.0
0-203-0-11201020001,SCE,06:00,2021-10-17T06:00Z,0.0,,0.0
0-203-0-11201020001,SCE,06:00,2021-10-18T06:00Z,0.0,,0.0
0-203-0-11201020001,SCE,06:00,2021-10-19T06:00Z,0.0,,0.0
0-203-0-11201020001,SCE,06:00,2021-10-20T06:00Z,0.0,,0.0
0-203-0-11201020001,SCE,06:00,2021-10-21T06:00Z,0.0,,0.0
0-203-0-11201020001,SCE,06:00,2021-10-22T06:00Z,0.0,,0.0
0-203-0-11201020001,SCE,06:00,2021-10-23T06:00Z,0.0,,0.0
0-203-0-11201020001,SCE,06:00,2021-10-24T06:00Z,0.0,,0.0
0-203-0-11201020001,SCE,06:00,2021-10-25T06:00Z,0.0,,0.0
0-203-0-11201020001,SCE,06:00,2021-10-26T06:00Z,0.0,,0.0
0-203-0-11201020001,SCE,06:00,2021-10-27T06:00Z,0.0,,0.0
0-203-0-11201020001,SCE,06:00,2021-10-28T06:00Z,0.0,,0.0
0-203-0-11201020001,SCE,06:00,2021-10-29T06:00Z,0.0,,0.0
0-203-0-11201020001,SCE,06:00,2021-10-30T06:00Z,0.0,,0.0
0-203-0-11201020001,SCE,06:00,2021-10-31T06:00Z,0.0,,0.0
0-203-0-11201020001,SCE,06:00,2021-11-01T06:00Z,0.0,,0.0
0-203-0-11201020001,SCE,06:00,2021-11-02T06:00Z,0.0,,0.0
0-203-0-11201020001,SCE,06:00,2021-11-03T06:00Z,0.0,,0.0
0-203-0-11201020001,SCE,06:00,2021-11-04T06:00Z,0.0,,0.0
0-203-0-11201020001,SCE,06:00,2021-11-05T06:00Z,0.0,,0.0
0-203-0-11201020001,SCE,06:00,2021-11-06T06:00Z,0.0,,0.0
0-203-0-11201020001,SCE,06:00,2021-11-07T06:00Z,0.0,,0.0
0-203-0-11201020001,SCE,06:00,2021-11-08T06:00Z,0.0,,0.0
0-203-0-11201020001,SCE,06:00,2021-11-09T06:00Z,0.0,,0.0
0-203-0-11201020001,SCE,06:00,2021-11-10T06:00Z,0.0,,0.0
0-203-0-11201020001,SCE,06:00,2021-11-11T06:00Z,0.0,,0.0
0-203-0-11201020001,SCE,06:00,2021-11-12T06:00Z,0.0,,0.0
0-203-0-11201020001,SCE,06:00,2021-11-13T06:00Z,0.0,,0.0
0-203-0-11201020001,SCE,06:00,2021-11-14T06:00Z,0.0,,0.0
0-203-0-11201020001,SCE,06:00,2021-11-15T06:00Z,0.0,,0.0
0-203-0-11201020001,SCE,06:00,2021-11-16T06:00Z,0.0,,0.0
0-203-0-11201020001,SCE,06:00,2021-11-17T06:00Z,0.0,,0.0
0-203-0-11201020001,SCE,06:00,2021-11-18T06:00Z,0.0,,0.0
0-203-0-11201020001,SCE,06:00,2021-11-19T06:00Z,0.0,,0.0
0-203-0-11201020001,SCE,06:00,2021-11-20T06:00Z,0.0,,0.0
0-203-0-11201020001,SCE,06:00,2021-11-21T06:00Z,0.0,,0.0
0-203-0-11201020001,SCE,06:00,2021-11-22T06:00Z,0.0,,0.0
0-203-0-11201020001,SCE,06:00,2021-11-23T06:00Z,0.0,,0.0
0-203-0-11201020001,SCE,06:00,2021-11-24T06:00Z,0.0,,0.0
0-203-0-11201020001,SCE,06:00,2021-11-25T06:00Z,0.0,,0.0
0-203-0-11201020001,SCE,06:00,2021-11-26T06:00Z,0.0,,0.0
0-203-0-11201020001,SCE,06:00,2021-11-27T06:00Z,0.0,,0.0
0-203-0-11201020001,SCE,06:00,2021-11-28T06:00Z,0.0,,0.0
0-203-0-11201020001,SCE,06:00,2021-11-29T06:00Z,0.0,,0.0
0-203-0-11201020001,SCE,06:00,2021-11-30T06:00Z,0.0,,0.0
0-203-0-11201020001,SCE,06:00,2021-12-01T06:00Z,0.0,,0.0
0-203-0-11201020001,SCE,06:00,2021-12-02T06:00Z,0.0,,0.0
0-203-0-11201020001,SCE,06:00,2021-12-03T06:00Z,0.0,,0.0
0-203-0-11201020001,SCE,06:00,2021-12-04T06:00Z,0.0,,0.0
0-203-0-11201020001,SCE,06:00,2021-12-05T06:00Z,1.0,,3.0
0-203-0-11201020001,SCE,06:00,2021-12-06T06:00Z,0.0,,0.0
0-203-0-11201020001,SCE,06:00,2021-12-07T06:00Z,0.0,,0.0
0-203-0-11201020001,SCE,06:00,2021-12-08T06:00Z,0.0,,0.0
0-203-0-11201020001,SCE,06:00,2021-12-09T06:00Z,2.0,,0.0
0-203-0-11201020001,SCE,06:00,2021-12-10T06:00Z,4.0,,0.0
0-203-0-11201020001,SCE,06:00,2021-12-11T06:00Z,0.0,N,3.0
0-203-0-11201020001,SCE,06:00,2021-12-12T06:00Z,0.0,,0.0
0-203-0-11201020001,SCE,06:00,2021-12-13T06:00Z,0.0,,0.0
0-203-0-11201020001,SCE,06:00,2021-12-14T06:00Z,0.0,,0.0
0-203-0-11201020001,SCE,06:00,2021-12-15T06:00Z,0.0,,0.0
0-203-0-11201020001,SCE,06:00,2021-12-16T06:00Z,0.0,,0.0
0-203-0-11201020001,SCE,06:00,2021-12-17T06:00Z,0.0,,0.0
0-203-0-11201020001,SCE,06:00,2021-12-18T06:00Z,0.0,,0.0
0-203-0-11201020001,SCE,06:00,2021-12-19T06:00Z,0.0,,0.0
0-203-0-11201020001,SCE,06:00,2021-12-20T06:00Z,0.0,,0.0
0-203-0-11201020001,SCE,06:00,2021-12-21T06:00Z,0.0,,0.0
0-203-0-11201020001,SCE,06:00,2021-12-22T06:00Z,0.0,,0.0
0-203-0-11201020001,SCE,06:00,2021-12-23T06:00Z,0.0,,0.0
0-203-0-11201020001,SCE,06:00,2021-12-24T06:00Z,0.0,,0.0
0-203-0-11201020001,SCE,06:00,2021-12-25T06:00Z,0.0,,0.0
0-203-0-11201020001,SCE,06:00,2021-12-26T06:00Z,1.0,,0.0
0-203-0-11201020001,SCE,06:00,2021-12-27T06:00Z,1.0,,0.0
0-203-0-11201020001,SCE,06:00,2021-12-28T06:00Z,1.0,,0.0
0-203-0-11201020001,SCE,06:00,2021-12-29T06:00Z,0.0,,0.0
0-203-0-11201020001,SCE,06:00,2021-12-30T06:00Z,0.0,,0.0
0-203-0-11201020001,SCE,06:00,2021-12-31T06:00Z,0.0,,0.0
0-203-0-11201020001,SCE,06:00,2022-01-01T06:00Z,0.0,,0.0
0-203-0-11201020001,SCE,06:00,2022-01-02T06:00Z,0.0,,0.0
0-203-0-11201020001,SCE,06:00,2022-01-03T06:00Z,0.0,,0.0
0-203-0-11201020001,SCE,06:00,2022-01-04T06:00Z,0.0,,0.0
0-203-0-11201020001,SCE,06:00,2022-01-05T06:00Z,0.0,,0.0
0-203-0-11201020001,SCE,06:00,2022-01-06T06:00Z,0.0,,0.0
0-203-0-11201020001,SCE,06:00,2022-01-07T06:00Z,0.0,,0.0
0-203-0-11201020001,SCE,06:00,2022-01-08T06:00Z,0.0,,0.0
0-203-0-11201020001,SCE,06:00,2022-01-09T06:00Z,0.0,P,3.0
0-203-0-11201020001,SCE,06:00,2022-01-10T06:00Z,0.0,,0.0
0-203-0-11201020001,SCE,06:00,2022-01-11T06:00Z,0.0,,0.0
0-203-0-11201020001,SCE,06:00,2022-01-12T06:00Z,0.0,,0.0
0-203-0-11201020001,SCE,06:00,2022-01-13T06:00Z,0.0,,0.0
0-203-0-11201020001,SCE,06:00,2022-01-14T06:00Z,0.0,,0.0
0-203-0-11201020001,SCE,06:00,2022-01-15T06:00Z,0.0,,0.0
0-203-0-11201020001,SCE,06:00,2022-01-16T06:00Z,0.0,,0.0
0-203-0-11201020001,SCE,06:00,2022-01-17T06:00Z,0.0,,0.0
0-203-0-11201020001,SCE,06:00,2022-01-18T06:00Z,0.0,,0.0
0-203-0-11201020001,SCE,06:00,2022-01-19T06:00Z,0.0,,0.0
0-203-0-11201020001,SCE,06:00,2022-01-20T06:00Z,0.0,,0.0
0-203-0-11201020001,SCE,06:00,2022-01-21T06:00Z,1.0,,3.0
0-203-0-11201020001,SCE,06:00,2022-01-22T06:00Z,0.0,N,3.0
0-203-0-11201020001,SCE,06:00,2022-01-23T06:00Z,0.0,,0.0
0-203-0-11201020001,SCE,06:00,2022-01-24T06:00Z,0.0,,0.0
0-203-0-11201020001,SCE,06:00,2022-01-25T06:00Z,0.0,,0.0
0-203-0-11201020001,SCE,06:00,2022-01-26T06:00Z,0.0,,0.0
0-203-0-11201020001,SCE,06:00,2022-01-27T06:00Z,0.0,,0.0
0-203-0-11201020001,SCE,06:00,2022-01-28T06:00Z,0.0,,0.0
0-203-0-11201020001,SCE,06:00,2022-01-29T06:00Z,0.0,,0.0
0-203-0-11201020001,SCE,06:00,2022-01-30T06:00Z,0.0,,0.0
0-203-0-11201020001,SCE,06:00,2022-01-31T06:00Z,0.0,,0.0
0-203-0-11201020001,SCE,06:00,2022-02-01T06:00Z,0.0,P,3.0
0-203-0-11201020001,SCE,06:00,2022-02-02T06:00Z,0.0,,0.0
0-203-0-11201020001,SCE,06:00,2022-02-03T06:00Z,0.0,,0.0
0-203-0-11201020001,SCE,06:00,2022-02-04T06:00Z,0.0,,0.0
0-203-0-11201020001,SCE,06:00,2022-02-05T06:00Z,0.0,,0.0
0-203-0-11201020001,SCE,06:00,2022-02-06T06:00Z,0.0,,0.0
0-203-0-11201020001,SCE,06:00,2022-02-07T06:00Z,0.0,,0.0
0-203-0-11201020001,SCE,06:00,2022-02-08T06:00Z,0.0,,0.0
0-203-0-11201020001,SCE,06:00,2022-02-09T06:00Z,0.0,,0.0
0-203-0-11201020001,SCE,06:00,2022-02-10T06:00Z,0.0,,0.0
0-203-0-11201020001,SCE,06:00,2022-02-11T06:00Z,0.0,,0.0
0-203-0-11201020001,SCE,06:00,2022-02-12T06:00Z,0.0,,0.0
0-203-0-11201020001,SCE,06:00,2022-02-13T06:00Z,0.0,,0.0
0-203-0-11201020001,SCE,06:00,2022-02-14T06:00Z,0.0,,0.0
0-203-0-11201020001,SCE,06:00,2022-02-15T06:00Z,0.0,,0.0
0-203-0-11201020001,SCE,06:00,2022-02-16T06:00Z,0.0,,0.0
0-203-0-11201020001,SCE,06:00,2022-02-17T06:00Z,0.0,,0.0
0-203-0-11201020001,SCE,06:00,2022-02-18T06:00Z,0.0,,0.0
0-203-0-11201020001,SCE,06:00,2022-02-19T06:00Z,0.0,,0.0
0-203-0-11201020001,SCE,06:00,2022-02-20T06:00Z,0.0,,0.0
0-203-0-11201020001,SCE,06:00,2022-02-21T06:00Z,0.0,,0.0
0-203-0-11201020001,SCE,06:00,2022-02-22T06:00Z,0.0,,0.0
0-203-0-11201020001,SCE,06:00,2022-02-23T06:00Z,0.0,,0.0
0-203-0-11201020001,SCE,06:00,2022-02-24T06:00Z,0.0,,0.0
0-203-0-11201020001,SCE,06:00,2022-02-25T06:00Z,0.0,,0.0
0-203-0-11201020001,SCE,06:00,2022-02-26T06:00Z,0.0,,0.0
0-203-0-11201020001,SCE,06:00,2022-02-27T06:00Z,0.0,,0.0
0-203-0-11201020001,SCE,06:00,2022-02-28T06:00Z,0.0,,0.0
0-203-0-11201020001,SCE,06:00,2022-03-01T06:00Z,0.0,,0.0
0-203-0-11201020001,SCE,06:00,2022-03-02T06:00Z,0.0,,0.0
0-203-0-11201020001,SCE,06:00,2022-03-03T06:00Z,0.0,,0.0
0-203-0-11201020001,SCE,06:00,2022-03-04T06:00Z,0.0,,0.0
0-203-0-11201020001,SCE,06:00,2022-03-05T06:00Z,0.0,N,3.0
0-203-0-11201020001,SCE,06:00,2022-03-06T06:00Z,0.0,,0.0
0-203-0-11201020001,SCE,06:00,2022-03-07T06:00Z,0.0,,0.0
0-203-0-11201020001,SCE,06:00,2022-03-08T06:00Z,0.0,,0.0
0-203-0-11201020001,SCE,06:00,2022-03-09T06:00Z,0.0,,0.0
0-203-0-11201020001,SCE,06:00,2022-03-10T06:00Z,0.0,,0.0
0-203-0-11201020001,SCE,06:00,2022-03-11T06:00Z,0.0,,0.0
0-203-0-11201020001,SCE,06:00,2022-03-12T06:00Z,0.0,,0.0
0-203-0-11201020001,SCE,06:00,2022-03-13T06:00Z,0.0,,0.0
0-203-0-11201020001,SCE,06:00,2022-03-14T06:00Z,0.0,,0.0
0-203-0-11201020001,SCE,06:00,2022-03-15T06:00Z,0.0,,0.0
0-203-0-11201020001,SCE,06:00,2022-03-16T06:00Z,0.0,,0.0
0-203-0-11201020001,SCE,06:00,2022-03-17T06:00Z,0.0,,0.0
0-203-0-11201020001,SCE,06:00,2022-03-18T06:00Z,0.0,,0.0
0-203-0-11201020001,SCE,06:00,2022-03-19T06:00Z,0.0,,0.0
0-203-0-11201020001,SCE,06:00,2022-03-20T06:00Z,0.0,,0.0
0-203-0-11201020001,SCE,06:00,2022-03-21T06:00Z,0.0,,0.0
0-203-0-11201020001,SCE,06:00,2022-03-22T06:00Z,0.0,,0.0
0-203-0-11201020001,SCE,06:00,2022-03-23T06:00Z,0.0,,0.0
0-203-0-11201020001,SCE,06:00,2022-03-24T06:00Z,0.0,,0.0
0-203-0-11201020001,SCE,06:00,2022-03-25T06:00Z,0.0,,0.0
0-203-0-11201020001,SCE,06:00,2022-03-26T06:00Z,0.0,,0.0
0-203-0-11201020001,SCE,06:00,2022-03-27T06:00Z,0.0,,0.0
0-203-0-11201020001,SCE,06:00,2022-03-28T06:00Z,0.0,,0.0
0-203-0-11201020001,SCE,06:00,2022-03-29T06:00Z,0.0,,0.0
0-203-0-11201020001,SCE,06:00,2022-03-30T06:00Z,0.0,,0.0
0-203-0-11201020001,SCE,06:00,2022-03-31T06:00Z,0.0,,0.0
0-203-0-11201020001,SCE,06:00,2022-04-01T06:00Z,0.0,,0.0
0-203-0-11201020001,SCE,06:00,2022-04-02T06:00Z,0.0,,0.0
0-203-0-11201020001,SCE,06:00,2022-04-03T06:00Z,0.0,,0.0
0-203-0-11201020001,SCE,06:00,2022-04-04T06:00Z,0.0,,0.0
0-203-0-11201020001,SCE,06:00,2022-04-05T06:00Z,0.0,,0.0
0-203-0-11201020001,SCE,06:00,2022-04-06T06:00Z,0.0,,0.0
0-203-0-11201020001,SCE,06:00,2022-04-07T06:00Z,0.0,,0.0
0-203-0-11201020001,SCE,06:00,2022-04-08T06:00Z,0.0,,0.0
0-203-0-11201020001,SCE,06:00,2022-04-09T06:00Z,0.0,,0.0
0-203-0-11201020001,SCE,06:00,2022-04-10T06:00Z,0.0,,0.0
0-203-0-11201020001,SCE,06:00,2022-04-11T06:00Z,0.0,,0.0
0-203-0-11201020001,SCE,06:00,2022-04-12T06:00Z,0.0,,0.0
0-203-0-11201020001,SCE,06:00,2022-04-13T06:00Z,0.0,,0.0
0-203-0-11201020001,SCE,06:00,2022-04-14T06:00Z,0.0,,0.0
0-203-0-11201020001,SCE,06:00,2022-04-15T06:00Z,0.0,,0.0
0-203-0-11201020001,SCE,06:00,2022-04-16T06:00Z,0.0,,0.0
0-203-0-11201020001,SCE,06:00,2022-04-17T06:00Z,0.0,,0.0
0-203-0-11201020001,SCE,06:00,2022-04-18T06:00Z,0.0,,0.0
0-203-0-11201020001,SCE,06:00,2022-04-19T06:00Z,0.0,,0.0
0-203-0-11201020001,SCE,06:00,2022-04-20T06:00Z,0.0,,0.0
0-203-0-11201020001,SCE,06:00,2022-04-21T06:00Z,0.0,,0.0
0-203-0-11201020001,SCE,06:00,2022-04-22T06:00Z,0.0,,0.0
0-203-0-11201020001,SCE,06:00,2022-04-23T06:00Z,0.0,,0.0
0-203-0-11201020001,SCE,06:00,2022-04-24T06:00Z,0.0,,0.0
0-203-0-11201020001,SCE,06:00,2022-04-25T06:00Z,0.0,,0.0
0-203-0-11201020001,SCE,06:00,2022-04-26T06:00Z,0.0,,0.0
0-203-0-11201020001,SCE,06:00,2022-04-27T06:00Z,0.0,,0.0
0-203-0-11201020001,SCE,06:00,2022-04-28T06:00Z,0.0,,0.0
0-203-0-11201020001,SCE,06:00,2022-04-29T06:00Z,0.0,,0.0
0-203-0-11201020001,SCE,06:00,2022-04-30T06:00Z,0.0,,0.0
0-203-0-11201020001,SCE,06:00,2022-05-01T06:00Z,0.0,,0.0
0-203-0-11201020001,SCE,06:00,2022-05-02T06:00Z,0.0,,0.0
0-203-0-11201020001,SCE,06:00,2022-05-03T06:00Z,0.0,,0.0
0-203-0-11201020001,SCE,06:00,2022-05-04T06:00Z,0.0,,0.0
0-203-0-11201020001,SCE,06:00,2022-05-05T06:00Z,0.0,,0.0
0-203-0-11201020001,SCE,06:00,2022-05-06T06:00Z,0.0,,0.0
0-203-0-11201020001,SCE,06:00,2022-05-07T06:00Z,0.0,,0.0
0-203-0-11201020001,SCE,06:00,2022-05-08T06:00Z,0.0,,0.0
0-203-0-11201020001,SCE,06:00,2022-05-09T06:00Z,0.0,,0.0
0-203-0-11201020001,SCE,06:00,2022-05-10T06:00Z,0.0,,0.0
0-203-0-11201020001,SCE,06:00,2022-05-11T06:00Z,0.0,,0.0
0-203-0-11201020001,SCE,06:00,2022-05-12T06:00Z,0.0,,0.0
0-203-0-11201020001,SCE,06:00,2022-05-13T06:00Z,0.0,,0.0
0-203-0-11201020001,SCE,06:00,2022-05-14T06:00Z,0.0,,0.0
0-203-0-11201020001,SCE,06:00,2022-05-15T06:00Z,0.0,,0.0
0-203-0-11201020001,SCE,06:00,2022-05-16T06:00Z,0.0,,0.0
0-203-0-11201020001,SCE,06:00,2022-05-17T06:00Z,0.0,,0.0
0-203-0-11201020001,SCE,06:00,2022-05-18T06:00Z,0.0,,0.0
0-203-0-11201020001,SCE,06:00,2022-05-19T06:00Z,0.0,,0.0
0-203-0-11201020001,SCE,06:00,2022-05-20T06:00Z,0.0,,0.0
0-203-0-11201020001,SCE,06:00,2022-05-21T06:00Z,0.0,,0.0
0-203-0-11201020001,SCE,06:00,2022-05-22T06:00Z,0.0,,0.0
0-203-0-11201020001,SCE,06:00,2022-05-23T06:00Z,0.0,,0.0
0-203-0-11201020001,SCE,06:00,2022-05-24T06:00Z,0.0,,0.0
0-203-0-11201020001,SCE,06:00,2022-05-25T06:00Z,0.0,,0.0
0-203-0-11201020001,SCE,06:00,2022-05-26T06:00Z,0.0,,0.0
0-203-0-11201020001,SCE,06:00,2022-05-27T06:00Z,0.0,,0.0
0-203-0-11201020001,SCE,06:00,2022-05-28T06:00Z,0.0,,0.0
0-203-0-11201020001,SCE,06:00,2022-05-29T06:00Z,0.0,,0.0
0-203-0-11201020001,SCE,06:00,2022-05-30T06:00Z,0.0,,0.0
0-203-0-11201020001,SCE,06:00,2022-05-31T06:00Z,0.0,,0.0
0-203-0-11201020001,SCE,06:00,2022-06-01T06:00Z,0.0,,0.0
0-203-0-11201020001,SCE,06:00,2022-06-02T06:00Z,0.0,,0.0
0-203-0-11201020001,SCE,06:00,2022-06-03T06:00Z,0.0,,0.0
0-203-0-11201020001,SCE,06:00,2022-06-04T06:00Z,0.0,,0.0
0-203-0-11201020001,SCE,06:00,2022-06-05T06:00Z,0.0,,0.0
0-203-0-11201020001,SCE,06:00,2022-06-06T06:00Z,0.0,,0.0
0-203-0-11201020001,SCE,06:00,2022-06-07T06:00Z,0.0,,0.0
0-203-0-11201020001,SCE,06:00,2022-06-08T06:00Z,0.0,,0.0
0-203-0-11201020001,SCE,06:00,2022-06-09T06:00Z,0.0,,0.0
0-203-0-11201020001,SCE,06:00,2022-06-10T06:00Z,0.0,,0.0
0-203-0-11201020001,SCE,06:00,2022-06-11T06:00Z,0.0,,0.0
0-203-0-11201020001,SCE,06:00,2022-06-12T06:00Z,0.0,,0.0
0-203-0-11201020001,SCE,06:00,2022-06-13T06:00Z,0.0,,0.0
0-203-0-11201020001,SCE,06:00,2022-06-14T06:00Z,0.0,,0.0
0-203-0-11201020001,SCE,06:00,2022-06-15T06:00Z,0.0,,0.0
0-203-0-11201020001,SCE,06:00,2022-06-16T06:00Z,0.0,,0.0
0-203-0-11201020001,SCE,06:00,2022-06-17T06:00Z,0.0,,0.0
0-203-0-11201020001,SCE,06:00,2022-06-18T06:00Z,0.0,,0.0
0-203-0-11201020001,SCE,06:00,2022-06-19T06:00Z,0.0,,0.0
0-203-0-11201020001,SCE,06:00,2022-06-20T06:00Z,0.0,,0.0
0-203-0-11201020001,SCE,06:00,2022-06-21T06:00Z,0.0,,0.0
0-203-0-11201020001,SCE,06:00,2022-06-22T06:00Z,0.0,,0.0
0-203-0-11201020001,SCE,06:00,2022-06-23T06:00Z,0.0,,0.0
0-203-0-11201020001,SCE,06:00,2022-06-24T06:00Z,0.0,,0.0
0-203-0-11201020001,SCE,06:00,2022-06-25T06:00Z,0.0,,0.0
0-203-0-11201020001,SCE,06:00,2022-06-26T06:00Z,0.0,,0.0
0-203-0-11201020001,SCE,06:00,2022-06-27T06:00Z,0.0,,0.0
0-203-0-11201020001,SCE,06:00,2022-06-28T06:00Z,0.0,,0.0
0-203-0-11201020001,SCE,06:00,2022-06-29T06:00Z,0.0,,0.0
0-203-0-11201020001,SCE,06:00,2022-06-30T06:00Z,0.0,,0.0
0-203-0-11201020001,SCE,06:00,2022-07-01T06:00Z,0.0,,0.0
0-203-0-11201020001,SCE,06:00,2022-07-02T06:00Z,0.0,,0.0
0-203-0-11201020001,SCE,06:00,2022-07-03T06:00Z,0.0,,0.0
0-203-0-11201020001,SCE,06:00,2022-07-04T06:00Z,0.0,,0.0
0-203-0-11201020001,SCE,06:00,2022-07-05T06:00Z,0.0,,0.0
0-203-0-11201020001,SCE,06:00,2022-07-06T06:00Z,0.0,,0.0
0-203-0-11201020001,SCE,06:00,2022-07-07T06:00Z,0.0,,0.0
0-203-0-11201020001,SCE,06:00,2022-07-08T06:00Z,0.0,,0.0
0-203-0-11201020001,SCE,06:00,2022-07-09T06:00Z,0.0,,0.0
0-203-0-11201020001,SCE,06:00,2022-07-10T06:00Z,0.0,,0.0
0-203-0-11201020001,SCE,06:00,2022-07-11T06:00Z,0.0,,0.0
0-203-0-11201020001,SCE,06:00,2022-07-12T06:00Z,0.0,,0.0
0-203-0-11201020001,SCE,06:00,2022-07-13T06:00Z,0.0,,0.0
0-203-0-11201020001,SCE,06:00,2022-07-14T06:00Z,0.0,,0.0
0-203-0-11201020001,SCE,06:00,2022-07-15T06:00Z,0.0,,0.0
0-203-0-11201020001,SCE,06:00,2022-07-16T06:00Z,0.0,,0.0
0-203-0-11201020001,SCE,06:00,2022-07-17T06:00Z,0.0,,0.0
0-203-0-11201020001,SCE,06:00,2022-07-18T06:00Z,0.0,,0.0
0-203-0-11201020001,SCE,06:00,2022-07-19T06:00Z,0.0,,0.0
0-203-0-11201020001,SCE,06:00,2022-07-20T06:00Z,0.0,,0.0
0-203-0-11201020001,SCE,06:00,2022-07-21T06:00Z,0.0,,0.0
0-203-0-11201020001,SCE,06:00,2022-07-22T06:00Z,0.0,,0.0
0-203-0-11201020001,SCE,06:00,2022-07-23T06:00Z,0.0,,0.0
0-203-0-11201020001,SCE,06:00,2022-07-24T06:00Z,0.0,,0.0
0-203-0-11201020001,SCE,06:00,2022-07-25T06:00Z,0.0,,0.0
0-203-0-11201020001,SCE,06:00,2022-07-26T06:00Z,0.0,,0.0
0-203-0-11201020001,SCE,06:00,2022-07-27T06:00Z,0.0,,0.0
0-203-0-11201020001,SCE,06:00,2022-07-28T06:00Z,0.0,,0.0
0-203-0-11201020001,SCE,06:00,2022-07-29T06:00Z,0.0,,0.0
0-203-0-11201020001,SCE,06:00,2022-07-30T06:00Z,0.0,,0.0
0-203-0-11201020001,SCE,06:00,2022-07-31T06:00Z,0.0,,0.0
0-203-0-11201020001,SCE,06:00,2022-08-01T06:00Z,0.0,,0.0
0-203-0-11201020001,SCE,06:00,2022-08-02T06:00Z,0.0,,0.0
0-203-0-11201020001,SCE,06:00,2022-08-03T06:00Z,0.0,,0.0
0-203-0-11201020001,SCE,06:00,2022-08-04T06:00Z,0.0,,0.0
0-203-0-11201020001,SCE,06:00,2022-08-05T06:00Z,0.0,,0.0
0-203-0-11201020001,SCE,06:00,2022-08-06T06:00Z,0.0,,0.0
0-203-0-11201020001,SCE,06:00,2022-08-07T06:00Z,0.0,,0.0
0-203-0-11201020001,SCE,06:00,2022-08-08T06:00Z,0.0,,0.0
0-203-0-11201020001,SCE,06:00,2022-08-09T06:00Z,0.0,,0.0
0-203-0-11201020001,SCE,06:00,2022-08-10T06:00Z,0.0,,0.0
0-203-0-11201020001,SCE,06:00,2022-08-11T06:00Z,0.0,,0.0
0-203-0-11201020001,SCE,06:00,2022-08-12T06:00Z,0.0,,0.0
0-203-0-11201020001,SCE,06:00,2022-08-13T06:00Z,0.0,,0.0
0-203-0-11201020001,SCE,06:00,2022-08-14T06:00Z,0.0,,0.0
0-203-0-11201020001,SCE,06:00,2022-08-15T06:00Z,0.0,,0.0
0-203-0-11201020001,SCE,06:00,2022-08-16T06:00Z,0.0,,0.0
0-203-0-11201020001,SCE,06:00,2022-08-17T06:00Z,0.0,,0.0
0-203-0-11201020001,SCE,06:00,2022-08-18T06:00Z,0.0,,0.0
0-203-0-11201020001,SCE,06:00,2022-08-19T06:00Z,0.0,,0.0
0-203-0-11201020001,SCE,06:00,2022-08-20T06:00Z,0.0,,0.0
0-203-0-11201020001,SCE,06:00,2022-08-21T06:00Z,0.0,,0.0
0-203-0-11201020001,SCE,06:00,2022-08-22T06:00Z,0.0,,0.0
0-203-0-11201020001,SCE,06:00,2022-08-23T06:00Z,0.0,,0.0
0-203-0-11201020001,SCE,06:00,2022-08-24T06:00Z,0.0,,0.0
0-203-0-11201020001,SCE,06:00,2022-08-25T06:00Z,0.0,,0.0
0-203-0-11201020001,SCE,06:00,2022-08-26T06:00Z,0.0,,0.0
0-203-0-11201020001,SCE,06:00,2022-08-27T06:00Z,0.0,,0.0
0-203-0-11201020001,SCE,06:00,2022-08-28T06:00Z,0.0,,0.0
0-203-0-11201020001,SCE,06:00,2022-08-29T06:00Z,0.0,,0.0
0-203-0-11201020001,SCE,06:00,2022-08-30T06:00Z,0.0,,0.0
0-203-0-11201020001,SCE,06:00,2022-08-31T06:00Z,0.0,,0.0
0-203-0-11201020001,SCE,06:00,2022-09-01T06:00Z,0.0,,0.0
0-203-0-11201020001,SCE,06:00,2022-09-02T06:00Z,0.0,,0.0
0-203-0-11201020001,SCE,06:00,2022-09-03T06:00Z,0.0,,0.0
0-203-0-11201020001,SCE,06:00,2022-09-04T06:00Z,0.0,,0.0
0-203-0-11201020001,SCE,06:00,2022-09-05T06:00Z,0.0,,0.0
0-203-0-11201020001,SCE,06:00,2022-09-06T06:00Z,0.0,,0.0
0-203-0-11201020001,SCE,06:00,2022-09-07T06:00Z,0.0,,0.0
0-203-0-11201020001,SCE,06:00,2022-09-08T06:00Z,0.0,,0.0
0-203-0-11201020001,SCE,06:00,2022-09-09T06:00Z,0.0,,0.0
0-203-0-11201020001,SCE,06:00,2022-09-10T06:00Z,0.0,,0.0
0-203-0-11201020001,SCE,06:00,2022-09-11T06:00Z,0.0,,0.0
0-203-0-11201020001,SCE,06:00,2022-09-12T06:00Z,0.0,,0.0
0-203-0-11201020001,SCE,06:00,2022-09-13T06:00Z,0.0,,0.0
0-203-0-11201020001,SCE,06:00,2022-09-14T06:00Z,0.0,,0.0
0-203-0-11201020001,SCE,06:00,2022-09-15T06:00Z,0.0,,0.0
0-203-0-11201020001,SCE,06:00,2022-09-16T06:00Z,0.0,,0.0
0-203-0-11201020001,SCE,06:00,2022-09-17T06:00Z,0.0,,0.0
0-203-0-11201020001,SCE,06:00,2022-09-18T06:00Z,0.0,,0.0
0-203-0-11201020001,SCE,06:00,2022-09-19T06:00Z,0.0,,0.0
0-203-0-11201020001,SCE,06:00,2022-09-20T06:00Z,0.0,,0.0
0-203-0-11201020001,SCE,06:00,2022-09-21T06:00Z,0.0,,0.0
0-203-0-11201020001,SCE,06:00,2022-09-22T06:00Z,0.0,,0.0
0-203-0-11201020001,SCE,06:00,2022-09-23T06:00Z,0.0,,0.0
0-203-0-11201020001,SCE,06:00,2022-09-24T06:00Z,0.0,,0.0
0-203-0-11201020001,SCE,06:00,2022-09-25T06:00Z,0.0,,0.0
0-203-0-11201020001,SCE,06:00,2022-09-26T06:00Z,0.0,,0.0
0-203-0-11201020001,SCE,06:00,2022-09-27T06:00Z,0.0,,0.0
0-203-0-11201020001,SCE,06:00,2022-09-28T06:00Z,0.0,,0.0
0-203-0-11201020001,SCE,06:00,2022-09-29T06:00Z,0.0,,0.0
0-203-0-11201020001,SCE,06:00,2022-09-30T06:00Z,0.0,,0.0
0-203-0-11201020001,SCE,06:00,2022-10-01T06:00Z,0.0,,0.0
0-203-0-11201020001,SCE,06:00,2022-10-02T06:00Z,0.0,,0.0
0-203-0-11201020001,SCE,06:00,2022-10-03T06:00Z,0.0,,0.0
0-203-0-11201020001,SCE,06:00,2022-10-04T06:00Z,0.0,,0.0
0-203-0-11201020001,SCE,06:00,2022-10-05T06:00Z,0.0,,0.0
0-203-0-11201020001,SCE,06:00,2022-10-06T06:00Z,0.0,,0.0
0-203-0-11201020001,SCE,06:00,2022-10-07T06:00Z,0.0,,0.0
0-203-0-11201020001,SCE,06:00,2022-10-08T06:00Z,0.0,,0.0
0-203-0-11201020001,SCE,06:00,2022-10-09T06:00Z,0.0,,0.0
0-203-0-11201020001,SCE,06:00,2022-10-10T06:00Z,0.0,,0.0
0-203-0-11201020001,SCE,06:00,2022-10-11T06:00Z,0.0,,0.0
0-203-0-11201020001,SCE,06:00,2022-10-12T06:00Z,0.0,,0.0
0-203-0-11201020001,SCE,06:00,2022-10-13T06:00Z,0.0,,0.0
0-203-0-11201020001,SCE,06:00,2022-10-14T06:00Z,0.0,,0.0
0-203-0-11201020001,SCE,06:00,2022-10-15T06:00Z,0.0,,0.0
0-203-0-11201020001,SCE,06:00,2022-10-16T06:00Z,0.0,,0.0
0-203-0-11201020001,SCE,06:00,2022-10-17T06:00Z,0.0,,0.0
0-203-0-11201020001,SCE,06:00,2022-10-18T06:00Z,0.0,,0.0
0-203-0-11201020001,SCE,06:00,2022-10-19T06:00Z,0.0,,0.0
0-203-0-11201020001,SCE,06:00,2022-10-20T06:00Z,0.0,,0.0
0-203-0-11201020001,SCE,06:00,2022-10-21T06:00Z,0.0,,0.0
0-203-0-11201020001,SCE,06:00,2022-10-22T06:00Z,0.0,,0.0
0-203-0-11201020001,SCE,06:00,2022-10-23T06:00Z,0.0,,0.0
0-203-0-11201020001,SCE,06:00,2022-10-24T06:00Z,0.0,,0.0
0-203-0-11201020001,SCE,06:00,2022-10-25T06:00Z,0.0,,0.0
0-203-0-11201020001,SCE,06:00,2022-10-26T06:00Z,0.0,,0.0
0-203-0-11201020001,SCE,06:00,2022-10-27T06:00Z,0.0,,0.0
0-203-0-11201020001,SCE,06:00,2022-10-28T06:00Z,0.0,,0.0
0-203-0-11201020001,SCE,06:00,2022-10-29T06:00Z,0.0,,0.0
0-203-0-11201020001,SCE,06:00,2022-10-30T06:00Z,0.0,,0.0
0-203-0-11201020001,SCE,06:00,2022-10-31T06:00Z,0.0,,0.0
0-203-0-11201020001,SCE,06:00,2022-11-01T06:00Z,0.0,,0.0
0-203-0-11201020001,SCE,06:00,2022-11-02T06:00Z,0.0,,0.0
0-203-0-11201020001,SCE,06:00,2022-11-03T06:00Z,0.0,,0.0
0-203-0-11201020001,SCE,06:00,2022-11-04T06:00Z,0.0,,0.0
0-203-0-11201020001,SCE,06:00,2022-11-05T06:00Z,0.0,,0.0
0-203-0-11201020001,SCE,06:00,2022-11-06T06:00Z,0.0,,0.0
0-203-0-11201020001,SCE,06:00,2022-11-07T06:00Z,0.0,,0.0
0-203-0-11201020001,SCE,06:00,2022-11-08T06:00Z,0.0,,0.0
0-203-0-11201020001,SCE,06:00,2022-11-09T06:00Z,0.0,,0.0
0-203-0-11201020001,SCE,06:00,2022-11-10T06:00Z,0.0,,0.0
0-203-0-11201020001,SCE,06:00,2022-11-11T06:00Z,0.0,,0.0
0-203-0-11201020001,SCE,06:00,2022-11-12T06:00Z,0.0,,0.0
0-203-0-11201020001,SCE,06:00,2022-11-13T06:00Z,0.0,,0.0
0-203-0-11201020001,SCE,06:00,2022-11-14T06:00Z,0.0,,0.0
0-203-0-11201020001,SCE,06:00,2022-11-15T06:00Z,0.0,,0.0
0-203-0-11201020001,SCE,06:00,2022-11-16T06:00Z,0.0,,0.0
0-203-0-11201020001,SCE,06:00,2022-11-17T06:00Z,0.0,,0.0
0-203-0-11201020001,SCE,06:00,2022-11-18T06:00Z,0.0,,0.0
0-203-0-11201020001,SCE,06:00,2022-11-19T06:00Z,2.0,,3.0
0-203-0-11201020001,SCE,06:00,2022-11-20T06:00Z,2.0,,3.0
0-203-0-11201020001,SCE,06:00,2022-11-21T06:00Z,0.0,,0.0
0-203-0-11201020001,SCE,06:00,2022-11-22T06:00Z,0.0,,0.0
0-203-0-11201020001,SCE,06:00,2022-11-23T06:00Z,0.0,,0.0
0-203-0-11201020001,SCE,06:00,2022-11-24T06:00Z,0.0,,0.0
0-203-0-11201020001,SCE,06:00,2022-11-25T06:00Z,0.0,,0.0
0-203-0-11201020001,SCE,06:00,2022-11-26T06:00Z,0.0,,0.0
0-203-0-11201020001,SCE,06:00,2022-11-27T06:00Z,0.0,,0.0
0-203-0-11201020001,SCE,06:00,2022-11-28T06:00Z,0.0,,0.0
0-203-0-11201020001,SCE,06:00,2022-11-29T06:00Z,0.0,,0.0
0-203-0-11201020001,SCE,06:00,2022-11-30T06:00Z,0.0,,0.0
0-203-0-11201020001,SCE,06:00,2022-12-01T06:00Z,0.0,,0.0
0-203-0-11201020001,SCE,06:00,2022-12-02T06:00Z,0.0,,0.0
0-203-0-11201020001,SCE,06:00,2022-12-03T06:00Z,0.0,N,3.0
0-203-0-11201020001,SCE,06:00,2022-12-04T06:00Z,0.0,,0.0
0-203-0-11201020001,SCE,06:00,2022-12-05T06:00Z,0.0,,0.0
0-203-0-11201020001,SCE,06:00,2022-12-06T06:00Z,0.0,,0.0
0-203-0-11201020001,SCE,06:00,2022-12-07T06:00Z,0.0,,0.0
0-203-0-11201020001,SCE,06:00,2022-12-08T06:00Z,0.0,,0.0
0-203-0-11201020001,SCE,06:00,2022-12-09T06:00Z,0.0,,0.0
0-203-0-11201020001,SCE,06:00,2022-12-10T06:00Z,0.0,,0.0
0-203-0-11201020001,SCE,06:00,2022-12-11T06:00Z,0.0,,0.0
0-203-0-11201020001,SCE,06:00,2022-12-12T06:00Z,2.0,,3.0
0-203-0-11201020001,SCE,06:00,2022-12-13T06:00Z,4.0,,3.0
0-203-0-11201020001,SCE,06:00,2022-12-14T06:00Z,4.0,,0.0
0-203-0-11201020001,SCE,06:00,2022-12-15T06:00Z,7.0,,0.0
0-203-0-11201020001,SCE,06:00,2022-12-16T06:00Z,9.0,,0.0
0-203-0-11201020001,SCE,06:00,2022-12-17T06:00Z,12.0,,3.0
0-203-0-11201020001,SCE,06:00,2022-12-18T06:00Z,10.0,,3.0
0-203-0-11201020001,SCE,06:00,2022-12-19T06:00Z,8.0,,0.0
0-203-0-11201020001,SCE,06:00,2022-12-20T06:00Z,7.0,,0.0
0-203-0-11201020001,SCE,06:00,2022-12-21T06:00Z,6.0,,0.0
0-203-0-11201020001,SCE,06:00,2022-12-22T06:00Z,3.0,,0.0
0-203-0-11201020001,SCE,06:00,2022-12-23T06:00Z,0.0,,0.0
0-203-0-11201020001,SCE,06:00,2022-12-24T06:00Z,0.0,,0.0
0-203-0-11201020001,SCE,06:00,2022-12-25T06:00Z,0.0,,0.0
0-203-0-11201020001,SCE,06:00,2022-12-26T06:00Z,0.0,,0.0
0-203-0-11201020001,SCE,06:00,2022-12-27T06:00Z,0.0,,0.0
0-203-0-11201020001,SCE,06:00,2022-12-28T06:00Z,0.0,,0.0
0-203-0-11201020001,SCE,06:00,2022-12-29T06:00Z,0.0,,0.0
0-203-0-11201020001,SCE,06:00,2022-12-30T06:00Z,0.0,,0.0
0-203-0-11201020001,SCE,06:00,2022-12-31T06:00Z,0.0,,0.0
0-203-0-11201020001,SCE,06:00,2023-01-01T06:00Z,0.0,,0.0
0-203-0-11201020001,SCE,06:00,2023-01-02T06:00Z,0.0,,0.0
0-203-0-11201020001,SCE,06:00,2023-01-03T06:00Z,0.0,,0.0
0-203-0-11201020001,SCE,06:00,2023-01-04T06:00Z,0.0,,0.0
0-203-0-11201020001,SCE,06:00,2023-01-05T06:00Z,0.0,,0.0
0-203-0-11201020001,SCE,06:00,2023-01-06T06:00Z,0.0,,0.0
0-203-0-11201020001,SCE,06:00,2023-01-07T06:00Z,0.0,,0.0
0-203-0-11201020001,SCE,06:00,2023-01-08T06:00Z,0.0,,0.0
0-203-0-11201020001,SCE,06:00,2023-01-09T06:00Z,0.0,,0.0
0-203-0-11201020001,SCE,06:00,2023-01-10T06:00Z,0.0,,0.0
0-203-0-11201020001,SCE,06:00,2023-01-11T06:00Z,0.0,,0.0
0-203-0-11201020001,SCE,06:00,2023-01-12T06:00Z,0.0,,0.0
0-203-0-11201020001,SCE,06:00,2023-01-13T06:00Z,0.0,,0.0
0-203-0-11201020001,SCE,06:00,2023-01-14T06:00Z,0.0,,0.0
0-203-0-11201020001,SCE,06:00,2023-01-15T06:00Z,0.0,,0.0
0-203-0-11201020001,SCE,06:00,2023-01-16T06:00Z,0.0,,0.0
0-203-0-11201020001,SCE,06:00,2023-01-17T06:00Z,0.0,,0.0
0-203-0-11201020001,SCE,06:00,2023-01-18T06:00Z,1.0,,3.0
0-203-0-11201020001,SCE,06:00,2023-01-19T06:00Z,0.0,,0.0
0-203-0-11201020001,SCE,06:00,2023-01-20T06:00Z,0.0,,0.0
0-203-0-11201020001,SCE,06:00,2023-01-21T06:00Z,2.0,,3.0
0-203-0-11201020001,SCE,06:00,2023-01-22T06:00Z,4.0,,3.0
0-203-0-11201020001,SCE,06:00,2023-01-23T06:00Z,5.0,,0.0
0-203-0-11201020001,SCE,06:00,2023-01-24T06:00Z,0.0,N,3.0
0-203-0-11201020001,SCE,06:00,2023-01-25T06:00Z,0.0,,0.0
0-203-0-11201020001,SCE,06:00,2023-01-26T06:00Z,0.0,,0.0
0-203-0-11201020001,SCE,06:00,2023-01-27T06:00Z,0.0,,0.0
0-203-0-11201020001,SCE,06:00,2023-01-28T06:00Z,0.0,,0.0
0-203-0-11201020001,SCE,06:00,2023-01-29T06:00Z,0.0,,0.0
0-203-0-11201020001,SCE,06:00,2023-01-30T06:00Z,0.0,,0.0
0-203-0-11201020001,SCE,06:00,2023-01-31T06:00Z,0.0,,0.0
0-203-0-11201020001,SCE,06:00,2023-02-01T06:00Z,0.0,,0.0
0-203-0-11201020001,SCE,06:00,2023-02-02T06:00Z,1.0,,3.0
0-203-0-11201020001,SCE,06:00,2023-02-03T06:00Z,0.0,,0.0
0-203-0-11201020001,SCE,06:00,2023-02-04T06:00Z,0.0,,0.0
0-203-0-11201020001,SCE,06:00,2023-02-05T06:00Z,0.0,,0.0
0-203-0-11201020001,SCE,06:00,2023-02-06T06:00Z,0.0,,0.0
0-203-0-11201020001,SCE,06:00,2023-02-07T06:00Z,0.0,,0.0
0-203-0-11201020001,SCE,06:00,2023-02-08T06:00Z,0.0,,0.0
0-203-0-11201020001,SCE,06:00,2023-02-09T06:00Z,0.0,,0.0
0-203-0-11201020001,SCE,06:00,2023-02-10T06:00Z,0.0,,0.0
0-203-0-11201020001,SCE,06:00,2023-02-11T06:00Z,0.0,,0.0
0-203-0-11201020001,SCE,06:00,2023-02-12T06:00Z,0.0,,0.0
0-203-0-11201020001,SCE,06:00,2023-02-13T06:00Z,0.0,,0.0
0-203-0-11201020001,SCE,06:00,2023-02-14T06:00Z,0.0,,0.0
0-203-0-11201020001,SCE,06:00,2023-02-15T06:00Z,0.0,,0.0
0-203-0-11201020001,SCE,06:00,2023-02-16T06:00Z,0.0,,0.0
0-203-0-11201020001,SCE,06:00,2023-02-17T06:00Z,0.0,,0.0
0-203-0-11201020001,SCE,06:00,2023-02-18T06:00Z,0.0,,0.0
0-203-0-11201020001,SCE,06:00,2023-02-19T06:00Z,0.0,,0.0
0-203-0-11201020001,SCE,06:00,2023-02-20T06:00Z,0.0,,0.0
0-203-0-11201020001,SCE,06:00,2023-02-21T06:00Z,0.0,,0.0
0-203-0-11201020001,SCE,06:00,2023-02-22T06:00Z,0.0,,0.0
0-203-0-11201020001,SCE,06:00,2023-02-23T06:00Z,0.0,,0.0
0-203-0-11201020001,SCE,06:00,2023-02-24T06:00Z,0.0,,0.0
0-203-0-11201020001,SCE,06:00,2023-02-25T06:00Z,0.0,,0.0
0-203-0-11201020001,SCE,06:00,2023-02-26T06:00Z,2.0,,3.0
0-203-0-11201020001,SCE,06:00,2023-02-27T06:00Z,0.0,,0.0
0-203-0-11201020001,SCE,06:00,2023-02-28T06:00Z,0.0,,0.0
0-203-0-11201020001,SCE,06:00,2023-03-01T06:00Z,0.0,,0.0
0-203-0-11201020001,SCE,06:00,2023-03-02T06:00Z,0.0,,0.0
0-203-0-11201020001,SCE,06:00,2023-03-03T06:00Z,0.0,,0.0
0-203-0-11201020001,SCE,06:00,2023-03-04T06:00Z,0.0,,0.0
0-203-0-11201020001,SCE,06:00,2023-03-05T06:00Z,0.0,,0.0
0-203-0-11201020001,SCE,06:00,2023-03-06T06:00Z,0.0,,0.0
0-203-0-11201020001,SCE,06:00,2023-03-07T06:00Z,0.0,,0.0
0-203-0-11201020001,SCE,06:00,2023-03-08T06:00Z,0.0,,0.0
0-203-0-11201020001,SCE,06:00,2023-03-09T06:00Z,0.0,,0.0
0-203-0-11201020001,SCE,06:00,2023-03-10T06:00Z,0.0,,0.0
0-203-0-11201020001,SCE,06:00,2023-03-11T06:00Z,0.0,,0.0
0-203-0-11201020001,SCE,06:00,2023-03-12T06:00Z,0.0,,0.0
0-203-0-11201020001,SCE,06:00,2023-03-13T06:00Z,0.0,,0.0
0-203-0-11201020001,SCE,06:00,2023-03-14T06:00Z,0.0,,0.0
0-203-0-11201020001,SCE,06:00,2023-03-15T06:00Z,0.0,,0.0
0-203-0-11201020001,SCE,06:00,2023-03-16T06:00Z,0.0,N,3.0
0-203-0-11201020001,SCE,06:00,2023-03-17T06:00Z,0.0,,0.0
0-203-0-11201020001,SCE,06:00,2023-03-18T06:00Z,0.0,,0.0
0-203-0-11201020001,SCE,06:00,2023-03-19T06:00Z,0.0,,0.0
0-203-0-11201020001,SCE,06:00,2023-03-20T06:00Z,0.0,,0.0
0-203-0-11201020001,SCE,06:00,2023-03-21T06:00Z,0.0,,0.0
0-203-0-11201020001,SCE,06:00,2023-03-22T06:00Z,0.0,,0.0
0-203-0-11201020001,SCE,06:00,2023-03-23T06:00Z,0.0,,0.0
0-203-0-11201020001,SCE,06:00,2023-03-24T06:00Z,0.0,,0.0
0-203-0-11201020001,SCE,06:00,2023-03-25T06:00Z,0.0,,0.0
0-203-0-11201020001,SCE,06:00,2023-03-26T06:00Z,0.0,,0.0
0-203-0-11201020001,SCE,06:00,2023-03-27T06:00Z,0.0,,0.0
0-203-0-11201020001,SCE,06:00,2023-03-28T06:00Z,0.0,,0.0
0-203-0-11201020001,SCE,06:00,2023-03-29T06:00Z,0.0,,0.0
0-203-0-11201020001,SCE,06:00,2023-03-30T06:00Z,0.0,,0.0
0-203-0-11201020001,SCE,06:00,2023-03-31T06:00Z,0.0,,0.0
0-203-0-11201020001,SCE,06:00,2023-04-01T06:00Z,0.0,,0.0
0-203-0-11201020001,SCE,06:00,2023-04-02T06:00Z,0.0,,0.0
0-203-0-11201020001,SCE,06:00,2023-04-03T06:00Z,0.0,,0.0
0-203-0-11201020001,SCE,06:00,2023-04-04T06:00Z,0.0,,0.0
0-203-0-11201020001,SCE,06:00,2023-04-05T06:00Z,0.0,,0.0
0-203-0-11201020001,SCE,06:00,2023-04-06T06:00Z,0.0,,0.0
0-203-0-11201020001,SCE,06:00,2023-04-07T06:00Z,0.0,,0.0
0-203-0-11201020001,SCE,06:00,2023-04-08T06:00Z,0.0,,0.0
0-203-0-11201020001,SCE,06:00,2023-04-09T06:00Z,0.0,,0.0
0-203-0-11201020001,SCE,06:00,2023-04-10T06:00Z,0.0,,0.0
0-203-0-11201020001,SCE,06:00,2023-04-11T06:00Z,0.0,,0.0
0-203-0-11201020001,SCE,06:00,2023-04-12T06:00Z,0.0,,0.0
0-203-0-11201020001,SCE,06:00,2023-04-13T06:00Z,0.0,,0.0
0-203-0-11201020001,SCE,06:00,2023-04-14T06:00Z,0.0,,0.0
0-203-0-11201020001,SCE,06:00,2023-04-15T06:00Z,0.0,,0.0
0-203-0-11201020001,SCE,06:00,2023-04-16T06:00Z,0.0,,0.0
0-203-0-11201020001,SCE,06:00,2023-04-17T06:00Z,0.0,,0.0
0-203-0-11201020001,SCE,06:00,2023-04-18T06:00Z,0.0,,0.0
0-203-0-11201020001,SCE,06:00,2023-04-19T06:00Z,0.0,,0.0
0-203-0-11201020001,SCE,06:00,2023-04-20T06:00Z,0.0,,0.0
0-203-0-11201020001,SCE,06:00,2023-04-21T06:00Z,0.0,,0.0
0-203-0-11201020001,SCE,06:00,2023-04-22T06:00Z,0.0,,0.0
0-203-0-11201020001,SCE,06:00,2023-04-23T06:00Z,0.0,,0.0
0-203-0-11201020001,SCE,06:00,2023-04-24T06:00Z,0.0,,0.0
0-203-0-11201020001,SCE,06:00,2023-04-25T06:00Z,0.0,,0.0
0-203-0-11201020001,SCE,06:00,2023-04-26T06:00Z,0.0,,0.0
0-203-0-11201020001,SCE,06:00,2023-04-27T06:00Z,0.0,,0.0
0-203-0-11201020001,SCE,06:00,2023-04-28T06:00Z,0.0,,0.0
0-203-0-11201020001,SCE,06:00,2023-04-29T06:00Z,0.0,,0.0
0-203-0-11201020001,SCE,06:00,2023-04-30T06:00Z,0.0,,0.0
0-203-0-11201020001,SCE,06:00,2023-05-01T06:00Z,0.0,,0.0
0-203-0-11201020001,SCE,06:00,2023-05-02T06:00Z,0.0,,0.0
0-203-0-11201020001,SCE,06:00,2023-05-03T06:00Z,0.0,,0.0
0-203-0-11201020001,SCE,06:00,2023-05-04T06:00Z,0.0,,0.0
0-203-0-11201020001,SCE,06:00,2023-05-05T06:00Z,0.0,,0.0
0-203-0-11201020001,SCE,06:00,2023-05-06T06:00Z,0.0,,0.0
0-203-0-11201020001,SCE,06:00,2023-05-07T06:00Z,0.0,,0.0
0-203-0-11201020001,SCE,06:00,2023-05-08T06:00Z,0.0,,0.0
0-203-0-11201020001,SCE,06:00,2023-05-09T06:00Z,0.0,,0.0
0-203-0-11201020001,SCE,06:00,2023-05-10T06:00Z,0.0,,0.0
0-203-0-11201020001,SCE,06:00,2023-05-11T06:00Z,0.0,,0.0
0-203-0-11201020001,SCE,06:00,2023-05-12T06:00Z,0.0,,0.0
0-203-0-11201020001,SCE,06:00,2023-05-13T06:00Z,0.0,,0.0
0-203-0-11201020001,SCE,06:00,2023-05-14T06:00Z,0.0,,0.0
0-203-0-11201020001,SCE,06:00,2023-05-15T06:00Z,0.0,,0.0
0-203-0-11201020001,SCE,06:00,2023-05-16T06:00Z,0.0,,0.0
0-203-0-11201020001,SCE,06:00,2023-05-17T06:00Z,0.0,,0.0
0-203-0-11201020001,SCE,06:00,2023-05-18T06:00Z,0.0,,0.0
0-203-0-11201020001,SCE,06:00,2023-05-19T06:00Z,0.0,,0.0
0-203-0-11201020001,SCE,06:00,2023-05-20T06:00Z,0.0,,0.0
0-203-0-11201020001,SCE,06:00,2023-05-21T06:00Z,0.0,,0.0
0-203-0-11201020001,SCE,06:00,2023-05-22T06:00Z,0.0,,0.0
0-203-0-11201020001,SCE,06:00,2023-05-23T06:00Z,0.0,,0.0
0-203-0-11201020001,SCE,06:00,2023-05-24T06:00Z,0.0,,0.0
0-203-0-11201020001,SCE,06:00,2023-05-25T06:00Z,0.0,,0.0
0-203-0-11201020001,SCE,06:00,2023-05-26T06:00Z,0.0,,0.0
0-203-0-11201020001,SCE,06:00,2023-05-27T06:00Z,0.0,,0.0
0-203-0-11201020001,SCE,06:00,2023-05-28T06:00Z,0.0,,0.0
0-203-0-11201020001,SCE,06:00,2023-05-29T06:00Z,0.0,,0.0
0-203-0-11201020001,SCE,06:00,2023-05-30T06:00Z,0.0,,0.0
0-203-0-11201020001,SCE,06:00,2023-05-31T06:00Z,0.0,,0.0
0-203-0-11201020001,SCE,06:00,2023-06-01T06:00Z,0.0,,0.0
0-203-0-11201020001,SCE,06:00,2023-06-02T06:00Z,0.0,,0.0
0-203-0-11201020001,SCE,06:00,2023-06-03T06:00Z,0.0,,0.0
0-203-0-11201020001,SCE,06:00,2023-06-04T06:00Z,0.0,,0.0
0-203-0-11201020001,SCE,06:00,2023-06-05T06:00Z,0.0,,0.0
0-203-0-11201020001,SCE,06:00,2023-06-06T06:00Z,0.0,,0.0
0-203-0-11201020001,SCE,06:00,2023-06-07T06:00Z,0.0,,0.0
0-203-0-11201020001,SCE,06:00,2023-06-08T06:00Z,0.0,,0.0
0-203-0-11201020001,SCE,06:00,2023-06-09T06:00Z,0.0,,0.0
0-203-0-11201020001,SCE,06:00,2023-06-10T06:00Z,0.0,,0.0
0-203-0-11201020001,SCE,06:00,2023-06-11T06:00Z,0.0,,0.0
0-203-0-11201020001,SCE,06:00,2023-06-12T06:00Z,0.0,,0.0
0-203-0-11201020001,SCE,06:00,2023-06-13T06:00Z,0.0,,0.0
0-203-0-11201020001,SCE,06:00,2023-06-14T06:00Z,0.0,,0.0
0-203-0-11201020001,SCE,06:00,2023-06-15T06:00Z,0.0,,0.0
0-203-0-11201020001,SCE,06:00,2023-06-16T06:00Z,0.0,,0.0
0-203-0-11201020001,SCE,06:00,2023-06-17T06:00Z,0.0,,0.0
0-203-0-11201020001,SCE,06:00,2023-06-18T06:00Z,0.0,,0.0
0-203-0-11201020001,SCE,06:00,2023-06-19T06:00Z,0.0,,0.0
0-203-0-11201020001,SCE,06:00,2023-06-20T06:00Z,0.0,,0.0
0-203-0-11201020001,SCE,06:00,2023-06-21T06:00Z,0.0,,0.0
0-203-0-11201020001,SCE,06:00,2023-06-22T06:00Z,0.0,,0.0
0-203-0-11201020001,SCE,06:00,2023-06-23T06:00Z,0.0,,0.0
0-203-0-11201020001,SCE,06:00,2023-06-24T06:00Z,0.0,,0.0
0-203-0-11201020001,SCE,06:00,2023-06-25T06:00Z,0.0,,0.0
0-203-0-11201020001,SCE,06:00,2023-06-26T06:00Z,0.0,,0.0
0-203-0-11201020001,SCE,06:00,2023-06-27T06:00Z,0.0,,0.0
0-203-0-11201020001,SCE,06:00,2023-06-28T06:00Z,0.0,,0.0
0-203-0-11201020001,SCE,06:00,2023-06-29T06:00Z,0.0,,0.0
0-203-0-11201020001,SCE,06:00,2023-06-30T06:00Z,0.0,,0.0
0-203-0-11201020001,SCE,06:00,2023-07-01T06:00Z,0.0,,0.0
0-203-0-11201020001,SCE,06:00,2023-07-02T06:00Z,0.0,,0.0
0-203-0-11201020001,SCE,06:00,2023-07-03T06:00Z,0.0,,0.0
0-203-0-11201020001,SCE,06:00,2023-07-04T06:00Z,0.0,,0.0
0-203-0-11201020001,SCE,06:00,2023-07-05T06:00Z,0.0,,0.0
0-203-0-11201020001,SCE,06:00,2023-07-06T06:00Z,0.0,,0.0
0-203-0-11201020001,SCE,06:00,2023-07-07T06:00Z,0.0,,0.0
0-203-0-11201020001,SCE,06:00,2023-07-08T06:00Z,0.0,,0.0
0-203-0-11201020001,SCE,06:00,2023-07-09T06:00Z,0.0,,0.0
0-203-0-11201020001,SCE,06:00,2023-07-10T06:00Z,0.0,,0.0
0-203-0-11201020001,SCE,06:00,2023-07-11T06:00Z,0.0,,0.0
0-203-0-11201020001,SCE,06:00,2023-07-12T06:00Z,0.0,,0.0
0-203-0-11201020001,SCE,06:00,2023-07-13T06:00Z,0.0,,0.0
0-203-0-11201020001,SCE,06:00,2023-07-14T06:00Z,0.0,,0.0
0-203-0-11201020001,SCE,06:00,2023-07-15T06:00Z,0.0,,0.0
0-203-0-11201020001,SCE,06:00,2023-07-16T06:00Z,0.0,,0.0
0-203-0-11201020001,SCE,06:00,2023-07-17T06:00Z,0.0,,0.0
0-203-0-11201020001,SCE,06:00,2023-07-18T06:00Z,0.0,,0.0
0-203-0-11201020001,SCE,06:00,2023-07-19T06:00Z,0.0,,0.0
0-203-0-11201020001,SCE,06:00,2023-07-20T06:00Z,0.0,,0.0
0-203-0-11201020001,SCE,06:00,2023-07-21T06:00Z,0.0,,0.0
0-203-0-11201020001,SCE,06:00,2023-07-22T06:00Z,0.0,,0.0
0-203-0-11201020001,SCE,06:00,2023-07-23T06:00Z,0.0,,0.0
0-203-0-11201020001,SCE,06:00,2023-07-24T06:00Z,0.0,,0.0
0-203-0-11201020001,SCE,06:00,2023-07-25T06:00Z,0.0,,0.0
0-203-0-11201020001,SCE,06:00,2023-07-26T06:00Z,0.0,,0.0
0-203-0-11201020001,SCE,06:00,2023-07-27T06:00Z,0.0,,0.0
0-203-0-11201020001,SCE,06:00,2023-07-28T06:00Z,0.0,,0.0
0-203-0-11201020001,SCE,06:00,2023-07-29T06:00Z,0.0,,0.0
0-203-0-11201020001,SCE,06:00,2023-07-30T06:00Z,0.0,,0.0
0-203-0-11201020001,SCE,06:00,2023-07-31T06:00Z,0.0,,0.0
0-203-0-11201020001,SCE,06:00,2023-08-01T06:00Z,0.0,,0.0
0-203-0-11201020001,SCE,06:00,2023-08-02T06:00Z,0.0,,0.0
0-203-0-11201020001,SCE,06:00,2023-08-03T06:00Z,0.0,,0.0
0-203-0-11201020001,SCE,06:00,2023-08-04T06:00Z,0.0,,0.0
0-203-0-11201020001,SCE,06:00,2023-08-05T06:00Z,0.0,,0.0
0-203-0-11201020001,SCE,06:00,2023-08-06T06:00Z,0.0,,0.0
0-203-0-11201020001,SCE,06:00,2023-08-07T06:00Z,0.0,,0.0
0-203-0-11201020001,SCE,06:00,2023-08-08T06:00Z,0.0,,0.0
0-203-0-11201020001,SCE,06:00,2023-08-09T06:00Z,0.0,,0.0
0-203-0-11201020001,SCE,06:00,2023-08-10T06:00Z,0.0,,0.0
0-203-0-11201020001,SCE,06:00,2023-08-11T06:00Z,0.0,,0.0
0-203-0-11201020001,SCE,06:00,2023-08-12T06:00Z,0.0,,0.0
0-203-0-11201020001,SCE,06:00,2023-08-13T06:00Z,0.0,,0.0
0-203-0-11201020001,SCE,06:00,2023-08-14T06:00Z,0.0,,0.0
0-203-0-11201020001,SCE,06:00,2023-08-15T06:00Z,0.0,,0.0
0-203-0-11201020001,SCE,06:00,2023-08-16T06:00Z,0.0,,0.0
0-203-0-11201020001,SCE,06:00,2023-08-17T06:00Z,0.0,,0.0
0-203-0-11201020001,SCE,06:00,2023-08-18T06:00Z,0.0,,0.0
0-203-0-11201020001,SCE,06:00,2023-08-19T06:00Z,0.0,,0.0
0-203-0-11201020001,SCE,06:00,2023-08-20T06:00Z,0.0,,0.0
0-203-0-11201020001,SCE,06:00,2023-08-21T06:00Z,0.0,,0.0
0-203-0-11201020001,SCE,06:00,2023-08-22T06:00Z,0.0,,0.0
0-203-0-11201020001,SCE,06:00,2023-08-23T06:00Z,0.0,,0.0
0-203-0-11201020001,SCE,06:00,2023-08-24T06:00Z,0.0,,0.0
0-203-0-11201020001,SCE,06:00,2023-08-25T06:00Z,0.0,,0.0
0-203-0-11201020001,SCE,06:00,2023-08-26T06:00Z,0.0,,0.0
0-203-0-11201020001,SCE,06:00,2023-08-27T06:00Z,0.0,,0.0
0-203-0-11201020001,SCE,06:00,2023-08-28T06:00Z,0.0,,0.0
0-203-0-11201020001,SCE,06:00,2023-08-29T06:00Z,0.0,,0.0
0-203-0-11201020001,SCE,06:00,2023-08-30T06:00Z,0.0,,0.0
0-203-0-11201020001,SCE,06:00,2023-08-31T06:00Z,0.0,,0.0
0-203-0-11201020001,SCE,06:00,2023-09-01T06:00Z,0.0,,0.0
0-203-0-11201020001,SCE,06:00,2023-09-02T06:00Z,0.0,,0.0
0-203-0-11201020001,SCE,06:00,2023-09-03T06:00Z,0.0,,0.0
0-203-0-11201020001,SCE,06:00,2023-09-04T06:00Z,0.0,,0.0
0-203-0-11201020001,SCE,06:00,2023-09-05T06:00Z,0.0,,0.0
0-203-0-11201020001,SCE,06:00,2023-09-06T06:00Z,0.0,,0.0
0-203-0-11201020001,SCE,06:00,2023-09-07T06:00Z,0.0,,0.0
0-203-0-11201020001,SCE,06:00,2023-09-08T06:00Z,0.0,,0.0
0-203-0-11201020001,SCE,06:00,2023-09-09T06:00Z,0.0,,0.0
0-203-0-11201020001,SCE,06:00,2023-09-10T06:00Z,0.0,,0.0
0-203-0-11201020001,SCE,06:00,2023-09-11T06:00Z,0.0,,0.0
0-203-0-11201020001,SCE,06:00,2023-09-12T06:00Z,0.0,,0.0
0-203-0-11201020001,SCE,06:00,2023-09-13T06:00Z,0.0,,0.0
0-203-0-11201020001,SCE,06:00,2023-09-14T06:00Z,0.0,,0.0
0-203-0-11201020001,SCE,06:00,2023-09-15T06:00Z,0.0,,0.0
0-203-0-11201020001,SCE,06:00,2023-09-16T06:00Z,0.0,,0.0
0-203-0-11201020001,SCE,06:00,2023-09-17T06:00Z,0.0,,0.0
0-203-0-11201020001,SCE,06:00,2023-09-18T06:00Z,0.0,,0.0
0-203-0-11201020001,SCE,06:00,2023-09-19T06:00Z,0.0,,0.0
0-203-0-11201020001,SCE,06:00,2023-09-20T06:00Z,0.0,,0.0
0-203-0-11201020001,SCE,06:00,2023-09-21T06:00Z,0.0,,0.0
0-203-0-11201020001,SCE,06:00,2023-09-22T06:00Z,0.0,,0.0
0-203-0-11201020001,SCE,06:00,2023-09-23T06:00Z,0.0,,0.0
0-203-0-11201020001,SCE,06:00,2023-09-24T06:00Z,0.0,,0.0
0-203-0-11201020001,SCE,06:00,2023-09-25T06:00Z,0.0,,0.0
0-203-0-11201020001,SCE,06:00,2023-09-26T06:00Z,0.0,,0.0
0-203-0-11201020001,SCE,06:00,2023-09-27T06:00Z,0.0,,0.0
0-203-0-11201020001,SCE,06:00,2023-09-28T06:00Z,0.0,,0.0
0-203-0-11201020001,SCE,06:00,2023-09-29T06:00Z,0.0,,0.0
0-203-0-11201020001,SCE,06:00,2023-09-30T06:00Z,0.0,,0.0
0-203-0-11201020001,SCE,06:00,2023-10-01T06:00Z,0.0,,0.0
0-203-0-11201020001,SCE,06:00,2023-10-02T06:00Z,0.0,,0.0
0-203-0-11201020001,SCE,06:00,2023-10-03T06:00Z,0.0,,0.0
0-203-0-11201020001,SCE,06:00,2023-10-04T06:00Z,0.0,,0.0
0-203-0-11201020001,SCE,06:00,2023-10-05T06:00Z,0.0,,0.0
0-203-0-11201020001,SCE,06:00,2023-10-06T06:00Z,0.0,,0.0
0-203-0-11201020001,SCE,06:00,2023-10-07T06:00Z,0.0,,0.0
0-203-0-11201020001,SCE,06:00,2023-10-08T06:00Z,0.0,,0.0
0-203-0-11201020001,SCE,06:00,2023-10-09T06:00Z,0.0,,0.0
0-203-0-11201020001,SCE,06:00,2023-10-10T06:00Z,0.0,,0.0
0-203-0-11201020001,SCE,06:00,2023-10-11T06:00Z,0.0,,0.0
0-203-0-11201020001,SCE,06:00,2023-10-12T06:00Z,0.0,,0.0
0-203-0-11201020001,SCE,06:00,2023-10-13T06:00Z,0.0,,0.0
0-203-0-11201020001,SCE,06:00,2023-10-14T06:00Z,0.0,,0.0
0-203-0-11201020001,SCE,06:00,2023-10-15T06:00Z,0.0,,0.0
0-203-0-11201020001,SCE,06:00,2023-10-16T06:00Z,0.0,,0.0
0-203-0-11201020001,SCE,06:00,2023-10-17T06:00Z,0.0,,0.0
0-203-0-11201020001,SCE,06:00,2023-10-18T06:00Z,0.0,,0.0
0-203-0-11201020001,SCE,06:00,2023-10-19T06:00Z,0.0,,0.0
0-203-0-11201020001,SCE,06:00,2023-10-20T06:00Z,0.0,,0.0
0-203-0-11201020001,SCE,06:00,2023-10-21T06:00Z,0.0,,0.0
0-203-0-11201020001,SCE,06:00,2023-10-22T06:00Z,0.0,,0.0
0-203-0-11201020001,SCE,06:00,2023-10-23T06:00Z,0.0,,0.0
0-203-0-11201020001,SCE,06:00,2023-10-24T06:00Z,0.0,,0.0
0-203-0-11201020001,SCE,06:00,2023-10-25T06:00Z,0.0,,0.0
0-203-0-11201020001,SCE,06:00,2023-10-26T06:00Z,0.0,,0.0
0-203-0-11201020001,SCE,06:00,2023-10-27T06:00Z,0.0,,0.0
0-203-0-11201020001,SCE,06:00,2023-10-28T06:00Z,0.0,,0.0
0-203-0-11201020001,SCE,06:00,2023-10-29T06:00Z,0.0,,0.0
0-203-0-11201020001,SCE,06:00,2023-10-30T06:00Z,0.0,,0.0
0-203-0-11201020001,SCE,06:00,2023-10-31T06:00Z,0.0,,0.0
0-203-0-11201020001,SCE,06:00,2023-11-01T06:00Z,0.0,,0.0
0-203-0-11201020001,SCE,06:00,2023-11-02T06:00Z,0.0,,0.0
0-203-0-11201020001,SCE,06:00,2023-11-03T06:00Z,0.0,,0.0
0-203-0-11201020001,SCE,06:00,2023-11-04T06:00Z,0.0,,0.0
0-203-0-11201020001,SCE,06:00,2023-11-05T06:00Z,0.0,,0.0
0-203-0-11201020001,SCE,06:00,2023-11-06T06:00Z,0.0,,0.0
0-203-0-11201020001,SCE,06:00,2023-11-07T06:00Z,0.0,,0.0
0-203-0-11201020001,SCE,06:00,2023-11-08T06:00Z,0.0,,0.0
0-203-0-11201020001,SCE,06:00,2023-11-09T06:00Z,0.0,,0.0
0-203-0-11201020001,SCE,06:00,2023-11-10T06:00Z,0.0,,0.0
0-203-0-11201020001,SCE,06:00,2023-11-11T06:00Z,0.0,,0.0
0-203-0-11201020001,SCE,06:00,2023-11-12T06:00Z,0.0,,0.0
0-203-0-11201020001,SCE,06:00,2023-11-13T06:00Z,0.0,,0.0
0-203-0-11201020001,SCE,06:00,2023-11-14T06:00Z,0.0,,0.0
0-203-0-11201020001,SCE,06:00,2023-11-15T06:00Z,0.0,,0.0
0-203-0-11201020001,SCE,06:00,2023-11-16T06:00Z,0.0,,0.0
0-203-0-11201020001,SCE,06:00,2023-11-17T06:00Z,0.0,,0.0
0-203-0-11201020001,SCE,06:00,2023-11-18T06:00Z,0.0,,0.0
0-203-0-11201020001,SCE,06:00,2023-11-19T06:00Z,0.0,,0.0
0-203-0-11201020001,SCE,06:00,2023-11-20T06:00Z,0.0,,0.0
0-203-0-11201020001,SCE,06:00,2023-11-21T06:00Z,0.0,,0.0
0-203-0-11201020001,SCE,06:00,2023-11-22T06:00Z,0.0,,0.0
0-203-0-11201020001,SCE,06:00,2023-11-23T06:00Z,0.0,,0.0
0-203-0-11201020001,SCE,06:00,2023-11-24T06:00Z,0.0,,0.0
0-203-0-11201020001,SCE,06:00,2023-11-25T06:00Z,0.0,,0.0
0-203-0-11201020001,SCE,06:00,2023-11-26T06:00Z,0.0,,0.0
0-203-0-11201020001,SCE,06:00,2023-11-27T06:00Z,0.0,,0.0
0-203-0-11201020001,SCE,06:00,2023-11-28T06:00Z,0.0,P,3.0
0-203-0-11201020001,SCE,06:00,2023-11-29T06:00Z,5.0,,0.0
0-203-0-11201020001,SCE,06:00,2023-11-30T06:00Z,4.0,,0.0
0-203-0-11201020001,SCE,06:00,2023-12-01T06:00Z,0.0,N,0.0
0-203-0-11201020001,SCE,06:00,2023-12-02T06:00Z,10.0,,3.0
0-203-0-11201020001,SCE,06:00,2023-12-03T06:00Z,15.0,,3.0
0-203-0-11201020001,SCE,06:00,2023-12-04T06:00Z,15.0,,0.0
0-203-0-11201020001,SCE,06:00,2023-12-05T06:00Z,11.0,,0.0
0-203-0-11201020001,SCE,06:00,2023-12-06T06:00Z,11.0,,0.0
0-203-0-11201020001,SCE,06:00,2023-12-07T06:00Z,5.0,,0.0
0-203-0-11201020001,SCE,06:00,2023-12-08T06:00Z,4.0,,0.0
0-203-0-11201020001,SCE,06:00,2023-12-09T06:00Z,4.0,,3.0
0-203-0-11201020001,SCE,06:00,2023-12-10T06:00Z,3.0,,3.0
0-203-0-11201020001,SCE,06:00,2023-12-11T06:00Z,0.0,,0.0
0-203-0-11201020001,SCE,06:00,2023-12-12T06:00Z,0.0,,0.0
0-203-0-11201020001,SCE,06:00,2023-12-13T06:00Z,0.0,,0.0
0-203-0-11201020001,SCE,06:00,2023-12-14T06:00Z,0.0,,0.0
0-203-0-11201020001,SCE,06:00,2023-12-15T06:00Z,0.0,,0.0
0-203-0-11201020001,SCE,06:00,2023-12-16T06:00Z,0.0,,0.0
0-203-0-11201020001,SCE,06:00,2023-12-17T06:00Z,0.0,,0.0
0-203-0-11201020001,SCE,06:00,2023-12-18T06:00Z,0.0,,0.0
0-203-0-11201020001,SCE,06:00,2023-12-19T06:00Z,0.0,,0.0
0-203-0-11201020001,SCE,06:00,2023-12-20T06:00Z,0.0,,0.0
0-203-0-11201020001,SCE,06:00,2023-12-21T06:00Z,0.0,,0.0
0-203-0-11201020001,SCE,06:00,2023-12-22T06:00Z,0.0,,0.0
0-203-0-11201020001,SCE,06:00,2023-12-23T06:00Z,2.0,,3.0
0-203-0-11201020001,SCE,06:00,2023-12-24T06:00Z,0.0,,0.0
0-203-0-11201020001,SCE,06:00,2023-12-25T06:00Z,0.0,,0.0
0-203-0-11201020001,SCE,06:00,2023-12-26T06:00Z,0.0,,0.0
0-203-0-11201020001,SCE,06:00,2023-12-27T06:00Z,0.0,,0.0
0-203-0-11201020001,SCE,06:00,2023-12-28T06:00Z,0.0,,0.0
0-203-0-11201020001,SCE,06:00,2023-12-29T06:00Z,0.0,,0.0
0-203-0-11201020001,SCE,06:00,2023-12-30T06:00Z,0.0,,0.0
0-203-0-11201020001,SCE,06:00,2023-12-31T06:00Z,0.0,,0.0
0-203-0-11201020001,SCE,06:00,2024-01-01T06:00Z,0.0,,0.0
0-203-0-11201020001,SCE,06:00,2024-01-02T06:00Z,0.0,,0.0
0-203-0-11201020001,SCE,06:00,2024-01-03T06:00Z,0.0,,0.0
0-203-0-11201020001,SCE,06:00,2024-01-04T06:00Z,0.0,,0.0
0-203-0-11201020001,SCE,06:00,2024-01-05T06:00Z,0.0,,0.0
0-203-0-11201020001,SCE,06:00,2024-01-06T06:00Z,0.0,,0.0
0-203-0-11201020001,SCE,06:00,2024-01-07T06:00Z,1.0,,3.0
0-203-0-11201020001,SCE,06:00,2024-01-08T06:00Z,0.0,P,3.0
0-203-0-11201020001,SCE,06:00,2024-01-09T06:00Z,0.0,,0.0
0-203-0-11201020001,SCE,06:00,2024-01-10T06:00Z,0.0,,0.0
0-203-0-11201020001,SCE,06:00,2024-01-11T06:00Z,0.0,,0.0
0-203-0-11201020001,SCE,06:00,2024-01-12T06:00Z,0.0,,0.0
0-203-0-11201020001,SCE,06:00,2024-01-13T06:00Z,0.0,,0.0
0-203-0-11201020001,SCE,06:00,2024-01-14T06:00Z,0.0,,0.0
0-203-0-11201020001,SCE,06:00,2024-01-15T06:00Z,0.0,,0.0
0-203-0-11201020001,SCE,06:00,2024-01-16T06:00Z,0.0,,0.0
0-203-0-11201020001,SCE,06:00,2024-01-17T06:00Z,0.0,,0.0
0-203-0-11201020001,SCE,06:00,2024-01-18T06:00Z,0.0,,0.0
0-203-0-11201020001,SCE,06:00,2024-01-19T06:00Z,2.0,,0.0
0-203-0-11201020001,SCE,06:00,2024-01-20T06:00Z,2.0,,3.0
0-203-0-11201020001,SCE,06:00,2024-01-21T06:00Z,1.0,,3.0
0-203-0-11201020001,SCE,06:00,2024-01-22T06:00Z,0.0,N,3.0
0-203-0-11201020001,SCE,06:00,2024-01-23T06:00Z,0.0,,0.0
0-203-0-11201020001,SCE,06:00,2024-01-24T06:00Z,0.0,,0.0
0-203-0-11201020001,SCE,06:00,2024-01-25T06:00Z,0.0,,0.0
0-203-0-11201020001,SCE,06:00,2024-01-26T06:00Z,0.0,,0.0
0-203-0-11201020001,SCE,06:00,2024-01-27T06:00Z,0.0,,0.0
0-203-0-11201020001,SCE,06:00,2024-01-28T06:00Z,0.0,,0.0
0-203-0-11201020001,SCE,06:00,2024-01-29T06:00Z,0.0,,0.0
0-203-0-11201020001,SCE,06:00,2024-01-30T06:00Z,0.0,,0.0
0-203-0-11201020001,SCE,06:00,2024-01-31T06:00Z,0.0,,0.0
0-203-0-11201020001,SCE,06:00,2024-02-01T06:00Z,0.0,,0.0
0-203-0-11201020001,SCE,06:00,2024-02-02T06:00Z,0.0,,0.0
0-203-0-11201020001,SCE,06:00,2024-02-03T06:00Z,0.0,,0.0
0-203-0-11201020001,SCE,06:00,2024-02-04T06:00Z,0.0,,0.0
0-203-0-11201020001,SCE,06:00,2024-02-05T06:00Z,0.0,,0.0
0-203-0-11201020001,SCE,06:00,2024-02-06T06:00Z,0.0,,0.0
0-203-0-11201020001,SCE,06:00,2024-02-07T06:00Z,0.0,,0.0
0-203-0-11201020001,SCE,06:00,2024-02-08T06:00Z,0.0,,0.0
0-203-0-11201020001,SCE,06:00,2024-02-09T06:00Z,0.0,,0.0
0-203-0-11201020001,SCE,06:00,2024-02-10T06:00Z,0.0,,0.0
0-203-0-11201020001,SCE,06:00,2024-02-11T06:00Z,0.0,,0.0
0-203-0-11201020001,SCE,06:00,2024-02-12T06:00Z,0.0,,0.0
0-203-0-11201020001,SCE,06:00,2024-02-13T06:00Z,0.0,,0.0
0-203-0-11201020001,SCE,06:00,2024-02-14T06:00Z,0.0,,0.0
0-203-0-11201020001,SCE,06:00,2024-02-15T06:00Z,0.0,,0.0
0-203-0-11201020001,SCE,06:00,2024-02-16T06:00Z,0.0,,0.0
0-203-0-11201020001,SCE,06:00,2024-02-17T06:00Z,0.0,,0.0
0-203-0-11201020001,SCE,06:00,2024-02-18T06:00Z,0.0,,0.0
0-203-0-11201020001,SCE,06:00,2024-02-19T06:00Z,0.0,,0.0
0-203-0-11201020001,SCE,06:00,2024-02-20T06:00Z,0.0,,0.0
0-203-0-11201020001,SCE,06:00,2024-02-21T06:00Z,0.0,,0.0
0-203-0-11201020001,SCE,06:00,2024-02-22T06:00Z,0.0,,0.0
0-203-0-11201020001,SCE,06:00,2024-02-23T06:00Z,0.0,,0.0
0-203-0-11201020001,SCE,06:00,2024-02-24T06:00Z,0.0,,0.0
0-203-0-11201020001,SCE,06:00,2024-02-25T06:00Z,0.0,,0.0
0-203-0-11201020001,SCE,06:00,2024-02-26T06:00Z,0.0,,0.0
0-203-0-11201020001,SCE,06:00,2024-02-27T06:00Z,0.0,,0.0
0-203-0-11201020001,SCE,06:00,2024-02-28T06:00Z,0.0,,0.0
0-203-0-11201020001,SCE,06:00,2024-02-29T06:00Z,0.0,,0.0
0-203-0-11201020001,SCE,06:00,2024-03-01T06:00Z,0.0,,0.0
0-203-0-11201020001,SCE,06:00,2024-03-02T06:00Z,0.0,,0.0
0-203-0-11201020001,SCE,06:00,2024-03-03T06:00Z,0.0,,0.0
0-203-0-11201020001,SCE,06:00,2024-03-04T06:00Z,0.0,,0.0
0-203-0-11201020001,SCE,06:00,2024-03-05T06:00Z,0.0,,0.0
0-203-0-11201020001,SCE,06:00,2024-03-06T06:00Z,0.0,,0.0
0-203-0-11201020001,SCE,06:00,2024-03-07T06:00Z,0.0,,0.0
0-203-0-11201020001,SCE,06:00,2024-03-08T06:00Z,0.0,,0.0
0-203-0-11201020001,SCE,06:00,2024-03-09T06:00Z,0.0,,0.0
0-203-0-11201020001,SCE,06:00,2024-03-10T06:00Z,0.0,,0.0
0-203-0-11201020001,SCE,06:00,2024-03-11T06:00Z,0.0,,0.0
0-203-0-11201020001,SCE,06:00,2024-03-12T06:00Z,0.0,,0.0
0-203-0-11201020001,SCE,06:00,2024-03-13T06:00Z,0.0,,0.0
0-203-0-11201020001,SCE,06:00,2024-03-14T06:00Z,0.0,,0.0
0-203-0-11201020001,SCE,06:00,2024-03-15T06:00Z,0.0,,0.0
0-203-0-11201020001,SCE,06:00,2024-03-16T06:00Z,0.0,,0.0
0-203-0-11201020001,SCE,06:00,2024-03-17T06:00Z,0.0,,0.0
0-203-0-11201020001,SCE,06:00,2024-03-18T06:00Z,0.0,,0.0
0-203-0-11201020001,SCE,06:00,2024-03-19T06:00Z,0.0,,0.0
0-203-0-11201020001,SCE,06:00,2024-03-20T06:00Z,0.0,,0.0
0-203-0-11201020001,SCE,06:00,2024-03-21T06:00Z,0.0,,0.0
0-203-0-11201020001,SCE,06:00,2024-03-22T06:00Z,0.0,,0.0
0-203-0-11201020001,SCE,06:00,2024-03-23T06:00Z,0.0,,0.0
0-203-0-11201020001,SCE,06:00,2024-03-24T06:00Z,0.0,,0.0
0-203-0-11201020001,SCE,06:00,2024-03-25T06:00Z,0.0,,0.0
0-203-0-11201020001,SCE,06:00,2024-03-26T06:00Z,0.0,,0.0
0-203-0-11201020001,SCE,06:00,2024-03-27T06:00Z,0.0,,0.0
0-203-0-11201020001,SCE,06:00,2024-03-28T06:00Z,0.0,,0.0
0-203-0-11201020001,SCE,06:00,2024-03-29T06:00Z,0.0,,0.0
0-203-0-11201020001,SCE,06:00,2024-03-30T06:00Z,0.0,,0.0
0-203-0-11201020001,SCE,06:00,2024-03-31T06:00Z,0.0,,0.0
0-203-0-11201020001,SCE,06:00,2024-04-01T06:00Z,0.0,,0.0
0-203-0-11201020001,SCE,06:00,2024-04-02T06:00Z,0.0,,0.0
0-203-0-11201020001,SCE,06:00,2024-04-03T06:00Z,0.0,,0.0
0-203-0-11201020001,SCE,06:00,2024-04-04T06:00Z,0.0,,0.0
0-203-0-11201020001,SCE,06:00,2024-04-05T06:00Z,0.0,,0.0
0-203-0-11201020001,SCE,06:00,2024-04-06T06:00Z,0.0,,0.0
0-203-0-11201020001,SCE,06:00,2024-04-07T06:00Z,0.0,,0.0
0-203-0-11201020001,SCE,06:00,2024-04-08T06:00Z,0.0,,0.0
0-203-0-11201020001,SCE,06:00,2024-04-09T06:00Z,0.0,,0.0
0-203-0-11201020001,SCE,06:00,2024-04-10T06:00Z,0.0,,0.0
0-203-0-11201020001,SCE,06:00,2024-04-11T06:00Z,0.0,,0.0
0-203-0-11201020001,SCE,06:00,2024-04-12T06:00Z,0.0,,0.0
0-203-0-11201020001,SCE,06:00,2024-04-13T06:00Z,0.0,,0.0
0-203-0-11201020001,SCE,06:00,2024-04-14T06:00Z,0.0,,0.0
0-203-0-11201020001,SCE,06:00,2024-04-15T06:00Z,0.0,,0.0
0-203-0-11201020001,SCE,06:00,2024-04-16T06:00Z,0.0,,0.0
0-203-0-11201020001,SCE,06:00,2024-04-17T06:00Z,0.0,,0.0
0-203-0-11201020001,SCE,06:00,2024-04-18T06:00Z,0.0,,0.0
0-203-0-11201020001,SCE,06:00,2024-04-19T06:00Z,0.0,,0.0
0-203-0-11201020001,SCE,06:00,2024-04-20T06:00Z,0.0,,0.0
0-203-0-11201020001,SCE,06:00,2024-04-21T06:00Z,0.0,,0.0
0-203-0-11201020001,SCE,06:00,2024-04-22T06:00Z,0.0,,0.0
0-203-0-11201020001,SCE,06:00,2024-04-23T06:00Z,0.0,,0.0
0-203-0-11201020001,SCE,06:00,2024-04-24T06:00Z,0.0,,0.0
0-203-0-11201020001,SCE,06:00,2024-04-25T06:00Z,0.0,,0.0
0-203-0-11201020001,SCE,06:00,2024-04-26T06:00Z,0.0,,0.0
0-203-0-11201020001,SCE,06:00,2024-04-27T06:00Z,0.0,,0.0
0-203-0-11201020001,SCE,06:00,2024-04-28T06:00Z,0.0,,0.0
0-203-0-11201020001,SCE,06:00,2024-04-29T06:00Z,0.0,,0.0
0-203-0-11201020001,SCE,06:00,2024-04-30T06:00Z,0.0,,0.0
0-203-0-11201020001,SCE,06:00,2024-05-01T06:00Z,0.0,,0.0
0-203-0-11201020001,SCE,06:00,2024-05-02T06:00Z,0.0,,0.0
0-203-0-11201020001,SCE,06:00,2024-05-03T06:00Z,0.0,,0.0
0-203-0-11201020001,SCE,06:00,2024-05-04T06:00Z,0.0,,0.0
0-203-0-11201020001,SCE,06:00,2024-05-05T06:00Z,0.0,,0.0
0-203-0-11201020001,SCE,06:00,2024-05-06T06:00Z,0.0,,0.0
0-203-0-11201020001,SCE,06:00,2024-05-07T06:00Z,0.0,,0.0
0-203-0-11201020001,SCE,06:00,2024-05-08T06:00Z,0.0,,0.0
0-203-0-11201020001,SCE,06:00,2024-05-09T06:00Z,0.0,,0.0
0-203-0-11201020001,SCE,06:00,2024-05-10T06:00Z,0.0,,0.0
0-203-0-11201020001,SCE,06:00,2024-05-11T06:00Z,0.0,,0.0
0-203-0-11201020001,SCE,06:00,2024-05-12T06:00Z,0.0,,0.0
0-203-0-11201020001,SCE,06:00,2024-05-13T06:00Z,0.0,,0.0
0-203-0-11201020001,SCE,06:00,2024-05-14T06:00Z,0.0,,0.0
0-203-0-11201020001,SCE,06:00,2024-05-15T06:00Z,0.0,,0.0
0-203-0-11201020001,SCE,06:00,2024-05-16T06:00Z,0.0,,0.0
0-203-0-11201020001,SCE,06:00,2024-05-17T06:00Z,0.0,,0.0
0-203-0-11201020001,SCE,06:00,2024-05-18T06:00Z,0.0,,0.0
0-203-0-11201020001,SCE,06:00,2024-05-19T06:00Z,0.0,,0.0
0-203-0-11201020001,SCE,06:00,2024-05-20T06:00Z,0.0,,0.0
0-203-0-11201020001,SCE,06:00,2024-05-21T06:00Z,0.0,,0.0
0-203-0-11201020001,SCE,06:00,2024-05-22T06:00Z,0.0,,0.0
0-203-0-11201020001,SCE,06:00,2024-05-23T06:00Z,0.0,,0.0
0-203-0-11201020001,SCE,06:00,2024-05-24T06:00Z,0.0,,0.0
0-203-0-11201020001,SCE,06:00,2024-05-25T06:00Z,0.0,,0.0
0-203-0-11201020001,SCE,06:00,2024-05-26T06:00Z,0.0,,0.0
0-203-0-11201020001,SCE,06:00,2024-05-27T06:00Z,0.0,,0.0
0-203-0-11201020001,SCE,06:00,2024-05-28T06:00Z,0.0,,0.0
0-203-0-11201020001,SCE,06:00,2024-05-29T06:00Z,0.0,,0.0
0-203-0-11201020001,SCE,06:00,2024-05-30T06:00Z,0.0,,0.0
0-203-0-11201020001,SCE,06:00,2024-05-31T06:00Z,0.0,,0.0
0-203-0-11201020001,SCE,06:00,2024-06-01T06:00Z,0.0,,0.0
0-203-0-11201020001,SCE,06:00,2024-06-02T06:00Z,0.0,,0.0
0-203-0-11201020001,SCE,06:00,2024-06-03T06:00Z,0.0,,0.0
0-203-0-11201020001,SCE,06:00,2024-06-04T06:00Z,0.0,,0.0
0-203-0-11201020001,SCE,06:00,2024-06-05T06:00Z,0.0,,0.0
0-203-0-11201020001,SCE,06:00,2024-06-06T06:00Z,0.0,,0.0
0-203-0-11201020001,SCE,06:00,2024-06-07T06:00Z,0.0,,0.0
0-203-0-11201020001,SCE,06:00,2024-06-08T06:00Z,0.0,,0.0
0-203-0-11201020001,SCE,06:00,2024-06-09T06:00Z,0.0,,0.0
0-203-0-11201020001,SCE,06:00,2024-06-10T06:00Z,0.0,,0.0
0-203-0-11201020001,SCE,06:00,2024-06-11T06:00Z,0.0,,0.0
0-203-0-11201020001,SCE,06:00,2024-06-12T06:00Z,0.0,,0.0
0-203-0-11201020001,SCE,06:00,2024-06-13T06:00Z,0.0,,0.0
0-203-0-11201020001,SCE,06:00,2024-06-14T06:00Z,0.0,,0.0
0-203-0-11201020001,SCE,06:00,2024-06-15T06:00Z,0.0,,0.0
0-203-0-11201020001,SCE,06:00,2024-06-16T06:00Z,0.0,,0.0
0-203-0-11201020001,SCE,06:00,2024-06-17T06:00Z,0.0,,0.0
0-203-0-11201020001,SCE,06:00,2024-06-18T06:00Z,0.0,,0.0
0-203-0-11201020001,SCE,06:00,2024-06-19T06:00Z,0.0,,0.0
0-203-0-11201020001,SCE,06:00,2024-06-20T06:00Z,0.0,,0.0
0-203-0-11201020001,SCE,06:00,2024-06-21T06:00Z,0.0,,0.0
0-203-0-11201020001,SCE,06:00,2024-06-22T06:00Z,0.0,,0.0
0-203-0-11201020001,SCE,06:00,2024-06-23T06:00Z,0.0,,0.0
0-203-0-11201020001,SCE,06:00,2024-06-24T06:00Z,0.0,,0.0
0-203-0-11201020001,SCE,06:00,2024-06-25T06:00Z,0.0,,0.0
0-203-0-11201020001,SCE,06:00,2024-06-26T06:00Z,0.0,,0.0
0-203-0-11201020001,SCE,06:00,2024-06-27T06:00Z,0.0,,0.0
0-203-0-11201020001,SCE,06:00,2024-06-28T06:00Z,0.0,,0.0
0-203-0-11201020001,SCE,06:00,2024-06-29T06:00Z,0.0,,0.0
0-203-0-11201020001,SCE,06:00,2024-06-30T06:00Z,0.0,,0.0
0-203-0-11201020001,SCE,06:00,2024-07-01T06:00Z,0.0,,0.0
0-203-0-11201020001,SCE,06:00,2024-07-02T06:00Z,0.0,,0.0
0-203-0-11201020001,SCE,06:00,2024-07-03T06:00Z,0.0,,0.0
0-203-0-11201020001,SCE,06:00,2024-07-04T06:00Z,0.0,,0.0
0-203-0-11201020001,SCE,06:00,2024-07-05T06:00Z,0.0,,0.0
0-203-0-11201020001,SCE,06:00,2024-07-06T06:00Z,0.0,,0.0
0-203-0-11201020001,SCE,06:00,2024-07-07T06:00Z,0.0,,0.0
0-203-0-11201020001,SCE,06:00,2024-07-08T06:00Z,0.0,,0.0
0-203-0-11201020001,SCE,06:00,2024-07-09T06:00Z,0.0,,0.0
0-203-0-11201020001,SCE,06:00,2024-07-10T06:00Z,0.0,,0.0
0-203-0-11201020001,SCE,06:00,2024-07-11T06:00Z,0.0,,0.0
0-203-0-11201020001,SCE,06:00,2024-07-12T06:00Z,0.0,,0.0
0-203-0-11201020001,SCE,06:00,2024-07-13T06:00Z,0.0,,0.0
0-203-0-11201020001,SCE,06:00,2024-07-14T06:00Z,0.0,,0.0
0-203-0-11201020001,SCE,06:00,2024-07-15T06:00Z,0.0,,0.0
0-203-0-11201020001,SCE,06:00,2024-07-16T06:00Z,0.0,,0.0
0-203-0-11201020001,SCE,06:00,2024-07-17T06:00Z,0.0,,0.0
0-203-0-11201020001,SCE,06:00,2024-07-18T06:00Z,0.0,,0.0
0-203-0-11201020001,SCE,06:00,2024-07-19T06:00Z,0.0,,0.0
0-203-0-11201020001,SCE,06:00,2024-07-20T06:00Z,0.0,,0.0
0-203-0-11201020001,SCE,06:00,2024-07-21T06:00Z,0.0,,0.0
0-203-0-11201020001,SCE,06:00,2024-07-22T06:00Z,0.0,,0.0
0-203-0-11201020001,SCE,06:00,2024-07-23T06:00Z,0.0,,0.0
0-203-0-11201020001,SCE,06:00,2024-07-24T06:00Z,0.0,,0.0
0-203-0-11201020001,SCE,06:00,2024-07-25T06:00Z,0.0,,0.0
0-203-0-11201020001,SCE,06:00,2024-07-26T06:00Z,0.0,,0.0
0-203-0-11201020001,SCE,06:00,2024-07-27T06:00Z,0.0,,0.0
0-203-0-11201020001,SCE,06:00,2024-07-28T06:00Z,0.0,,0.0
0-203-0-11201020001,SCE,06:00,2024-07-29T06:00Z,0.0,,0.0
0-203-0-11201020001,SCE,06:00,2024-07-30T06:00Z,0.0,,0.0
0-203-0-11201020001,SCE,06:00,2024-07-31T06:00Z,0.0,,0.0
0-203-0-11201020001,SCE,06:00,2024-08-01T06:00Z,0.0,,0.0
0-203-0-11201020001,SCE,06:00,2024-08-02T06:00Z,0.0,,0.0
0-203-0-11201020001,SCE,06:00,2024-08-03T06:00Z,0.0,,0.0
0-203-0-11201020001,SCE,06:00,2024-08-04T06:00Z,0.0,,0.0
0-203-0-11201020001,SCE,06:00,2024-08-05T06:00Z,0.0,,0.0
0-203-0-11201020001,SCE,06:00,2024-08-06T06:00Z,0.0,,0.0
0-203-0-11201020001,SCE,06:00,2024-08-07T06:00Z,0.0,,0.0
0-203-0-11201020001,SCE,06:00,2024-08-08T06:00Z,0.0,,0.0
0-203-0-11201020001,SCE,06:00,2024-08-09T06:00Z,0.0,,0.0
0-203-0-11201020001,SCE,06:00,2024-08-10T06:00Z,0.0,,0.0
0-203-0-11201020001,SCE,06:00,2024-08-11T06:00Z,0.0,,0.0
0-203-0-11201020001,SCE,06:00,2024-08-12T06:00Z,0.0,,0.0
0-203-0-11201020001,SCE,06:00,2024-08-13T06:00Z,0.0,,0.0
0-203-0-11201020001,SCE,06:00,2024-08-14T06:00Z,0.0,,0.0
0-203-0-11201020001,SCE,06:00,2024-08-15T06:00Z,0.0,,0.0
0-203-0-11201020001,SCE,06:00,2024-08-16T06:00Z,0.0,,0.0
0-203-0-11201020001,SCE,06:00,2024-08-17T06:00Z,0.0,,0.0
0-203-0-11201020001,SCE,06:00,2024-08-18T06:00Z,0.0,,0.0
0-203-0-11201020001,SCE,06:00,2024-08-19T06:00Z,0.0,,0.0
0-203-0-11201020001,SCE,06:00,2024-08-20T06:00Z,0.0,,0.0
0-203-0-11201020001,SCE,06:00,2024-08-21T06:00Z,0.0,,0.0
0-203-0-11201020001,SCE,06:00,2024-08-22T06:00Z,0.0,,0.0
0-203-0-11201020001,SCE,06:00,2024-08-23T06:00Z,0.0,,0.0
0-203-0-11201020001,SCE,06:00,2024-08-24T06:00Z,0.0,,0.0
0-203-0-11201020001,SCE,06:00,2024-08-25T06:00Z,0.0,,0.0
0-203-0-11201020001,SCE,06:00,2024-08-26T06:00Z,0.0,,0.0
0-203-0-11201020001,SCE,06:00,2024-08-27T06:00Z,0.0,,0.0
0-203-0-11201020001,SCE,06:00,2024-08-28T06:00Z,0.0,,0.0
0-203-0-11201020001,SCE,06:00,2024-08-29T06:00Z,0.0,,0.0
0-203-0-11201020001,SCE,06:00,2024-08-30T06:00Z,0.0,,0.0
0-203-0-11201020001,SCE,06:00,2024-08-31T06:00Z,0.0,,0.0
0-203-0-11201020001,SCE,06:00,2024-09-01T06:00Z,0.0,,0.0
0-203-0-11201020001,SCE,06:00,2024-09-02T06:00Z,0.0,,0.0
0-203-0-11201020001,SCE,06:00,2024-09-03T06:00Z,0.0,,0.0
0-203-0-11201020001,SCE,06:00,2024-09-04T06:00Z,0.0,,0.0
0-203-0-11201020001,SCE,06:00,2024-09-05T06:00Z,0.0,,0.0
0-203-0-11201020001,SCE,06:00,2024-09-06T06:00Z,0.0,,0.0
0-203-0-11201020001,SCE,06:00,2024-09-07T06:00Z,0.0,,0.0
0-203-0-11201020001,SCE,06:00,2024-09-08T06:00Z,0.0,,0.0
0-203-0-11201020001,SCE,06:00,2024-09-09T06:00Z,0.0,,0.0
0-203-0-11201020001,SCE,06:00,2024-09-10T06:00Z,0.0,,0.0
0-203-0-11201020001,SCE,06:00,2024-09-11T06:00Z,0.0,,0.0
0-203-0-11201020001,SCE,06:00,2024-09-12T06:00Z,0.0,,0.0
0-203-0-11201020001,SCE,06:00,2024-09-13T06:00Z,0.0,,0.0
0-203-0-11201020001,SCE,06:00,2024-09-14T06:00Z,0.0,,0.0
0-203-0-11201020001,SCE,06:00,2024-09-15T06:00Z,0.0,,0.0
0-203-0-11201020001,SCE,06:00,2024-09-16T06:00Z,0.0,,0.0
0-203-0-11201020001,SCE,06:00,2024-09-17T06:00Z,0.0,,0.0
0-203-0-11201020001,SCE,06:00,2024-09-18T06:00Z,0.0,,0.0
0-203-0-11201020001,SCE,06:00,2024-09-19T06:00Z,0.0,,0.0
0-203-0-11201020001,SCE,06:00,2024-09-20T06:00Z,0.0,,0.0
0-203-0-11201020001,SCE,06:00,2024-09-21T06:00Z,0.0,,0.0
0-203-0-11201020001,SCE,06:00,2024-09-22T06:00Z,0.0,,0.0
0-203-0-11201020001,SCE,06:00,2024-09-23T06:00Z,0.0,,0.0
0-203-0-11201020001,SCE,06:00,2024-09-24T06:00Z,0.0,,0.0
0-203-0-11201020001,SCE,06:00,2024-09-25T06:00Z,0.0,,0.0
0-203-0-11201020001,SCE,06:00,2024-09-26T06:00Z,0.0,,0.0
0-203-0-11201020001,SCE,06:00,2024-09-27T06:00Z,0.0,,0.0
0-203-0-11201020001,SCE,06:00,2024-09-28T06:00Z,0.0,,0.0
0-203-0-11201020001,SCE,06:00,2024-09-29T06:00Z,0.0,,0.0
0-203-0-11201020001,SCE,06:00,2024-09-30T06:00Z,0.0,,0.0
0-203-0-11201020001,SCE,06:00,2024-10-01T06:00Z,0.0,,0.0
0-203-0-11201020001,SCE,06:00,2024-10-02T06:00Z,0.0,,0.0
0-203-0-11201020001,SCE,06:00,2024-10-03T06:00Z,0.0,,0.0
0-203-0-11201020001,SCE,06:00,2024-10-04T06:00Z,0.0,,0.0
0-203-0-11201020001,SCE,06:00,2024-10-05T06:00Z,0.0,,0.0
0-203-0-11201020001,SCE,06:00,2024-10-06T06:00Z,0.0,,0.0
0-203-0-11201020001,SCE,06:00,2024-10-07T06:00Z,0.0,,0.0
0-203-0-11201020001,SCE,06:00,2024-10-08T06:00Z,0.0,,0.0
0-203-0-11201020001,SCE,06:00,2024-10-09T06:00Z,0.0,,0.0
0-203-0-11201020001,SCE,06:00,2024-10-10T06:00Z,0.0,,0.0
0-203-0-11201020001,SCE,06:00,2024-10-11T06:00Z,0.0,,0.0
0-203-0-11201020001,SCE,06:00,2024-10-12T06:00Z,0.0,,0.0
0-203-0-11201020001,SCE,06:00,2024-10-13T06:00Z,0.0,,0.0
0-203-0-11201020001,SCE,06:00,2024-10-14T06:00Z,0.0,,0.0
0-203-0-11201020001,SCE,06:00,2024-10-15T06:00Z,0.0,,0.0
0-203-0-11201020001,SCE,06:00,2024-10-16T06:00Z,0.0,,0.0
0-203-0-11201020001,SCE,06:00,2024-10-17T06:00Z,0.0,,0.0
0-203-0-11201020001,SCE,06:00,2024-10-18T06:00Z,0.0,,0.0
0-203-0-11201020001,SCE,06:00,2024-10-19T06:00Z,0.0,,0.0
0-203-0-11201020001,SCE,06:00,2024-10-20T06:00Z,0.0,,0.0
0-203-0-11201020001,SCE,06:00,2024-10-21T06:00Z,0.0,,0.0
0-203-0-11201020001,SCE,06:00,2024-10-22T06:00Z,0.0,,0.0
0-203-0-11201020001,SCE,06:00,2024-10-23T06:00Z,0.0,,0.0
0-203-0-11201020001,SCE,06:00,2024-10-24T06:00Z,0.0,,0.0
0-203-0-11201020001,SCE,06:00,2024-10-25T06:00Z,0.0,,0.0
0-203-0-11201020001,SCE,06:00,2024-10-26T06:00Z,0.0,,0.0
0-203-0-11201020001,SCE,06:00,2024-10-27T06:00Z,0.0,,0.0
0-203-0-11201020001,SCE,06:00,2024-10-28T06:00Z,0.0,,0.0
0-203-0-11201020001,SCE,06:00,2024-10-29T06:00Z,0.0,,0.0
0-203-0-11201020001,SCE,06:00,2024-10-30T06:00Z,0.0,,0.0
0-203-0-11201020001,SCE,06:00,2024-10-31T06:00Z,0.0,,0.0
0-203-0-11201020001,SCE,06:00,2024-11-01T06:00Z,0.0,,0.0
0-203-0-11201020001,SCE,06:00,2024-11-02T06:00Z,0.0,,0.0
0-203-0-11201020001,SCE,06:00,2024-11-03T06:00Z,0.0,,0.0
0-203-0-11201020001,SCE,06:00,2024-11-04T06:00Z,0.0,,0.0
0-203-0-11201020001,SCE,06:00,2024-11-05T06:00Z,0.0,,0.0
0-203-0-11201020001,SCE,06:00,2024-11-06T06:00Z,0.0,,0.0
0-203-0-11201020001,SCE,06:00,2024-11-07T06:00Z,0.0,,0.0
0-203-0-11201020001,SCE,06:00,2024-11-08T06:00Z,0.0,,0.0
0-203-0-11201020001,SCE,06:00,2024-11-09T06:00Z,0.0,,0.0
0-203-0-11201020001,SCE,06:00,2024-11-10T06:00Z,0.0,,0.0
0-203-0-11201020001,SCE,06:00,2024-11-11T06:00Z,0.0,,0.0
0-203-0-11201020001,SCE,06:00,2024-11-12T06:00Z,0.0,,0.0
0-203-0-11201020001,SCE,06:00,2024-11-13T06:00Z,0.0,,0.0
0-203-0-11201020001,SCE,06:00,2024-11-14T06:00Z,0.0,,0.0
0-203-0-11201020001,SCE,06:00,2024-11-15T06:00Z,0.0,,0.0
0-203-0-11201020001,SCE,06:00,2024-11-16T06:00Z,0.0,,0.0
0-203-0-11201020001,SCE,06:00,2024-11-17T06:00Z,0.0,,0.0
0-203-0-11201020001,SCE,06:00,2024-11-18T06:00Z,0.0,,0.0
0-203-0-11201020001,SCE,06:00,2024-11-19T06:00Z,0.0,,0.0
0-203-0-11201020001,SCE,06:00,2024-11-20T06:00Z,0.0,,0.0
0-203-0-11201020001,SCE,06:00,2024-11-21T06:00Z,0.0,,0.0
0-203-0-11201020001,SCE,06:00,2024-11-22T06:00Z,0.0,,0.0
0-203-0-11201020001,SCE,06:00,2024-11-23T06:00Z,0.0,,0.0
0-203-0-11201020001,SCE,06:00,2024-11-24T06:00Z,0.0,,0.0
0-203-0-11201020001,SCE,06:00,2024-11-25T06:00Z,0.0,,0.0
0-203-0-11201020001,SCE,06:00,2024-11-26T06:00Z,0.0,,0.0
0-203-0-11201020001,SCE,06:00,2024-11-27T06:00Z,0.0,,0.0
0-203-0-11201020001,SCE,06:00,2024-11-28T06:00Z,0.0,,0.0
0-203-0-11201020001,SCE,06:00,2024-11-29T06:00Z,0.0,,0.0
0-203-0-11201020001,SCE,06:00,2024-11-30T06:00Z,0.0,,0.0
0-203-0-11201020001,SCE,06:00,2024-12-01T06:00Z,0.0,,0.0
0-203-0-11201020001,SCE,06:00,2024-12-02T06:00Z,0.0,,0.0
0-203-0-11201020001,SCE,06:00,2024-12-03T06:00Z,0.0,,0.0
0-203-0-11201020001,SCE,06:00,2024-12-04T06:00Z,0.0,,0.0
0-203-0-11201020001,SCE,06:00,2024-12-05T06:00Z,0.0,,0.0
0-203-0-11201020001,SCE,06:00,2024-12-06T06:00Z,0.0,,0.0
0-203-0-11201020001,SCE,06:00,2024-12-07T06:00Z,0.0,,0.0
0-203-0-11201020001,SCE,06:00,2024-12-08T06:00Z,0.0,,0.0
0-203-0-11201020001,SCE,06:00,2024-12-09T06:00Z,0.0,,0.0
0-203-0-11201020001,SCE,06:00,2024-12-10T06:00Z,0.0,,0.0
0-203-0-11201020001,SCE,06:00,2024-12-11T06:00Z,0.0,,0.0
0-203-0-11201020001,SCE,06:00,2024-12-12T06:00Z,0.0,,0.0
0-203-0-11201020001,SCE,06:00,2024-12-13T06:00Z,0.0,,0.0
0-203-0-11201020001,SCE,06:00,2024-12-14T06:00Z,0.0,,0.0
0-203-0-11201020001,SCE,06:00,2024-12-15T06:00Z,0.0,,0.0
0-203-0-11201020001,SCE,06:00,2024-12-16T06:00Z,0.0,,0.0
0-203-0-11201020001,SCE,06:00,2024-12-17T06:00Z,0.0,,0.0
0-203-0-11201020001,SCE,06:00,2024-12-18T06:00Z,0.0,,0.0
0-203-0-11201020001,SCE,06:00,2024-12-19T06:00Z,0.0,,0.0
0-203-0-11201020001,SCE,06:00,2024-12-20T06:00Z,0.0,,0.0
0-203-0-11201020001,SCE,06:00,2024-12-21T06:00Z,0.0,,0.0
0-203-0-11201020001,SCE,06:00,2024-12-22T06:00Z,0.0,,0.0
0-203-0-11201020001,SCE,06:00,2024-12-23T06:00Z,0.0,,0.0
0-203-0-11201020001,SCE,06:00,2024-12-24T06:00Z,0.0,,0.0
0-203-0-11201020001,SCE,06:00,2024-12-25T06:00Z,0.0,,0.0
0-203-0-11201020001,SCE,06:00,2024-12-26T06:00Z,0.0,,0.0
0-203-0-11201020001,SCE,06:00,2024-12-27T06:00Z,0.0,,0.0
0-203-0-11201020001,SCE,06:00,2024-12-28T06:00Z,0.0,,0.0
0-203-0-11201020001,SCE,06:00,2024-12-29T06:00Z,0.0,,0.0
0-203-0-11201020001,SCE,06:00,2024-12-30T06:00Z,0.0,,0.0
0-203-0-11201020001,SCE,06:00,2024-12-31T06:00Z,0.0,,0.0
0-203-0-11201020001,SCE,06:00,2025-01-01T06:00Z,0.0,,0.0
0-203-0-11201020001,SCE,06:00,2025-01-02T06:00Z,0.0,,0.0
0-203-0-11201020001,SCE,06:00,2025-01-03T06:00Z,0.0,,0.0
0-203-0-11201020001,SCE,06:00,2025-01-04T06:00Z,0.0,P,3.0
0-203-0-11201020001,SCE,06:00,2025-01-05T06:00Z,0.0,,0.0
0-203-0-11201020001,SCE,06:00,2025-01-06T06:00Z,2.0,,0.0
0-203-0-11201020001,SCE,06:00,2025-01-07T06:00Z,0.0,N,0.0
0-203-0-11201020001,SCE,06:00,2025-01-08T06:00Z,0.0,,0.0
0-203-0-11201020001,SCE,06:00,2025-01-09T06:00Z,0.0,,0.0
0-203-0-11201020001,SCE,06:00,2025-01-10T06:00Z,0.0,,0.0
0-203-0-11201020001,SCE,06:00,2025-01-11T06:00Z,0.0,,0.0
0-203-0-11201020001,SCE,06:00,2025-01-12T06:00Z,1.0,,3.0
0-203-0-11201020001,SCE,06:00,2025-01-13T06:00Z,0.0,N,3.0
0-203-0-11201020001,SCE,06:00,2025-01-14T06:00Z,0.0,,0.0
0-203-0-11201020001,SCE,06:00,2025-01-15T06:00Z,0.0,,0.0
0-203-0-11201020001,SCE,06:00,2025-01-16T06:00Z,0.0,,0.0
0-203-0-11201020001,SCE,06:00,2025-01-17T06:00Z,0.0,,0.0
0-203-0-11201020001,SCE,06:00,2025-01-18T06:00Z,0.0,,0.0
0-203-0-11201020001,SCE,06:00,2025-01-19T06:00Z,0.0,,0.0
0-203-0-11201020001,SCE,06:00,2025-01-20T06:00Z,0.0,,0.0
0-203-0-11201020001,SCE,06:00,2025-01-21T06:00Z,0.0,,0.0
0-203-0-11201020001,SCE,06:00,2025-01-22T06:00Z,0.0,,0.0
0-203-0-11201020001,SCE,06:00,2025-01-23T06:00Z,0.0,,0.0
0-203-0-11201020001,SCE,06:00,2025-01-24T06:00Z,0.0,,0.0
0-203-0-11201020001,SCE,06:00,2025-01-25T06:00Z,0.0,,0.0
0-203-0-11201020001,SCE,06:00,2025-01-26T06:00Z,0.0,,0.0
0-203-0-11201020001,SCE,06:00,2025-01-27T06:00Z,0.0,,0.0
0-203-0-11201020001,SCE,06:00,2025-01-28T06:00Z,0.0,,0.0
0-203-0-11201020001,SCE,06:00,2025-01-29T06:00Z,0.0,,0.0
0-203-0-11201020001,SCE,06:00,2025-01-30T06:00Z,0.0,,0.0
0-203-0-11201020001,SCE,06:00,2025-01-31T06:00Z,0.0,,0.0
0-203-0-11201020001,SCE,06:00,2025-02-01T06:00Z,0.0,,0.0
0-203-0-11201020001,SCE,06:00,2025-02-02T06:00Z,0.0,,0.0
0-203-0-11201020001,SCE,06:00,2025-02-03T06:00Z,0.0,,0.0
0-203-0-11201020001,SCE,06:00,2025-02-04T06:00Z,0.0,,0.0
0-203-0-11201020001,SCE,06:00,2025-02-05T06:00Z,0.0,,0.0
0-203-0-11201020001,SCE,06:00,2025-02-06T06:00Z,0.0,,0.0
0-203-0-11201020001,SCE,06:00,2025-02-07T06:00Z,0.0,,0.0
0-203-0-11201020001,SCE,06:00,2025-02-08T06:00Z,0.0,,0.0
0-203-0-11201020001,SCE,06:00,2025-02-09T06:00Z,0.0,,0.0
0-203-0-11201020001,SCE,06:00,2025-02-10T06:00Z,0.0,,0.0
0-203-0-11201020001,SCE,06:00,2025-02-11T06:00Z,0.0,,0.0
0-203-0-11201020001,SCE,06:00,2025-02-12T06:00Z,0.0,,0.0
0-203-0-11201020001,SCE,06:00,2025-02-13T06:00Z,1.0,,0.0
0-203-0-11201020001,SCE,06:00,2025-02-14T06:00Z,2.0,,0.0
0-203-0-11201020001,SCE,06:00,2025-02-15T06:00Z,0.0,N,0.0
0-203-0-11201020001,SCE,06:00,2025-02-16T06:00Z,0.0,,0.0
0-203-0-11201020001,SCE,06:00,2025-02-17T06:00Z,0.0,,0.0
0-203-0-11201020001,SCE,06:00,2025-02-18T06:00Z,0.0,,0.0
0-203-0-11201020001,SCE,06:00,2025-02-19T06:00Z,0.0,,0.0
0-203-0-11201020001,SCE,06:00,2025-02-20T06:00Z,0.0,,0.0
0-203-0-11201020001,SCE,06:00,2025-02-21T06:00Z,0.0,,0.0
0-203-0-11201020001,SCE,06:00,2025-02-22T06:00Z,0.0,,0.0
0-203-0-11201020001,SCE,06:00,2025-02-23T06:00Z,0.0,,0.0
0-203-0-11201020001,SCE,06:00,2025-02-24T06:00Z,0.0,,0.0
0-203-0-11201020001,SCE,06:00,2025-02-25T06:00Z,0.0,,0.0
0-203-0-11201020001,SCE,06:00,2025-02-26T06:00Z,0.0,,0.0
0-203-0-11201020001,SCE,06:00,2025-02-27T06:00Z,0.0,,0.0
0-203-0-11201020001,SCE,06:00,2025-02-28T06:00Z,0.0,,0.0
0-203-0-11201020001,SCE,06:00,2025-03-01T06:00Z,0.0,,0.0
0-203-0-11201020001,SCE,06:00,2025-03-02T06:00Z,0.0,,0.0
0-203-0-11201020001,SCE,06:00,2025-03-03T06:00Z,0.0,,0.0
0-203-0-11201020001,SCE,06:00,2025-03-04T06:00Z,0.0,,0.0
0-203-0-11201020001,SCE,06:00,2025-03-05T06:00Z,0.0,,0.0
0-203-0-11201020001,SCE,06:00,2025-03-06T06:00Z,0.0,,0.0
0-203-0-11201020001,SCE,06:00,2025-03-07T06:00Z,0.0,,0.0
0-203-0-11201020001,SCE,06:00,2025-03-08T06:00Z,0.0,,0.0
0-203-0-11201020001,SCE,06:00,2025-03-09T06:00Z,0.0,,0.0
0-203-0-11201020001,SCE,06:00,2025-03-10T06:00Z,0.0,,0.0
0-203-0-11201020001,SCE,06:00,2025-03-11T06:00Z,0.0,,0.0
0-203-0-11201020001,SCE,06:00,2025-03-12T06:00Z,0.0,,0.0
0-203-0-11201020001,SCE,06:00,2025-03-13T06:00Z,0.0,,0.0
0-203-0-11201020001,SCE,06:00,2025-03-14T06:00Z,0.0,,0.0
0-203-0-11201020001,SCE,06:00,2025-03-15T06:00Z,0.0,,0.0
0-203-0-11201020001,SCE,06:00,2025-03-16T06:00Z,0.0,,0.0
0-203-0-11201020001,SCE,06:00,2025-03-17T06:00Z,0.0,,0.0
0-203-0-11201020001,SCE,06:00,2025-03-18T06:00Z,0.0,,0.0
0-203-0-11201020001,SCE,06:00,2025-03-19T06:00Z,0.0,,0.0
0-203-0-11201020001,SCE,06:00,2025-03-20T06:00Z,0.0,,0.0
0-203-0-11201020001,SCE,06:00,2025-03-21T06:00Z,0.0,,0.0
0-203-0-11201020001,SCE,06:00,2025-03-22T06:00Z,0.0,,0.0
0-203-0-11201020001,SCE,06:00,2025-03-23T06:00Z,0.0,,0.0
0-203-0-11201020001,SCE,06:00,2025-03-24T06:00Z,0.0,,0.0
0-203-0-11201020001,SCE,06:00,2025-03-25T06:00Z,0.0,,0.0
0-203-0-11201020001,SCE,06:00,2025-03-26T06:00Z,0.0,,0.0
0-203-0-11201020001,SCE,06:00,2025-03-27T06:00Z,0.0,,0.0
0-203-0-11201020001,SCE,06:00,2025-03-28T06:00Z,0.0,,0.0
0-203-0-11201020001,SCE,06:00,2025-03-29T06:00Z,0.0,,0.0
0-203-0-11201020001,SCE,06:00,2025-03-30T06:00Z,0.0,,0.0
0-203-0-11201020001,SCE,06:00,2025-03-31T06:00Z,0.0,,0.0
0-203-0-11201020001,SCE,06:00,2025-04-01T06:00Z,0.0,,0.0
0-203-0-11201020001,SCE,06:00,2025-04-02T06:00Z,0.0,,0.0
0-203-0-11201020001,SCE,06:00,2025-04-03T06:00Z,0.0,,0.0
0-203-0-11201020001,SCE,06:00,2025-04-04T06:00Z,0.0,,0.0
0-203-0-11201020001,SCE,06:00,2025-04-05T06:00Z,0.0,,0.0
0-203-0-11201020001,SCE,06:00,2025-04-06T06:00Z,0.0,,0.0
0-203-0-11201020001,SCE,06:00,2025-04-07T06:00Z,0.0,,0.0
0-203-0-11201020001,SCE,06:00,2025-04-08T06:00Z,0.0,,0.0
0-203-0-11201020001,SCE,06:00,2025-04-09T06:00Z,0.0,,0.0
0-203-0-11201020001,SCE,06:00,2025-04-10T06:00Z,0.0,,0.0
0-203-0-11201020001,SCE,06:00,2025-04-11T06:00Z,0.0,,0.0
0-203-0-11201020001,SCE,06:00,2025-04-12T06:00Z,0.0,,0.0
0-203-0-11201020001,SCE,06:00,2025-04-13T06:00Z,0.0,,0.0
0-203-0-11201020001,SCE,06:00,2025-04-14T06:00Z,0.0,,0.0
0-203-0-11201020001,SCE,06:00,2025-04-15T06:00Z,0.0,,0.0
0-203-0-11201020001,SCE,06:00,2025-04-16T06:00Z,0.0,,0.0
0-203-0-11201020001,SCE,06:00,2025-04-17T06:00Z,0.0,,0.0
0-203-0-11201020001,SCE,06:00,2025-04-18T06:00Z,0.0,,0.0
0-203-0-11201020001,SCE,06:00,2025-04-19T06:00Z,0.0,,0.0
0-203-0-11201020001,SCE,06:00,2025-04-20T06:00Z,0.0,,0.0
0-203-0-11201020001,SCE,06:00,2025-04-21T06:00Z,0.0,,0.0
0-203-0-11201020001,SCE,06:00,2025-04-22T06:00Z,0.0,,0.0
0-203-0-11201020001,SCE,06:00,2025-04-23T06:00Z,0.0,,0.0
0-203-0-11201020001,SCE,06:00,2025-04-24T06:00Z,0.0,,0.0
0-203-0-11201020001,SCE,06:00,2025-04-25T06:00Z,0.0,,0.0
0-203-0-11201020001,SCE,06:00,2025-04-26T06:00Z,0.0,,0.0
0-203-0-11201020001,SCE,06:00,2025-04-27T06:00Z,0.0,,0.0
0-203-0-11201020001,SCE,06:00,2025-04-28T06:00Z,0.0,,0.0
0-203-0-11201020001,SCE,06:00,2025-04-29T06:00Z,0.0,,0.0
0-203-0-11201020001,SCE,06:00,2025-04-30T06:00Z,0.0,,0.0
0-203-0-11201020001,SCE,06:00,2025-05-01T06:00Z,0.0,,0.0
0-203-0-11201020001,SCE,06:00,2025-05-02T06:00Z,0.0,,0.0
0-203-0-11201020001,SCE,06:00,2025-05-03T06:00Z,0.0,,0.0
0-203-0-11201020001,SCE,06:00,2025-05-04T06:00Z,0.0,,0.0
0-203-0-11201020001,SCE,06:00,2025-05-05T06:00Z,0.0,,0.0
0-203-0-11201020001,SCE,06:00,2025-05-06T06:00Z,0.0,,0.0
0-203-0-11201020001,SCE,06:00,2025-05-07T06:00Z,0.0,,0.0
0-203-0-11201020001,SCE,06:00,2025-05-08T06:00Z,0.0,,0.0
0-203-0-11201020001,SCE,06:00,2025-05-09T06:00Z,0.0,,0.0
0-203-0-11201020001,SCE,06:00,2025-05-10T06:00Z,0.0,,0.0
0-203-0-11201020001,SCE,06:00,2025-05-11T06:00Z,0.0,,0.0
0-203-0-11201020001,SCE,06:00,2025-05-12T06:00Z,0.0,,0.0
0-203-0-11201020001,SCE,06:00,2025-05-13T06:00Z,0.0,,0.0
0-203-0-11201020001,SCE,06:00,2025-05-14T06:00Z,0.0,,0.0
0-203-0-11201020001,SCE,06:00,2025-05-15T06:00Z,0.0,,0.0
0-203-0-11201020001,SCE,06:00,2025-05-16T06:00Z,0.0,,0.0
0-203-0-11201020001,SCE,06:00,2025-05-17T06:00Z,0.0,,0.0
0-203-0-11201020001,SCE,06:00,2025-05-18T06:00Z,0.0,,0.0
0-203-0-11201020001,SCE,06:00,2025-05-19T06:00Z,0.0,,0.0
0-203-0-11201020001,SCE,06:00,2025-05-20T06:00Z,0.0,,0.0
0-203-0-11201020001,SCE,06:00,2025-05-21T06:00Z,0.0,,0.0
0-203-0-11201020001,SCE,06:00,2025-05-22T06:00Z,0.0,,0.0
0-203-0-11201020001,SCE,06:00,2025-05-23T06:00Z,0.0,,0.0
0-203-0-11201020001,SCE,06:00,2025-05-24T06:00Z,0.0,,0.0
0-203-0-11201020001,SCE,06:00,2025-05-25T06:00Z,0.0,,0.0
0-203-0-11201020001,SCE,06:00,2025-05-26T06:00Z,0.0,,0.0
0-203-0-11201020001,SCE,06:00,2025-05-27T06:00Z,0.0,,0.0
0-203-0-11201020001,SCE,06:00,2025-05-28T06:00Z,0.0,,0.0
0-203-0-11201020001,SCE,06:00,2025-05-29T06:00Z,0.0,,0.0
0-203-0-11201020001,SCE,06:00,2025-05-30T06:00Z,0.0,,0.0
0-203-0-11201020001,SCE,06:00,2025-05-31T06:00Z,0.0,,0.0
0-203-0-11201020001,SCE,06:00,2025-06-01T06:00Z,0.0,,0.0
0-203-0-11201020001,SCE,06:00,2025-06-02T06:00Z,0.0,,0.0
0-203-0-11201020001,SCE,06:00,2025-06-03T06:00Z,0.0,,0.0
0-203-0-11201020001,SCE,06:00,2025-06-04T06:00Z,0.0,,0.0
0-203-0-11201020001,SCE,06:00,2025-06-05T06:00Z,0.0,,0.0
0-203-0-11201020001,SCE,06:00,2025-06-06T06:00Z,0.0,,0.0
0-203-0-11201020001,SCE,06:00,2025-06-07T06:00Z,0.0,,0.0
0-203-0-11201020001,SCE,06:00,2025-06-08T06:00Z,0.0,,0.0
0-203-0-11201020001,SCE,06:00,2025-06-09T06:00Z,0.0,,0.0
0-203-0-11201020001,SCE,06:00,2025-06-10T06:00Z,0.0,,0.0
0-203-0-11201020001,SCE,06:00,2025-06-11T06:00Z,0.0,,0.0
0-203-0-11201020001,SCE,06:00,2025-06-12T06:00Z,0.0,,0.0
0-203-0-11201020001,SCE,06:00,2025-06-13T06:00Z,0.0,,0.0
0-203-0-11201020001,SCE,06:00,2025-06-14T06:00Z,0.0,,0.0
0-203-0-11201020001,SCE,06:00,2025-06-15T06:00Z,0.0,,0.0
0-203-0-11201020001,SCE,06:00,2025-06-16T06:00Z,0.0,,0.0
0-203-0-11201020001,SCE,06:00,2025-06-17T06:00Z,0.0,,0.0
0-203-0-11201020001,SCE,06:00,2025-06-18T06:00Z,0.0,,0.0
0-203-0-11201020001,SCE,06:00,2025-06-19T06:00Z,0.0,,0.0
0-203-0-11201020001,SCE,06:00,2025-06-20T06:00Z,0.0,,0.0
0-203-0-11201020001,SCE,06:00,2025-06-21T06:00Z,0.0,,0.0
0-203-0-11201020001,SCE,06:00,2025-06-22T06:00Z,0.0,,0.0
0-203-0-11201020001,SCE,06:00,2025-06-23T06:00Z,0.0,,0.0
0-203-0-11201020001,SCE,06:00,2025-06-24T06:00Z,0.0,,0.0
0-203-0-11201020001,SCE,06:00,2025-06-25T06:00Z,0.0,,0.0
0-203-0-11201020001,SCE,06:00,2025-06-26T06:00Z,0.0,,0.0
0-203-0-11201020001,SCE,06:00,2025-06-27T06:00Z,0.0,,0.0
0-203-0-11201020001,SCE,06:00,2025-06-28T06:00Z,0.0,,0.0
0-203-0-11201020001,SCE,06:00,2025-06-29T06:00Z,0.0,,0.0
0-203-0-11201020001,SCE,06:00,2025-06-30T06:00Z,0.0,,0.0
0-203-0-11201020001,SCE,06:00,2025-07-01T06:00Z,0.0,,0.0
0-203-0-11201020001,SCE,06:00,2025-07-02T06:00Z,0.0,,0.0
0-203-0-11201020001,SCE,06:00,2025-07-03T06:00Z,0.0,,0.0
0-203-0-11201020001,SCE,06:00,2025-07-04T06:00Z,0.0,,0.0
0-203-0-11201020001,SCE,06:00,2025-07-05T06:00Z,0.0,,0.0
0-203-0-11201020001,SCE,06:00,2025-07-06T06:00Z,0.0,,0.0
0-203-0-11201020001,SCE,06:00,2025-07-07T06:00Z,0.0,,0.0
0-203-0-11201020001,SCE,06:00,2025-07-08T06:00Z,0.0,,0.0
0-203-0-11201020001,SCE,06:00,2025-07-09T06:00Z,0.0,,0.0
0-203-0-11201020001,SCE,06:00,2025-07-10T06:00Z,0.0,,0.0
0-203-0-11201020001,SCE,06:00,2025-07-11T06:00Z,0.0,,0.0
0-203-0-11201020001,SCE,06:00,2025-07-12T06:00Z,0.0,,0.0
0-203-0-11201020001,SCE,06:00,2025-07-13T06:00Z,0.0,,0.0
0-203-0-11201020001,SCE,06:00,2025-07-14T06:00Z,0.0,,0.0
0-203-0-11201020001,SCE,06:00,2025-07-15T06:00Z,0.0,,0.0
0-203-0-11201020001,SCE,06:00,2025-07-16T06:00Z,0.0,,0.0
0-203-0-11201020001,SCE,06:00,2025-07-17T06:00Z,0.0,,0.0
0-203-0-11201020001,SCE,06:00,2025-07-18T06:00Z,0.0,,0.0
0-203-0-11201020001,SCE,06:00,2025-07-19T06:00Z,0.0,,0.0
0-203-0-11201020001,SCE,06:00,2025-07-20T06:00Z,0.0,,0.0
0-203-0-11201020001,SCE,06:00,2025-07-21T06:00Z,0.0,,0.0
0-203-0-11201020001,SCE,06:00,2025-07-22T06:00Z,0.0,,0.0
0-203-0-11201020001,SCE,06:00,2025-07-23T06:00Z,0.0,,0.0
0-203-0-11201020001,SCE,06:00,2025-07-24T06:00Z,0.0,,0.0
0-203-0-11201020001,SCE,06:00,2025-07-25T06:00Z,0.0,,0.0
0-203-0-11201020001,SCE,06:00,2025-07-26T06:00Z,0.0,,0.0
0-203-0-11201020001,SCE,06:00,2025-07-27T06:00Z,0.0,,0.0
0-203-0-11201020001,SCE,06:00,2025-07-28T06:00Z,0.0,,0.0
0-203-0-11201020001,SCE,06:00,2025-07-29T06:00Z,0.0,,0.0
0-203-0-11201020001,SCE,06:00,2025-07-30T06:00Z,0.0,,0.0
0-203-0-11201020001,SCE,06:00,2025-07-31T06:00Z,0.0,,0.0
0-203-0-11201020001,SCE,06:00,2025-08-01T06:00Z,0.0,,0.0
0-203-0-11201020001,SCE,06:00,2025-08-02T06:00Z,0.0,,0.0
0-203-0-11201020001,SCE,06:00,2025-08-03T06:00Z,0.0,,0.0
0-203-0-11201020001,SCE,06:00,2025-08-04T06:00Z,0.0,,0.0
0-203-0-11201020001,SCE,06:00,2025-08-05T06:00Z,0.0,,0.0
0-203-0-11201020001,SCE,06:00,2025-08-06T06:00Z,0.0,,0.0
0-203-0-11201020001,SCE,06:00,2025-08-07T06:00Z,0.0,,0.0
0-203-0-11201020001,SCE,06:00,2025-08-08T06:00Z,0.0,,0.0
0-203-0-11201020001,SCE,06:00,2025-08-09T06:00Z,0.0,,0.0
0-203-0-11201020001,SCE,06:00,2025-08-10T06:00Z,0.0,,0.0
0-203-0-11201020001,SCE,06:00,2025-08-11T06:00Z,0.0,,0.0
0-203-0-11201020001,SCE,06:00,2025-08-12T06:00Z,0.0,,0.0
0-203-0-11201020001,SCE,06:00,2025-08-13T06:00Z,0.0,,0.0
0-203-0-11201020001,SCE,06:00,2025-08-14T06:00Z,0.0,,0.0
0-203-0-11201020001,SCE,06:00,2025-08-15T06:00Z,0.0,,0.0
0-203-0-11201020001,SCE,06:00,2025-08-16T06:00Z,0.0,,0.0
0-203-0-11201020001,SCE,06:00,2025-08-17T06:00Z,0.0,,0.0
0-203-0-11201020001,SCE,06:00,2025-08-18T06:00Z,0.0,,0.0
0-203-0-11201020001,SCE,06:00,2025-08-19T06:00Z,0.0,,0.0
0-203-0-11201020001,SCE,06:00,2025-08-20T06:00Z,0.0,,0.0
0-203-0-11201020001,SCE,06:00,2025-08-21T06:00Z,0.0,,0.0
0-203-0-11201020001,SCE,06:00,2025-08-22T06:00Z,0.0,,0.0
0-203-0-11201020001,SCE,06:00,2025-08-23T06:00Z,0.0,,0.0
0-203-0-11201020001,SCE,06:00,2025-08-24T06:00Z,0.0,,0.0
0-203-0-11201020001,SCE,06:00,2025-08-25T06:00Z,0.0,,0.0
0-203-0-11201020001,SCE,06:00,2025-08-26T06:00Z,0.0,,0.0
0-203-0-11201020001,SCE,06:00,2025-08-27T06:00Z,0.0,,0.0
0-203-0-11201020001,SCE,06:00,2025-08-28T06:00Z,0.0,,0.0
0-203-0-11201020001,SCE,06:00,2025-08-29T06:00Z,0.0,,0.0
0-203-0-11201020001,SCE,06:00,2025-08-30T06:00Z,0.0,,0.0
0-203-0-11201020001,SCE,06:00,2025-08-31T06:00Z,0.0,,0.0
0-203-0-11201020001,SCE,06:00,2025-09-01T06:00Z,0.0,,0.0
0-203-0-11201020001,SCE,06:00,2025-09-02T06:00Z,0.0,,0.0
0-203-0-11201020001,SCE,06:00,2025-09-03T06:00Z,0.0,,0.0
0-203-0-11201020001,SCE,06:00,2025-09-04T06:00Z,0.0,,0.0
0-203-0-11201020001,SCE,06:00,2025-09-05T06:00Z,0.0,,0.0
0-203-0-11201020001,SCE,06:00,2025-09-06T06:00Z,0.0,,0.0
0-203-0-11201020001,SCE,06:00,2025-09-07T06:00Z,0.0,,0.0
0-203-0-11201020001,SCE,06:00,2025-09-08T06:00Z,0.0,,0.0
0-203-0-11201020001,SCE,06:00,2025-09-09T06:00Z,0.0,,0.0
0-203-0-11201020001,SCE,06:00,2025-09-10T06:00Z,0.0,,0.0
0-203-0-11201020001,SCE,06:00,2025-09-11T06:00Z,0.0,,0.0
0-203-0-11201020001,SCE,06:00,2025-09-12T06:00Z,0.0,,0.0
0-203-0-11201020001,SCE,06:00,2025-09-13T06:00Z,0.0,,0.0
0-203-0-11201020001,SCE,06:00,2025-09-14T06:00Z,0.0,,0.0
0-203-0-11201020001,SCE,06:00,2025-09-15T06:00Z,0.0,,0.0
0-203-0-11201020001,SCE,06:00,2025-09-16T06:00Z,0.0,,0.0
0-203-0-11201020001,SCE,06:00,2025-09-17T06:00Z,0.0,,0.0
0-203-0-11201020001,SCE,06:00,2025-09-18T06:00Z,0.0,,0.0
0-203-0-11201020001,SCE,06:00,2025-09-19T06:00Z,0.0,,0.0
0-203-0-11201020001,SCE,06:00,2025-09-20T06:00Z,0.0,,0.0
0-203-0-11201020001,SCE,06:00,2025-09-21T06:00Z,0.0,,0.0
0-203-0-11201020001,SCE,06:00,2025-09-22T06:00Z,0.0,,0.0
0-203-0-11201020001,SCE,06:00,2025-09-23T06:00Z,0.0,,0.0
0-203-0-11201020001,SCE,06:00,2025-09-24T06:00Z,0.0,,0.0
0-203-0-11201020001,SCE,06:00,2025-09-25T06:00Z,0.0,,0.0
0-203-0-11201020001,SCE,06:00,2025-09-26T06:00Z,0.0,,0.0
0-203-0-11201020001,SCE,06:00,2025-09-27T06:00Z,0.0,,0.0
0-203-0-11201020001,SCE,06:00,2025-09-28T06:00Z,0.0,,0.0
0-203-0-11201020001,SCE,06:00,2025-09-29T06:00Z,0.0,,0.0
0-203-0-11201020001,SCE,06:00,2025-09-30T06:00Z,0.0,,0.0
0-203-0-11201020001,SCE,06:00,2025-10-01T06:00Z,0.0,,0.0
0-203-0-11201020001,SCE,06:00,2025-10-02T06:00Z,0.0,,0.0
0-203-0-11201020001,SCE,06:00,2025-10-03T06:00Z,0.0,,0.0
0-203-0-11201020001,SCE,06:00,2025-10-04T06:00Z,0.0,,0.0
0-203-0-11201020001,SCE,06:00,2025-10-05T06:00Z,0.0,,0.0
0-203-0-11201020001,SCE,06:00,2025-10-06T06:00Z,0.0,,0.0
0-203-0-11201020001,SCE,06:00,2025-10-07T06:00Z,0.0,,0.0
0-203-0-11201020001,SCE,06:00,2025-10-08T06:00Z,0.0,,0.0
0-203-0-11201020001,SCE,06:00,2025-10-09T06:00Z,0.0,,0.0
0-203-0-11201020001,SCE,06:00,2025-10-10T06:00Z,0.0,,0.0
0-203-0-11201020001,SCE,06:00,2025-10-11T06:00Z,0.0,,0.0
0-203-0-11201020001,SCE,06:00,2025-10-12T06:00Z,0.0,,0.0
0-203-0-11201020001,SCE,06:00,2025-10-13T06:00Z,0.0,,0.0
0-203-0-11201020001,SCE,06:00,2025-10-14T06:00Z,0.0,,0.0
0-203-0-11201020001,SCE,06:00,2025-10-15T06:00Z,0.0,,0.0
0-203-0-11201020001,SCE,06:00,2025-10-16T06:00Z,0.0,,0.0
0-203-0-11201020001,SCE,06:00,2025-10-17T06:00Z,0.0,,0.0
0-203-0-11201020001,SCE,06:00,2025-10-18T06:00Z,0.0,,0.0
0-203-0-11201020001,SCE,06:00,2025-10-19T06:00Z,0.0,,0.0
0-203-0-11201020001,SCE,06:00,2025-10-20T06:00Z,0.0,,0.0
0-203-0-11201020001,SCE,06:00,2025-10-21T06:00Z,0.0,,0.0
0-203-0-11201020001,SCE,06:00,2025-10-22T06:00Z,0.0,,0.0
0-203-0-11201020001,SCE,06:00,2025-10-23T06:00Z,0.0,,0.0
0-203-0-11201020001,SCE,06:00,2025-10-24T06:00Z,0.0,,0.0
0-203-0-11201020001,SCE,06:00,2025-10-25T06:00Z,0.0,,0.0
0-203-0-11201020001,SCE,06:00,2025-10-26T06:00Z,0.0,,0.0
0-203-0-11201020001,SCE,06:00,2025-10-27T06:00Z,0.0,,0.0
0-203-0-11201020001,SCE,06:00,2025-10-28T06:00Z,0.0,,0.0
0-203-0-11201020001,SCE,06:00,2025-10-29T06:00Z,0.0,,0.0
0-203-0-11201020001,SCE,06:00,2025-10-30T06:00Z,0.0,,0.0
0-203-0-11201020001,SCE,06:00,2025-10-31T06:00Z,0.0,,0.0
0-203-0-11201020001,SCE,06:00,2025-11-01T06:00Z,0.0,,0.0
0-203-0-11201020001,SCE,06:00,2025-11-02T06:00Z,0.0,,0.0
0-203-0-11201020001,SCE,06:00,2025-11-03T06:00Z,0.0,,0.0
0-203-0-11201020001,SCE,06:00,2025-11-04T06:00Z,0.0,,0.0
0-203-0-11201020001,SCE,06:00,2025-11-05T06:00Z,0.0,,0.0
0-203-0-11201020001,SCE,06:00,2025-11-06T06:00Z,0.0,,0.0
0-203-0-11201020001,SCE,06:00,2025-11-07T06:00Z,0.0,,0.0
0-203-0-11201020001,SCE,06:00,2025-11-08T06:00Z,0.0,,0.0
0-203-0-11201020001,SCE,06:00,2025-11-09T06:00Z,0.0,,0.0
0-203-0-11201020001,SCE,06:00,2025-11-10T06:00Z,0.0,,0.0
0-203-0-11201020001,SCE,06:00,2025-11-11T06:00Z,0.0,,0.0
0-203-0-11201020001,SCE,06:00,2025-11-12T06:00Z,0.0,,0.0
0-203-0-11201020001,SCE,06:00,2025-11-13T06:00Z,0.0,,0.0
0-203-0-11201020001,SCE,06:00,2025-11-14T06:00Z,0.0,,0.0
0-203-0-11201020001,SCE,06:00,2025-11-15T06:00Z,0.0,,0.0
0-203-0-11201020001,SCE,06:00,2025-11-16T06:00Z,0.0,,0.0
0-203-0-11201020001,SCE,06:00,2025-11-17T06:00Z,0.0,,0.0
0-203-0-11201020001,SCE,06:00,2025-11-18T06:00Z,0.0,,0.0
0-203-0-11201020001,SCE,06:00,2025-11-19T06:00Z,0.0,,0.0
0-203-0-11201020001,SCE,06:00,2025-11-20T06:00Z,0.0,,0.0
0-203-0-11201020001,SCE,06:00,2025-11-21T06:00Z,0.0,,0.0
0-203-0-11201020001,SCE,06:00,2025-11-22T06:00Z,0.0,,0.0
0-203-0-11201020001,SCE,06:00,2025-11-23T06:00Z,0.0,,0.0
0-203-0-11201020001,SCE,06:00,2025-11-24T06:00Z,2.0,,0.0
0-203-0-11201020001,SCE,06:00,2025-11-25T06:00Z,0.0,N,0.0
0-203-0-11201020001,SCE,06:00,2025-11-26T06:00Z,2.0,,0.0
0-203-0-11201020001,SCE,06:00,2025-11-27T06:00Z,0.0,N,0.0
0-203-0-11201020001,SCE,06:00,2025-11-28T06:00Z,0.0,,0.0
0-203-0-11201020001,SCE,06:00,2025-11-29T06:00Z,0.0,,0.0
0-203-0-11201020001,SCE,06:00,2025-11-30T06:00Z,0.0,,0.0
0-203-0-11201020001,SCE,06:00,2025-12-01T06:00Z,0.0,,0.0
0-203-0-11201020001,SCE,06:00,2025-12-02T06:00Z,0.0,,0.0
0-203-0-11201020001,SCE,06:00,2025-12-03T06:00Z,0.0,,0.0
0-203-0-11201020001,SCE,06:00,2025-12-04T06:00Z,0.0,,0.0
0-203-0-11201020001,SCE,06:00,2025-12-05T06:00Z,0.0,,0.0
0-203-0-11201020001,SCE,06:00,2025-12-06T06:00Z,0.0,,0.0
0-203-0-11201020001,SCE,06:00,2025-12-07T06:00Z,0.0,,0.0
0-203-0-11201020001,SCE,06:00,2025-12-08T06:00Z,0.0,,0.0
0-203-0-11201020001,SCE,06:00,2025-12-09T06:00Z,0.0,,0.0
0-203-0-11201020001,SCE,06:00,2025-12-10T06:00Z,0.0,,0.0
0-203-0-11201020001,SCE,06:00,2025-12-11T06:00Z,0.0,,0.0
0-203-0-11201020001,SCE,06:00,2025-12-12T06:00Z,0.0,,0.0
0-203-0-11201020001,SCE,06:00,2025-12-13T06:00Z,0.0,,0.0
0-203-0-11201020001,SCE,06:00,2025-12-14T06:00Z,0.0,,0.0
0-203-0-11201020001,SCE,06:00,2025-12-15T06:00Z,0.0,,0.0
0-203-0-11201020001,SCE,06:00,2025-12-16T06:00Z,0.0,,0.0
0-203-0-11201020001,SCE,06:00,2025-12-17T06:00Z,0.0,,0.0
0-203-0-11201020001,SCE,06:00,2025-12-18T06:00Z,0.0,,0.0
0-203-0-11201020001,SCE,06:00,2025-12-19T06:00Z,0.0,,0.0
0-203-0-11201020001,SCE,06:00,2025-12-20T06:00Z,0.0,,0.0
0-203-0-11201020001,SCE,06:00,2025-12-21T06:00Z,0.0,,0.0
0-203-0-11201020001,SCE,06:00,2025-12-22T06:00Z,0.0,,0.0
0-203-0-11201020001,SCE,06:00,2025-12-23T06:00Z,0.0,,0.0
0-203-0-11201020001,SCE,06:00,2025-12-24T06:00Z,0.0,,0.0
0-203-0-11201020001,SCE,06:00,2025-12-25T06:00Z,0.0,,0.0
0-203-0-11201020001,SCE,06:00,2025-12-26T06:00Z,0.0,,0.0
0-203-0-11201020001,SCE,06:00,2025-12-27T06:00Z,0.0,,0.0
0-203-0-11201020001,SCE,06:00,2025-12-28T06:00Z,0.0,,0.0
0-203-0-11201020001,SCE,06:00,2025-12-29T06:00Z,0.0,,0.0
0-203-0-11201020001,SCE,06:00,2025-12-30T06:00Z,0.0,,0.0
0-203-0-11201020001,SCE,06:00,2025-12-31T06:00Z,0.0,,0.0